Device, Measure Date Time, Exist
E2C7259B-02FE-4FAD-B3F6-2BE5588ACD44, 2021-02-13T00:00:27, true
E2C7259B-02FE-4FAD-B3F6-2BE5588ACD44, 2021-02-13T00:01:42, true
E2C7259B-02FE-4FAD-B3F6-2BE5588ACD44, 2021-02-13T00:02:48, true
E2C7259B-02FE-4FAD-B3F6-2BE5588ACD44, 2021-02-13T00:03:53, true
E2C7259B-02FE-4FAD-B3F6-2BE5588ACD44, 2021-02-13T00:05:00, true
E2C7259B-02FE-4FAD-B3F6-2BE5588ACD44, 2021-02-13T00:06:05, true
E2C7259B-02FE-4FAD-B3F6-2BE5588ACD44, 2021-02-13T00:07:06, true
E2C7259B-02FE-4FAD-B3F6-2BE5588ACD44, 2021-02-13T00:08:13, true
E2C7259B-02FE-4FAD-B3F6-2BE5588ACD44, 2021-02-13T00:09:17, true
E2C7259B-02FE-4FAD-B3F6-2BE5588ACD44, 2021-02-13T00:10:24, true
E2C7259B-02FE-4FAD-B3F6-2BE5588ACD44, 2021-02-13T00:11:28, true
E2C7259B-02FE-4FAD-B3F6-2BE5588ACD44, 2021-02-13T00:12:34, true
E2C7259B-02FE-4FAD-B3F6-2BE5588ACD44, 2021-02-13T00:13:36, true
E2C7259B-02FE-4FAD-B3F6-2BE5588ACD44, 2021-02-13T00:14:36, true
E2C7259B-02FE-4FAD-B3F6-2BE5588ACD44, 2021-02-13T00:15:42, true
E2C7259B-02FE-4FAD-B3F6-2BE5588ACD44, 2021-02-13T00:16:48, true
E2C7259B-02FE-4FAD-B3F6-2BE5588ACD44, 2021-02-13T00:17:50, true
E2C7259B-02FE-4FAD-B3F6-2BE5588ACD44, 2021-02-13T00:18:55, true
E2C7259B-02FE-4FAD-B3F6-2BE5588ACD44, 2021-02-13T00:20:01, true
E2C7259B-02FE-4FAD-B3F6-2BE5588ACD44, 2021-02-13T00:21:07, true
E2C7259B-02FE-4FAD-B3F6-2BE5588ACD44, 2021-02-13T00:22:13, true
E2C7259B-02FE-4FAD-B3F6-2BE5588ACD44, 2021-02-13T00:23:19, true
E2C7259B-02FE-4FAD-B3F6-2BE5588ACD44, 2021-02-13T00:24:29, true
E2C7259B-02FE-4FAD-B3F6-2BE5588ACD44, 2021-02-13T00:25:35, true
E2C7259B-02FE-4FAD-B3F6-2BE5588ACD44, 2021-02-13T00:26:40, true
E2C7259B-02FE-4FAD-B3F6-2BE5588ACD44, 2021-02-13T00:27:49, true
E2C7259B-02FE-4FAD-B3F6-2BE5588ACD44, 2021-02-13T00:28:52, true
E2C7259B-02FE-4FAD-B3F6-2BE5588ACD44, 2021-02-13T00:29:58, true
E2C7259B-02FE-4FAD-B3F6-2BE5588ACD44, 2021-02-13T00:30:59, true
E2C7259B-02FE-4FAD-B3F6-2BE5588ACD44, 2021-02-13T00:32:05, true
E2C7259B-02FE-4FAD-B3F6-2BE5588ACD44, 2021-02-13T00:33:10, true
E2C7259B-02FE-4FAD-B3F6-2BE5588ACD44, 2021-02-13T00:34:17, true
E2C7259B-02FE-4FAD-B3F6-2BE5588ACD44, 2021-02-13T00:35:22, true
E2C7259B-02FE-4FAD-B3F6-2BE5588ACD44, 2021-02-13T00:36:29, true
E2C7259B-02FE-4FAD-B3F6-2BE5588ACD44, 2021-02-13T00:37:35, true
E2C7259B-02FE-4FAD-B3F6-2BE5588ACD44, 2021-02-13T00:38:42, true
E2C7259B-02FE-4FAD-B3F6-2BE5588ACD44, 2021-02-13T00:39:49, true
E2C7259B-02FE-4FAD-B3F6-2BE5588ACD44, 2021-02-13T00:40:57, true
E2C7259B-02FE-4FAD-B3F6-2BE5588ACD44, 2021-02-13T00:42:01, true
E2C7259B-02FE-4FAD-B3F6-2BE5588ACD44, 2021-02-13T00:43:07, true
E2C7259B-02FE-4FAD-B3F6-2BE5588ACD44, 2021-02-13T00:44:12, true
E2C7259B-02FE-4FAD-B3F6-2BE5588ACD44, 2021-02-13T00:45:22, true
E2C7259B-02FE-4FAD-B3F6-2BE5588ACD44, 2021-02-13T00:46:28, true
E2C7259B-02FE-4FAD-B3F6-2BE5588ACD44, 2021-02-13T00:47:36, true
E2C7259B-02FE-4FAD-B3F6-2BE5588ACD44, 2021-02-13T00:48:40, true
E2C7259B-02FE-4FAD-B3F6-2BE5588ACD44, 2021-02-13T00:49:47, true
E2C7259B-02FE-4FAD-B3F6-2BE5588ACD44, 2021-02-13T00:50:51, true
E2C7259B-02FE-4FAD-B3F6-2BE5588ACD44, 2021-02-13T00:51:57, true
E2C7259B-02FE-4FAD-B3F6-2BE5588ACD44, 2021-02-13T00:53:03, true
E2C7259B-02FE-4FAD-B3F6-2BE5588ACD44, 2021-02-13T00:54:03, true
E2C7259B-02FE-4FAD-B3F6-2BE5588ACD44, 2021-02-13T00:55:10, true
E2C7259B-02FE-4FAD-B3F6-2BE5588ACD44, 2021-02-13T00:56:14, true
E2C7259B-02FE-4FAD-B3F6-2BE5588ACD44, 2021-02-13T00:57:19, true
E2C7259B-02FE-4FAD-B3F6-2BE5588ACD44, 2021-02-13T00:58:22, true
E2C7259B-02FE-4FAD-B3F6-2BE5588ACD44, 2021-02-13T00:59:27, true
E2C7259B-02FE-4FAD-B3F6-2BE5588ACD44, 2021-02-13T01:00:37, true
E2C7259B-02FE-4FAD-B3F6-2BE5588ACD44, 2021-02-13T01:01:48, true
E2C7259B-02FE-4FAD-B3F6-2BE5588ACD44, 2021-02-13T01:02:49, true
E2C7259B-02FE-4FAD-B3F6-2BE5588ACD44, 2021-02-13T01:03:58, true
E2C7259B-02FE-4FAD-B3F6-2BE5588ACD44, 2021-02-13T01:05:07, true
E2C7259B-02FE-4FAD-B3F6-2BE5588ACD44, 2021-02-13T01:06:07, true
E2C7259B-02FE-4FAD-B3F6-2BE5588ACD44, 2021-02-13T01:07:09, true
E2C7259B-02FE-4FAD-B3F6-2BE5588ACD44, 2021-02-13T01:08:20, true
E2C7259B-02FE-4FAD-B3F6-2BE5588ACD44, 2021-02-13T01:09:26, true
E2C7259B-02FE-4FAD-B3F6-2BE5588ACD44, 2021-02-13T01:10:32, true
E2C7259B-02FE-4FAD-B3F6-2BE5588ACD44, 2021-02-13T01:11:38, true
E2C7259B-02FE-4FAD-B3F6-2BE5588ACD44, 2021-02-13T01:12:44, true
E2C7259B-02FE-4FAD-B3F6-2BE5588ACD44, 2021-02-13T01:13:50, true
E2C7259B-02FE-4FAD-B3F6-2BE5588ACD44, 2021-02-13T01:14:55, true
E2C7259B-02FE-4FAD-B3F6-2BE5588ACD44, 2021-02-13T01:16:00, true
E2C7259B-02FE-4FAD-B3F6-2BE5588ACD44, 2021-02-13T01:17:06, true
E2C7259B-02FE-4FAD-B3F6-2BE5588ACD44, 2021-02-13T01:18:12, true
E2C7259B-02FE-4FAD-B3F6-2BE5588ACD44, 2021-02-13T01:19:18, true
E2C7259B-02FE-4FAD-B3F6-2BE5588ACD44, 2021-02-13T01:20:18, true
E2C7259B-02FE-4FAD-B3F6-2BE5588ACD44, 2021-02-13T01:21:23, true
E2C7259B-02FE-4FAD-B3F6-2BE5588ACD44, 2021-02-13T01:22:28, true
E2C7259B-02FE-4FAD-B3F6-2BE5588ACD44, 2021-02-13T01:23:39, true
E2C7259B-02FE-4FAD-B3F6-2BE5588ACD44, 2021-02-13T01:24:42, true
E2C7259B-02FE-4FAD-B3F6-2BE5588ACD44, 2021-02-13T01:25:43, true
E2C7259B-02FE-4FAD-B3F6-2BE5588ACD44, 2021-02-13T01:26:49, true
E2C7259B-02FE-4FAD-B3F6-2BE5588ACD44, 2021-02-13T01:27:53, true
E2C7259B-02FE-4FAD-B3F6-2BE5588ACD44, 2021-02-13T01:29:06, true
E2C7259B-02FE-4FAD-B3F6-2BE5588ACD44, 2021-02-13T01:30:10, true
E2C7259B-02FE-4FAD-B3F6-2BE5588ACD44, 2021-02-13T01:31:16, true
E2C7259B-02FE-4FAD-B3F6-2BE5588ACD44, 2021-02-13T01:32:22, true
E2C7259B-02FE-4FAD-B3F6-2BE5588ACD44, 2021-02-13T01:33:25, true
E2C7259B-02FE-4FAD-B3F6-2BE5588ACD44, 2021-02-13T01:34:28, true
E2C7259B-02FE-4FAD-B3F6-2BE5588ACD44, 2021-02-13T01:35:36, true
E2C7259B-02FE-4FAD-B3F6-2BE5588ACD44, 2021-02-13T01:36:42, true
E2C7259B-02FE-4FAD-B3F6-2BE5588ACD44, 2021-02-13T01:37:48, true
E2C7259B-02FE-4FAD-B3F6-2BE5588ACD44, 2021-02-13T01:38:53, true
E2C7259B-02FE-4FAD-B3F6-2BE5588ACD44, 2021-02-13T01:39:59, true
E2C7259B-02FE-4FAD-B3F6-2BE5588ACD44, 2021-02-13T01:41:07, true
E2C7259B-02FE-4FAD-B3F6-2BE5588ACD44, 2021-02-13T01:42:12, true
E2C7259B-02FE-4FAD-B3F6-2BE5588ACD44, 2021-02-13T01:43:19, true
E2C7259B-02FE-4FAD-B3F6-2BE5588ACD44, 2021-02-13T01:44:28, true
E2C7259B-02FE-4FAD-B3F6-2BE5588ACD44, 2021-02-13T01:45:28, true
E2C7259B-02FE-4FAD-B3F6-2BE5588ACD44, 2021-02-13T01:46:34, true
E2C7259B-02FE-4FAD-B3F6-2BE5588ACD44, 2021-02-13T01:47:34, true
E2C7259B-02FE-4FAD-B3F6-2BE5588ACD44, 2021-02-13T01:48:40, true
E2C7259B-02FE-4FAD-B3F6-2BE5588ACD44, 2021-02-13T01:49:47, true
E2C7259B-02FE-4FAD-B3F6-2BE5588ACD44, 2021-02-13T01:50:53, true
E2C7259B-02FE-4FAD-B3F6-2BE5588ACD44, 2021-02-13T01:51:59, true
E2C7259B-02FE-4FAD-B3F6-2BE5588ACD44, 2021-02-13T01:52:59, true
E2C7259B-02FE-4FAD-B3F6-2BE5588ACD44, 2021-02-13T01:54:03, true
E2C7259B-02FE-4FAD-B3F6-2BE5588ACD44, 2021-02-13T01:55:10, true
E2C7259B-02FE-4FAD-B3F6-2BE5588ACD44, 2021-02-13T01:56:19, true
E2C7259B-02FE-4FAD-B3F6-2BE5588ACD44, 2021-02-13T01:57:20, true
E2C7259B-02FE-4FAD-B3F6-2BE5588ACD44, 2021-02-13T01:58:26, true
E2C7259B-02FE-4FAD-B3F6-2BE5588ACD44, 2021-02-13T01:59:31, true
E2C7259B-02FE-4FAD-B3F6-2BE5588ACD44, 2021-02-13T02:00:41, true
E2C7259B-02FE-4FAD-B3F6-2BE5588ACD44, 2021-02-13T02:01:45, true
E2C7259B-02FE-4FAD-B3F6-2BE5588ACD44, 2021-02-13T02:02:51, true
E2C7259B-02FE-4FAD-B3F6-2BE5588ACD44, 2021-02-13T02:04:02, true
E2C7259B-02FE-4FAD-B3F6-2BE5588ACD44, 2021-02-13T02:05:09, true
E2C7259B-02FE-4FAD-B3F6-2BE5588ACD44, 2021-02-13T02:06:14, true
E2C7259B-02FE-4FAD-B3F6-2BE5588ACD44, 2021-02-13T02:07:21, true
E2C7259B-02FE-4FAD-B3F6-2BE5588ACD44, 2021-02-13T02:08:26, true
E2C7259B-02FE-4FAD-B3F6-2BE5588ACD44, 2021-02-13T02:09:28, true
E2C7259B-02FE-4FAD-B3F6-2BE5588ACD44, 2021-02-13T02:10:34, true
E2C7259B-02FE-4FAD-B3F6-2BE5588ACD44, 2021-02-13T02:11:36, true
E2C7259B-02FE-4FAD-B3F6-2BE5588ACD44, 2021-02-13T02:12:42, true
E2C7259B-02FE-4FAD-B3F6-2BE5588ACD44, 2021-02-13T02:13:49, true
E2C7259B-02FE-4FAD-B3F6-2BE5588ACD44, 2021-02-13T02:14:50, true
E2C7259B-02FE-4FAD-B3F6-2BE5588ACD44, 2021-02-13T02:15:57, true
E2C7259B-02FE-4FAD-B3F6-2BE5588ACD44, 2021-02-13T02:17:03, true
E2C7259B-02FE-4FAD-B3F6-2BE5588ACD44, 2021-02-13T02:18:08, true
E2C7259B-02FE-4FAD-B3F6-2BE5588ACD44, 2021-02-13T02:19:14, true
E2C7259B-02FE-4FAD-B3F6-2BE5588ACD44, 2021-02-13T02:20:14, true
E2C7259B-02FE-4FAD-B3F6-2BE5588ACD44, 2021-02-13T02:21:20, true
E2C7259B-02FE-4FAD-B3F6-2BE5588ACD44, 2021-02-13T02:22:26, true
E2C7259B-02FE-4FAD-B3F6-2BE5588ACD44, 2021-02-13T02:23:33, true
E2C7259B-02FE-4FAD-B3F6-2BE5588ACD44, 2021-02-13T02:24:43, true
E2C7259B-02FE-4FAD-B3F6-2BE5588ACD44, 2021-02-13T02:25:44, true
E2C7259B-02FE-4FAD-B3F6-2BE5588ACD44, 2021-02-13T02:26:54, true
E2C7259B-02FE-4FAD-B3F6-2BE5588ACD44, 2021-02-13T02:27:59, true
E2C7259B-02FE-4FAD-B3F6-2BE5588ACD44, 2021-02-13T02:29:07, true
E2C7259B-02FE-4FAD-B3F6-2BE5588ACD44, 2021-02-13T02:30:13, true
E2C7259B-02FE-4FAD-B3F6-2BE5588ACD44, 2021-02-13T02:31:18, true
E2C7259B-02FE-4FAD-B3F6-2BE5588ACD44, 2021-02-13T02:32:26, true
E2C7259B-02FE-4FAD-B3F6-2BE5588ACD44, 2021-02-13T02:33:31, true
E2C7259B-02FE-4FAD-B3F6-2BE5588ACD44, 2021-02-13T02:34:31, true
E2C7259B-02FE-4FAD-B3F6-2BE5588ACD44, 2021-02-13T02:35:37, true
E2C7259B-02FE-4FAD-B3F6-2BE5588ACD44, 2021-02-13T02:36:38, true
E2C7259B-02FE-4FAD-B3F6-2BE5588ACD44, 2021-02-13T02:37:38, true
E2C7259B-02FE-4FAD-B3F6-2BE5588ACD44, 2021-02-13T02:38:38, true
E2C7259B-02FE-4FAD-B3F6-2BE5588ACD44, 2021-02-13T02:39:45, true
E2C7259B-02FE-4FAD-B3F6-2BE5588ACD44, 2021-02-13T02:40:53, true
E2C7259B-02FE-4FAD-B3F6-2BE5588ACD44, 2021-02-13T02:41:59, true
E2C7259B-02FE-4FAD-B3F6-2BE5588ACD44, 2021-02-13T02:42:59, true
E2C7259B-02FE-4FAD-B3F6-2BE5588ACD44, 2021-02-13T02:44:02, true
E2C7259B-02FE-4FAD-B3F6-2BE5588ACD44, 2021-02-13T02:45:03, true
E2C7259B-02FE-4FAD-B3F6-2BE5588ACD44, 2021-02-13T02:46:10, true
E2C7259B-02FE-4FAD-B3F6-2BE5588ACD44, 2021-02-13T02:47:16, true
E2C7259B-02FE-4FAD-B3F6-2BE5588ACD44, 2021-02-13T02:48:16, true
E2C7259B-02FE-4FAD-B3F6-2BE5588ACD44, 2021-02-13T02:49:21, true
E2C7259B-02FE-4FAD-B3F6-2BE5588ACD44, 2021-02-13T02:50:29, true
E2C7259B-02FE-4FAD-B3F6-2BE5588ACD44, 2021-02-13T02:51:33, true
E2C7259B-02FE-4FAD-B3F6-2BE5588ACD44, 2021-02-13T02:52:39, true
E2C7259B-02FE-4FAD-B3F6-2BE5588ACD44, 2021-02-13T02:53:45, true
E2C7259B-02FE-4FAD-B3F6-2BE5588ACD44, 2021-02-13T02:54:58, true
E2C7259B-02FE-4FAD-B3F6-2BE5588ACD44, 2021-02-13T02:56:04, true
E2C7259B-02FE-4FAD-B3F6-2BE5588ACD44, 2021-02-13T02:57:04, true
E2C7259B-02FE-4FAD-B3F6-2BE5588ACD44, 2021-02-13T02:58:10, true
E2C7259B-02FE-4FAD-B3F6-2BE5588ACD44, 2021-02-13T02:59:11, true
E2C7259B-02FE-4FAD-B3F6-2BE5588ACD44, 2021-02-13T03:00:18, true
E2C7259B-02FE-4FAD-B3F6-2BE5588ACD44, 2021-02-13T03:01:23, true
E2C7259B-02FE-4FAD-B3F6-2BE5588ACD44, 2021-02-13T03:02:29, true
E2C7259B-02FE-4FAD-B3F6-2BE5588ACD44, 2021-02-13T03:03:36, true
E2C7259B-02FE-4FAD-B3F6-2BE5588ACD44, 2021-02-13T03:04:42, true
E2C7259B-02FE-4FAD-B3F6-2BE5588ACD44, 2021-02-13T03:05:45, true
E2C7259B-02FE-4FAD-B3F6-2BE5588ACD44, 2021-02-13T03:06:48, true
E2C7259B-02FE-4FAD-B3F6-2BE5588ACD44, 2021-02-13T03:07:54, true
E2C7259B-02FE-4FAD-B3F6-2BE5588ACD44, 2021-02-13T03:08:55, true
E2C7259B-02FE-4FAD-B3F6-2BE5588ACD44, 2021-02-13T03:10:00, true
E2C7259B-02FE-4FAD-B3F6-2BE5588ACD44, 2021-02-13T03:11:06, true
E2C7259B-02FE-4FAD-B3F6-2BE5588ACD44, 2021-02-13T03:12:12, true
E2C7259B-02FE-4FAD-B3F6-2BE5588ACD44, 2021-02-13T03:13:23, true
E2C7259B-02FE-4FAD-B3F6-2BE5588ACD44, 2021-02-13T03:14:23, true
E2C7259B-02FE-4FAD-B3F6-2BE5588ACD44, 2021-02-13T03:15:29, true
E2C7259B-02FE-4FAD-B3F6-2BE5588ACD44, 2021-02-13T03:16:35, true
E2C7259B-02FE-4FAD-B3F6-2BE5588ACD44, 2021-02-13T03:17:41, true
E2C7259B-02FE-4FAD-B3F6-2BE5588ACD44, 2021-02-13T03:18:47, true
E2C7259B-02FE-4FAD-B3F6-2BE5588ACD44, 2021-02-13T03:19:53, true
E2C7259B-02FE-4FAD-B3F6-2BE5588ACD44, 2021-02-13T03:20:59, true
E2C7259B-02FE-4FAD-B3F6-2BE5588ACD44, 2021-02-13T03:22:07, true
E2C7259B-02FE-4FAD-B3F6-2BE5588ACD44, 2021-02-13T03:23:11, true
E2C7259B-02FE-4FAD-B3F6-2BE5588ACD44, 2021-02-13T03:24:12, true
E2C7259B-02FE-4FAD-B3F6-2BE5588ACD44, 2021-02-13T03:25:18, true
E2C7259B-02FE-4FAD-B3F6-2BE5588ACD44, 2021-02-13T03:26:19, true
E2C7259B-02FE-4FAD-B3F6-2BE5588ACD44, 2021-02-13T03:27:23, true
E2C7259B-02FE-4FAD-B3F6-2BE5588ACD44, 2021-02-13T03:28:29, true
E2C7259B-02FE-4FAD-B3F6-2BE5588ACD44, 2021-02-13T03:29:36, true
E2C7259B-02FE-4FAD-B3F6-2BE5588ACD44, 2021-02-13T03:30:40, true
E2C7259B-02FE-4FAD-B3F6-2BE5588ACD44, 2021-02-13T03:31:46, true
E2C7259B-02FE-4FAD-B3F6-2BE5588ACD44, 2021-02-13T03:32:51, true
E2C7259B-02FE-4FAD-B3F6-2BE5588ACD44, 2021-02-13T03:33:57, true
E2C7259B-02FE-4FAD-B3F6-2BE5588ACD44, 2021-02-13T03:35:06, true
E2C7259B-02FE-4FAD-B3F6-2BE5588ACD44, 2021-02-13T03:36:14, true
E2C7259B-02FE-4FAD-B3F6-2BE5588ACD44, 2021-02-13T03:37:19, true
E2C7259B-02FE-4FAD-B3F6-2BE5588ACD44, 2021-02-13T03:38:26, true
E2C7259B-02FE-4FAD-B3F6-2BE5588ACD44, 2021-02-13T03:39:31, true
E2C7259B-02FE-4FAD-B3F6-2BE5588ACD44, 2021-02-13T03:40:31, true
E2C7259B-02FE-4FAD-B3F6-2BE5588ACD44, 2021-02-13T03:41:40, true
E2C7259B-02FE-4FAD-B3F6-2BE5588ACD44, 2021-02-13T03:42:44, true
E2C7259B-02FE-4FAD-B3F6-2BE5588ACD44, 2021-02-13T03:43:55, true
E2C7259B-02FE-4FAD-B3F6-2BE5588ACD44, 2021-02-13T03:45:01, true
E2C7259B-02FE-4FAD-B3F6-2BE5588ACD44, 2021-02-13T03:46:11, true
E2C7259B-02FE-4FAD-B3F6-2BE5588ACD44, 2021-02-13T03:47:14, true
E2C7259B-02FE-4FAD-B3F6-2BE5588ACD44, 2021-02-13T03:48:20, true
E2C7259B-02FE-4FAD-B3F6-2BE5588ACD44, 2021-02-13T03:49:25, true
E2C7259B-02FE-4FAD-B3F6-2BE5588ACD44, 2021-02-13T03:50:30, true
E2C7259B-02FE-4FAD-B3F6-2BE5588ACD44, 2021-02-13T03:51:38, true
E2C7259B-02FE-4FAD-B3F6-2BE5588ACD44, 2021-02-13T03:52:47, true
E2C7259B-02FE-4FAD-B3F6-2BE5588ACD44, 2021-02-13T03:53:55, true
E2C7259B-02FE-4FAD-B3F6-2BE5588ACD44, 2021-02-13T03:54:56, true
E2C7259B-02FE-4FAD-B3F6-2BE5588ACD44, 2021-02-13T03:55:56, true
E2C7259B-02FE-4FAD-B3F6-2BE5588ACD44, 2021-02-13T03:57:01, true
E2C7259B-02FE-4FAD-B3F6-2BE5588ACD44, 2021-02-13T03:58:08, true
E2C7259B-02FE-4FAD-B3F6-2BE5588ACD44, 2021-02-13T03:59:14, true
E2C7259B-02FE-4FAD-B3F6-2BE5588ACD44, 2021-02-13T04:00:20, true
E2C7259B-02FE-4FAD-B3F6-2BE5588ACD44, 2021-02-13T04:01:24, true
E2C7259B-02FE-4FAD-B3F6-2BE5588ACD44, 2021-02-13T04:02:25, true
E2C7259B-02FE-4FAD-B3F6-2BE5588ACD44, 2021-02-13T04:03:37, true
E2C7259B-02FE-4FAD-B3F6-2BE5588ACD44, 2021-02-13T04:04:42, true
E2C7259B-02FE-4FAD-B3F6-2BE5588ACD44, 2021-02-13T04:05:43, true
E2C7259B-02FE-4FAD-B3F6-2BE5588ACD44, 2021-02-13T04:06:53, true
E2C7259B-02FE-4FAD-B3F6-2BE5588ACD44, 2021-02-13T04:07:59, true
E2C7259B-02FE-4FAD-B3F6-2BE5588ACD44, 2021-02-13T04:09:08, true
E2C7259B-02FE-4FAD-B3F6-2BE5588ACD44, 2021-02-13T04:10:11, true
E2C7259B-02FE-4FAD-B3F6-2BE5588ACD44, 2021-02-13T04:11:17, true
E2C7259B-02FE-4FAD-B3F6-2BE5588ACD44, 2021-02-13T04:12:24, true
E2C7259B-02FE-4FAD-B3F6-2BE5588ACD44, 2021-02-13T04:13:29, true
E2C7259B-02FE-4FAD-B3F6-2BE5588ACD44, 2021-02-13T04:14:36, true
E2C7259B-02FE-4FAD-B3F6-2BE5588ACD44, 2021-02-13T04:15:42, true
E2C7259B-02FE-4FAD-B3F6-2BE5588ACD44, 2021-02-13T04:16:48, true
E2C7259B-02FE-4FAD-B3F6-2BE5588ACD44, 2021-02-13T04:17:54, true
E2C7259B-02FE-4FAD-B3F6-2BE5588ACD44, 2021-02-13T04:19:00, true
E2C7259B-02FE-4FAD-B3F6-2BE5588ACD44, 2021-02-13T04:20:05, true
E2C7259B-02FE-4FAD-B3F6-2BE5588ACD44, 2021-02-13T04:21:12, true
E2C7259B-02FE-4FAD-B3F6-2BE5588ACD44, 2021-02-13T04:22:17, true
E2C7259B-02FE-4FAD-B3F6-2BE5588ACD44, 2021-02-13T04:23:23, true
E2C7259B-02FE-4FAD-B3F6-2BE5588ACD44, 2021-02-13T04:24:28, true
E2C7259B-02FE-4FAD-B3F6-2BE5588ACD44, 2021-02-13T04:25:39, true
E2C7259B-02FE-4FAD-B3F6-2BE5588ACD44, 2021-02-13T04:26:43, true
E2C7259B-02FE-4FAD-B3F6-2BE5588ACD44, 2021-02-13T04:27:49, true
E2C7259B-02FE-4FAD-B3F6-2BE5588ACD44, 2021-02-13T04:28:55, true
E2C7259B-02FE-4FAD-B3F6-2BE5588ACD44, 2021-02-13T04:29:57, true
E2C7259B-02FE-4FAD-B3F6-2BE5588ACD44, 2021-02-13T04:31:01, true
E2C7259B-02FE-4FAD-B3F6-2BE5588ACD44, 2021-02-13T04:32:08, true
E2C7259B-02FE-4FAD-B3F6-2BE5588ACD44, 2021-02-13T04:33:19, true
E2C7259B-02FE-4FAD-B3F6-2BE5588ACD44, 2021-02-13T04:34:30, true
E2C7259B-02FE-4FAD-B3F6-2BE5588ACD44, 2021-02-13T04:35:41, true
E2C7259B-02FE-4FAD-B3F6-2BE5588ACD44, 2021-02-13T04:36:41, true
E2C7259B-02FE-4FAD-B3F6-2BE5588ACD44, 2021-02-13T04:37:47, true
E2C7259B-02FE-4FAD-B3F6-2BE5588ACD44, 2021-02-13T04:38:54, true
E2C7259B-02FE-4FAD-B3F6-2BE5588ACD44, 2021-02-13T04:39:59, true
E2C7259B-02FE-4FAD-B3F6-2BE5588ACD44, 2021-02-13T04:41:06, true
E2C7259B-02FE-4FAD-B3F6-2BE5588ACD44, 2021-02-13T04:42:11, true
E2C7259B-02FE-4FAD-B3F6-2BE5588ACD44, 2021-02-13T04:43:18, true
E2C7259B-02FE-4FAD-B3F6-2BE5588ACD44, 2021-02-13T04:44:18, true
E2C7259B-02FE-4FAD-B3F6-2BE5588ACD44, 2021-02-13T04:45:30, true
E2C7259B-02FE-4FAD-B3F6-2BE5588ACD44, 2021-02-13T04:46:34, true
E2C7259B-02FE-4FAD-B3F6-2BE5588ACD44, 2021-02-13T04:47:38, true
E2C7259B-02FE-4FAD-B3F6-2BE5588ACD44, 2021-02-13T04:48:45, true
E2C7259B-02FE-4FAD-B3F6-2BE5588ACD44, 2021-02-13T04:49:51, true
E2C7259B-02FE-4FAD-B3F6-2BE5588ACD44, 2021-02-13T04:50:54, true
E2C7259B-02FE-4FAD-B3F6-2BE5588ACD44, 2021-02-13T04:51:57, true
E2C7259B-02FE-4FAD-B3F6-2BE5588ACD44, 2021-02-13T04:53:04, true
E2C7259B-02FE-4FAD-B3F6-2BE5588ACD44, 2021-02-13T04:54:08, true
E2C7259B-02FE-4FAD-B3F6-2BE5588ACD44, 2021-02-13T04:55:10, true
E2C7259B-02FE-4FAD-B3F6-2BE5588ACD44, 2021-02-13T04:56:19, true
E2C7259B-02FE-4FAD-B3F6-2BE5588ACD44, 2021-02-13T04:57:22, true
E2C7259B-02FE-4FAD-B3F6-2BE5588ACD44, 2021-02-13T04:58:31, true
E2C7259B-02FE-4FAD-B3F6-2BE5588ACD44, 2021-02-13T04:59:31, true
E2C7259B-02FE-4FAD-B3F6-2BE5588ACD44, 2021-02-13T05:00:35, true
E2C7259B-02FE-4FAD-B3F6-2BE5588ACD44, 2021-02-13T05:01:40, true
E2C7259B-02FE-4FAD-B3F6-2BE5588ACD44, 2021-02-13T05:02:47, true
E2C7259B-02FE-4FAD-B3F6-2BE5588ACD44, 2021-02-13T05:03:53, true
E2C7259B-02FE-4FAD-B3F6-2BE5588ACD44, 2021-02-13T05:04:58, true
E2C7259B-02FE-4FAD-B3F6-2BE5588ACD44, 2021-02-13T05:06:04, true
E2C7259B-02FE-4FAD-B3F6-2BE5588ACD44, 2021-02-13T05:07:08, true
E2C7259B-02FE-4FAD-B3F6-2BE5588ACD44, 2021-02-13T05:08:19, true
E2C7259B-02FE-4FAD-B3F6-2BE5588ACD44, 2021-02-13T05:09:25, true
E2C7259B-02FE-4FAD-B3F6-2BE5588ACD44, 2021-02-13T05:10:31, true
E2C7259B-02FE-4FAD-B3F6-2BE5588ACD44, 2021-02-13T05:11:36, true
E2C7259B-02FE-4FAD-B3F6-2BE5588ACD44, 2021-02-13T05:12:42, true
E2C7259B-02FE-4FAD-B3F6-2BE5588ACD44, 2021-02-13T05:13:44, true
E2C7259B-02FE-4FAD-B3F6-2BE5588ACD44, 2021-02-13T05:14:50, true
E2C7259B-02FE-4FAD-B3F6-2BE5588ACD44, 2021-02-13T05:15:56, true
E2C7259B-02FE-4FAD-B3F6-2BE5588ACD44, 2021-02-13T05:17:02, true
E2C7259B-02FE-4FAD-B3F6-2BE5588ACD44, 2021-02-13T05:18:08, true
E2C7259B-02FE-4FAD-B3F6-2BE5588ACD44, 2021-02-13T05:19:14, true
E2C7259B-02FE-4FAD-B3F6-2BE5588ACD44, 2021-02-13T05:20:14, true
E2C7259B-02FE-4FAD-B3F6-2BE5588ACD44, 2021-02-13T05:21:19, true
E2C7259B-02FE-4FAD-B3F6-2BE5588ACD44, 2021-02-13T05:22:23, true
E2C7259B-02FE-4FAD-B3F6-2BE5588ACD44, 2021-02-13T05:23:33, true
E2C7259B-02FE-4FAD-B3F6-2BE5588ACD44, 2021-02-13T05:24:38, true
E2C7259B-02FE-4FAD-B3F6-2BE5588ACD44, 2021-02-13T05:25:40, true
E2C7259B-02FE-4FAD-B3F6-2BE5588ACD44, 2021-02-13T05:26:44, true
E2C7259B-02FE-4FAD-B3F6-2BE5588ACD44, 2021-02-13T05:27:51, true
E2C7259B-02FE-4FAD-B3F6-2BE5588ACD44, 2021-02-13T05:28:59, true
E2C7259B-02FE-4FAD-B3F6-2BE5588ACD44, 2021-02-13T05:30:06, true
E2C7259B-02FE-4FAD-B3F6-2BE5588ACD44, 2021-02-13T05:31:08, true
E2C7259B-02FE-4FAD-B3F6-2BE5588ACD44, 2021-02-13T05:32:14, true
E2C7259B-02FE-4FAD-B3F6-2BE5588ACD44, 2021-02-13T05:33:20, true
E2C7259B-02FE-4FAD-B3F6-2BE5588ACD44, 2021-02-13T05:34:29, true
E2C7259B-02FE-4FAD-B3F6-2BE5588ACD44, 2021-02-13T05:35:36, true
E2C7259B-02FE-4FAD-B3F6-2BE5588ACD44, 2021-02-13T05:36:42, true
E2C7259B-02FE-4FAD-B3F6-2BE5588ACD44, 2021-02-13T05:37:47, true
E2C7259B-02FE-4FAD-B3F6-2BE5588ACD44, 2021-02-13T05:38:52, true
E2C7259B-02FE-4FAD-B3F6-2BE5588ACD44, 2021-02-13T05:39:59, true
E2C7259B-02FE-4FAD-B3F6-2BE5588ACD44, 2021-02-13T05:41:04, true
E2C7259B-02FE-4FAD-B3F6-2BE5588ACD44, 2021-02-13T05:42:06, true
E2C7259B-02FE-4FAD-B3F6-2BE5588ACD44, 2021-02-13T05:43:09, true
E2C7259B-02FE-4FAD-B3F6-2BE5588ACD44, 2021-02-13T05:44:12, true
E2C7259B-02FE-4FAD-B3F6-2BE5588ACD44, 2021-02-13T05:45:13, true
E2C7259B-02FE-4FAD-B3F6-2BE5588ACD44, 2021-02-13T05:46:20, true
E2C7259B-02FE-4FAD-B3F6-2BE5588ACD44, 2021-02-13T05:47:20, true
E2C7259B-02FE-4FAD-B3F6-2BE5588ACD44, 2021-02-13T05:48:26, true
E2C7259B-02FE-4FAD-B3F6-2BE5588ACD44, 2021-02-13T05:49:34, true
E2C7259B-02FE-4FAD-B3F6-2BE5588ACD44, 2021-02-13T05:50:39, true
E2C7259B-02FE-4FAD-B3F6-2BE5588ACD44, 2021-02-13T05:51:44, true
E2C7259B-02FE-4FAD-B3F6-2BE5588ACD44, 2021-02-13T05:52:50, true
E2C7259B-02FE-4FAD-B3F6-2BE5588ACD44, 2021-02-13T05:53:56, true
E2C7259B-02FE-4FAD-B3F6-2BE5588ACD44, 2021-02-13T05:55:02, true
E2C7259B-02FE-4FAD-B3F6-2BE5588ACD44, 2021-02-13T05:56:08, true
E2C7259B-02FE-4FAD-B3F6-2BE5588ACD44, 2021-02-13T05:57:14, true
E2C7259B-02FE-4FAD-B3F6-2BE5588ACD44, 2021-02-13T05:58:20, true
E2C7259B-02FE-4FAD-B3F6-2BE5588ACD44, 2021-02-13T05:59:21, true
E2C7259B-02FE-4FAD-B3F6-2BE5588ACD44, 2021-02-13T06:00:34, true
E2C7259B-02FE-4FAD-B3F6-2BE5588ACD44, 2021-02-13T06:01:39, true
E2C7259B-02FE-4FAD-B3F6-2BE5588ACD44, 2021-02-13T06:02:45, true
E2C7259B-02FE-4FAD-B3F6-2BE5588ACD44, 2021-02-13T06:03:54, true
E2C7259B-02FE-4FAD-B3F6-2BE5588ACD44, 2021-02-13T06:04:57, true
E2C7259B-02FE-4FAD-B3F6-2BE5588ACD44, 2021-02-13T06:06:02, true
E2C7259B-02FE-4FAD-B3F6-2BE5588ACD44, 2021-02-13T06:07:09, true
E2C7259B-02FE-4FAD-B3F6-2BE5588ACD44, 2021-02-13T06:08:12, true
E2C7259B-02FE-4FAD-B3F6-2BE5588ACD44, 2021-02-13T06:09:18, true
E2C7259B-02FE-4FAD-B3F6-2BE5588ACD44, 2021-02-13T06:10:25, true
E2C7259B-02FE-4FAD-B3F6-2BE5588ACD44, 2021-02-13T06:11:29, true
E2C7259B-02FE-4FAD-B3F6-2BE5588ACD44, 2021-02-13T06:12:34, true
E2C7259B-02FE-4FAD-B3F6-2BE5588ACD44, 2021-02-13T06:13:40, true
E2C7259B-02FE-4FAD-B3F6-2BE5588ACD44, 2021-02-13T06:14:46, true
E2C7259B-02FE-4FAD-B3F6-2BE5588ACD44, 2021-02-13T06:15:52, true
E2C7259B-02FE-4FAD-B3F6-2BE5588ACD44, 2021-02-13T06:16:57, true
E2C7259B-02FE-4FAD-B3F6-2BE5588ACD44, 2021-02-13T06:18:03, true
E2C7259B-02FE-4FAD-B3F6-2BE5588ACD44, 2021-02-13T06:19:09, true
E2C7259B-02FE-4FAD-B3F6-2BE5588ACD44, 2021-02-13T06:20:14, true
E2C7259B-02FE-4FAD-B3F6-2BE5588ACD44, 2021-02-13T06:21:15, true
E2C7259B-02FE-4FAD-B3F6-2BE5588ACD44, 2021-02-13T06:22:21, true
E2C7259B-02FE-4FAD-B3F6-2BE5588ACD44, 2021-02-13T06:23:26, true
E2C7259B-02FE-4FAD-B3F6-2BE5588ACD44, 2021-02-13T06:24:32, true
E2C7259B-02FE-4FAD-B3F6-2BE5588ACD44, 2021-02-13T06:25:44, true
E2C7259B-02FE-4FAD-B3F6-2BE5588ACD44, 2021-02-13T06:26:48, true
E2C7259B-02FE-4FAD-B3F6-2BE5588ACD44, 2021-02-13T06:27:55, true
E2C7259B-02FE-4FAD-B3F6-2BE5588ACD44, 2021-02-13T06:29:01, true
E2C7259B-02FE-4FAD-B3F6-2BE5588ACD44, 2021-02-13T06:30:09, true
E2C7259B-02FE-4FAD-B3F6-2BE5588ACD44, 2021-02-13T06:31:12, true
E2C7259B-02FE-4FAD-B3F6-2BE5588ACD44, 2021-02-13T06:32:14, true
E2C7259B-02FE-4FAD-B3F6-2BE5588ACD44, 2021-02-13T06:33:20, true
E2C7259B-02FE-4FAD-B3F6-2BE5588ACD44, 2021-02-13T06:34:26, true
E2C7259B-02FE-4FAD-B3F6-2BE5588ACD44, 2021-02-13T06:35:32, true
E2C7259B-02FE-4FAD-B3F6-2BE5588ACD44, 2021-02-13T06:36:38, true
E2C7259B-02FE-4FAD-B3F6-2BE5588ACD44, 2021-02-13T06:37:45, true
E2C7259B-02FE-4FAD-B3F6-2BE5588ACD44, 2021-02-13T06:38:49, true
E2C7259B-02FE-4FAD-B3F6-2BE5588ACD44, 2021-02-13T06:39:50, true
E2C7259B-02FE-4FAD-B3F6-2BE5588ACD44, 2021-02-13T06:40:56, true
E2C7259B-02FE-4FAD-B3F6-2BE5588ACD44, 2021-02-13T06:41:57, true
E2C7259B-02FE-4FAD-B3F6-2BE5588ACD44, 2021-02-13T06:43:02, true
E2C7259B-02FE-4FAD-B3F6-2BE5588ACD44, 2021-02-13T06:44:08, true
E2C7259B-02FE-4FAD-B3F6-2BE5588ACD44, 2021-02-13T06:45:13, true
E2C7259B-02FE-4FAD-B3F6-2BE5588ACD44, 2021-02-13T06:46:21, true
E2C7259B-02FE-4FAD-B3F6-2BE5588ACD44, 2021-02-13T06:47:26, true
E2C7259B-02FE-4FAD-B3F6-2BE5588ACD44, 2021-02-13T06:48:34, true
E2C7259B-02FE-4FAD-B3F6-2BE5588ACD44, 2021-02-13T06:49:38, true
E2C7259B-02FE-4FAD-B3F6-2BE5588ACD44, 2021-02-13T06:50:43, true
E2C7259B-02FE-4FAD-B3F6-2BE5588ACD44, 2021-02-13T06:51:49, true
E2C7259B-02FE-4FAD-B3F6-2BE5588ACD44, 2021-02-13T06:52:57, true
E2C7259B-02FE-4FAD-B3F6-2BE5588ACD44, 2021-02-13T06:54:01, true
E2C7259B-02FE-4FAD-B3F6-2BE5588ACD44, 2021-02-13T06:55:01, true
E2C7259B-02FE-4FAD-B3F6-2BE5588ACD44, 2021-02-13T06:56:03, true
E2C7259B-02FE-4FAD-B3F6-2BE5588ACD44, 2021-02-13T06:57:07, true
E2C7259B-02FE-4FAD-B3F6-2BE5588ACD44, 2021-02-13T06:58:16, true
E2C7259B-02FE-4FAD-B3F6-2BE5588ACD44, 2021-02-13T06:59:19, true
E2C7259B-02FE-4FAD-B3F6-2BE5588ACD44, 2021-02-13T07:00:24, true
E2C7259B-02FE-4FAD-B3F6-2BE5588ACD44, 2021-02-13T07:01:30, true
E2C7259B-02FE-4FAD-B3F6-2BE5588ACD44, 2021-02-13T07:02:36, true
E2C7259B-02FE-4FAD-B3F6-2BE5588ACD44, 2021-02-13T07:03:44, true
E2C7259B-02FE-4FAD-B3F6-2BE5588ACD44, 2021-02-13T07:04:50, true
E2C7259B-02FE-4FAD-B3F6-2BE5588ACD44, 2021-02-13T07:05:58, true
E2C7259B-02FE-4FAD-B3F6-2BE5588ACD44, 2021-02-13T07:07:08, true
E2C7259B-02FE-4FAD-B3F6-2BE5588ACD44, 2021-02-13T07:08:13, true
E2C7259B-02FE-4FAD-B3F6-2BE5588ACD44, 2021-02-13T07:09:19, true
E2C7259B-02FE-4FAD-B3F6-2BE5588ACD44, 2021-02-13T07:10:24, true
E2C7259B-02FE-4FAD-B3F6-2BE5588ACD44, 2021-02-13T07:11:29, true
E2C7259B-02FE-4FAD-B3F6-2BE5588ACD44, 2021-02-13T07:12:29, true
E2C7259B-02FE-4FAD-B3F6-2BE5588ACD44, 2021-02-13T07:13:34, true
E2C7259B-02FE-4FAD-B3F6-2BE5588ACD44, 2021-02-13T07:14:35, true
E2C7259B-02FE-4FAD-B3F6-2BE5588ACD44, 2021-02-13T07:15:40, true
E2C7259B-02FE-4FAD-B3F6-2BE5588ACD44, 2021-02-13T07:16:46, true
E2C7259B-02FE-4FAD-B3F6-2BE5588ACD44, 2021-02-13T07:17:53, true
E2C7259B-02FE-4FAD-B3F6-2BE5588ACD44, 2021-02-13T07:18:53, true
E2C7259B-02FE-4FAD-B3F6-2BE5588ACD44, 2021-02-13T07:19:59, true
E2C7259B-02FE-4FAD-B3F6-2BE5588ACD44, 2021-02-13T07:21:00, true
E2C7259B-02FE-4FAD-B3F6-2BE5588ACD44, 2021-02-13T07:22:07, true
E2C7259B-02FE-4FAD-B3F6-2BE5588ACD44, 2021-02-13T07:23:16, true
E2C7259B-02FE-4FAD-B3F6-2BE5588ACD44, 2021-02-13T07:24:17, true
E2C7259B-02FE-4FAD-B3F6-2BE5588ACD44, 2021-02-13T07:25:26, true
E2C7259B-02FE-4FAD-B3F6-2BE5588ACD44, 2021-02-13T07:26:34, true
E2C7259B-02FE-4FAD-B3F6-2BE5588ACD44, 2021-02-13T07:27:38, true
E2C7259B-02FE-4FAD-B3F6-2BE5588ACD44, 2021-02-13T07:28:43, true
E2C7259B-02FE-4FAD-B3F6-2BE5588ACD44, 2021-02-13T07:29:49, true
E2C7259B-02FE-4FAD-B3F6-2BE5588ACD44, 2021-02-13T07:30:50, true
E2C7259B-02FE-4FAD-B3F6-2BE5588ACD44, 2021-02-13T07:31:57, true
E2C7259B-02FE-4FAD-B3F6-2BE5588ACD44, 2021-02-13T07:33:00, true
E2C7259B-02FE-4FAD-B3F6-2BE5588ACD44, 2021-02-13T07:34:10, true
E2C7259B-02FE-4FAD-B3F6-2BE5588ACD44, 2021-02-13T07:35:15, true
E2C7259B-02FE-4FAD-B3F6-2BE5588ACD44, 2021-02-13T07:36:21, true
E2C7259B-02FE-4FAD-B3F6-2BE5588ACD44, 2021-02-13T07:37:27, true
E2C7259B-02FE-4FAD-B3F6-2BE5588ACD44, 2021-02-13T07:38:35, true
E2C7259B-02FE-4FAD-B3F6-2BE5588ACD44, 2021-02-13T07:39:45, true
E2C7259B-02FE-4FAD-B3F6-2BE5588ACD44, 2021-02-13T07:40:50, true
E2C7259B-02FE-4FAD-B3F6-2BE5588ACD44, 2021-02-13T07:41:56, true
E2C7259B-02FE-4FAD-B3F6-2BE5588ACD44, 2021-02-13T07:43:09, true
E2C7259B-02FE-4FAD-B3F6-2BE5588ACD44, 2021-02-13T07:44:20, true
E2C7259B-02FE-4FAD-B3F6-2BE5588ACD44, 2021-02-13T07:45:33, true
E2C7259B-02FE-4FAD-B3F6-2BE5588ACD44, 2021-02-13T07:46:36, true
E2C7259B-02FE-4FAD-B3F6-2BE5588ACD44, 2021-02-13T07:47:38, true
E2C7259B-02FE-4FAD-B3F6-2BE5588ACD44, 2021-02-13T07:48:43, true
E2C7259B-02FE-4FAD-B3F6-2BE5588ACD44, 2021-02-13T07:49:49, true
E2C7259B-02FE-4FAD-B3F6-2BE5588ACD44, 2021-02-13T07:50:55, true
E2C7259B-02FE-4FAD-B3F6-2BE5588ACD44, 2021-02-13T07:52:01, true
E2C7259B-02FE-4FAD-B3F6-2BE5588ACD44, 2021-02-13T07:53:06, true
E2C7259B-02FE-4FAD-B3F6-2BE5588ACD44, 2021-02-13T07:54:06, true
E2C7259B-02FE-4FAD-B3F6-2BE5588ACD44, 2021-02-13T07:55:12, true
E2C7259B-02FE-4FAD-B3F6-2BE5588ACD44, 2021-02-13T07:56:18, true
E2C7259B-02FE-4FAD-B3F6-2BE5588ACD44, 2021-02-13T07:57:25, true
E2C7259B-02FE-4FAD-B3F6-2BE5588ACD44, 2021-02-13T07:58:29, true
E2C7259B-02FE-4FAD-B3F6-2BE5588ACD44, 2021-02-13T07:59:34, true
E2C7259B-02FE-4FAD-B3F6-2BE5588ACD44, 2021-02-13T08:00:40, true
E2C7259B-02FE-4FAD-B3F6-2BE5588ACD44, 2021-02-13T08:01:45, true
E2C7259B-02FE-4FAD-B3F6-2BE5588ACD44, 2021-02-13T08:02:51, true
E2C7259B-02FE-4FAD-B3F6-2BE5588ACD44, 2021-02-13T08:03:56, true
E2C7259B-02FE-4FAD-B3F6-2BE5588ACD44, 2021-02-13T08:04:57, true
E2C7259B-02FE-4FAD-B3F6-2BE5588ACD44, 2021-02-13T08:06:02, true
E2C7259B-02FE-4FAD-B3F6-2BE5588ACD44, 2021-02-13T08:07:10, true
E2C7259B-02FE-4FAD-B3F6-2BE5588ACD44, 2021-02-13T08:08:16, true
E2C7259B-02FE-4FAD-B3F6-2BE5588ACD44, 2021-02-13T08:09:23, true
E2C7259B-02FE-4FAD-B3F6-2BE5588ACD44, 2021-02-13T08:10:27, true
E2C7259B-02FE-4FAD-B3F6-2BE5588ACD44, 2021-02-13T08:11:31, true
E2C7259B-02FE-4FAD-B3F6-2BE5588ACD44, 2021-02-13T08:12:36, true
E2C7259B-02FE-4FAD-B3F6-2BE5588ACD44, 2021-02-13T08:13:42, true
E2C7259B-02FE-4FAD-B3F6-2BE5588ACD44, 2021-02-13T08:14:49, true
E2C7259B-02FE-4FAD-B3F6-2BE5588ACD44, 2021-02-13T08:15:51, true
E2C7259B-02FE-4FAD-B3F6-2BE5588ACD44, 2021-02-13T08:16:52, true
E2C7259B-02FE-4FAD-B3F6-2BE5588ACD44, 2021-02-13T08:17:53, true
E2C7259B-02FE-4FAD-B3F6-2BE5588ACD44, 2021-02-13T08:19:03, true
E2C7259B-02FE-4FAD-B3F6-2BE5588ACD44, 2021-02-13T08:20:11, true
E2C7259B-02FE-4FAD-B3F6-2BE5588ACD44, 2021-02-13T08:21:12, true
E2C7259B-02FE-4FAD-B3F6-2BE5588ACD44, 2021-02-13T08:22:18, true
E2C7259B-02FE-4FAD-B3F6-2BE5588ACD44, 2021-02-13T08:23:23, true
E2C7259B-02FE-4FAD-B3F6-2BE5588ACD44, 2021-02-13T08:24:29, true
E2C7259B-02FE-4FAD-B3F6-2BE5588ACD44, 2021-02-13T08:25:41, true
E2C7259B-02FE-4FAD-B3F6-2BE5588ACD44, 2021-02-13T08:26:53, true
E2C7259B-02FE-4FAD-B3F6-2BE5588ACD44, 2021-02-13T08:27:58, true
E2C7259B-02FE-4FAD-B3F6-2BE5588ACD44, 2021-02-13T08:29:03, true
E2C7259B-02FE-4FAD-B3F6-2BE5588ACD44, 2021-02-13T08:30:09, true
E2C7259B-02FE-4FAD-B3F6-2BE5588ACD44, 2021-02-13T08:31:14, true
E2C7259B-02FE-4FAD-B3F6-2BE5588ACD44, 2021-02-13T08:32:15, true
E2C7259B-02FE-4FAD-B3F6-2BE5588ACD44, 2021-02-13T08:33:22, true
E2C7259B-02FE-4FAD-B3F6-2BE5588ACD44, 2021-02-13T08:34:32, true
E2C7259B-02FE-4FAD-B3F6-2BE5588ACD44, 2021-02-13T08:35:37, true
E2C7259B-02FE-4FAD-B3F6-2BE5588ACD44, 2021-02-13T08:36:39, true
E2C7259B-02FE-4FAD-B3F6-2BE5588ACD44, 2021-02-13T08:37:41, true
E2C7259B-02FE-4FAD-B3F6-2BE5588ACD44, 2021-02-13T08:38:44, true
E2C7259B-02FE-4FAD-B3F6-2BE5588ACD44, 2021-02-13T08:39:47, true
E2C7259B-02FE-4FAD-B3F6-2BE5588ACD44, 2021-02-13T08:40:51, true
E2C7259B-02FE-4FAD-B3F6-2BE5588ACD44, 2021-02-13T08:41:57, true
E2C7259B-02FE-4FAD-B3F6-2BE5588ACD44, 2021-02-13T08:43:05, true
E2C7259B-02FE-4FAD-B3F6-2BE5588ACD44, 2021-02-13T08:44:11, true
E2C7259B-02FE-4FAD-B3F6-2BE5588ACD44, 2021-02-13T08:45:13, true
E2C7259B-02FE-4FAD-B3F6-2BE5588ACD44, 2021-02-13T08:46:22, true
E2C7259B-02FE-4FAD-B3F6-2BE5588ACD44, 2021-02-13T08:47:25, true
E2C7259B-02FE-4FAD-B3F6-2BE5588ACD44, 2021-02-13T08:48:26, true
E2C7259B-02FE-4FAD-B3F6-2BE5588ACD44, 2021-02-13T08:49:34, true
E2C7259B-02FE-4FAD-B3F6-2BE5588ACD44, 2021-02-13T08:50:34, true
E2C7259B-02FE-4FAD-B3F6-2BE5588ACD44, 2021-02-13T08:51:39, true
E2C7259B-02FE-4FAD-B3F6-2BE5588ACD44, 2021-02-13T08:52:53, true
E2C7259B-02FE-4FAD-B3F6-2BE5588ACD44, 2021-02-13T08:53:58, true
E2C7259B-02FE-4FAD-B3F6-2BE5588ACD44, 2021-02-13T08:55:03, true
E2C7259B-02FE-4FAD-B3F6-2BE5588ACD44, 2021-02-13T08:56:09, true
E2C7259B-02FE-4FAD-B3F6-2BE5588ACD44, 2021-02-13T08:57:15, true
E2C7259B-02FE-4FAD-B3F6-2BE5588ACD44, 2021-02-13T08:58:21, true
E2C7259B-02FE-4FAD-B3F6-2BE5588ACD44, 2021-02-13T08:59:29, true
E2C7259B-02FE-4FAD-B3F6-2BE5588ACD44, 2021-02-13T09:00:34, true
E2C7259B-02FE-4FAD-B3F6-2BE5588ACD44, 2021-02-13T09:01:39, true
E2C7259B-02FE-4FAD-B3F6-2BE5588ACD44, 2021-02-13T09:02:45, true
E2C7259B-02FE-4FAD-B3F6-2BE5588ACD44, 2021-02-13T09:03:47, true
E2C7259B-02FE-4FAD-B3F6-2BE5588ACD44, 2021-02-13T09:04:54, true
E2C7259B-02FE-4FAD-B3F6-2BE5588ACD44, 2021-02-13T09:06:00, true
E2C7259B-02FE-4FAD-B3F6-2BE5588ACD44, 2021-02-13T09:07:10, true
E2C7259B-02FE-4FAD-B3F6-2BE5588ACD44, 2021-02-13T09:08:16, true
E2C7259B-02FE-4FAD-B3F6-2BE5588ACD44, 2021-02-13T09:09:22, true
E2C7259B-02FE-4FAD-B3F6-2BE5588ACD44, 2021-02-13T09:10:28, true
E2C7259B-02FE-4FAD-B3F6-2BE5588ACD44, 2021-02-13T09:11:37, true
E2C7259B-02FE-4FAD-B3F6-2BE5588ACD44, 2021-02-13T09:12:40, true
E2C7259B-02FE-4FAD-B3F6-2BE5588ACD44, 2021-02-13T09:13:48, true
E2C7259B-02FE-4FAD-B3F6-2BE5588ACD44, 2021-02-13T09:14:54, true
E2C7259B-02FE-4FAD-B3F6-2BE5588ACD44, 2021-02-13T09:16:00, true
E2C7259B-02FE-4FAD-B3F6-2BE5588ACD44, 2021-02-13T09:17:13, true
E2C7259B-02FE-4FAD-B3F6-2BE5588ACD44, 2021-02-13T09:18:18, true
E2C7259B-02FE-4FAD-B3F6-2BE5588ACD44, 2021-02-13T09:19:20, true
E2C7259B-02FE-4FAD-B3F6-2BE5588ACD44, 2021-02-13T09:20:24, true
E2C7259B-02FE-4FAD-B3F6-2BE5588ACD44, 2021-02-13T09:21:30, true
E2C7259B-02FE-4FAD-B3F6-2BE5588ACD44, 2021-02-13T09:22:37, true
E2C7259B-02FE-4FAD-B3F6-2BE5588ACD44, 2021-02-13T09:23:42, true
E2C7259B-02FE-4FAD-B3F6-2BE5588ACD44, 2021-02-13T09:24:47, true
E2C7259B-02FE-4FAD-B3F6-2BE5588ACD44, 2021-02-13T09:25:54, true
E2C7259B-02FE-4FAD-B3F6-2BE5588ACD44, 2021-02-13T09:27:01, true
E2C7259B-02FE-4FAD-B3F6-2BE5588ACD44, 2021-02-13T09:28:06, true
E2C7259B-02FE-4FAD-B3F6-2BE5588ACD44, 2021-02-13T09:29:08, true
E2C7259B-02FE-4FAD-B3F6-2BE5588ACD44, 2021-02-13T09:30:14, true
E2C7259B-02FE-4FAD-B3F6-2BE5588ACD44, 2021-02-13T09:31:19, true
E2C7259B-02FE-4FAD-B3F6-2BE5588ACD44, 2021-02-13T09:32:20, true
E2C7259B-02FE-4FAD-B3F6-2BE5588ACD44, 2021-02-13T09:33:26, true
E2C7259B-02FE-4FAD-B3F6-2BE5588ACD44, 2021-02-13T09:34:41, true
E2C7259B-02FE-4FAD-B3F6-2BE5588ACD44, 2021-02-13T09:35:46, true
E2C7259B-02FE-4FAD-B3F6-2BE5588ACD44, 2021-02-13T09:36:52, true
E2C7259B-02FE-4FAD-B3F6-2BE5588ACD44, 2021-02-13T09:37:59, true
E2C7259B-02FE-4FAD-B3F6-2BE5588ACD44, 2021-02-13T09:39:03, true
E2C7259B-02FE-4FAD-B3F6-2BE5588ACD44, 2021-02-13T09:40:15, true
E2C7259B-02FE-4FAD-B3F6-2BE5588ACD44, 2021-02-13T09:41:23, true
E2C7259B-02FE-4FAD-B3F6-2BE5588ACD44, 2021-02-13T09:42:28, true
E2C7259B-02FE-4FAD-B3F6-2BE5588ACD44, 2021-02-13T09:43:33, true
E2C7259B-02FE-4FAD-B3F6-2BE5588ACD44, 2021-02-13T09:44:39, true
E2C7259B-02FE-4FAD-B3F6-2BE5588ACD44, 2021-02-13T09:45:40, true
E2C7259B-02FE-4FAD-B3F6-2BE5588ACD44, 2021-02-13T09:46:43, true
E2C7259B-02FE-4FAD-B3F6-2BE5588ACD44, 2021-02-13T09:47:50, true
E2C7259B-02FE-4FAD-B3F6-2BE5588ACD44, 2021-02-13T09:48:55, true
E2C7259B-02FE-4FAD-B3F6-2BE5588ACD44, 2021-02-13T09:50:03, true
E2C7259B-02FE-4FAD-B3F6-2BE5588ACD44, 2021-02-13T09:51:12, true
E2C7259B-02FE-4FAD-B3F6-2BE5588ACD44, 2021-02-13T09:52:18, true
E2C7259B-02FE-4FAD-B3F6-2BE5588ACD44, 2021-02-13T09:53:19, true
E2C7259B-02FE-4FAD-B3F6-2BE5588ACD44, 2021-02-13T09:54:24, true
E2C7259B-02FE-4FAD-B3F6-2BE5588ACD44, 2021-02-13T09:55:30, true
E2C7259B-02FE-4FAD-B3F6-2BE5588ACD44, 2021-02-13T09:56:35, true
E2C7259B-02FE-4FAD-B3F6-2BE5588ACD44, 2021-02-13T09:57:40, true
E2C7259B-02FE-4FAD-B3F6-2BE5588ACD44, 2021-02-13T09:58:47, true
E2C7259B-02FE-4FAD-B3F6-2BE5588ACD44, 2021-02-13T09:59:57, true
E2C7259B-02FE-4FAD-B3F6-2BE5588ACD44, 2021-02-13T10:01:03, true
E2C7259B-02FE-4FAD-B3F6-2BE5588ACD44, 2021-02-13T10:02:09, true
E2C7259B-02FE-4FAD-B3F6-2BE5588ACD44, 2021-02-13T10:03:16, true
E2C7259B-02FE-4FAD-B3F6-2BE5588ACD44, 2021-02-13T10:04:17, true
E2C7259B-02FE-4FAD-B3F6-2BE5588ACD44, 2021-02-13T10:05:25, true
E2C7259B-02FE-4FAD-B3F6-2BE5588ACD44, 2021-02-13T10:06:32, true
E2C7259B-02FE-4FAD-B3F6-2BE5588ACD44, 2021-02-13T10:07:38, true
E2C7259B-02FE-4FAD-B3F6-2BE5588ACD44, 2021-02-13T10:08:40, true
E2C7259B-02FE-4FAD-B3F6-2BE5588ACD44, 2021-02-13T10:09:44, true
E2C7259B-02FE-4FAD-B3F6-2BE5588ACD44, 2021-02-13T10:10:51, true
E2C7259B-02FE-4FAD-B3F6-2BE5588ACD44, 2021-02-13T10:11:57, true
E2C7259B-02FE-4FAD-B3F6-2BE5588ACD44, 2021-02-13T10:12:58, true
E2C7259B-02FE-4FAD-B3F6-2BE5588ACD44, 2021-02-13T10:14:01, true
E2C7259B-02FE-4FAD-B3F6-2BE5588ACD44, 2021-02-13T10:15:07, true
E2C7259B-02FE-4FAD-B3F6-2BE5588ACD44, 2021-02-13T10:16:13, true
E2C7259B-02FE-4FAD-B3F6-2BE5588ACD44, 2021-02-13T10:17:19, true
E2C7259B-02FE-4FAD-B3F6-2BE5588ACD44, 2021-02-13T10:18:25, true
E2C7259B-02FE-4FAD-B3F6-2BE5588ACD44, 2021-02-13T10:19:36, true
E2C7259B-02FE-4FAD-B3F6-2BE5588ACD44, 2021-02-13T10:20:45, true
E2C7259B-02FE-4FAD-B3F6-2BE5588ACD44, 2021-02-13T10:21:51, true
E2C7259B-02FE-4FAD-B3F6-2BE5588ACD44, 2021-02-13T10:22:58, true
E2C7259B-02FE-4FAD-B3F6-2BE5588ACD44, 2021-02-13T10:24:08, true
E2C7259B-02FE-4FAD-B3F6-2BE5588ACD44, 2021-02-13T10:25:14, true
E2C7259B-02FE-4FAD-B3F6-2BE5588ACD44, 2021-02-13T10:26:18, true
E2C7259B-02FE-4FAD-B3F6-2BE5588ACD44, 2021-02-13T10:27:19, true
E2C7259B-02FE-4FAD-B3F6-2BE5588ACD44, 2021-02-13T10:28:24, true
E2C7259B-02FE-4FAD-B3F6-2BE5588ACD44, 2021-02-13T10:29:24, true
E2C7259B-02FE-4FAD-B3F6-2BE5588ACD44, 2021-02-13T10:30:34, true
E2C7259B-02FE-4FAD-B3F6-2BE5588ACD44, 2021-02-13T10:31:48, true
E2C7259B-02FE-4FAD-B3F6-2BE5588ACD44, 2021-02-13T10:32:57, true
E2C7259B-02FE-4FAD-B3F6-2BE5588ACD44, 2021-02-13T10:34:03, true
E2C7259B-02FE-4FAD-B3F6-2BE5588ACD44, 2021-02-13T10:35:04, true
E2C7259B-02FE-4FAD-B3F6-2BE5588ACD44, 2021-02-13T10:36:10, true
E2C7259B-02FE-4FAD-B3F6-2BE5588ACD44, 2021-02-13T10:37:19, true
E2C7259B-02FE-4FAD-B3F6-2BE5588ACD44, 2021-02-13T10:38:25, true
E2C7259B-02FE-4FAD-B3F6-2BE5588ACD44, 2021-02-13T10:39:28, true
E2C7259B-02FE-4FAD-B3F6-2BE5588ACD44, 2021-02-13T10:40:34, true
E2C7259B-02FE-4FAD-B3F6-2BE5588ACD44, 2021-02-13T10:41:41, true
E2C7259B-02FE-4FAD-B3F6-2BE5588ACD44, 2021-02-13T10:42:46, true
E2C7259B-02FE-4FAD-B3F6-2BE5588ACD44, 2021-02-13T10:43:52, true
E2C7259B-02FE-4FAD-B3F6-2BE5588ACD44, 2021-02-13T10:44:58, true
E2C7259B-02FE-4FAD-B3F6-2BE5588ACD44, 2021-02-13T10:46:02, true
E2C7259B-02FE-4FAD-B3F6-2BE5588ACD44, 2021-02-13T10:47:13, true
E2C7259B-02FE-4FAD-B3F6-2BE5588ACD44, 2021-02-13T10:48:14, true
E2C7259B-02FE-4FAD-B3F6-2BE5588ACD44, 2021-02-13T10:49:14, true
E2C7259B-02FE-4FAD-B3F6-2BE5588ACD44, 2021-02-13T10:50:20, true
E2C7259B-02FE-4FAD-B3F6-2BE5588ACD44, 2021-02-13T10:51:26, true
E2C7259B-02FE-4FAD-B3F6-2BE5588ACD44, 2021-02-13T10:52:31, true
E2C7259B-02FE-4FAD-B3F6-2BE5588ACD44, 2021-02-13T10:53:36, true
E2C7259B-02FE-4FAD-B3F6-2BE5588ACD44, 2021-02-13T10:54:42, true
E2C7259B-02FE-4FAD-B3F6-2BE5588ACD44, 2021-02-13T10:55:44, true
E2C7259B-02FE-4FAD-B3F6-2BE5588ACD44, 2021-02-13T10:56:50, true
E2C7259B-02FE-4FAD-B3F6-2BE5588ACD44, 2021-02-13T10:57:55, true
E2C7259B-02FE-4FAD-B3F6-2BE5588ACD44, 2021-02-13T10:59:01, true
E2C7259B-02FE-4FAD-B3F6-2BE5588ACD44, 2021-02-13T11:00:07, true
E2C7259B-02FE-4FAD-B3F6-2BE5588ACD44, 2021-02-13T11:01:12, true
E2C7259B-02FE-4FAD-B3F6-2BE5588ACD44, 2021-02-13T11:02:18, true
E2C7259B-02FE-4FAD-B3F6-2BE5588ACD44, 2021-02-13T11:03:25, true
E2C7259B-02FE-4FAD-B3F6-2BE5588ACD44, 2021-02-13T11:04:30, true
E2C7259B-02FE-4FAD-B3F6-2BE5588ACD44, 2021-02-13T11:05:31, true
E2C7259B-02FE-4FAD-B3F6-2BE5588ACD44, 2021-02-13T11:06:34, true
E2C7259B-02FE-4FAD-B3F6-2BE5588ACD44, 2021-02-13T11:07:41, true
E2C7259B-02FE-4FAD-B3F6-2BE5588ACD44, 2021-02-13T11:08:46, true
E2C7259B-02FE-4FAD-B3F6-2BE5588ACD44, 2021-02-13T11:09:47, true
E2C7259B-02FE-4FAD-B3F6-2BE5588ACD44, 2021-02-13T11:10:54, true
E2C7259B-02FE-4FAD-B3F6-2BE5588ACD44, 2021-02-13T11:11:56, true
E2C7259B-02FE-4FAD-B3F6-2BE5588ACD44, 2021-02-13T11:13:01, true
E2C7259B-02FE-4FAD-B3F6-2BE5588ACD44, 2021-02-13T11:14:07, true
E2C7259B-02FE-4FAD-B3F6-2BE5588ACD44, 2021-02-13T11:15:12, true
E2C7259B-02FE-4FAD-B3F6-2BE5588ACD44, 2021-02-13T11:16:18, true
E2C7259B-02FE-4FAD-B3F6-2BE5588ACD44, 2021-02-13T11:17:24, true
E2C7259B-02FE-4FAD-B3F6-2BE5588ACD44, 2021-02-13T11:18:30, true
E2C7259B-02FE-4FAD-B3F6-2BE5588ACD44, 2021-02-13T11:19:38, true
E2C7259B-02FE-4FAD-B3F6-2BE5588ACD44, 2021-02-13T11:20:43, true
E2C7259B-02FE-4FAD-B3F6-2BE5588ACD44, 2021-02-13T11:21:49, true
E2C7259B-02FE-4FAD-B3F6-2BE5588ACD44, 2021-02-13T11:22:55, true
E2C7259B-02FE-4FAD-B3F6-2BE5588ACD44, 2021-02-13T11:24:01, true
E2C7259B-02FE-4FAD-B3F6-2BE5588ACD44, 2021-02-13T11:25:09, true
E2C7259B-02FE-4FAD-B3F6-2BE5588ACD44, 2021-02-13T11:26:17, true
E2C7259B-02FE-4FAD-B3F6-2BE5588ACD44, 2021-02-13T11:27:18, true
E2C7259B-02FE-4FAD-B3F6-2BE5588ACD44, 2021-02-13T11:28:29, true
E2C7259B-02FE-4FAD-B3F6-2BE5588ACD44, 2021-02-13T11:29:38, true
E2C7259B-02FE-4FAD-B3F6-2BE5588ACD44, 2021-02-13T11:30:42, true
E2C7259B-02FE-4FAD-B3F6-2BE5588ACD44, 2021-02-13T11:31:47, true
E2C7259B-02FE-4FAD-B3F6-2BE5588ACD44, 2021-02-13T11:32:53, true
E2C7259B-02FE-4FAD-B3F6-2BE5588ACD44, 2021-02-13T11:33:59, true
E2C7259B-02FE-4FAD-B3F6-2BE5588ACD44, 2021-02-13T11:35:05, true
E2C7259B-02FE-4FAD-B3F6-2BE5588ACD44, 2021-02-13T11:36:11, true
E2C7259B-02FE-4FAD-B3F6-2BE5588ACD44, 2021-02-13T11:37:18, true
E2C7259B-02FE-4FAD-B3F6-2BE5588ACD44, 2021-02-13T11:38:23, true
E2C7259B-02FE-4FAD-B3F6-2BE5588ACD44, 2021-02-13T11:39:29, true
E2C7259B-02FE-4FAD-B3F6-2BE5588ACD44, 2021-02-13T11:40:37, true
E2C7259B-02FE-4FAD-B3F6-2BE5588ACD44, 2021-02-13T11:41:41, true
E2C7259B-02FE-4FAD-B3F6-2BE5588ACD44, 2021-02-13T11:42:48, true
E2C7259B-02FE-4FAD-B3F6-2BE5588ACD44, 2021-02-13T11:43:52, true
E2C7259B-02FE-4FAD-B3F6-2BE5588ACD44, 2021-02-13T11:44:58, true
E2C7259B-02FE-4FAD-B3F6-2BE5588ACD44, 2021-02-13T11:46:08, true
E2C7259B-02FE-4FAD-B3F6-2BE5588ACD44, 2021-02-13T11:47:19, true
E2C7259B-02FE-4FAD-B3F6-2BE5588ACD44, 2021-02-13T11:48:31, true
E2C7259B-02FE-4FAD-B3F6-2BE5588ACD44, 2021-02-13T11:49:39, true
E2C7259B-02FE-4FAD-B3F6-2BE5588ACD44, 2021-02-13T11:50:49, true
E2C7259B-02FE-4FAD-B3F6-2BE5588ACD44, 2021-02-13T11:51:56, true
E2C7259B-02FE-4FAD-B3F6-2BE5588ACD44, 2021-02-13T11:52:57, true
E2C7259B-02FE-4FAD-B3F6-2BE5588ACD44, 2021-02-13T11:54:02, true
E2C7259B-02FE-4FAD-B3F6-2BE5588ACD44, 2021-02-13T11:55:03, true
E2C7259B-02FE-4FAD-B3F6-2BE5588ACD44, 2021-02-13T11:56:09, true
E2C7259B-02FE-4FAD-B3F6-2BE5588ACD44, 2021-02-13T11:57:17, true
E2C7259B-02FE-4FAD-B3F6-2BE5588ACD44, 2021-02-13T11:58:21, true
E2C7259B-02FE-4FAD-B3F6-2BE5588ACD44, 2021-02-13T11:59:27, true
E2C7259B-02FE-4FAD-B3F6-2BE5588ACD44, 2021-02-13T12:00:33, true
E2C7259B-02FE-4FAD-B3F6-2BE5588ACD44, 2021-02-13T12:01:43, true
E2C7259B-02FE-4FAD-B3F6-2BE5588ACD44, 2021-02-13T12:02:50, true
E2C7259B-02FE-4FAD-B3F6-2BE5588ACD44, 2021-02-13T12:03:57, true
E2C7259B-02FE-4FAD-B3F6-2BE5588ACD44, 2021-02-13T12:05:05, true
E2C7259B-02FE-4FAD-B3F6-2BE5588ACD44, 2021-02-13T12:06:11, true
E2C7259B-02FE-4FAD-B3F6-2BE5588ACD44, 2021-02-13T12:07:14, true
E2C7259B-02FE-4FAD-B3F6-2BE5588ACD44, 2021-02-13T12:08:30, true
E2C7259B-02FE-4FAD-B3F6-2BE5588ACD44, 2021-02-13T12:09:36, true
E2C7259B-02FE-4FAD-B3F6-2BE5588ACD44, 2021-02-13T12:10:44, true
E2C7259B-02FE-4FAD-B3F6-2BE5588ACD44, 2021-02-13T12:11:57, true
E2C7259B-02FE-4FAD-B3F6-2BE5588ACD44, 2021-02-13T12:13:01, true
E2C7259B-02FE-4FAD-B3F6-2BE5588ACD44, 2021-02-13T12:14:07, true
E2C7259B-02FE-4FAD-B3F6-2BE5588ACD44, 2021-02-13T12:15:12, true
E2C7259B-02FE-4FAD-B3F6-2BE5588ACD44, 2021-02-13T12:16:22, true
E2C7259B-02FE-4FAD-B3F6-2BE5588ACD44, 2021-02-13T12:17:28, true
E2C7259B-02FE-4FAD-B3F6-2BE5588ACD44, 2021-02-13T12:18:34, true
E2C7259B-02FE-4FAD-B3F6-2BE5588ACD44, 2021-02-13T12:19:40, true
E2C7259B-02FE-4FAD-B3F6-2BE5588ACD44, 2021-02-13T12:20:53, true
E2C7259B-02FE-4FAD-B3F6-2BE5588ACD44, 2021-02-13T12:22:05, true
E2C7259B-02FE-4FAD-B3F6-2BE5588ACD44, 2021-02-13T12:23:14, true
E2C7259B-02FE-4FAD-B3F6-2BE5588ACD44, 2021-02-13T12:24:19, true
E2C7259B-02FE-4FAD-B3F6-2BE5588ACD44, 2021-02-13T12:25:28, true
E2C7259B-02FE-4FAD-B3F6-2BE5588ACD44, 2021-02-13T12:26:34, true
E2C7259B-02FE-4FAD-B3F6-2BE5588ACD44, 2021-02-13T12:27:40, true
E2C7259B-02FE-4FAD-B3F6-2BE5588ACD44, 2021-02-13T12:28:40, true
E2C7259B-02FE-4FAD-B3F6-2BE5588ACD44, 2021-02-13T12:29:49, true
E2C7259B-02FE-4FAD-B3F6-2BE5588ACD44, 2021-02-13T12:30:54, true
E2C7259B-02FE-4FAD-B3F6-2BE5588ACD44, 2021-02-13T12:32:00, true
E2C7259B-02FE-4FAD-B3F6-2BE5588ACD44, 2021-02-13T12:33:06, true
E2C7259B-02FE-4FAD-B3F6-2BE5588ACD44, 2021-02-13T12:34:08, true
E2C7259B-02FE-4FAD-B3F6-2BE5588ACD44, 2021-02-13T12:35:11, true
E2C7259B-02FE-4FAD-B3F6-2BE5588ACD44, 2021-02-13T12:36:17, true
E2C7259B-02FE-4FAD-B3F6-2BE5588ACD44, 2021-02-13T12:37:23, true
E2C7259B-02FE-4FAD-B3F6-2BE5588ACD44, 2021-02-13T12:38:23, true
E2C7259B-02FE-4FAD-B3F6-2BE5588ACD44, 2021-02-13T12:39:28, true
E2C7259B-02FE-4FAD-B3F6-2BE5588ACD44, 2021-02-13T12:40:36, true
E2C7259B-02FE-4FAD-B3F6-2BE5588ACD44, 2021-02-13T12:41:40, true
E2C7259B-02FE-4FAD-B3F6-2BE5588ACD44, 2021-02-13T12:42:46, true
E2C7259B-02FE-4FAD-B3F6-2BE5588ACD44, 2021-02-13T12:43:54, true
E2C7259B-02FE-4FAD-B3F6-2BE5588ACD44, 2021-02-13T12:44:58, true
E2C7259B-02FE-4FAD-B3F6-2BE5588ACD44, 2021-02-13T12:46:05, true
E2C7259B-02FE-4FAD-B3F6-2BE5588ACD44, 2021-02-13T12:47:14, true
E2C7259B-02FE-4FAD-B3F6-2BE5588ACD44, 2021-02-13T12:48:20, true
E2C7259B-02FE-4FAD-B3F6-2BE5588ACD44, 2021-02-13T12:49:23, true
E2C7259B-02FE-4FAD-B3F6-2BE5588ACD44, 2021-02-13T12:50:31, true
E2C7259B-02FE-4FAD-B3F6-2BE5588ACD44, 2021-02-13T12:51:32, true
E2C7259B-02FE-4FAD-B3F6-2BE5588ACD44, 2021-02-13T12:52:44, true
E2C7259B-02FE-4FAD-B3F6-2BE5588ACD44, 2021-02-13T12:53:48, true
E2C7259B-02FE-4FAD-B3F6-2BE5588ACD44, 2021-02-13T12:54:54, true
E2C7259B-02FE-4FAD-B3F6-2BE5588ACD44, 2021-02-13T12:56:00, true
E2C7259B-02FE-4FAD-B3F6-2BE5588ACD44, 2021-02-13T12:57:06, true
E2C7259B-02FE-4FAD-B3F6-2BE5588ACD44, 2021-02-13T12:58:14, true
E2C7259B-02FE-4FAD-B3F6-2BE5588ACD44, 2021-02-13T12:59:18, true
E2C7259B-02FE-4FAD-B3F6-2BE5588ACD44, 2021-02-13T13:00:27, true
E2C7259B-02FE-4FAD-B3F6-2BE5588ACD44, 2021-02-13T13:01:34, true
E2C7259B-02FE-4FAD-B3F6-2BE5588ACD44, 2021-02-13T13:02:40, true
E2C7259B-02FE-4FAD-B3F6-2BE5588ACD44, 2021-02-13T13:03:45, true
E2C7259B-02FE-4FAD-B3F6-2BE5588ACD44, 2021-02-13T13:04:57, true
E2C7259B-02FE-4FAD-B3F6-2BE5588ACD44, 2021-02-13T13:06:04, true
E2C7259B-02FE-4FAD-B3F6-2BE5588ACD44, 2021-02-13T13:07:05, true
E2C7259B-02FE-4FAD-B3F6-2BE5588ACD44, 2021-02-13T13:08:12, true
E2C7259B-02FE-4FAD-B3F6-2BE5588ACD44, 2021-02-13T13:09:18, true
E2C7259B-02FE-4FAD-B3F6-2BE5588ACD44, 2021-02-13T13:10:19, true
E2C7259B-02FE-4FAD-B3F6-2BE5588ACD44, 2021-02-13T13:11:23, true
E2C7259B-02FE-4FAD-B3F6-2BE5588ACD44, 2021-02-13T13:12:28, true
E2C7259B-02FE-4FAD-B3F6-2BE5588ACD44, 2021-02-13T13:13:34, true
E2C7259B-02FE-4FAD-B3F6-2BE5588ACD44, 2021-02-13T13:14:34, true
E2C7259B-02FE-4FAD-B3F6-2BE5588ACD44, 2021-02-13T13:15:38, true
E2C7259B-02FE-4FAD-B3F6-2BE5588ACD44, 2021-02-13T13:16:45, true
E2C7259B-02FE-4FAD-B3F6-2BE5588ACD44, 2021-02-13T13:17:48, true
E2C7259B-02FE-4FAD-B3F6-2BE5588ACD44, 2021-02-13T13:18:53, true
E2C7259B-02FE-4FAD-B3F6-2BE5588ACD44, 2021-02-13T13:19:56, true
E2C7259B-02FE-4FAD-B3F6-2BE5588ACD44, 2021-02-13T13:21:03, true
E2C7259B-02FE-4FAD-B3F6-2BE5588ACD44, 2021-02-13T13:22:08, true
E2C7259B-02FE-4FAD-B3F6-2BE5588ACD44, 2021-02-13T13:23:14, true
E2C7259B-02FE-4FAD-B3F6-2BE5588ACD44, 2021-02-13T13:24:20, true
E2C7259B-02FE-4FAD-B3F6-2BE5588ACD44, 2021-02-13T13:25:29, true
E2C7259B-02FE-4FAD-B3F6-2BE5588ACD44, 2021-02-13T13:26:39, true
E2C7259B-02FE-4FAD-B3F6-2BE5588ACD44, 2021-02-13T13:27:39, true
E2C7259B-02FE-4FAD-B3F6-2BE5588ACD44, 2021-02-13T13:28:39, true
E2C7259B-02FE-4FAD-B3F6-2BE5588ACD44, 2021-02-13T13:29:45, true
E2C7259B-02FE-4FAD-B3F6-2BE5588ACD44, 2021-02-13T13:30:50, true
E2C7259B-02FE-4FAD-B3F6-2BE5588ACD44, 2021-02-13T13:31:54, true
E2C7259B-02FE-4FAD-B3F6-2BE5588ACD44, 2021-02-13T13:32:54, true
E2C7259B-02FE-4FAD-B3F6-2BE5588ACD44, 2021-02-13T13:34:00, true
E2C7259B-02FE-4FAD-B3F6-2BE5588ACD44, 2021-02-13T13:35:05, true
E2C7259B-02FE-4FAD-B3F6-2BE5588ACD44, 2021-02-13T13:36:10, true
E2C7259B-02FE-4FAD-B3F6-2BE5588ACD44, 2021-02-13T13:37:11, true
E2C7259B-02FE-4FAD-B3F6-2BE5588ACD44, 2021-02-13T13:38:17, true
E2C7259B-02FE-4FAD-B3F6-2BE5588ACD44, 2021-02-13T13:39:19, true
E2C7259B-02FE-4FAD-B3F6-2BE5588ACD44, 2021-02-13T13:40:23, true
E2C7259B-02FE-4FAD-B3F6-2BE5588ACD44, 2021-02-13T13:41:29, true
E2C7259B-02FE-4FAD-B3F6-2BE5588ACD44, 2021-02-13T13:42:30, true
E2C7259B-02FE-4FAD-B3F6-2BE5588ACD44, 2021-02-13T13:43:37, true
E2C7259B-02FE-4FAD-B3F6-2BE5588ACD44, 2021-02-13T13:44:43, true
E2C7259B-02FE-4FAD-B3F6-2BE5588ACD44, 2021-02-13T13:45:50, true
E2C7259B-02FE-4FAD-B3F6-2BE5588ACD44, 2021-02-13T13:46:58, true
E2C7259B-02FE-4FAD-B3F6-2BE5588ACD44, 2021-02-13T13:48:04, true
E2C7259B-02FE-4FAD-B3F6-2BE5588ACD44, 2021-02-13T13:49:09, true
E2C7259B-02FE-4FAD-B3F6-2BE5588ACD44, 2021-02-13T13:50:16, true
E2C7259B-02FE-4FAD-B3F6-2BE5588ACD44, 2021-02-13T13:51:26, true
E2C7259B-02FE-4FAD-B3F6-2BE5588ACD44, 2021-02-13T13:52:36, true
E2C7259B-02FE-4FAD-B3F6-2BE5588ACD44, 2021-02-13T13:53:40, true
E2C7259B-02FE-4FAD-B3F6-2BE5588ACD44, 2021-02-13T13:54:46, true
E2C7259B-02FE-4FAD-B3F6-2BE5588ACD44, 2021-02-13T13:55:54, true
E2C7259B-02FE-4FAD-B3F6-2BE5588ACD44, 2021-02-13T13:56:54, true
E2C7259B-02FE-4FAD-B3F6-2BE5588ACD44, 2021-02-13T13:58:04, true
E2C7259B-02FE-4FAD-B3F6-2BE5588ACD44, 2021-02-13T13:59:16, true
E2C7259B-02FE-4FAD-B3F6-2BE5588ACD44, 2021-02-13T14:00:22, true
E2C7259B-02FE-4FAD-B3F6-2BE5588ACD44, 2021-02-13T14:01:31, true
E2C7259B-02FE-4FAD-B3F6-2BE5588ACD44, 2021-02-13T14:02:36, true
E2C7259B-02FE-4FAD-B3F6-2BE5588ACD44, 2021-02-13T14:03:44, true
E2C7259B-02FE-4FAD-B3F6-2BE5588ACD44, 2021-02-13T14:04:50, true
E2C7259B-02FE-4FAD-B3F6-2BE5588ACD44, 2021-02-13T14:05:54, true
E2C7259B-02FE-4FAD-B3F6-2BE5588ACD44, 2021-02-13T14:06:54, true
E2C7259B-02FE-4FAD-B3F6-2BE5588ACD44, 2021-02-13T14:07:59, true
E2C7259B-02FE-4FAD-B3F6-2BE5588ACD44, 2021-02-13T14:09:05, true
E2C7259B-02FE-4FAD-B3F6-2BE5588ACD44, 2021-02-13T14:10:10, true
E2C7259B-02FE-4FAD-B3F6-2BE5588ACD44, 2021-02-13T14:11:16, true
E2C7259B-02FE-4FAD-B3F6-2BE5588ACD44, 2021-02-13T14:12:22, true
E2C7259B-02FE-4FAD-B3F6-2BE5588ACD44, 2021-02-13T14:13:30, true
E2C7259B-02FE-4FAD-B3F6-2BE5588ACD44, 2021-02-13T14:14:37, true
E2C7259B-02FE-4FAD-B3F6-2BE5588ACD44, 2021-02-13T14:15:43, true
E2C7259B-02FE-4FAD-B3F6-2BE5588ACD44, 2021-02-13T14:16:48, true
E2C7259B-02FE-4FAD-B3F6-2BE5588ACD44, 2021-02-13T14:17:54, true
E2C7259B-02FE-4FAD-B3F6-2BE5588ACD44, 2021-02-13T14:19:00, true
E2C7259B-02FE-4FAD-B3F6-2BE5588ACD44, 2021-02-13T14:20:06, true
E2C7259B-02FE-4FAD-B3F6-2BE5588ACD44, 2021-02-13T14:21:11, true
E2C7259B-02FE-4FAD-B3F6-2BE5588ACD44, 2021-02-13T14:22:12, true
E2C7259B-02FE-4FAD-B3F6-2BE5588ACD44, 2021-02-13T14:23:15, true
E2C7259B-02FE-4FAD-B3F6-2BE5588ACD44, 2021-02-13T14:24:23, true
E2C7259B-02FE-4FAD-B3F6-2BE5588ACD44, 2021-02-13T14:25:33, true
E2C7259B-02FE-4FAD-B3F6-2BE5588ACD44, 2021-02-13T14:26:37, true
E2C7259B-02FE-4FAD-B3F6-2BE5588ACD44, 2021-02-13T14:27:43, true
E2C7259B-02FE-4FAD-B3F6-2BE5588ACD44, 2021-02-13T14:28:49, true
E2C7259B-02FE-4FAD-B3F6-2BE5588ACD44, 2021-02-13T14:29:54, true
E2C7259B-02FE-4FAD-B3F6-2BE5588ACD44, 2021-02-13T14:31:00, true
E2C7259B-02FE-4FAD-B3F6-2BE5588ACD44, 2021-02-13T14:32:06, true
E2C7259B-02FE-4FAD-B3F6-2BE5588ACD44, 2021-02-13T14:33:07, true
E2C7259B-02FE-4FAD-B3F6-2BE5588ACD44, 2021-02-13T14:34:13, true
E2C7259B-02FE-4FAD-B3F6-2BE5588ACD44, 2021-02-13T14:35:13, true
E2C7259B-02FE-4FAD-B3F6-2BE5588ACD44, 2021-02-13T14:36:14, true
E2C7259B-02FE-4FAD-B3F6-2BE5588ACD44, 2021-02-13T14:37:21, true
E2C7259B-02FE-4FAD-B3F6-2BE5588ACD44, 2021-02-13T14:38:22, true
E2C7259B-02FE-4FAD-B3F6-2BE5588ACD44, 2021-02-13T14:39:30, true
E2C7259B-02FE-4FAD-B3F6-2BE5588ACD44, 2021-02-13T14:40:34, true
E2C7259B-02FE-4FAD-B3F6-2BE5588ACD44, 2021-02-13T14:41:40, true
E2C7259B-02FE-4FAD-B3F6-2BE5588ACD44, 2021-02-13T14:42:51, true
E2C7259B-02FE-4FAD-B3F6-2BE5588ACD44, 2021-02-13T14:43:56, true
E2C7259B-02FE-4FAD-B3F6-2BE5588ACD44, 2021-02-13T14:44:58, true
E2C7259B-02FE-4FAD-B3F6-2BE5588ACD44, 2021-02-13T14:46:08, true
E2C7259B-02FE-4FAD-B3F6-2BE5588ACD44, 2021-02-13T14:47:16, true
E2C7259B-02FE-4FAD-B3F6-2BE5588ACD44, 2021-02-13T14:48:22, true
E2C7259B-02FE-4FAD-B3F6-2BE5588ACD44, 2021-02-13T14:49:23, true
E2C7259B-02FE-4FAD-B3F6-2BE5588ACD44, 2021-02-13T14:50:29, true
E2C7259B-02FE-4FAD-B3F6-2BE5588ACD44, 2021-02-13T14:51:35, true
E2C7259B-02FE-4FAD-B3F6-2BE5588ACD44, 2021-02-13T14:52:35, true
E2C7259B-02FE-4FAD-B3F6-2BE5588ACD44, 2021-02-13T14:53:42, true
E2C7259B-02FE-4FAD-B3F6-2BE5588ACD44, 2021-02-13T14:54:47, true
E2C7259B-02FE-4FAD-B3F6-2BE5588ACD44, 2021-02-13T14:55:53, true
E2C7259B-02FE-4FAD-B3F6-2BE5588ACD44, 2021-02-13T14:57:01, true
E2C7259B-02FE-4FAD-B3F6-2BE5588ACD44, 2021-02-13T14:58:06, true
E2C7259B-02FE-4FAD-B3F6-2BE5588ACD44, 2021-02-13T14:59:07, true
E2C7259B-02FE-4FAD-B3F6-2BE5588ACD44, 2021-02-13T15:00:14, true
E2C7259B-02FE-4FAD-B3F6-2BE5588ACD44, 2021-02-13T15:01:20, true
E2C7259B-02FE-4FAD-B3F6-2BE5588ACD44, 2021-02-13T15:02:25, true
E2C7259B-02FE-4FAD-B3F6-2BE5588ACD44, 2021-02-13T15:03:31, true
E2C7259B-02FE-4FAD-B3F6-2BE5588ACD44, 2021-02-13T15:04:37, true
E2C7259B-02FE-4FAD-B3F6-2BE5588ACD44, 2021-02-13T15:05:39, true
E2C7259B-02FE-4FAD-B3F6-2BE5588ACD44, 2021-02-13T15:06:50, true
E2C7259B-02FE-4FAD-B3F6-2BE5588ACD44, 2021-02-13T15:07:55, true
E2C7259B-02FE-4FAD-B3F6-2BE5588ACD44, 2021-02-13T15:09:01, true
E2C7259B-02FE-4FAD-B3F6-2BE5588ACD44, 2021-02-13T15:10:08, true
E2C7259B-02FE-4FAD-B3F6-2BE5588ACD44, 2021-02-13T15:11:14, true
E2C7259B-02FE-4FAD-B3F6-2BE5588ACD44, 2021-02-13T15:12:20, true
E2C7259B-02FE-4FAD-B3F6-2BE5588ACD44, 2021-02-13T15:13:25, true
E2C7259B-02FE-4FAD-B3F6-2BE5588ACD44, 2021-02-13T15:14:38, true
E2C7259B-02FE-4FAD-B3F6-2BE5588ACD44, 2021-02-13T15:15:46, true
E2C7259B-02FE-4FAD-B3F6-2BE5588ACD44, 2021-02-13T15:16:53, true
E2C7259B-02FE-4FAD-B3F6-2BE5588ACD44, 2021-02-13T15:17:59, true
E2C7259B-02FE-4FAD-B3F6-2BE5588ACD44, 2021-02-13T15:19:07, true
E2C7259B-02FE-4FAD-B3F6-2BE5588ACD44, 2021-02-13T15:20:11, true
E2C7259B-02FE-4FAD-B3F6-2BE5588ACD44, 2021-02-13T15:21:19, true
E2C7259B-02FE-4FAD-B3F6-2BE5588ACD44, 2021-02-13T15:22:28, true
E2C7259B-02FE-4FAD-B3F6-2BE5588ACD44, 2021-02-13T15:23:34, true
E2C7259B-02FE-4FAD-B3F6-2BE5588ACD44, 2021-02-13T15:24:39, true
E2C7259B-02FE-4FAD-B3F6-2BE5588ACD44, 2021-02-13T15:25:41, true
E2C7259B-02FE-4FAD-B3F6-2BE5588ACD44, 2021-02-13T15:26:49, true
E2C7259B-02FE-4FAD-B3F6-2BE5588ACD44, 2021-02-13T15:27:57, true
E2C7259B-02FE-4FAD-B3F6-2BE5588ACD44, 2021-02-13T15:28:58, true
E2C7259B-02FE-4FAD-B3F6-2BE5588ACD44, 2021-02-13T15:30:02, true
E2C7259B-02FE-4FAD-B3F6-2BE5588ACD44, 2021-02-13T15:31:02, true
E2C7259B-02FE-4FAD-B3F6-2BE5588ACD44, 2021-02-13T15:32:02, true
E2C7259B-02FE-4FAD-B3F6-2BE5588ACD44, 2021-02-13T15:33:08, true
E2C7259B-02FE-4FAD-B3F6-2BE5588ACD44, 2021-02-13T15:34:14, true
E2C7259B-02FE-4FAD-B3F6-2BE5588ACD44, 2021-02-13T15:35:20, true
E2C7259B-02FE-4FAD-B3F6-2BE5588ACD44, 2021-02-13T15:36:27, true
E2C7259B-02FE-4FAD-B3F6-2BE5588ACD44, 2021-02-13T15:37:41, true
E2C7259B-02FE-4FAD-B3F6-2BE5588ACD44, 2021-02-13T15:38:45, true
E2C7259B-02FE-4FAD-B3F6-2BE5588ACD44, 2021-02-13T15:39:51, true
E2C7259B-02FE-4FAD-B3F6-2BE5588ACD44, 2021-02-13T15:40:57, true
E2C7259B-02FE-4FAD-B3F6-2BE5588ACD44, 2021-02-13T15:41:57, true
E2C7259B-02FE-4FAD-B3F6-2BE5588ACD44, 2021-02-13T15:43:03, true
E2C7259B-02FE-4FAD-B3F6-2BE5588ACD44, 2021-02-13T15:44:14, true
E2C7259B-02FE-4FAD-B3F6-2BE5588ACD44, 2021-02-13T15:45:19, true
E2C7259B-02FE-4FAD-B3F6-2BE5588ACD44, 2021-02-13T15:46:21, true
E2C7259B-02FE-4FAD-B3F6-2BE5588ACD44, 2021-02-13T15:47:33, true
E2C7259B-02FE-4FAD-B3F6-2BE5588ACD44, 2021-02-13T15:48:43, true
E2C7259B-02FE-4FAD-B3F6-2BE5588ACD44, 2021-02-13T15:49:51, true
E2C7259B-02FE-4FAD-B3F6-2BE5588ACD44, 2021-02-13T15:50:56, true
E2C7259B-02FE-4FAD-B3F6-2BE5588ACD44, 2021-02-13T15:52:01, true
E2C7259B-02FE-4FAD-B3F6-2BE5588ACD44, 2021-02-13T15:53:03, true
E2C7259B-02FE-4FAD-B3F6-2BE5588ACD44, 2021-02-13T15:54:07, true
E2C7259B-02FE-4FAD-B3F6-2BE5588ACD44, 2021-02-13T15:55:08, true
E2C7259B-02FE-4FAD-B3F6-2BE5588ACD44, 2021-02-13T15:56:14, true
E2C7259B-02FE-4FAD-B3F6-2BE5588ACD44, 2021-02-13T15:57:25, true
E2C7259B-02FE-4FAD-B3F6-2BE5588ACD44, 2021-02-13T15:58:25, true
E2C7259B-02FE-4FAD-B3F6-2BE5588ACD44, 2021-02-13T15:59:31, true
E2C7259B-02FE-4FAD-B3F6-2BE5588ACD44, 2021-02-13T16:00:33, true
E2C7259B-02FE-4FAD-B3F6-2BE5588ACD44, 2021-02-13T16:01:42, true
E2C7259B-02FE-4FAD-B3F6-2BE5588ACD44, 2021-02-13T16:02:53, true
E2C7259B-02FE-4FAD-B3F6-2BE5588ACD44, 2021-02-13T16:04:00, true
E2C7259B-02FE-4FAD-B3F6-2BE5588ACD44, 2021-02-13T16:05:05, true
E2C7259B-02FE-4FAD-B3F6-2BE5588ACD44, 2021-02-13T16:06:14, true
E2C7259B-02FE-4FAD-B3F6-2BE5588ACD44, 2021-02-13T16:07:18, true
E2C7259B-02FE-4FAD-B3F6-2BE5588ACD44, 2021-02-13T16:08:28, true
E2C7259B-02FE-4FAD-B3F6-2BE5588ACD44, 2021-02-13T16:09:33, true
E2C7259B-02FE-4FAD-B3F6-2BE5588ACD44, 2021-02-13T16:10:39, true
E2C7259B-02FE-4FAD-B3F6-2BE5588ACD44, 2021-02-13T16:11:42, true
E2C7259B-02FE-4FAD-B3F6-2BE5588ACD44, 2021-02-13T16:12:45, true
E2C7259B-02FE-4FAD-B3F6-2BE5588ACD44, 2021-02-13T16:13:47, true
E2C7259B-02FE-4FAD-B3F6-2BE5588ACD44, 2021-02-13T16:14:53, true
E2C7259B-02FE-4FAD-B3F6-2BE5588ACD44, 2021-02-13T16:16:01, true
E2C7259B-02FE-4FAD-B3F6-2BE5588ACD44, 2021-02-13T16:17:05, true
E2C7259B-02FE-4FAD-B3F6-2BE5588ACD44, 2021-02-13T16:18:11, true
E2C7259B-02FE-4FAD-B3F6-2BE5588ACD44, 2021-02-13T16:19:11, true
E2C7259B-02FE-4FAD-B3F6-2BE5588ACD44, 2021-02-13T16:20:15, true
E2C7259B-02FE-4FAD-B3F6-2BE5588ACD44, 2021-02-13T16:21:21, true
E2C7259B-02FE-4FAD-B3F6-2BE5588ACD44, 2021-02-13T16:22:28, true
E2C7259B-02FE-4FAD-B3F6-2BE5588ACD44, 2021-02-13T16:23:39, true
E2C7259B-02FE-4FAD-B3F6-2BE5588ACD44, 2021-02-13T16:24:45, true
E2C7259B-02FE-4FAD-B3F6-2BE5588ACD44, 2021-02-13T16:25:54, true
E2C7259B-02FE-4FAD-B3F6-2BE5588ACD44, 2021-02-13T16:27:04, true
E2C7259B-02FE-4FAD-B3F6-2BE5588ACD44, 2021-02-13T16:28:05, true
E2C7259B-02FE-4FAD-B3F6-2BE5588ACD44, 2021-02-13T16:29:10, true
E2C7259B-02FE-4FAD-B3F6-2BE5588ACD44, 2021-02-13T16:30:16, true
E2C7259B-02FE-4FAD-B3F6-2BE5588ACD44, 2021-02-13T16:31:21, true
E2C7259B-02FE-4FAD-B3F6-2BE5588ACD44, 2021-02-13T16:32:27, true
E2C7259B-02FE-4FAD-B3F6-2BE5588ACD44, 2021-02-13T16:33:33, true
E2C7259B-02FE-4FAD-B3F6-2BE5588ACD44, 2021-02-13T16:34:38, true
E2C7259B-02FE-4FAD-B3F6-2BE5588ACD44, 2021-02-13T16:35:46, true
E2C7259B-02FE-4FAD-B3F6-2BE5588ACD44, 2021-02-13T16:36:55, true
E2C7259B-02FE-4FAD-B3F6-2BE5588ACD44, 2021-02-13T16:38:01, true
E2C7259B-02FE-4FAD-B3F6-2BE5588ACD44, 2021-02-13T16:39:08, true
E2C7259B-02FE-4FAD-B3F6-2BE5588ACD44, 2021-02-13T16:40:14, true
E2C7259B-02FE-4FAD-B3F6-2BE5588ACD44, 2021-02-13T16:41:19, true
E2C7259B-02FE-4FAD-B3F6-2BE5588ACD44, 2021-02-13T16:42:20, true
E2C7259B-02FE-4FAD-B3F6-2BE5588ACD44, 2021-02-13T16:43:26, true
E2C7259B-02FE-4FAD-B3F6-2BE5588ACD44, 2021-02-13T16:44:31, true
E2C7259B-02FE-4FAD-B3F6-2BE5588ACD44, 2021-02-13T16:45:36, true
E2C7259B-02FE-4FAD-B3F6-2BE5588ACD44, 2021-02-13T16:46:43, true
E2C7259B-02FE-4FAD-B3F6-2BE5588ACD44, 2021-02-13T16:47:48, true
E2C7259B-02FE-4FAD-B3F6-2BE5588ACD44, 2021-02-13T16:48:51, true
E2C7259B-02FE-4FAD-B3F6-2BE5588ACD44, 2021-02-13T16:49:55, true
E2C7259B-02FE-4FAD-B3F6-2BE5588ACD44, 2021-02-13T16:51:11, true
E2C7259B-02FE-4FAD-B3F6-2BE5588ACD44, 2021-02-13T16:52:17, true
E2C7259B-02FE-4FAD-B3F6-2BE5588ACD44, 2021-02-13T16:53:22, true
E2C7259B-02FE-4FAD-B3F6-2BE5588ACD44, 2021-02-13T16:54:25, true
E2C7259B-02FE-4FAD-B3F6-2BE5588ACD44, 2021-02-13T16:55:29, true
E2C7259B-02FE-4FAD-B3F6-2BE5588ACD44, 2021-02-13T16:56:35, true
E2C7259B-02FE-4FAD-B3F6-2BE5588ACD44, 2021-02-13T16:57:41, true
E2C7259B-02FE-4FAD-B3F6-2BE5588ACD44, 2021-02-13T16:58:43, true
E2C7259B-02FE-4FAD-B3F6-2BE5588ACD44, 2021-02-13T16:59:48, true
E2C7259B-02FE-4FAD-B3F6-2BE5588ACD44, 2021-02-13T17:00:53, true
E2C7259B-02FE-4FAD-B3F6-2BE5588ACD44, 2021-02-13T17:01:58, true
E2C7259B-02FE-4FAD-B3F6-2BE5588ACD44, 2021-02-13T17:03:00, true
E2C7259B-02FE-4FAD-B3F6-2BE5588ACD44, 2021-02-13T17:04:04, true
E2C7259B-02FE-4FAD-B3F6-2BE5588ACD44, 2021-02-13T17:05:10, true
E2C7259B-02FE-4FAD-B3F6-2BE5588ACD44, 2021-02-13T17:06:17, true
E2C7259B-02FE-4FAD-B3F6-2BE5588ACD44, 2021-02-13T17:07:27, true
E2C7259B-02FE-4FAD-B3F6-2BE5588ACD44, 2021-02-13T17:08:36, true
E2C7259B-02FE-4FAD-B3F6-2BE5588ACD44, 2021-02-13T17:09:43, true
E2C7259B-02FE-4FAD-B3F6-2BE5588ACD44, 2021-02-13T17:10:49, true
E2C7259B-02FE-4FAD-B3F6-2BE5588ACD44, 2021-02-13T17:11:54, true
E2C7259B-02FE-4FAD-B3F6-2BE5588ACD44, 2021-02-13T17:13:00, true
E2C7259B-02FE-4FAD-B3F6-2BE5588ACD44, 2021-02-13T17:14:06, true
E2C7259B-02FE-4FAD-B3F6-2BE5588ACD44, 2021-02-13T17:15:16, true
E2C7259B-02FE-4FAD-B3F6-2BE5588ACD44, 2021-02-13T17:16:18, true
E2C7259B-02FE-4FAD-B3F6-2BE5588ACD44, 2021-02-13T17:17:24, true
E2C7259B-02FE-4FAD-B3F6-2BE5588ACD44, 2021-02-13T17:18:30, true
E2C7259B-02FE-4FAD-B3F6-2BE5588ACD44, 2021-02-13T17:19:31, true
E2C7259B-02FE-4FAD-B3F6-2BE5588ACD44, 2021-02-13T17:20:37, true
E2C7259B-02FE-4FAD-B3F6-2BE5588ACD44, 2021-02-13T17:21:41, true
E2C7259B-02FE-4FAD-B3F6-2BE5588ACD44, 2021-02-13T17:22:43, true
E2C7259B-02FE-4FAD-B3F6-2BE5588ACD44, 2021-02-13T17:23:49, true
E2C7259B-02FE-4FAD-B3F6-2BE5588ACD44, 2021-02-13T17:24:56, true
E2C7259B-02FE-4FAD-B3F6-2BE5588ACD44, 2021-02-13T17:26:04, true
E2C7259B-02FE-4FAD-B3F6-2BE5588ACD44, 2021-02-13T17:27:14, true
E2C7259B-02FE-4FAD-B3F6-2BE5588ACD44, 2021-02-13T17:28:19, true
E2C7259B-02FE-4FAD-B3F6-2BE5588ACD44, 2021-02-13T17:29:21, true
E2C7259B-02FE-4FAD-B3F6-2BE5588ACD44, 2021-02-13T17:30:26, true
E2C7259B-02FE-4FAD-B3F6-2BE5588ACD44, 2021-02-13T17:31:32, true
E2C7259B-02FE-4FAD-B3F6-2BE5588ACD44, 2021-02-13T17:32:42, true
E2C7259B-02FE-4FAD-B3F6-2BE5588ACD44, 2021-02-13T17:33:45, true
E2C7259B-02FE-4FAD-B3F6-2BE5588ACD44, 2021-02-13T17:34:49, true
E2C7259B-02FE-4FAD-B3F6-2BE5588ACD44, 2021-02-13T17:35:55, true
E2C7259B-02FE-4FAD-B3F6-2BE5588ACD44, 2021-02-13T17:37:00, true
E2C7259B-02FE-4FAD-B3F6-2BE5588ACD44, 2021-02-13T17:38:08, true
E2C7259B-02FE-4FAD-B3F6-2BE5588ACD44, 2021-02-13T17:39:14, true
E2C7259B-02FE-4FAD-B3F6-2BE5588ACD44, 2021-02-13T17:40:19, true
E2C7259B-02FE-4FAD-B3F6-2BE5588ACD44, 2021-02-13T17:41:25, true
E2C7259B-02FE-4FAD-B3F6-2BE5588ACD44, 2021-02-13T17:42:31, true
E2C7259B-02FE-4FAD-B3F6-2BE5588ACD44, 2021-02-13T17:43:32, true
E2C7259B-02FE-4FAD-B3F6-2BE5588ACD44, 2021-02-13T17:44:37, true
E2C7259B-02FE-4FAD-B3F6-2BE5588ACD44, 2021-02-13T17:45:44, true
E2C7259B-02FE-4FAD-B3F6-2BE5588ACD44, 2021-02-13T17:46:47, true
E2C7259B-02FE-4FAD-B3F6-2BE5588ACD44, 2021-02-13T17:47:52, true
E2C7259B-02FE-4FAD-B3F6-2BE5588ACD44, 2021-02-13T17:49:00, true
E2C7259B-02FE-4FAD-B3F6-2BE5588ACD44, 2021-02-13T17:50:03, true
E2C7259B-02FE-4FAD-B3F6-2BE5588ACD44, 2021-02-13T17:51:03, true
E2C7259B-02FE-4FAD-B3F6-2BE5588ACD44, 2021-02-13T17:52:09, true
E2C7259B-02FE-4FAD-B3F6-2BE5588ACD44, 2021-02-13T17:53:15, true
E2C7259B-02FE-4FAD-B3F6-2BE5588ACD44, 2021-02-13T17:54:25, true
E2C7259B-02FE-4FAD-B3F6-2BE5588ACD44, 2021-02-13T17:55:32, true
E2C7259B-02FE-4FAD-B3F6-2BE5588ACD44, 2021-02-13T17:56:42, true
E2C7259B-02FE-4FAD-B3F6-2BE5588ACD44, 2021-02-13T17:57:54, true
E2C7259B-02FE-4FAD-B3F6-2BE5588ACD44, 2021-02-13T17:59:00, true
E2C7259B-02FE-4FAD-B3F6-2BE5588ACD44, 2021-02-13T18:00:12, true
E2C7259B-02FE-4FAD-B3F6-2BE5588ACD44, 2021-02-13T18:01:18, true
E2C7259B-02FE-4FAD-B3F6-2BE5588ACD44, 2021-02-13T18:02:23, true
E2C7259B-02FE-4FAD-B3F6-2BE5588ACD44, 2021-02-13T18:03:25, true
E2C7259B-02FE-4FAD-B3F6-2BE5588ACD44, 2021-02-13T18:04:30, true
E2C7259B-02FE-4FAD-B3F6-2BE5588ACD44, 2021-02-13T18:05:40, true
E2C7259B-02FE-4FAD-B3F6-2BE5588ACD44, 2021-02-13T18:06:41, true
E2C7259B-02FE-4FAD-B3F6-2BE5588ACD44, 2021-02-13T18:07:47, true
E2C7259B-02FE-4FAD-B3F6-2BE5588ACD44, 2021-02-13T18:08:53, true
E2C7259B-02FE-4FAD-B3F6-2BE5588ACD44, 2021-02-13T18:09:56, true
E2C7259B-02FE-4FAD-B3F6-2BE5588ACD44, 2021-02-13T18:11:00, true
E2C7259B-02FE-4FAD-B3F6-2BE5588ACD44, 2021-02-13T18:12:07, true
E2C7259B-02FE-4FAD-B3F6-2BE5588ACD44, 2021-02-13T18:13:12, true
E2C7259B-02FE-4FAD-B3F6-2BE5588ACD44, 2021-02-13T18:14:18, true
E2C7259B-02FE-4FAD-B3F6-2BE5588ACD44, 2021-02-13T18:15:24, true
E2C7259B-02FE-4FAD-B3F6-2BE5588ACD44, 2021-02-13T18:16:29, true
E2C7259B-02FE-4FAD-B3F6-2BE5588ACD44, 2021-02-13T18:17:36, true
E2C7259B-02FE-4FAD-B3F6-2BE5588ACD44, 2021-02-13T18:18:44, true
E2C7259B-02FE-4FAD-B3F6-2BE5588ACD44, 2021-02-13T18:19:47, true
E2C7259B-02FE-4FAD-B3F6-2BE5588ACD44, 2021-02-13T18:20:53, true
E2C7259B-02FE-4FAD-B3F6-2BE5588ACD44, 2021-02-13T18:21:55, true
E2C7259B-02FE-4FAD-B3F6-2BE5588ACD44, 2021-02-13T18:23:04, true
E2C7259B-02FE-4FAD-B3F6-2BE5588ACD44, 2021-02-13T18:24:09, true
E2C7259B-02FE-4FAD-B3F6-2BE5588ACD44, 2021-02-13T18:25:18, true
E2C7259B-02FE-4FAD-B3F6-2BE5588ACD44, 2021-02-13T18:26:18, true
E2C7259B-02FE-4FAD-B3F6-2BE5588ACD44, 2021-02-13T18:27:22, true
E2C7259B-02FE-4FAD-B3F6-2BE5588ACD44, 2021-02-13T18:28:29, true
E2C7259B-02FE-4FAD-B3F6-2BE5588ACD44, 2021-02-13T18:29:33, true
E2C7259B-02FE-4FAD-B3F6-2BE5588ACD44, 2021-02-13T18:30:41, true
E2C7259B-02FE-4FAD-B3F6-2BE5588ACD44, 2021-02-13T18:31:45, true
E2C7259B-02FE-4FAD-B3F6-2BE5588ACD44, 2021-02-13T18:32:54, true
E2C7259B-02FE-4FAD-B3F6-2BE5588ACD44, 2021-02-13T18:34:03, true
E2C7259B-02FE-4FAD-B3F6-2BE5588ACD44, 2021-02-13T18:35:10, true
E2C7259B-02FE-4FAD-B3F6-2BE5588ACD44, 2021-02-13T18:36:15, true
E2C7259B-02FE-4FAD-B3F6-2BE5588ACD44, 2021-02-13T18:37:17, true
E2C7259B-02FE-4FAD-B3F6-2BE5588ACD44, 2021-02-13T18:38:23, true
E2C7259B-02FE-4FAD-B3F6-2BE5588ACD44, 2021-02-13T18:39:29, true
E2C7259B-02FE-4FAD-B3F6-2BE5588ACD44, 2021-02-13T18:40:36, true
E2C7259B-02FE-4FAD-B3F6-2BE5588ACD44, 2021-02-13T18:41:46, true
E2C7259B-02FE-4FAD-B3F6-2BE5588ACD44, 2021-02-13T18:42:52, true
E2C7259B-02FE-4FAD-B3F6-2BE5588ACD44, 2021-02-13T18:43:57, true
E2C7259B-02FE-4FAD-B3F6-2BE5588ACD44, 2021-02-13T18:45:03, true
E2C7259B-02FE-4FAD-B3F6-2BE5588ACD44, 2021-02-13T18:46:16, true
E2C7259B-02FE-4FAD-B3F6-2BE5588ACD44, 2021-02-13T18:47:19, true
E2C7259B-02FE-4FAD-B3F6-2BE5588ACD44, 2021-02-13T18:48:24, true
E2C7259B-02FE-4FAD-B3F6-2BE5588ACD44, 2021-02-13T18:49:31, true
E2C7259B-02FE-4FAD-B3F6-2BE5588ACD44, 2021-02-13T18:50:36, true
E2C7259B-02FE-4FAD-B3F6-2BE5588ACD44, 2021-02-13T18:51:44, true
E2C7259B-02FE-4FAD-B3F6-2BE5588ACD44, 2021-02-13T18:52:48, true
E2C7259B-02FE-4FAD-B3F6-2BE5588ACD44, 2021-02-13T18:53:54, true
E2C7259B-02FE-4FAD-B3F6-2BE5588ACD44, 2021-02-13T18:55:01, true
E2C7259B-02FE-4FAD-B3F6-2BE5588ACD44, 2021-02-13T18:56:06, true
E2C7259B-02FE-4FAD-B3F6-2BE5588ACD44, 2021-02-13T18:57:06, true
E2C7259B-02FE-4FAD-B3F6-2BE5588ACD44, 2021-02-13T18:58:11, true
E2C7259B-02FE-4FAD-B3F6-2BE5588ACD44, 2021-02-13T18:59:18, true
E2C7259B-02FE-4FAD-B3F6-2BE5588ACD44, 2021-02-13T19:00:26, true
E2C7259B-02FE-4FAD-B3F6-2BE5588ACD44, 2021-02-13T19:01:29, true
E2C7259B-02FE-4FAD-B3F6-2BE5588ACD44, 2021-02-13T19:02:30, true
E2C7259B-02FE-4FAD-B3F6-2BE5588ACD44, 2021-02-13T19:03:36, true
E2C7259B-02FE-4FAD-B3F6-2BE5588ACD44, 2021-02-13T19:04:36, true
E2C7259B-02FE-4FAD-B3F6-2BE5588ACD44, 2021-02-13T19:05:47, true
E2C7259B-02FE-4FAD-B3F6-2BE5588ACD44, 2021-02-13T19:06:54, true
E2C7259B-02FE-4FAD-B3F6-2BE5588ACD44, 2021-02-13T19:08:00, true
E2C7259B-02FE-4FAD-B3F6-2BE5588ACD44, 2021-02-13T19:09:06, true
E2C7259B-02FE-4FAD-B3F6-2BE5588ACD44, 2021-02-13T19:10:10, true
E2C7259B-02FE-4FAD-B3F6-2BE5588ACD44, 2021-02-13T19:11:13, true
E2C7259B-02FE-4FAD-B3F6-2BE5588ACD44, 2021-02-13T19:12:19, true
E2C7259B-02FE-4FAD-B3F6-2BE5588ACD44, 2021-02-13T19:13:24, true
E2C7259B-02FE-4FAD-B3F6-2BE5588ACD44, 2021-02-13T19:14:30, true
E2C7259B-02FE-4FAD-B3F6-2BE5588ACD44, 2021-02-13T19:15:38, true
E2C7259B-02FE-4FAD-B3F6-2BE5588ACD44, 2021-02-13T19:16:44, true
E2C7259B-02FE-4FAD-B3F6-2BE5588ACD44, 2021-02-13T19:17:49, true
E2C7259B-02FE-4FAD-B3F6-2BE5588ACD44, 2021-02-13T19:19:00, true
E2C7259B-02FE-4FAD-B3F6-2BE5588ACD44, 2021-02-13T19:20:04, true
E2C7259B-02FE-4FAD-B3F6-2BE5588ACD44, 2021-02-13T19:21:09, true
E2C7259B-02FE-4FAD-B3F6-2BE5588ACD44, 2021-02-13T19:22:15, true
E2C7259B-02FE-4FAD-B3F6-2BE5588ACD44, 2021-02-13T19:23:22, true
E2C7259B-02FE-4FAD-B3F6-2BE5588ACD44, 2021-02-13T19:24:28, true
E2C7259B-02FE-4FAD-B3F6-2BE5588ACD44, 2021-02-13T19:25:41, true
E2C7259B-02FE-4FAD-B3F6-2BE5588ACD44, 2021-02-13T19:26:46, true
E2C7259B-02FE-4FAD-B3F6-2BE5588ACD44, 2021-02-13T19:27:52, true
E2C7259B-02FE-4FAD-B3F6-2BE5588ACD44, 2021-02-13T19:28:58, true
E2C7259B-02FE-4FAD-B3F6-2BE5588ACD44, 2021-02-13T19:30:05, true
E2C7259B-02FE-4FAD-B3F6-2BE5588ACD44, 2021-02-13T19:31:09, true
E2C7259B-02FE-4FAD-B3F6-2BE5588ACD44, 2021-02-13T19:32:17, true
E2C7259B-02FE-4FAD-B3F6-2BE5588ACD44, 2021-02-13T19:33:22, true
E2C7259B-02FE-4FAD-B3F6-2BE5588ACD44, 2021-02-13T19:34:28, true
E2C7259B-02FE-4FAD-B3F6-2BE5588ACD44, 2021-02-13T19:35:34, true
E2C7259B-02FE-4FAD-B3F6-2BE5588ACD44, 2021-02-13T19:36:44, true
E2C7259B-02FE-4FAD-B3F6-2BE5588ACD44, 2021-02-13T19:37:48, true
E2C7259B-02FE-4FAD-B3F6-2BE5588ACD44, 2021-02-13T19:38:58, true
E2C7259B-02FE-4FAD-B3F6-2BE5588ACD44, 2021-02-13T19:40:06, true
E2C7259B-02FE-4FAD-B3F6-2BE5588ACD44, 2021-02-13T19:41:10, true
E2C7259B-02FE-4FAD-B3F6-2BE5588ACD44, 2021-02-13T19:42:13, true
E2C7259B-02FE-4FAD-B3F6-2BE5588ACD44, 2021-02-13T19:43:16, true
E2C7259B-02FE-4FAD-B3F6-2BE5588ACD44, 2021-02-13T19:44:21, true
E2C7259B-02FE-4FAD-B3F6-2BE5588ACD44, 2021-02-13T19:45:29, true
E2C7259B-02FE-4FAD-B3F6-2BE5588ACD44, 2021-02-13T19:46:36, true
E2C7259B-02FE-4FAD-B3F6-2BE5588ACD44, 2021-02-13T19:47:49, true
E2C7259B-02FE-4FAD-B3F6-2BE5588ACD44, 2021-02-13T19:48:49, true
E2C7259B-02FE-4FAD-B3F6-2BE5588ACD44, 2021-02-13T19:49:55, true
E2C7259B-02FE-4FAD-B3F6-2BE5588ACD44, 2021-02-13T19:51:01, true
E2C7259B-02FE-4FAD-B3F6-2BE5588ACD44, 2021-02-13T19:52:08, true
E2C7259B-02FE-4FAD-B3F6-2BE5588ACD44, 2021-02-13T19:53:14, true
E2C7259B-02FE-4FAD-B3F6-2BE5588ACD44, 2021-02-13T19:54:20, true
E2C7259B-02FE-4FAD-B3F6-2BE5588ACD44, 2021-02-13T19:55:26, true
E2C7259B-02FE-4FAD-B3F6-2BE5588ACD44, 2021-02-13T19:56:32, true
E2C7259B-02FE-4FAD-B3F6-2BE5588ACD44, 2021-02-13T19:57:39, true
E2C7259B-02FE-4FAD-B3F6-2BE5588ACD44, 2021-02-13T19:58:48, true
E2C7259B-02FE-4FAD-B3F6-2BE5588ACD44, 2021-02-13T19:59:59, true
E2C7259B-02FE-4FAD-B3F6-2BE5588ACD44, 2021-02-13T20:01:04, true
E2C7259B-02FE-4FAD-B3F6-2BE5588ACD44, 2021-02-13T20:02:10, true
E2C7259B-02FE-4FAD-B3F6-2BE5588ACD44, 2021-02-13T20:03:17, true
E2C7259B-02FE-4FAD-B3F6-2BE5588ACD44, 2021-02-13T20:04:21, true
E2C7259B-02FE-4FAD-B3F6-2BE5588ACD44, 2021-02-13T20:05:31, true
E2C7259B-02FE-4FAD-B3F6-2BE5588ACD44, 2021-02-13T20:06:37, true
E2C7259B-02FE-4FAD-B3F6-2BE5588ACD44, 2021-02-13T20:07:40, true
E2C7259B-02FE-4FAD-B3F6-2BE5588ACD44, 2021-02-13T20:08:46, true
E2C7259B-02FE-4FAD-B3F6-2BE5588ACD44, 2021-02-13T20:09:49, true
E2C7259B-02FE-4FAD-B3F6-2BE5588ACD44, 2021-02-13T20:10:55, true
E2C7259B-02FE-4FAD-B3F6-2BE5588ACD44, 2021-02-13T20:12:01, true
E2C7259B-02FE-4FAD-B3F6-2BE5588ACD44, 2021-02-13T20:13:08, true
E2C7259B-02FE-4FAD-B3F6-2BE5588ACD44, 2021-02-13T20:14:12, true
E2C7259B-02FE-4FAD-B3F6-2BE5588ACD44, 2021-02-13T20:15:12, true
E2C7259B-02FE-4FAD-B3F6-2BE5588ACD44, 2021-02-13T20:16:25, true
E2C7259B-02FE-4FAD-B3F6-2BE5588ACD44, 2021-02-13T20:17:30, true
E2C7259B-02FE-4FAD-B3F6-2BE5588ACD44, 2021-02-13T20:18:30, true
E2C7259B-02FE-4FAD-B3F6-2BE5588ACD44, 2021-02-13T20:19:37, true
E2C7259B-02FE-4FAD-B3F6-2BE5588ACD44, 2021-02-13T20:20:42, true
E2C7259B-02FE-4FAD-B3F6-2BE5588ACD44, 2021-02-13T20:21:47, true
E2C7259B-02FE-4FAD-B3F6-2BE5588ACD44, 2021-02-13T20:22:54, true
E2C7259B-02FE-4FAD-B3F6-2BE5588ACD44, 2021-02-13T20:23:59, true
E2C7259B-02FE-4FAD-B3F6-2BE5588ACD44, 2021-02-13T20:24:59, true
E2C7259B-02FE-4FAD-B3F6-2BE5588ACD44, 2021-02-13T20:26:06, true
E2C7259B-02FE-4FAD-B3F6-2BE5588ACD44, 2021-02-13T20:27:14, true
E2C7259B-02FE-4FAD-B3F6-2BE5588ACD44, 2021-02-13T20:28:26, true
E2C7259B-02FE-4FAD-B3F6-2BE5588ACD44, 2021-02-13T20:29:32, true
E2C7259B-02FE-4FAD-B3F6-2BE5588ACD44, 2021-02-13T20:30:38, true
E2C7259B-02FE-4FAD-B3F6-2BE5588ACD44, 2021-02-13T20:31:44, true
E2C7259B-02FE-4FAD-B3F6-2BE5588ACD44, 2021-02-13T20:32:49, true
E2C7259B-02FE-4FAD-B3F6-2BE5588ACD44, 2021-02-13T20:33:55, true
E2C7259B-02FE-4FAD-B3F6-2BE5588ACD44, 2021-02-13T20:35:03, true
E2C7259B-02FE-4FAD-B3F6-2BE5588ACD44, 2021-02-13T20:36:13, true
E2C7259B-02FE-4FAD-B3F6-2BE5588ACD44, 2021-02-13T20:37:18, true
E2C7259B-02FE-4FAD-B3F6-2BE5588ACD44, 2021-02-13T20:38:24, true
E2C7259B-02FE-4FAD-B3F6-2BE5588ACD44, 2021-02-13T20:39:33, true
E2C7259B-02FE-4FAD-B3F6-2BE5588ACD44, 2021-02-13T20:40:38, true
E2C7259B-02FE-4FAD-B3F6-2BE5588ACD44, 2021-02-13T20:41:44, true
E2C7259B-02FE-4FAD-B3F6-2BE5588ACD44, 2021-02-13T20:42:51, true
E2C7259B-02FE-4FAD-B3F6-2BE5588ACD44, 2021-02-13T20:44:06, true
E2C7259B-02FE-4FAD-B3F6-2BE5588ACD44, 2021-02-13T20:45:10, true
E2C7259B-02FE-4FAD-B3F6-2BE5588ACD44, 2021-02-13T20:46:19, true
E2C7259B-02FE-4FAD-B3F6-2BE5588ACD44, 2021-02-13T20:47:31, true
E2C7259B-02FE-4FAD-B3F6-2BE5588ACD44, 2021-02-13T20:48:36, true
E2C7259B-02FE-4FAD-B3F6-2BE5588ACD44, 2021-02-13T20:49:41, true
E2C7259B-02FE-4FAD-B3F6-2BE5588ACD44, 2021-02-13T20:50:46, true
E2C7259B-02FE-4FAD-B3F6-2BE5588ACD44, 2021-02-13T20:51:55, true
E2C7259B-02FE-4FAD-B3F6-2BE5588ACD44, 2021-02-13T20:52:59, true
E2C7259B-02FE-4FAD-B3F6-2BE5588ACD44, 2021-02-13T20:54:05, true
E2C7259B-02FE-4FAD-B3F6-2BE5588ACD44, 2021-02-13T20:55:11, true
E2C7259B-02FE-4FAD-B3F6-2BE5588ACD44, 2021-02-13T20:56:17, true
E2C7259B-02FE-4FAD-B3F6-2BE5588ACD44, 2021-02-13T20:57:23, true
E2C7259B-02FE-4FAD-B3F6-2BE5588ACD44, 2021-02-13T20:58:23, true
E2C7259B-02FE-4FAD-B3F6-2BE5588ACD44, 2021-02-13T20:59:29, true
E2C7259B-02FE-4FAD-B3F6-2BE5588ACD44, 2021-02-13T21:00:29, true
E2C7259B-02FE-4FAD-B3F6-2BE5588ACD44, 2021-02-13T21:01:40, true
E2C7259B-02FE-4FAD-B3F6-2BE5588ACD44, 2021-02-13T21:02:45, true
E2C7259B-02FE-4FAD-B3F6-2BE5588ACD44, 2021-02-13T21:03:52, true
E2C7259B-02FE-4FAD-B3F6-2BE5588ACD44, 2021-02-13T21:05:03, true
E2C7259B-02FE-4FAD-B3F6-2BE5588ACD44, 2021-02-13T21:06:07, true
E2C7259B-02FE-4FAD-B3F6-2BE5588ACD44, 2021-02-13T21:07:11, true
E2C7259B-02FE-4FAD-B3F6-2BE5588ACD44, 2021-02-13T21:08:14, true
E2C7259B-02FE-4FAD-B3F6-2BE5588ACD44, 2021-02-13T21:09:16, true
E2C7259B-02FE-4FAD-B3F6-2BE5588ACD44, 2021-02-13T21:10:21, true
E2C7259B-02FE-4FAD-B3F6-2BE5588ACD44, 2021-02-13T21:11:27, true
E2C7259B-02FE-4FAD-B3F6-2BE5588ACD44, 2021-02-13T21:12:33, true
E2C7259B-02FE-4FAD-B3F6-2BE5588ACD44, 2021-02-13T21:13:40, true
E2C7259B-02FE-4FAD-B3F6-2BE5588ACD44, 2021-02-13T21:14:45, true
E2C7259B-02FE-4FAD-B3F6-2BE5588ACD44, 2021-02-13T21:15:51, true
E2C7259B-02FE-4FAD-B3F6-2BE5588ACD44, 2021-02-13T21:16:56, true
E2C7259B-02FE-4FAD-B3F6-2BE5588ACD44, 2021-02-13T21:18:03, true
E2C7259B-02FE-4FAD-B3F6-2BE5588ACD44, 2021-02-13T21:19:08, true
E2C7259B-02FE-4FAD-B3F6-2BE5588ACD44, 2021-02-13T21:20:08, true
E2C7259B-02FE-4FAD-B3F6-2BE5588ACD44, 2021-02-13T21:21:11, true
E2C7259B-02FE-4FAD-B3F6-2BE5588ACD44, 2021-02-13T21:22:18, true
E2C7259B-02FE-4FAD-B3F6-2BE5588ACD44, 2021-02-13T21:23:26, true
E2C7259B-02FE-4FAD-B3F6-2BE5588ACD44, 2021-02-13T21:24:32, true
E2C7259B-02FE-4FAD-B3F6-2BE5588ACD44, 2021-02-13T21:25:43, true
E2C7259B-02FE-4FAD-B3F6-2BE5588ACD44, 2021-02-13T21:26:50, true
E2C7259B-02FE-4FAD-B3F6-2BE5588ACD44, 2021-02-13T21:27:56, true
E2C7259B-02FE-4FAD-B3F6-2BE5588ACD44, 2021-02-13T21:29:02, true
E2C7259B-02FE-4FAD-B3F6-2BE5588ACD44, 2021-02-13T21:30:03, true
E2C7259B-02FE-4FAD-B3F6-2BE5588ACD44, 2021-02-13T21:31:09, true
E2C7259B-02FE-4FAD-B3F6-2BE5588ACD44, 2021-02-13T21:32:14, true
E2C7259B-02FE-4FAD-B3F6-2BE5588ACD44, 2021-02-13T21:33:22, true
E2C7259B-02FE-4FAD-B3F6-2BE5588ACD44, 2021-02-13T21:34:28, true
E2C7259B-02FE-4FAD-B3F6-2BE5588ACD44, 2021-02-13T21:35:29, true
E2C7259B-02FE-4FAD-B3F6-2BE5588ACD44, 2021-02-13T21:36:43, true
E2C7259B-02FE-4FAD-B3F6-2BE5588ACD44, 2021-02-13T21:37:47, true
E2C7259B-02FE-4FAD-B3F6-2BE5588ACD44, 2021-02-13T21:38:53, true
E2C7259B-02FE-4FAD-B3F6-2BE5588ACD44, 2021-02-13T21:39:59, true
E2C7259B-02FE-4FAD-B3F6-2BE5588ACD44, 2021-02-13T21:41:07, true
E2C7259B-02FE-4FAD-B3F6-2BE5588ACD44, 2021-02-13T21:42:13, true
E2C7259B-02FE-4FAD-B3F6-2BE5588ACD44, 2021-02-13T21:43:16, true
E2C7259B-02FE-4FAD-B3F6-2BE5588ACD44, 2021-02-13T21:44:23, true
E2C7259B-02FE-4FAD-B3F6-2BE5588ACD44, 2021-02-13T21:45:32, true
E2C7259B-02FE-4FAD-B3F6-2BE5588ACD44, 2021-02-13T21:46:38, true
E2C7259B-02FE-4FAD-B3F6-2BE5588ACD44, 2021-02-13T21:47:44, true
E2C7259B-02FE-4FAD-B3F6-2BE5588ACD44, 2021-02-13T21:48:46, true
E2C7259B-02FE-4FAD-B3F6-2BE5588ACD44, 2021-02-13T21:49:52, true
E2C7259B-02FE-4FAD-B3F6-2BE5588ACD44, 2021-02-13T21:50:56, true
E2C7259B-02FE-4FAD-B3F6-2BE5588ACD44, 2021-02-13T21:51:59, true
E2C7259B-02FE-4FAD-B3F6-2BE5588ACD44, 2021-02-13T21:53:05, true
E2C7259B-02FE-4FAD-B3F6-2BE5588ACD44, 2021-02-13T21:54:11, true
E2C7259B-02FE-4FAD-B3F6-2BE5588ACD44, 2021-02-13T21:55:17, true
E2C7259B-02FE-4FAD-B3F6-2BE5588ACD44, 2021-02-13T21:56:23, true
E2C7259B-02FE-4FAD-B3F6-2BE5588ACD44, 2021-02-13T21:57:30, true
E2C7259B-02FE-4FAD-B3F6-2BE5588ACD44, 2021-02-13T21:58:41, true
E2C7259B-02FE-4FAD-B3F6-2BE5588ACD44, 2021-02-13T21:59:41, true
E2C7259B-02FE-4FAD-B3F6-2BE5588ACD44, 2021-02-13T22:00:50, true
E2C7259B-02FE-4FAD-B3F6-2BE5588ACD44, 2021-02-13T22:01:53, true
E2C7259B-02FE-4FAD-B3F6-2BE5588ACD44, 2021-02-13T22:02:59, true
E2C7259B-02FE-4FAD-B3F6-2BE5588ACD44, 2021-02-13T22:04:05, true
E2C7259B-02FE-4FAD-B3F6-2BE5588ACD44, 2021-02-13T22:05:10, true
E2C7259B-02FE-4FAD-B3F6-2BE5588ACD44, 2021-02-13T22:06:11, true
E2C7259B-02FE-4FAD-B3F6-2BE5588ACD44, 2021-02-13T22:07:22, true
E2C7259B-02FE-4FAD-B3F6-2BE5588ACD44, 2021-02-13T22:08:22, true
E2C7259B-02FE-4FAD-B3F6-2BE5588ACD44, 2021-02-13T22:09:28, true
E2C7259B-02FE-4FAD-B3F6-2BE5588ACD44, 2021-02-13T22:10:33, true
E2C7259B-02FE-4FAD-B3F6-2BE5588ACD44, 2021-02-13T22:11:39, true
E2C7259B-02FE-4FAD-B3F6-2BE5588ACD44, 2021-02-13T22:12:46, true
E2C7259B-02FE-4FAD-B3F6-2BE5588ACD44, 2021-02-13T22:13:51, true
E2C7259B-02FE-4FAD-B3F6-2BE5588ACD44, 2021-02-13T22:14:57, true
E2C7259B-02FE-4FAD-B3F6-2BE5588ACD44, 2021-02-13T22:16:03, true
E2C7259B-02FE-4FAD-B3F6-2BE5588ACD44, 2021-02-13T22:17:10, true
E2C7259B-02FE-4FAD-B3F6-2BE5588ACD44, 2021-02-13T22:18:19, true
E2C7259B-02FE-4FAD-B3F6-2BE5588ACD44, 2021-02-13T22:19:26, true
E2C7259B-02FE-4FAD-B3F6-2BE5588ACD44, 2021-02-13T22:20:35, true
E2C7259B-02FE-4FAD-B3F6-2BE5588ACD44, 2021-02-13T22:21:40, true
E2C7259B-02FE-4FAD-B3F6-2BE5588ACD44, 2021-02-13T22:22:45, true
E2C7259B-02FE-4FAD-B3F6-2BE5588ACD44, 2021-02-13T22:23:58, true
E2C7259B-02FE-4FAD-B3F6-2BE5588ACD44, 2021-02-13T22:25:05, true
E2C7259B-02FE-4FAD-B3F6-2BE5588ACD44, 2021-02-13T22:26:14, true
E2C7259B-02FE-4FAD-B3F6-2BE5588ACD44, 2021-02-13T22:27:22, true
E2C7259B-02FE-4FAD-B3F6-2BE5588ACD44, 2021-02-13T22:28:30, true
E2C7259B-02FE-4FAD-B3F6-2BE5588ACD44, 2021-02-13T22:29:39, true
E2C7259B-02FE-4FAD-B3F6-2BE5588ACD44, 2021-02-13T22:30:45, true
E2C7259B-02FE-4FAD-B3F6-2BE5588ACD44, 2021-02-13T22:31:51, true
E2C7259B-02FE-4FAD-B3F6-2BE5588ACD44, 2021-02-13T22:32:51, true
E2C7259B-02FE-4FAD-B3F6-2BE5588ACD44, 2021-02-13T22:34:00, true
E2C7259B-02FE-4FAD-B3F6-2BE5588ACD44, 2021-02-13T22:35:03, true
E2C7259B-02FE-4FAD-B3F6-2BE5588ACD44, 2021-02-13T22:36:08, true
E2C7259B-02FE-4FAD-B3F6-2BE5588ACD44, 2021-02-13T22:37:15, true
E2C7259B-02FE-4FAD-B3F6-2BE5588ACD44, 2021-02-13T22:38:25, true
E2C7259B-02FE-4FAD-B3F6-2BE5588ACD44, 2021-02-13T22:39:28, true
E2C7259B-02FE-4FAD-B3F6-2BE5588ACD44, 2021-02-13T22:40:35, true
E2C7259B-02FE-4FAD-B3F6-2BE5588ACD44, 2021-02-13T22:41:35, true
E2C7259B-02FE-4FAD-B3F6-2BE5588ACD44, 2021-02-13T22:42:41, true
E2C7259B-02FE-4FAD-B3F6-2BE5588ACD44, 2021-02-13T22:43:47, true
E2C7259B-02FE-4FAD-B3F6-2BE5588ACD44, 2021-02-13T22:44:53, true
E2C7259B-02FE-4FAD-B3F6-2BE5588ACD44, 2021-02-13T22:45:58, true
E2C7259B-02FE-4FAD-B3F6-2BE5588ACD44, 2021-02-13T22:47:01, true
E2C7259B-02FE-4FAD-B3F6-2BE5588ACD44, 2021-02-13T22:48:01, true
E2C7259B-02FE-4FAD-B3F6-2BE5588ACD44, 2021-02-13T22:49:02, true
E2C7259B-02FE-4FAD-B3F6-2BE5588ACD44, 2021-02-13T22:50:07, true
E2C7259B-02FE-4FAD-B3F6-2BE5588ACD44, 2021-02-13T22:51:12, true
E2C7259B-02FE-4FAD-B3F6-2BE5588ACD44, 2021-02-13T22:52:18, true
E2C7259B-02FE-4FAD-B3F6-2BE5588ACD44, 2021-02-13T22:53:18, true
E2C7259B-02FE-4FAD-B3F6-2BE5588ACD44, 2021-02-13T22:54:24, true
E2C7259B-02FE-4FAD-B3F6-2BE5588ACD44, 2021-02-13T22:55:29, true
E2C7259B-02FE-4FAD-B3F6-2BE5588ACD44, 2021-02-13T22:56:34, true
E2C7259B-02FE-4FAD-B3F6-2BE5588ACD44, 2021-02-13T22:57:35, true
E2C7259B-02FE-4FAD-B3F6-2BE5588ACD44, 2021-02-13T22:58:35, true
E2C7259B-02FE-4FAD-B3F6-2BE5588ACD44, 2021-02-13T22:59:37, true
E2C7259B-02FE-4FAD-B3F6-2BE5588ACD44, 2021-02-13T23:00:43, true
E2C7259B-02FE-4FAD-B3F6-2BE5588ACD44, 2021-02-13T23:01:44, true
E2C7259B-02FE-4FAD-B3F6-2BE5588ACD44, 2021-02-13T23:02:50, true
E2C7259B-02FE-4FAD-B3F6-2BE5588ACD44, 2021-02-13T23:03:56, true
E2C7259B-02FE-4FAD-B3F6-2BE5588ACD44, 2021-02-13T23:05:04, true
E2C7259B-02FE-4FAD-B3F6-2BE5588ACD44, 2021-02-13T23:06:11, true
E2C7259B-02FE-4FAD-B3F6-2BE5588ACD44, 2021-02-13T23:07:14, true
E2C7259B-02FE-4FAD-B3F6-2BE5588ACD44, 2021-02-13T23:08:19, true
E2C7259B-02FE-4FAD-B3F6-2BE5588ACD44, 2021-02-13T23:09:22, true
E2C7259B-02FE-4FAD-B3F6-2BE5588ACD44, 2021-02-13T23:10:23, true
E2C7259B-02FE-4FAD-B3F6-2BE5588ACD44, 2021-02-13T23:11:28, true
E2C7259B-02FE-4FAD-B3F6-2BE5588ACD44, 2021-02-13T23:12:33, true
E2C7259B-02FE-4FAD-B3F6-2BE5588ACD44, 2021-02-13T23:13:40, true
E2C7259B-02FE-4FAD-B3F6-2BE5588ACD44, 2021-02-13T23:14:48, true
E2C7259B-02FE-4FAD-B3F6-2BE5588ACD44, 2021-02-13T23:15:52, true
E2C7259B-02FE-4FAD-B3F6-2BE5588ACD44, 2021-02-13T23:16:58, true
E2C7259B-02FE-4FAD-B3F6-2BE5588ACD44, 2021-02-13T23:18:04, true
E2C7259B-02FE-4FAD-B3F6-2BE5588ACD44, 2021-02-13T23:19:10, true
E2C7259B-02FE-4FAD-B3F6-2BE5588ACD44, 2021-02-13T23:20:16, true
E2C7259B-02FE-4FAD-B3F6-2BE5588ACD44, 2021-02-13T23:21:22, true
E2C7259B-02FE-4FAD-B3F6-2BE5588ACD44, 2021-02-13T23:22:30, true
E2C7259B-02FE-4FAD-B3F6-2BE5588ACD44, 2021-02-13T23:23:34, true
E2C7259B-02FE-4FAD-B3F6-2BE5588ACD44, 2021-02-13T23:24:40, true
E2C7259B-02FE-4FAD-B3F6-2BE5588ACD44, 2021-02-13T23:25:41, true
E2C7259B-02FE-4FAD-B3F6-2BE5588ACD44, 2021-02-13T23:26:41, true
E2C7259B-02FE-4FAD-B3F6-2BE5588ACD44, 2021-02-13T23:27:49, true
E2C7259B-02FE-4FAD-B3F6-2BE5588ACD44, 2021-02-13T23:28:52, true
E2C7259B-02FE-4FAD-B3F6-2BE5588ACD44, 2021-02-13T23:30:00, true
E2C7259B-02FE-4FAD-B3F6-2BE5588ACD44, 2021-02-13T23:31:06, true
E2C7259B-02FE-4FAD-B3F6-2BE5588ACD44, 2021-02-13T23:32:07, true
E2C7259B-02FE-4FAD-B3F6-2BE5588ACD44, 2021-02-13T23:33:12, true
E2C7259B-02FE-4FAD-B3F6-2BE5588ACD44, 2021-02-13T23:34:20, true
E2C7259B-02FE-4FAD-B3F6-2BE5588ACD44, 2021-02-13T23:35:24, true
E2C7259B-02FE-4FAD-B3F6-2BE5588ACD44, 2021-02-13T23:36:29, true
E2C7259B-02FE-4FAD-B3F6-2BE5588ACD44, 2021-02-13T23:37:36, true
E2C7259B-02FE-4FAD-B3F6-2BE5588ACD44, 2021-02-13T23:38:43, true
E2C7259B-02FE-4FAD-B3F6-2BE5588ACD44, 2021-02-13T23:39:47, true
E2C7259B-02FE-4FAD-B3F6-2BE5588ACD44, 2021-02-13T23:40:53, true
E2C7259B-02FE-4FAD-B3F6-2BE5588ACD44, 2021-02-13T23:41:54, true
E2C7259B-02FE-4FAD-B3F6-2BE5588ACD44, 2021-02-13T23:43:00, true
E2C7259B-02FE-4FAD-B3F6-2BE5588ACD44, 2021-02-13T23:44:05, true
E2C7259B-02FE-4FAD-B3F6-2BE5588ACD44, 2021-02-13T23:45:11, true
E2C7259B-02FE-4FAD-B3F6-2BE5588ACD44, 2021-02-13T23:46:22, true
E2C7259B-02FE-4FAD-B3F6-2BE5588ACD44, 2021-02-13T23:47:35, true
E2C7259B-02FE-4FAD-B3F6-2BE5588ACD44, 2021-02-13T23:48:38, true
E2C7259B-02FE-4FAD-B3F6-2BE5588ACD44, 2021-02-13T23:49:44, true
E2C7259B-02FE-4FAD-B3F6-2BE5588ACD44, 2021-02-13T23:50:50, true
E2C7259B-02FE-4FAD-B3F6-2BE5588ACD44, 2021-02-13T23:51:56, true
E2C7259B-02FE-4FAD-B3F6-2BE5588ACD44, 2021-02-13T23:53:04, true
E2C7259B-02FE-4FAD-B3F6-2BE5588ACD44, 2021-02-13T23:54:10, true
E2C7259B-02FE-4FAD-B3F6-2BE5588ACD44, 2021-02-13T23:55:11, true
E2C7259B-02FE-4FAD-B3F6-2BE5588ACD44, 2021-02-13T23:56:17, true
E2C7259B-02FE-4FAD-B3F6-2BE5588ACD44, 2021-02-13T23:57:30, true
E2C7259B-02FE-4FAD-B3F6-2BE5588ACD44, 2021-02-13T23:58:31, true
E2C7259B-02FE-4FAD-B3F6-2BE5588ACD44, 2021-02-13T23:59:37, true
