Device, Measure Date Time, Exist
E2C7259B-02FE-4FAD-B3F6-2BE5588ACD44, 2021-02-09T00:00:53, false
E2C7259B-02FE-4FAD-B3F6-2BE5588ACD44, 2021-02-09T00:01:53, false
E2C7259B-02FE-4FAD-B3F6-2BE5588ACD44, 2021-02-09T00:02:53, false
E2C7259B-02FE-4FAD-B3F6-2BE5588ACD44, 2021-02-09T00:03:53, false
E2C7259B-02FE-4FAD-B3F6-2BE5588ACD44, 2021-02-09T00:04:53, false
E2C7259B-02FE-4FAD-B3F6-2BE5588ACD44, 2021-02-09T00:05:53, false
E2C7259B-02FE-4FAD-B3F6-2BE5588ACD44, 2021-02-09T00:06:53, false
E2C7259B-02FE-4FAD-B3F6-2BE5588ACD44, 2021-02-09T00:07:53, false
E2C7259B-02FE-4FAD-B3F6-2BE5588ACD44, 2021-02-09T00:08:53, false
E2C7259B-02FE-4FAD-B3F6-2BE5588ACD44, 2021-02-09T00:09:53, false
E2C7259B-02FE-4FAD-B3F6-2BE5588ACD44, 2021-02-09T00:10:53, false
E2C7259B-02FE-4FAD-B3F6-2BE5588ACD44, 2021-02-09T00:11:53, false
E2C7259B-02FE-4FAD-B3F6-2BE5588ACD44, 2021-02-09T00:12:53, false
E2C7259B-02FE-4FAD-B3F6-2BE5588ACD44, 2021-02-09T00:13:53, false
E2C7259B-02FE-4FAD-B3F6-2BE5588ACD44, 2021-02-09T00:14:53, false
E2C7259B-02FE-4FAD-B3F6-2BE5588ACD44, 2021-02-09T00:15:53, false
E2C7259B-02FE-4FAD-B3F6-2BE5588ACD44, 2021-02-09T00:16:53, false
E2C7259B-02FE-4FAD-B3F6-2BE5588ACD44, 2021-02-09T00:17:53, false
E2C7259B-02FE-4FAD-B3F6-2BE5588ACD44, 2021-02-09T00:18:53, false
E2C7259B-02FE-4FAD-B3F6-2BE5588ACD44, 2021-02-09T00:19:53, false
E2C7259B-02FE-4FAD-B3F6-2BE5588ACD44, 2021-02-09T00:20:53, false
E2C7259B-02FE-4FAD-B3F6-2BE5588ACD44, 2021-02-09T00:21:53, false
E2C7259B-02FE-4FAD-B3F6-2BE5588ACD44, 2021-02-09T00:22:53, false
E2C7259B-02FE-4FAD-B3F6-2BE5588ACD44, 2021-02-09T00:23:53, false
E2C7259B-02FE-4FAD-B3F6-2BE5588ACD44, 2021-02-09T00:24:53, false
E2C7259B-02FE-4FAD-B3F6-2BE5588ACD44, 2021-02-09T00:25:53, false
E2C7259B-02FE-4FAD-B3F6-2BE5588ACD44, 2021-02-09T00:26:53, false
E2C7259B-02FE-4FAD-B3F6-2BE5588ACD44, 2021-02-09T00:27:53, false
E2C7259B-02FE-4FAD-B3F6-2BE5588ACD44, 2021-02-09T00:28:53, false
E2C7259B-02FE-4FAD-B3F6-2BE5588ACD44, 2021-02-09T00:29:53, false
E2C7259B-02FE-4FAD-B3F6-2BE5588ACD44, 2021-02-09T00:30:53, false
E2C7259B-02FE-4FAD-B3F6-2BE5588ACD44, 2021-02-09T00:31:53, false
E2C7259B-02FE-4FAD-B3F6-2BE5588ACD44, 2021-02-09T00:32:53, false
E2C7259B-02FE-4FAD-B3F6-2BE5588ACD44, 2021-02-09T00:33:53, false
E2C7259B-02FE-4FAD-B3F6-2BE5588ACD44, 2021-02-09T00:34:53, false
E2C7259B-02FE-4FAD-B3F6-2BE5588ACD44, 2021-02-09T00:35:53, false
E2C7259B-02FE-4FAD-B3F6-2BE5588ACD44, 2021-02-09T00:36:53, false
E2C7259B-02FE-4FAD-B3F6-2BE5588ACD44, 2021-02-09T00:37:53, false
E2C7259B-02FE-4FAD-B3F6-2BE5588ACD44, 2021-02-09T00:38:53, false
E2C7259B-02FE-4FAD-B3F6-2BE5588ACD44, 2021-02-09T00:39:53, false
E2C7259B-02FE-4FAD-B3F6-2BE5588ACD44, 2021-02-09T00:40:53, false
E2C7259B-02FE-4FAD-B3F6-2BE5588ACD44, 2021-02-09T00:41:53, false
E2C7259B-02FE-4FAD-B3F6-2BE5588ACD44, 2021-02-09T00:42:53, false
E2C7259B-02FE-4FAD-B3F6-2BE5588ACD44, 2021-02-09T00:43:53, false
E2C7259B-02FE-4FAD-B3F6-2BE5588ACD44, 2021-02-09T00:44:53, false
E2C7259B-02FE-4FAD-B3F6-2BE5588ACD44, 2021-02-09T00:45:53, false
E2C7259B-02FE-4FAD-B3F6-2BE5588ACD44, 2021-02-09T00:46:53, false
E2C7259B-02FE-4FAD-B3F6-2BE5588ACD44, 2021-02-09T00:47:53, false
E2C7259B-02FE-4FAD-B3F6-2BE5588ACD44, 2021-02-09T00:48:53, false
E2C7259B-02FE-4FAD-B3F6-2BE5588ACD44, 2021-02-09T00:49:53, false
E2C7259B-02FE-4FAD-B3F6-2BE5588ACD44, 2021-02-09T00:50:53, false
E2C7259B-02FE-4FAD-B3F6-2BE5588ACD44, 2021-02-09T00:51:53, false
E2C7259B-02FE-4FAD-B3F6-2BE5588ACD44, 2021-02-09T00:52:53, false
E2C7259B-02FE-4FAD-B3F6-2BE5588ACD44, 2021-02-09T00:53:53, false
E2C7259B-02FE-4FAD-B3F6-2BE5588ACD44, 2021-02-09T00:54:53, false
E2C7259B-02FE-4FAD-B3F6-2BE5588ACD44, 2021-02-09T00:55:53, false
E2C7259B-02FE-4FAD-B3F6-2BE5588ACD44, 2021-02-09T00:56:53, false
E2C7259B-02FE-4FAD-B3F6-2BE5588ACD44, 2021-02-09T00:57:53, false
E2C7259B-02FE-4FAD-B3F6-2BE5588ACD44, 2021-02-09T00:58:53, false
E2C7259B-02FE-4FAD-B3F6-2BE5588ACD44, 2021-02-09T00:59:53, false
E2C7259B-02FE-4FAD-B3F6-2BE5588ACD44, 2021-02-09T01:00:53, false
E2C7259B-02FE-4FAD-B3F6-2BE5588ACD44, 2021-02-09T01:01:53, false
E2C7259B-02FE-4FAD-B3F6-2BE5588ACD44, 2021-02-09T01:02:53, false
E2C7259B-02FE-4FAD-B3F6-2BE5588ACD44, 2021-02-09T01:03:53, false
E2C7259B-02FE-4FAD-B3F6-2BE5588ACD44, 2021-02-09T01:04:53, false
E2C7259B-02FE-4FAD-B3F6-2BE5588ACD44, 2021-02-09T01:05:53, false
E2C7259B-02FE-4FAD-B3F6-2BE5588ACD44, 2021-02-09T01:06:53, false
E2C7259B-02FE-4FAD-B3F6-2BE5588ACD44, 2021-02-09T01:07:53, false
E2C7259B-02FE-4FAD-B3F6-2BE5588ACD44, 2021-02-09T01:08:53, false
E2C7259B-02FE-4FAD-B3F6-2BE5588ACD44, 2021-02-09T01:09:53, false
E2C7259B-02FE-4FAD-B3F6-2BE5588ACD44, 2021-02-09T01:10:53, false
E2C7259B-02FE-4FAD-B3F6-2BE5588ACD44, 2021-02-09T01:11:53, false
E2C7259B-02FE-4FAD-B3F6-2BE5588ACD44, 2021-02-09T01:12:53, false
E2C7259B-02FE-4FAD-B3F6-2BE5588ACD44, 2021-02-09T01:13:53, false
E2C7259B-02FE-4FAD-B3F6-2BE5588ACD44, 2021-02-09T01:14:53, false
E2C7259B-02FE-4FAD-B3F6-2BE5588ACD44, 2021-02-09T01:15:53, false
E2C7259B-02FE-4FAD-B3F6-2BE5588ACD44, 2021-02-09T01:16:53, false
E2C7259B-02FE-4FAD-B3F6-2BE5588ACD44, 2021-02-09T01:17:53, false
E2C7259B-02FE-4FAD-B3F6-2BE5588ACD44, 2021-02-09T01:18:53, false
E2C7259B-02FE-4FAD-B3F6-2BE5588ACD44, 2021-02-09T01:19:53, false
E2C7259B-02FE-4FAD-B3F6-2BE5588ACD44, 2021-02-09T01:20:53, false
E2C7259B-02FE-4FAD-B3F6-2BE5588ACD44, 2021-02-09T01:21:53, false
E2C7259B-02FE-4FAD-B3F6-2BE5588ACD44, 2021-02-09T01:22:53, false
E2C7259B-02FE-4FAD-B3F6-2BE5588ACD44, 2021-02-09T01:23:53, false
E2C7259B-02FE-4FAD-B3F6-2BE5588ACD44, 2021-02-09T01:24:53, false
E2C7259B-02FE-4FAD-B3F6-2BE5588ACD44, 2021-02-09T01:25:53, false
E2C7259B-02FE-4FAD-B3F6-2BE5588ACD44, 2021-02-09T01:26:53, false
E2C7259B-02FE-4FAD-B3F6-2BE5588ACD44, 2021-02-09T01:27:53, false
E2C7259B-02FE-4FAD-B3F6-2BE5588ACD44, 2021-02-09T01:28:53, false
E2C7259B-02FE-4FAD-B3F6-2BE5588ACD44, 2021-02-09T01:29:53, false
E2C7259B-02FE-4FAD-B3F6-2BE5588ACD44, 2021-02-09T01:30:53, false
E2C7259B-02FE-4FAD-B3F6-2BE5588ACD44, 2021-02-09T01:31:53, false
E2C7259B-02FE-4FAD-B3F6-2BE5588ACD44, 2021-02-09T01:32:53, false
E2C7259B-02FE-4FAD-B3F6-2BE5588ACD44, 2021-02-09T01:33:53, false
E2C7259B-02FE-4FAD-B3F6-2BE5588ACD44, 2021-02-09T01:34:53, false
E2C7259B-02FE-4FAD-B3F6-2BE5588ACD44, 2021-02-09T01:35:53, false
E2C7259B-02FE-4FAD-B3F6-2BE5588ACD44, 2021-02-09T01:36:53, false
E2C7259B-02FE-4FAD-B3F6-2BE5588ACD44, 2021-02-09T01:37:53, false
E2C7259B-02FE-4FAD-B3F6-2BE5588ACD44, 2021-02-09T01:38:53, false
E2C7259B-02FE-4FAD-B3F6-2BE5588ACD44, 2021-02-09T01:39:53, false
E2C7259B-02FE-4FAD-B3F6-2BE5588ACD44, 2021-02-09T01:40:53, false
E2C7259B-02FE-4FAD-B3F6-2BE5588ACD44, 2021-02-09T01:41:53, false
E2C7259B-02FE-4FAD-B3F6-2BE5588ACD44, 2021-02-09T01:42:53, false
E2C7259B-02FE-4FAD-B3F6-2BE5588ACD44, 2021-02-09T01:43:53, false
E2C7259B-02FE-4FAD-B3F6-2BE5588ACD44, 2021-02-09T01:44:53, false
E2C7259B-02FE-4FAD-B3F6-2BE5588ACD44, 2021-02-09T01:45:53, false
E2C7259B-02FE-4FAD-B3F6-2BE5588ACD44, 2021-02-09T01:46:53, false
E2C7259B-02FE-4FAD-B3F6-2BE5588ACD44, 2021-02-09T01:47:53, false
E2C7259B-02FE-4FAD-B3F6-2BE5588ACD44, 2021-02-09T01:48:53, false
E2C7259B-02FE-4FAD-B3F6-2BE5588ACD44, 2021-02-09T01:49:53, false
E2C7259B-02FE-4FAD-B3F6-2BE5588ACD44, 2021-02-09T01:50:53, false
E2C7259B-02FE-4FAD-B3F6-2BE5588ACD44, 2021-02-09T01:51:53, false
E2C7259B-02FE-4FAD-B3F6-2BE5588ACD44, 2021-02-09T01:52:53, false
E2C7259B-02FE-4FAD-B3F6-2BE5588ACD44, 2021-02-09T01:53:53, false
E2C7259B-02FE-4FAD-B3F6-2BE5588ACD44, 2021-02-09T01:54:53, false
E2C7259B-02FE-4FAD-B3F6-2BE5588ACD44, 2021-02-09T01:55:53, false
E2C7259B-02FE-4FAD-B3F6-2BE5588ACD44, 2021-02-09T01:56:53, false
E2C7259B-02FE-4FAD-B3F6-2BE5588ACD44, 2021-02-09T01:57:53, false
E2C7259B-02FE-4FAD-B3F6-2BE5588ACD44, 2021-02-09T01:58:53, false
E2C7259B-02FE-4FAD-B3F6-2BE5588ACD44, 2021-02-09T01:59:53, false
E2C7259B-02FE-4FAD-B3F6-2BE5588ACD44, 2021-02-09T02:00:53, false
E2C7259B-02FE-4FAD-B3F6-2BE5588ACD44, 2021-02-09T02:01:53, false
E2C7259B-02FE-4FAD-B3F6-2BE5588ACD44, 2021-02-09T02:02:53, false
E2C7259B-02FE-4FAD-B3F6-2BE5588ACD44, 2021-02-09T02:03:53, false
E2C7259B-02FE-4FAD-B3F6-2BE5588ACD44, 2021-02-09T02:04:53, false
E2C7259B-02FE-4FAD-B3F6-2BE5588ACD44, 2021-02-09T02:05:53, false
E2C7259B-02FE-4FAD-B3F6-2BE5588ACD44, 2021-02-09T02:06:53, false
E2C7259B-02FE-4FAD-B3F6-2BE5588ACD44, 2021-02-09T02:07:53, false
E2C7259B-02FE-4FAD-B3F6-2BE5588ACD44, 2021-02-09T02:08:53, false
E2C7259B-02FE-4FAD-B3F6-2BE5588ACD44, 2021-02-09T02:09:53, false
E2C7259B-02FE-4FAD-B3F6-2BE5588ACD44, 2021-02-09T02:10:53, false
E2C7259B-02FE-4FAD-B3F6-2BE5588ACD44, 2021-02-09T02:11:53, false
E2C7259B-02FE-4FAD-B3F6-2BE5588ACD44, 2021-02-09T02:12:53, false
E2C7259B-02FE-4FAD-B3F6-2BE5588ACD44, 2021-02-09T02:13:53, false
E2C7259B-02FE-4FAD-B3F6-2BE5588ACD44, 2021-02-09T02:14:53, false
E2C7259B-02FE-4FAD-B3F6-2BE5588ACD44, 2021-02-09T02:15:53, false
E2C7259B-02FE-4FAD-B3F6-2BE5588ACD44, 2021-02-09T02:16:53, false
E2C7259B-02FE-4FAD-B3F6-2BE5588ACD44, 2021-02-09T02:17:53, false
E2C7259B-02FE-4FAD-B3F6-2BE5588ACD44, 2021-02-09T02:18:53, false
E2C7259B-02FE-4FAD-B3F6-2BE5588ACD44, 2021-02-09T02:19:53, false
E2C7259B-02FE-4FAD-B3F6-2BE5588ACD44, 2021-02-09T02:20:53, false
E2C7259B-02FE-4FAD-B3F6-2BE5588ACD44, 2021-02-09T02:21:53, false
E2C7259B-02FE-4FAD-B3F6-2BE5588ACD44, 2021-02-09T02:22:53, false
E2C7259B-02FE-4FAD-B3F6-2BE5588ACD44, 2021-02-09T02:23:53, false
E2C7259B-02FE-4FAD-B3F6-2BE5588ACD44, 2021-02-09T02:24:53, false
E2C7259B-02FE-4FAD-B3F6-2BE5588ACD44, 2021-02-09T02:25:53, false
E2C7259B-02FE-4FAD-B3F6-2BE5588ACD44, 2021-02-09T02:26:53, false
E2C7259B-02FE-4FAD-B3F6-2BE5588ACD44, 2021-02-09T02:27:53, false
E2C7259B-02FE-4FAD-B3F6-2BE5588ACD44, 2021-02-09T02:28:53, false
E2C7259B-02FE-4FAD-B3F6-2BE5588ACD44, 2021-02-09T02:29:53, false
E2C7259B-02FE-4FAD-B3F6-2BE5588ACD44, 2021-02-09T02:30:53, false
E2C7259B-02FE-4FAD-B3F6-2BE5588ACD44, 2021-02-09T02:31:53, false
E2C7259B-02FE-4FAD-B3F6-2BE5588ACD44, 2021-02-09T02:32:53, false
E2C7259B-02FE-4FAD-B3F6-2BE5588ACD44, 2021-02-09T02:33:53, false
E2C7259B-02FE-4FAD-B3F6-2BE5588ACD44, 2021-02-09T02:34:53, false
E2C7259B-02FE-4FAD-B3F6-2BE5588ACD44, 2021-02-09T02:35:53, false
E2C7259B-02FE-4FAD-B3F6-2BE5588ACD44, 2021-02-09T02:36:53, false
E2C7259B-02FE-4FAD-B3F6-2BE5588ACD44, 2021-02-09T02:37:53, false
E2C7259B-02FE-4FAD-B3F6-2BE5588ACD44, 2021-02-09T02:38:53, false
E2C7259B-02FE-4FAD-B3F6-2BE5588ACD44, 2021-02-09T02:39:53, false
E2C7259B-02FE-4FAD-B3F6-2BE5588ACD44, 2021-02-09T02:40:53, false
E2C7259B-02FE-4FAD-B3F6-2BE5588ACD44, 2021-02-09T02:41:53, false
E2C7259B-02FE-4FAD-B3F6-2BE5588ACD44, 2021-02-09T02:42:53, false
E2C7259B-02FE-4FAD-B3F6-2BE5588ACD44, 2021-02-09T02:43:53, false
E2C7259B-02FE-4FAD-B3F6-2BE5588ACD44, 2021-02-09T02:44:53, false
E2C7259B-02FE-4FAD-B3F6-2BE5588ACD44, 2021-02-09T02:45:53, false
E2C7259B-02FE-4FAD-B3F6-2BE5588ACD44, 2021-02-09T02:46:53, false
E2C7259B-02FE-4FAD-B3F6-2BE5588ACD44, 2021-02-09T02:47:53, false
E2C7259B-02FE-4FAD-B3F6-2BE5588ACD44, 2021-02-09T02:48:53, false
E2C7259B-02FE-4FAD-B3F6-2BE5588ACD44, 2021-02-09T02:49:53, false
E2C7259B-02FE-4FAD-B3F6-2BE5588ACD44, 2021-02-09T02:50:53, false
E2C7259B-02FE-4FAD-B3F6-2BE5588ACD44, 2021-02-09T02:51:53, false
E2C7259B-02FE-4FAD-B3F6-2BE5588ACD44, 2021-02-09T02:52:53, false
E2C7259B-02FE-4FAD-B3F6-2BE5588ACD44, 2021-02-09T02:53:53, false
E2C7259B-02FE-4FAD-B3F6-2BE5588ACD44, 2021-02-09T02:54:53, false
E2C7259B-02FE-4FAD-B3F6-2BE5588ACD44, 2021-02-09T02:55:53, false
E2C7259B-02FE-4FAD-B3F6-2BE5588ACD44, 2021-02-09T02:56:53, false
E2C7259B-02FE-4FAD-B3F6-2BE5588ACD44, 2021-02-09T02:57:53, false
E2C7259B-02FE-4FAD-B3F6-2BE5588ACD44, 2021-02-09T02:58:53, false
E2C7259B-02FE-4FAD-B3F6-2BE5588ACD44, 2021-02-09T02:59:53, false
E2C7259B-02FE-4FAD-B3F6-2BE5588ACD44, 2021-02-09T03:00:53, false
E2C7259B-02FE-4FAD-B3F6-2BE5588ACD44, 2021-02-09T03:01:53, false
E2C7259B-02FE-4FAD-B3F6-2BE5588ACD44, 2021-02-09T03:02:53, false
E2C7259B-02FE-4FAD-B3F6-2BE5588ACD44, 2021-02-09T03:03:53, false
E2C7259B-02FE-4FAD-B3F6-2BE5588ACD44, 2021-02-09T03:04:53, false
E2C7259B-02FE-4FAD-B3F6-2BE5588ACD44, 2021-02-09T03:05:53, false
E2C7259B-02FE-4FAD-B3F6-2BE5588ACD44, 2021-02-09T03:06:53, false
E2C7259B-02FE-4FAD-B3F6-2BE5588ACD44, 2021-02-09T03:07:53, false
E2C7259B-02FE-4FAD-B3F6-2BE5588ACD44, 2021-02-09T03:08:53, false
E2C7259B-02FE-4FAD-B3F6-2BE5588ACD44, 2021-02-09T03:09:53, false
E2C7259B-02FE-4FAD-B3F6-2BE5588ACD44, 2021-02-09T03:10:53, false
E2C7259B-02FE-4FAD-B3F6-2BE5588ACD44, 2021-02-09T03:11:53, false
E2C7259B-02FE-4FAD-B3F6-2BE5588ACD44, 2021-02-09T03:12:53, false
E2C7259B-02FE-4FAD-B3F6-2BE5588ACD44, 2021-02-09T03:13:53, false
E2C7259B-02FE-4FAD-B3F6-2BE5588ACD44, 2021-02-09T03:14:53, false
E2C7259B-02FE-4FAD-B3F6-2BE5588ACD44, 2021-02-09T03:15:53, false
E2C7259B-02FE-4FAD-B3F6-2BE5588ACD44, 2021-02-09T03:16:53, false
E2C7259B-02FE-4FAD-B3F6-2BE5588ACD44, 2021-02-09T03:17:53, false
E2C7259B-02FE-4FAD-B3F6-2BE5588ACD44, 2021-02-09T03:18:53, false
E2C7259B-02FE-4FAD-B3F6-2BE5588ACD44, 2021-02-09T03:19:53, false
E2C7259B-02FE-4FAD-B3F6-2BE5588ACD44, 2021-02-09T03:20:53, false
E2C7259B-02FE-4FAD-B3F6-2BE5588ACD44, 2021-02-09T03:21:53, false
E2C7259B-02FE-4FAD-B3F6-2BE5588ACD44, 2021-02-09T03:22:53, false
E2C7259B-02FE-4FAD-B3F6-2BE5588ACD44, 2021-02-09T03:23:53, false
E2C7259B-02FE-4FAD-B3F6-2BE5588ACD44, 2021-02-09T03:24:53, false
E2C7259B-02FE-4FAD-B3F6-2BE5588ACD44, 2021-02-09T03:25:53, false
E2C7259B-02FE-4FAD-B3F6-2BE5588ACD44, 2021-02-09T03:26:53, false
E2C7259B-02FE-4FAD-B3F6-2BE5588ACD44, 2021-02-09T03:27:53, false
E2C7259B-02FE-4FAD-B3F6-2BE5588ACD44, 2021-02-09T03:28:53, false
E2C7259B-02FE-4FAD-B3F6-2BE5588ACD44, 2021-02-09T03:29:53, false
E2C7259B-02FE-4FAD-B3F6-2BE5588ACD44, 2021-02-09T03:30:53, false
E2C7259B-02FE-4FAD-B3F6-2BE5588ACD44, 2021-02-09T03:31:53, false
E2C7259B-02FE-4FAD-B3F6-2BE5588ACD44, 2021-02-09T03:32:53, false
E2C7259B-02FE-4FAD-B3F6-2BE5588ACD44, 2021-02-09T03:33:53, false
E2C7259B-02FE-4FAD-B3F6-2BE5588ACD44, 2021-02-09T03:34:53, false
E2C7259B-02FE-4FAD-B3F6-2BE5588ACD44, 2021-02-09T03:35:53, false
E2C7259B-02FE-4FAD-B3F6-2BE5588ACD44, 2021-02-09T03:36:53, false
E2C7259B-02FE-4FAD-B3F6-2BE5588ACD44, 2021-02-09T03:37:53, false
E2C7259B-02FE-4FAD-B3F6-2BE5588ACD44, 2021-02-09T03:38:53, false
E2C7259B-02FE-4FAD-B3F6-2BE5588ACD44, 2021-02-09T03:39:53, false
E2C7259B-02FE-4FAD-B3F6-2BE5588ACD44, 2021-02-09T03:40:53, false
E2C7259B-02FE-4FAD-B3F6-2BE5588ACD44, 2021-02-09T03:41:53, false
E2C7259B-02FE-4FAD-B3F6-2BE5588ACD44, 2021-02-09T03:42:53, false
E2C7259B-02FE-4FAD-B3F6-2BE5588ACD44, 2021-02-09T03:43:53, false
E2C7259B-02FE-4FAD-B3F6-2BE5588ACD44, 2021-02-09T03:44:53, false
E2C7259B-02FE-4FAD-B3F6-2BE5588ACD44, 2021-02-09T03:45:53, false
E2C7259B-02FE-4FAD-B3F6-2BE5588ACD44, 2021-02-09T03:46:53, false
E2C7259B-02FE-4FAD-B3F6-2BE5588ACD44, 2021-02-09T03:47:53, false
E2C7259B-02FE-4FAD-B3F6-2BE5588ACD44, 2021-02-09T03:48:53, false
E2C7259B-02FE-4FAD-B3F6-2BE5588ACD44, 2021-02-09T03:49:53, false
E2C7259B-02FE-4FAD-B3F6-2BE5588ACD44, 2021-02-09T03:50:53, false
E2C7259B-02FE-4FAD-B3F6-2BE5588ACD44, 2021-02-09T03:51:53, false
E2C7259B-02FE-4FAD-B3F6-2BE5588ACD44, 2021-02-09T03:52:53, false
E2C7259B-02FE-4FAD-B3F6-2BE5588ACD44, 2021-02-09T03:53:53, false
E2C7259B-02FE-4FAD-B3F6-2BE5588ACD44, 2021-02-09T03:54:53, false
E2C7259B-02FE-4FAD-B3F6-2BE5588ACD44, 2021-02-09T03:55:53, false
E2C7259B-02FE-4FAD-B3F6-2BE5588ACD44, 2021-02-09T03:56:53, false
E2C7259B-02FE-4FAD-B3F6-2BE5588ACD44, 2021-02-09T03:57:53, false
E2C7259B-02FE-4FAD-B3F6-2BE5588ACD44, 2021-02-09T03:58:53, false
E2C7259B-02FE-4FAD-B3F6-2BE5588ACD44, 2021-02-09T03:59:53, false
E2C7259B-02FE-4FAD-B3F6-2BE5588ACD44, 2021-02-09T04:00:53, false
E2C7259B-02FE-4FAD-B3F6-2BE5588ACD44, 2021-02-09T04:01:53, false
E2C7259B-02FE-4FAD-B3F6-2BE5588ACD44, 2021-02-09T04:02:53, false
E2C7259B-02FE-4FAD-B3F6-2BE5588ACD44, 2021-02-09T04:03:53, false
E2C7259B-02FE-4FAD-B3F6-2BE5588ACD44, 2021-02-09T04:04:53, false
E2C7259B-02FE-4FAD-B3F6-2BE5588ACD44, 2021-02-09T04:05:53, false
E2C7259B-02FE-4FAD-B3F6-2BE5588ACD44, 2021-02-09T04:06:53, false
E2C7259B-02FE-4FAD-B3F6-2BE5588ACD44, 2021-02-09T04:07:53, false
E2C7259B-02FE-4FAD-B3F6-2BE5588ACD44, 2021-02-09T04:08:53, false
E2C7259B-02FE-4FAD-B3F6-2BE5588ACD44, 2021-02-09T04:09:53, false
E2C7259B-02FE-4FAD-B3F6-2BE5588ACD44, 2021-02-09T04:10:53, false
E2C7259B-02FE-4FAD-B3F6-2BE5588ACD44, 2021-02-09T04:11:53, false
E2C7259B-02FE-4FAD-B3F6-2BE5588ACD44, 2021-02-09T04:12:53, false
E2C7259B-02FE-4FAD-B3F6-2BE5588ACD44, 2021-02-09T04:13:53, false
E2C7259B-02FE-4FAD-B3F6-2BE5588ACD44, 2021-02-09T04:14:53, false
E2C7259B-02FE-4FAD-B3F6-2BE5588ACD44, 2021-02-09T04:15:53, false
E2C7259B-02FE-4FAD-B3F6-2BE5588ACD44, 2021-02-09T04:16:53, false
E2C7259B-02FE-4FAD-B3F6-2BE5588ACD44, 2021-02-09T04:17:53, false
E2C7259B-02FE-4FAD-B3F6-2BE5588ACD44, 2021-02-09T04:18:53, false
E2C7259B-02FE-4FAD-B3F6-2BE5588ACD44, 2021-02-09T04:19:53, false
E2C7259B-02FE-4FAD-B3F6-2BE5588ACD44, 2021-02-09T04:20:53, false
E2C7259B-02FE-4FAD-B3F6-2BE5588ACD44, 2021-02-09T04:21:53, false
E2C7259B-02FE-4FAD-B3F6-2BE5588ACD44, 2021-02-09T04:22:53, false
E2C7259B-02FE-4FAD-B3F6-2BE5588ACD44, 2021-02-09T04:23:53, false
E2C7259B-02FE-4FAD-B3F6-2BE5588ACD44, 2021-02-09T04:24:53, false
E2C7259B-02FE-4FAD-B3F6-2BE5588ACD44, 2021-02-09T04:25:53, false
E2C7259B-02FE-4FAD-B3F6-2BE5588ACD44, 2021-02-09T04:26:53, false
E2C7259B-02FE-4FAD-B3F6-2BE5588ACD44, 2021-02-09T04:27:53, false
E2C7259B-02FE-4FAD-B3F6-2BE5588ACD44, 2021-02-09T04:28:53, false
E2C7259B-02FE-4FAD-B3F6-2BE5588ACD44, 2021-02-09T04:29:53, false
E2C7259B-02FE-4FAD-B3F6-2BE5588ACD44, 2021-02-09T04:30:53, false
E2C7259B-02FE-4FAD-B3F6-2BE5588ACD44, 2021-02-09T04:31:53, false
E2C7259B-02FE-4FAD-B3F6-2BE5588ACD44, 2021-02-09T04:32:53, false
E2C7259B-02FE-4FAD-B3F6-2BE5588ACD44, 2021-02-09T04:33:53, false
E2C7259B-02FE-4FAD-B3F6-2BE5588ACD44, 2021-02-09T04:34:53, false
E2C7259B-02FE-4FAD-B3F6-2BE5588ACD44, 2021-02-09T04:35:53, false
E2C7259B-02FE-4FAD-B3F6-2BE5588ACD44, 2021-02-09T04:36:53, false
E2C7259B-02FE-4FAD-B3F6-2BE5588ACD44, 2021-02-09T04:37:53, false
E2C7259B-02FE-4FAD-B3F6-2BE5588ACD44, 2021-02-09T04:38:53, false
E2C7259B-02FE-4FAD-B3F6-2BE5588ACD44, 2021-02-09T04:39:53, false
E2C7259B-02FE-4FAD-B3F6-2BE5588ACD44, 2021-02-09T04:40:53, false
E2C7259B-02FE-4FAD-B3F6-2BE5588ACD44, 2021-02-09T04:41:53, false
E2C7259B-02FE-4FAD-B3F6-2BE5588ACD44, 2021-02-09T04:42:53, false
E2C7259B-02FE-4FAD-B3F6-2BE5588ACD44, 2021-02-09T04:43:53, false
E2C7259B-02FE-4FAD-B3F6-2BE5588ACD44, 2021-02-09T04:44:53, false
E2C7259B-02FE-4FAD-B3F6-2BE5588ACD44, 2021-02-09T04:45:53, false
E2C7259B-02FE-4FAD-B3F6-2BE5588ACD44, 2021-02-09T04:46:53, false
E2C7259B-02FE-4FAD-B3F6-2BE5588ACD44, 2021-02-09T04:47:53, false
E2C7259B-02FE-4FAD-B3F6-2BE5588ACD44, 2021-02-09T04:48:53, false
E2C7259B-02FE-4FAD-B3F6-2BE5588ACD44, 2021-02-09T04:49:53, false
E2C7259B-02FE-4FAD-B3F6-2BE5588ACD44, 2021-02-09T04:50:53, false
E2C7259B-02FE-4FAD-B3F6-2BE5588ACD44, 2021-02-09T04:51:53, false
E2C7259B-02FE-4FAD-B3F6-2BE5588ACD44, 2021-02-09T04:52:53, false
E2C7259B-02FE-4FAD-B3F6-2BE5588ACD44, 2021-02-09T04:53:53, false
E2C7259B-02FE-4FAD-B3F6-2BE5588ACD44, 2021-02-09T04:54:53, false
E2C7259B-02FE-4FAD-B3F6-2BE5588ACD44, 2021-02-09T04:55:53, false
E2C7259B-02FE-4FAD-B3F6-2BE5588ACD44, 2021-02-09T04:56:53, false
E2C7259B-02FE-4FAD-B3F6-2BE5588ACD44, 2021-02-09T04:57:53, false
E2C7259B-02FE-4FAD-B3F6-2BE5588ACD44, 2021-02-09T04:58:53, false
E2C7259B-02FE-4FAD-B3F6-2BE5588ACD44, 2021-02-09T04:59:53, false
E2C7259B-02FE-4FAD-B3F6-2BE5588ACD44, 2021-02-09T05:00:53, false
E2C7259B-02FE-4FAD-B3F6-2BE5588ACD44, 2021-02-09T05:01:53, false
E2C7259B-02FE-4FAD-B3F6-2BE5588ACD44, 2021-02-09T05:02:53, false
E2C7259B-02FE-4FAD-B3F6-2BE5588ACD44, 2021-02-09T05:03:53, false
E2C7259B-02FE-4FAD-B3F6-2BE5588ACD44, 2021-02-09T05:04:53, false
E2C7259B-02FE-4FAD-B3F6-2BE5588ACD44, 2021-02-09T05:05:53, false
E2C7259B-02FE-4FAD-B3F6-2BE5588ACD44, 2021-02-09T05:06:53, false
E2C7259B-02FE-4FAD-B3F6-2BE5588ACD44, 2021-02-09T05:07:53, false
E2C7259B-02FE-4FAD-B3F6-2BE5588ACD44, 2021-02-09T05:08:53, false
E2C7259B-02FE-4FAD-B3F6-2BE5588ACD44, 2021-02-09T05:09:53, false
E2C7259B-02FE-4FAD-B3F6-2BE5588ACD44, 2021-02-09T05:10:53, false
E2C7259B-02FE-4FAD-B3F6-2BE5588ACD44, 2021-02-09T05:11:53, false
E2C7259B-02FE-4FAD-B3F6-2BE5588ACD44, 2021-02-09T05:12:53, false
E2C7259B-02FE-4FAD-B3F6-2BE5588ACD44, 2021-02-09T05:13:53, false
E2C7259B-02FE-4FAD-B3F6-2BE5588ACD44, 2021-02-09T05:14:53, false
E2C7259B-02FE-4FAD-B3F6-2BE5588ACD44, 2021-02-09T05:15:53, false
E2C7259B-02FE-4FAD-B3F6-2BE5588ACD44, 2021-02-09T05:16:53, false
E2C7259B-02FE-4FAD-B3F6-2BE5588ACD44, 2021-02-09T05:17:53, false
E2C7259B-02FE-4FAD-B3F6-2BE5588ACD44, 2021-02-09T05:18:53, false
E2C7259B-02FE-4FAD-B3F6-2BE5588ACD44, 2021-02-09T05:19:53, false
E2C7259B-02FE-4FAD-B3F6-2BE5588ACD44, 2021-02-09T05:20:53, false
E2C7259B-02FE-4FAD-B3F6-2BE5588ACD44, 2021-02-09T05:21:53, false
E2C7259B-02FE-4FAD-B3F6-2BE5588ACD44, 2021-02-09T05:22:53, false
E2C7259B-02FE-4FAD-B3F6-2BE5588ACD44, 2021-02-09T05:23:53, false
E2C7259B-02FE-4FAD-B3F6-2BE5588ACD44, 2021-02-09T05:24:53, false
E2C7259B-02FE-4FAD-B3F6-2BE5588ACD44, 2021-02-09T05:25:53, false
E2C7259B-02FE-4FAD-B3F6-2BE5588ACD44, 2021-02-09T05:26:53, false
E2C7259B-02FE-4FAD-B3F6-2BE5588ACD44, 2021-02-09T05:27:53, false
E2C7259B-02FE-4FAD-B3F6-2BE5588ACD44, 2021-02-09T05:28:53, false
E2C7259B-02FE-4FAD-B3F6-2BE5588ACD44, 2021-02-09T05:29:53, false
E2C7259B-02FE-4FAD-B3F6-2BE5588ACD44, 2021-02-09T05:30:53, false
E2C7259B-02FE-4FAD-B3F6-2BE5588ACD44, 2021-02-09T05:31:53, false
E2C7259B-02FE-4FAD-B3F6-2BE5588ACD44, 2021-02-09T05:32:53, false
E2C7259B-02FE-4FAD-B3F6-2BE5588ACD44, 2021-02-09T05:33:53, false
E2C7259B-02FE-4FAD-B3F6-2BE5588ACD44, 2021-02-09T05:34:53, false
E2C7259B-02FE-4FAD-B3F6-2BE5588ACD44, 2021-02-09T05:35:53, false
E2C7259B-02FE-4FAD-B3F6-2BE5588ACD44, 2021-02-09T05:36:53, false
E2C7259B-02FE-4FAD-B3F6-2BE5588ACD44, 2021-02-09T05:37:53, false
E2C7259B-02FE-4FAD-B3F6-2BE5588ACD44, 2021-02-09T05:38:53, false
E2C7259B-02FE-4FAD-B3F6-2BE5588ACD44, 2021-02-09T05:39:53, false
E2C7259B-02FE-4FAD-B3F6-2BE5588ACD44, 2021-02-09T05:40:53, false
E2C7259B-02FE-4FAD-B3F6-2BE5588ACD44, 2021-02-09T05:41:53, false
E2C7259B-02FE-4FAD-B3F6-2BE5588ACD44, 2021-02-09T05:42:53, false
E2C7259B-02FE-4FAD-B3F6-2BE5588ACD44, 2021-02-09T05:43:53, false
E2C7259B-02FE-4FAD-B3F6-2BE5588ACD44, 2021-02-09T05:44:53, false
E2C7259B-02FE-4FAD-B3F6-2BE5588ACD44, 2021-02-09T05:45:53, false
E2C7259B-02FE-4FAD-B3F6-2BE5588ACD44, 2021-02-09T05:46:53, false
E2C7259B-02FE-4FAD-B3F6-2BE5588ACD44, 2021-02-09T05:47:53, false
E2C7259B-02FE-4FAD-B3F6-2BE5588ACD44, 2021-02-09T05:48:53, false
E2C7259B-02FE-4FAD-B3F6-2BE5588ACD44, 2021-02-09T05:49:53, false
E2C7259B-02FE-4FAD-B3F6-2BE5588ACD44, 2021-02-09T05:50:53, false
E2C7259B-02FE-4FAD-B3F6-2BE5588ACD44, 2021-02-09T05:51:53, false
E2C7259B-02FE-4FAD-B3F6-2BE5588ACD44, 2021-02-09T05:52:53, false
E2C7259B-02FE-4FAD-B3F6-2BE5588ACD44, 2021-02-09T05:53:53, false
E2C7259B-02FE-4FAD-B3F6-2BE5588ACD44, 2021-02-09T05:54:53, false
E2C7259B-02FE-4FAD-B3F6-2BE5588ACD44, 2021-02-09T05:55:53, false
E2C7259B-02FE-4FAD-B3F6-2BE5588ACD44, 2021-02-09T05:56:53, false
E2C7259B-02FE-4FAD-B3F6-2BE5588ACD44, 2021-02-09T05:57:53, false
E2C7259B-02FE-4FAD-B3F6-2BE5588ACD44, 2021-02-09T05:58:53, false
E2C7259B-02FE-4FAD-B3F6-2BE5588ACD44, 2021-02-09T05:59:53, false
E2C7259B-02FE-4FAD-B3F6-2BE5588ACD44, 2021-02-09T06:00:53, false
E2C7259B-02FE-4FAD-B3F6-2BE5588ACD44, 2021-02-09T06:01:53, false
E2C7259B-02FE-4FAD-B3F6-2BE5588ACD44, 2021-02-09T06:02:53, false
E2C7259B-02FE-4FAD-B3F6-2BE5588ACD44, 2021-02-09T06:03:53, false
E2C7259B-02FE-4FAD-B3F6-2BE5588ACD44, 2021-02-09T06:04:53, false
E2C7259B-02FE-4FAD-B3F6-2BE5588ACD44, 2021-02-09T06:05:53, false
E2C7259B-02FE-4FAD-B3F6-2BE5588ACD44, 2021-02-09T06:06:53, false
E2C7259B-02FE-4FAD-B3F6-2BE5588ACD44, 2021-02-09T06:07:53, false
E2C7259B-02FE-4FAD-B3F6-2BE5588ACD44, 2021-02-09T06:08:53, false
E2C7259B-02FE-4FAD-B3F6-2BE5588ACD44, 2021-02-09T06:09:53, false
E2C7259B-02FE-4FAD-B3F6-2BE5588ACD44, 2021-02-09T06:10:53, false
E2C7259B-02FE-4FAD-B3F6-2BE5588ACD44, 2021-02-09T06:11:53, false
E2C7259B-02FE-4FAD-B3F6-2BE5588ACD44, 2021-02-09T06:12:53, false
E2C7259B-02FE-4FAD-B3F6-2BE5588ACD44, 2021-02-09T06:13:53, false
E2C7259B-02FE-4FAD-B3F6-2BE5588ACD44, 2021-02-09T06:14:53, false
E2C7259B-02FE-4FAD-B3F6-2BE5588ACD44, 2021-02-09T06:15:53, false
E2C7259B-02FE-4FAD-B3F6-2BE5588ACD44, 2021-02-09T06:16:53, false
E2C7259B-02FE-4FAD-B3F6-2BE5588ACD44, 2021-02-09T06:17:53, false
E2C7259B-02FE-4FAD-B3F6-2BE5588ACD44, 2021-02-09T06:18:53, false
E2C7259B-02FE-4FAD-B3F6-2BE5588ACD44, 2021-02-09T06:19:53, false
E2C7259B-02FE-4FAD-B3F6-2BE5588ACD44, 2021-02-09T06:20:53, false
E2C7259B-02FE-4FAD-B3F6-2BE5588ACD44, 2021-02-09T06:21:53, false
E2C7259B-02FE-4FAD-B3F6-2BE5588ACD44, 2021-02-09T06:22:53, false
E2C7259B-02FE-4FAD-B3F6-2BE5588ACD44, 2021-02-09T06:23:53, false
E2C7259B-02FE-4FAD-B3F6-2BE5588ACD44, 2021-02-09T06:24:53, false
E2C7259B-02FE-4FAD-B3F6-2BE5588ACD44, 2021-02-09T06:25:53, false
E2C7259B-02FE-4FAD-B3F6-2BE5588ACD44, 2021-02-09T06:26:53, false
E2C7259B-02FE-4FAD-B3F6-2BE5588ACD44, 2021-02-09T06:27:53, false
E2C7259B-02FE-4FAD-B3F6-2BE5588ACD44, 2021-02-09T06:28:53, false
E2C7259B-02FE-4FAD-B3F6-2BE5588ACD44, 2021-02-09T06:29:53, false
E2C7259B-02FE-4FAD-B3F6-2BE5588ACD44, 2021-02-09T06:30:53, false
E2C7259B-02FE-4FAD-B3F6-2BE5588ACD44, 2021-02-09T06:31:53, false
E2C7259B-02FE-4FAD-B3F6-2BE5588ACD44, 2021-02-09T06:32:53, false
E2C7259B-02FE-4FAD-B3F6-2BE5588ACD44, 2021-02-09T06:33:53, false
E2C7259B-02FE-4FAD-B3F6-2BE5588ACD44, 2021-02-09T06:34:53, false
E2C7259B-02FE-4FAD-B3F6-2BE5588ACD44, 2021-02-09T06:35:53, false
E2C7259B-02FE-4FAD-B3F6-2BE5588ACD44, 2021-02-09T06:36:53, false
E2C7259B-02FE-4FAD-B3F6-2BE5588ACD44, 2021-02-09T06:37:53, false
E2C7259B-02FE-4FAD-B3F6-2BE5588ACD44, 2021-02-09T06:38:53, false
E2C7259B-02FE-4FAD-B3F6-2BE5588ACD44, 2021-02-09T06:39:53, false
E2C7259B-02FE-4FAD-B3F6-2BE5588ACD44, 2021-02-09T06:40:53, false
E2C7259B-02FE-4FAD-B3F6-2BE5588ACD44, 2021-02-09T06:41:53, false
E2C7259B-02FE-4FAD-B3F6-2BE5588ACD44, 2021-02-09T06:42:53, false
E2C7259B-02FE-4FAD-B3F6-2BE5588ACD44, 2021-02-09T06:43:53, false
E2C7259B-02FE-4FAD-B3F6-2BE5588ACD44, 2021-02-09T06:44:53, false
E2C7259B-02FE-4FAD-B3F6-2BE5588ACD44, 2021-02-09T06:45:53, false
E2C7259B-02FE-4FAD-B3F6-2BE5588ACD44, 2021-02-09T06:46:53, false
E2C7259B-02FE-4FAD-B3F6-2BE5588ACD44, 2021-02-09T06:47:53, false
E2C7259B-02FE-4FAD-B3F6-2BE5588ACD44, 2021-02-09T06:48:53, false
E2C7259B-02FE-4FAD-B3F6-2BE5588ACD44, 2021-02-09T06:49:53, false
E2C7259B-02FE-4FAD-B3F6-2BE5588ACD44, 2021-02-09T06:50:53, false
E2C7259B-02FE-4FAD-B3F6-2BE5588ACD44, 2021-02-09T06:51:53, false
E2C7259B-02FE-4FAD-B3F6-2BE5588ACD44, 2021-02-09T06:52:53, false
E2C7259B-02FE-4FAD-B3F6-2BE5588ACD44, 2021-02-09T06:53:53, false
E2C7259B-02FE-4FAD-B3F6-2BE5588ACD44, 2021-02-09T06:54:53, false
E2C7259B-02FE-4FAD-B3F6-2BE5588ACD44, 2021-02-09T06:55:53, false
E2C7259B-02FE-4FAD-B3F6-2BE5588ACD44, 2021-02-09T06:56:53, false
E2C7259B-02FE-4FAD-B3F6-2BE5588ACD44, 2021-02-09T06:57:53, false
E2C7259B-02FE-4FAD-B3F6-2BE5588ACD44, 2021-02-09T06:58:53, false
E2C7259B-02FE-4FAD-B3F6-2BE5588ACD44, 2021-02-09T06:59:53, false
E2C7259B-02FE-4FAD-B3F6-2BE5588ACD44, 2021-02-09T07:00:53, false
E2C7259B-02FE-4FAD-B3F6-2BE5588ACD44, 2021-02-09T07:01:53, false
E2C7259B-02FE-4FAD-B3F6-2BE5588ACD44, 2021-02-09T07:02:53, false
E2C7259B-02FE-4FAD-B3F6-2BE5588ACD44, 2021-02-09T07:03:53, false
E2C7259B-02FE-4FAD-B3F6-2BE5588ACD44, 2021-02-09T07:04:53, false
E2C7259B-02FE-4FAD-B3F6-2BE5588ACD44, 2021-02-09T07:05:53, false
E2C7259B-02FE-4FAD-B3F6-2BE5588ACD44, 2021-02-09T07:06:53, false
E2C7259B-02FE-4FAD-B3F6-2BE5588ACD44, 2021-02-09T07:07:53, false
E2C7259B-02FE-4FAD-B3F6-2BE5588ACD44, 2021-02-09T07:08:53, false
E2C7259B-02FE-4FAD-B3F6-2BE5588ACD44, 2021-02-09T07:09:53, false
E2C7259B-02FE-4FAD-B3F6-2BE5588ACD44, 2021-02-09T07:10:53, false
E2C7259B-02FE-4FAD-B3F6-2BE5588ACD44, 2021-02-09T07:11:53, false
E2C7259B-02FE-4FAD-B3F6-2BE5588ACD44, 2021-02-09T07:12:53, false
E2C7259B-02FE-4FAD-B3F6-2BE5588ACD44, 2021-02-09T07:13:53, false
E2C7259B-02FE-4FAD-B3F6-2BE5588ACD44, 2021-02-09T07:14:53, false
E2C7259B-02FE-4FAD-B3F6-2BE5588ACD44, 2021-02-09T07:15:53, false
E2C7259B-02FE-4FAD-B3F6-2BE5588ACD44, 2021-02-09T07:16:53, false
E2C7259B-02FE-4FAD-B3F6-2BE5588ACD44, 2021-02-09T07:17:53, false
E2C7259B-02FE-4FAD-B3F6-2BE5588ACD44, 2021-02-09T07:18:53, false
E2C7259B-02FE-4FAD-B3F6-2BE5588ACD44, 2021-02-09T07:19:53, false
E2C7259B-02FE-4FAD-B3F6-2BE5588ACD44, 2021-02-09T07:20:53, false
E2C7259B-02FE-4FAD-B3F6-2BE5588ACD44, 2021-02-09T07:21:53, false
E2C7259B-02FE-4FAD-B3F6-2BE5588ACD44, 2021-02-09T07:22:53, false
E2C7259B-02FE-4FAD-B3F6-2BE5588ACD44, 2021-02-09T07:23:53, false
E2C7259B-02FE-4FAD-B3F6-2BE5588ACD44, 2021-02-09T07:24:53, false
E2C7259B-02FE-4FAD-B3F6-2BE5588ACD44, 2021-02-09T07:25:53, false
E2C7259B-02FE-4FAD-B3F6-2BE5588ACD44, 2021-02-09T07:26:53, false
E2C7259B-02FE-4FAD-B3F6-2BE5588ACD44, 2021-02-09T07:27:53, false
E2C7259B-02FE-4FAD-B3F6-2BE5588ACD44, 2021-02-09T07:28:53, false
E2C7259B-02FE-4FAD-B3F6-2BE5588ACD44, 2021-02-09T07:29:53, false
E2C7259B-02FE-4FAD-B3F6-2BE5588ACD44, 2021-02-09T07:30:53, false
E2C7259B-02FE-4FAD-B3F6-2BE5588ACD44, 2021-02-09T07:31:53, false
E2C7259B-02FE-4FAD-B3F6-2BE5588ACD44, 2021-02-09T07:32:53, false
E2C7259B-02FE-4FAD-B3F6-2BE5588ACD44, 2021-02-09T07:33:53, false
E2C7259B-02FE-4FAD-B3F6-2BE5588ACD44, 2021-02-09T07:34:53, false
E2C7259B-02FE-4FAD-B3F6-2BE5588ACD44, 2021-02-09T07:35:53, false
E2C7259B-02FE-4FAD-B3F6-2BE5588ACD44, 2021-02-09T07:36:53, false
E2C7259B-02FE-4FAD-B3F6-2BE5588ACD44, 2021-02-09T07:37:53, false
E2C7259B-02FE-4FAD-B3F6-2BE5588ACD44, 2021-02-09T07:38:53, false
E2C7259B-02FE-4FAD-B3F6-2BE5588ACD44, 2021-02-09T07:39:53, false
E2C7259B-02FE-4FAD-B3F6-2BE5588ACD44, 2021-02-09T07:40:53, false
E2C7259B-02FE-4FAD-B3F6-2BE5588ACD44, 2021-02-09T07:41:53, false
E2C7259B-02FE-4FAD-B3F6-2BE5588ACD44, 2021-02-09T07:42:53, false
E2C7259B-02FE-4FAD-B3F6-2BE5588ACD44, 2021-02-09T07:43:53, false
E2C7259B-02FE-4FAD-B3F6-2BE5588ACD44, 2021-02-09T07:44:53, false
E2C7259B-02FE-4FAD-B3F6-2BE5588ACD44, 2021-02-09T07:45:53, false
E2C7259B-02FE-4FAD-B3F6-2BE5588ACD44, 2021-02-09T07:46:53, false
E2C7259B-02FE-4FAD-B3F6-2BE5588ACD44, 2021-02-09T07:47:53, false
E2C7259B-02FE-4FAD-B3F6-2BE5588ACD44, 2021-02-09T07:48:53, false
E2C7259B-02FE-4FAD-B3F6-2BE5588ACD44, 2021-02-09T07:49:53, false
E2C7259B-02FE-4FAD-B3F6-2BE5588ACD44, 2021-02-09T07:50:53, false
E2C7259B-02FE-4FAD-B3F6-2BE5588ACD44, 2021-02-09T07:51:53, false
E2C7259B-02FE-4FAD-B3F6-2BE5588ACD44, 2021-02-09T07:52:53, false
E2C7259B-02FE-4FAD-B3F6-2BE5588ACD44, 2021-02-09T07:53:53, false
E2C7259B-02FE-4FAD-B3F6-2BE5588ACD44, 2021-02-09T07:54:53, false
E2C7259B-02FE-4FAD-B3F6-2BE5588ACD44, 2021-02-09T07:55:53, false
E2C7259B-02FE-4FAD-B3F6-2BE5588ACD44, 2021-02-09T07:56:53, false
E2C7259B-02FE-4FAD-B3F6-2BE5588ACD44, 2021-02-09T07:57:53, false
E2C7259B-02FE-4FAD-B3F6-2BE5588ACD44, 2021-02-09T07:58:53, false
E2C7259B-02FE-4FAD-B3F6-2BE5588ACD44, 2021-02-09T07:59:53, false
E2C7259B-02FE-4FAD-B3F6-2BE5588ACD44, 2021-02-09T08:00:53, false
E2C7259B-02FE-4FAD-B3F6-2BE5588ACD44, 2021-02-09T08:01:53, false
E2C7259B-02FE-4FAD-B3F6-2BE5588ACD44, 2021-02-09T08:02:53, false
E2C7259B-02FE-4FAD-B3F6-2BE5588ACD44, 2021-02-09T08:03:53, false
E2C7259B-02FE-4FAD-B3F6-2BE5588ACD44, 2021-02-09T08:04:53, false
E2C7259B-02FE-4FAD-B3F6-2BE5588ACD44, 2021-02-09T08:05:53, false
E2C7259B-02FE-4FAD-B3F6-2BE5588ACD44, 2021-02-09T08:06:53, false
E2C7259B-02FE-4FAD-B3F6-2BE5588ACD44, 2021-02-09T08:07:53, false
E2C7259B-02FE-4FAD-B3F6-2BE5588ACD44, 2021-02-09T08:08:53, false
E2C7259B-02FE-4FAD-B3F6-2BE5588ACD44, 2021-02-09T08:09:53, false
E2C7259B-02FE-4FAD-B3F6-2BE5588ACD44, 2021-02-09T08:10:53, false
E2C7259B-02FE-4FAD-B3F6-2BE5588ACD44, 2021-02-09T08:11:53, false
E2C7259B-02FE-4FAD-B3F6-2BE5588ACD44, 2021-02-09T08:12:53, false
E2C7259B-02FE-4FAD-B3F6-2BE5588ACD44, 2021-02-09T08:13:53, false
E2C7259B-02FE-4FAD-B3F6-2BE5588ACD44, 2021-02-09T08:14:53, false
E2C7259B-02FE-4FAD-B3F6-2BE5588ACD44, 2021-02-09T08:15:53, false
E2C7259B-02FE-4FAD-B3F6-2BE5588ACD44, 2021-02-09T08:16:53, false
E2C7259B-02FE-4FAD-B3F6-2BE5588ACD44, 2021-02-09T08:17:53, false
E2C7259B-02FE-4FAD-B3F6-2BE5588ACD44, 2021-02-09T08:18:53, false
E2C7259B-02FE-4FAD-B3F6-2BE5588ACD44, 2021-02-09T08:19:53, false
E2C7259B-02FE-4FAD-B3F6-2BE5588ACD44, 2021-02-09T08:20:53, false
E2C7259B-02FE-4FAD-B3F6-2BE5588ACD44, 2021-02-09T08:21:53, false
E2C7259B-02FE-4FAD-B3F6-2BE5588ACD44, 2021-02-09T08:22:53, false
E2C7259B-02FE-4FAD-B3F6-2BE5588ACD44, 2021-02-09T08:23:53, false
E2C7259B-02FE-4FAD-B3F6-2BE5588ACD44, 2021-02-09T08:24:53, false
E2C7259B-02FE-4FAD-B3F6-2BE5588ACD44, 2021-02-09T08:25:53, false
E2C7259B-02FE-4FAD-B3F6-2BE5588ACD44, 2021-02-09T08:26:53, false
E2C7259B-02FE-4FAD-B3F6-2BE5588ACD44, 2021-02-09T08:27:53, false
E2C7259B-02FE-4FAD-B3F6-2BE5588ACD44, 2021-02-09T08:28:53, false
E2C7259B-02FE-4FAD-B3F6-2BE5588ACD44, 2021-02-09T08:29:53, false
E2C7259B-02FE-4FAD-B3F6-2BE5588ACD44, 2021-02-09T08:30:53, false
E2C7259B-02FE-4FAD-B3F6-2BE5588ACD44, 2021-02-09T08:31:53, false
E2C7259B-02FE-4FAD-B3F6-2BE5588ACD44, 2021-02-09T08:32:53, false
E2C7259B-02FE-4FAD-B3F6-2BE5588ACD44, 2021-02-09T08:33:53, false
E2C7259B-02FE-4FAD-B3F6-2BE5588ACD44, 2021-02-09T08:34:53, false
E2C7259B-02FE-4FAD-B3F6-2BE5588ACD44, 2021-02-09T08:35:53, false
E2C7259B-02FE-4FAD-B3F6-2BE5588ACD44, 2021-02-09T08:36:53, false
E2C7259B-02FE-4FAD-B3F6-2BE5588ACD44, 2021-02-09T08:37:53, false
E2C7259B-02FE-4FAD-B3F6-2BE5588ACD44, 2021-02-09T08:38:53, false
E2C7259B-02FE-4FAD-B3F6-2BE5588ACD44, 2021-02-09T08:39:53, false
E2C7259B-02FE-4FAD-B3F6-2BE5588ACD44, 2021-02-09T08:40:53, false
E2C7259B-02FE-4FAD-B3F6-2BE5588ACD44, 2021-02-09T08:41:53, false
E2C7259B-02FE-4FAD-B3F6-2BE5588ACD44, 2021-02-09T08:42:53, false
E2C7259B-02FE-4FAD-B3F6-2BE5588ACD44, 2021-02-09T08:43:53, false
E2C7259B-02FE-4FAD-B3F6-2BE5588ACD44, 2021-02-09T08:44:53, false
E2C7259B-02FE-4FAD-B3F6-2BE5588ACD44, 2021-02-09T08:45:53, false
E2C7259B-02FE-4FAD-B3F6-2BE5588ACD44, 2021-02-09T08:46:53, false
E2C7259B-02FE-4FAD-B3F6-2BE5588ACD44, 2021-02-09T08:47:53, false
E2C7259B-02FE-4FAD-B3F6-2BE5588ACD44, 2021-02-09T08:48:53, false
E2C7259B-02FE-4FAD-B3F6-2BE5588ACD44, 2021-02-09T08:49:53, false
E2C7259B-02FE-4FAD-B3F6-2BE5588ACD44, 2021-02-09T08:50:53, false
E2C7259B-02FE-4FAD-B3F6-2BE5588ACD44, 2021-02-09T08:51:53, false
E2C7259B-02FE-4FAD-B3F6-2BE5588ACD44, 2021-02-09T08:52:53, false
E2C7259B-02FE-4FAD-B3F6-2BE5588ACD44, 2021-02-09T08:53:53, false
E2C7259B-02FE-4FAD-B3F6-2BE5588ACD44, 2021-02-09T08:54:53, false
E2C7259B-02FE-4FAD-B3F6-2BE5588ACD44, 2021-02-09T08:55:53, false
E2C7259B-02FE-4FAD-B3F6-2BE5588ACD44, 2021-02-09T08:56:53, false
E2C7259B-02FE-4FAD-B3F6-2BE5588ACD44, 2021-02-09T08:57:53, false
E2C7259B-02FE-4FAD-B3F6-2BE5588ACD44, 2021-02-09T08:58:53, false
E2C7259B-02FE-4FAD-B3F6-2BE5588ACD44, 2021-02-09T08:59:53, false
E2C7259B-02FE-4FAD-B3F6-2BE5588ACD44, 2021-02-09T09:00:53, false
E2C7259B-02FE-4FAD-B3F6-2BE5588ACD44, 2021-02-09T09:01:53, false
E2C7259B-02FE-4FAD-B3F6-2BE5588ACD44, 2021-02-09T09:02:53, false
E2C7259B-02FE-4FAD-B3F6-2BE5588ACD44, 2021-02-09T09:03:53, false
E2C7259B-02FE-4FAD-B3F6-2BE5588ACD44, 2021-02-09T09:04:53, false
E2C7259B-02FE-4FAD-B3F6-2BE5588ACD44, 2021-02-09T09:05:53, false
E2C7259B-02FE-4FAD-B3F6-2BE5588ACD44, 2021-02-09T09:06:53, false
E2C7259B-02FE-4FAD-B3F6-2BE5588ACD44, 2021-02-09T09:07:53, false
E2C7259B-02FE-4FAD-B3F6-2BE5588ACD44, 2021-02-09T09:08:53, false
E2C7259B-02FE-4FAD-B3F6-2BE5588ACD44, 2021-02-09T09:09:53, false
E2C7259B-02FE-4FAD-B3F6-2BE5588ACD44, 2021-02-09T09:10:53, false
E2C7259B-02FE-4FAD-B3F6-2BE5588ACD44, 2021-02-09T09:11:53, false
E2C7259B-02FE-4FAD-B3F6-2BE5588ACD44, 2021-02-09T09:12:53, false
E2C7259B-02FE-4FAD-B3F6-2BE5588ACD44, 2021-02-09T09:13:53, false
E2C7259B-02FE-4FAD-B3F6-2BE5588ACD44, 2021-02-09T09:14:53, false
E2C7259B-02FE-4FAD-B3F6-2BE5588ACD44, 2021-02-09T09:15:53, false
E2C7259B-02FE-4FAD-B3F6-2BE5588ACD44, 2021-02-09T09:16:53, false
E2C7259B-02FE-4FAD-B3F6-2BE5588ACD44, 2021-02-09T09:17:53, false
E2C7259B-02FE-4FAD-B3F6-2BE5588ACD44, 2021-02-09T09:18:53, false
E2C7259B-02FE-4FAD-B3F6-2BE5588ACD44, 2021-02-09T09:19:53, false
E2C7259B-02FE-4FAD-B3F6-2BE5588ACD44, 2021-02-09T09:20:53, false
E2C7259B-02FE-4FAD-B3F6-2BE5588ACD44, 2021-02-09T09:21:53, false
E2C7259B-02FE-4FAD-B3F6-2BE5588ACD44, 2021-02-09T09:22:53, false
E2C7259B-02FE-4FAD-B3F6-2BE5588ACD44, 2021-02-09T09:23:53, false
E2C7259B-02FE-4FAD-B3F6-2BE5588ACD44, 2021-02-09T09:24:53, false
E2C7259B-02FE-4FAD-B3F6-2BE5588ACD44, 2021-02-09T09:25:53, false
E2C7259B-02FE-4FAD-B3F6-2BE5588ACD44, 2021-02-09T09:26:53, false
E2C7259B-02FE-4FAD-B3F6-2BE5588ACD44, 2021-02-09T09:27:53, false
E2C7259B-02FE-4FAD-B3F6-2BE5588ACD44, 2021-02-09T09:28:53, false
E2C7259B-02FE-4FAD-B3F6-2BE5588ACD44, 2021-02-09T09:29:53, false
E2C7259B-02FE-4FAD-B3F6-2BE5588ACD44, 2021-02-09T09:30:53, false
E2C7259B-02FE-4FAD-B3F6-2BE5588ACD44, 2021-02-09T09:31:53, false
E2C7259B-02FE-4FAD-B3F6-2BE5588ACD44, 2021-02-09T09:32:53, false
E2C7259B-02FE-4FAD-B3F6-2BE5588ACD44, 2021-02-09T09:33:53, false
E2C7259B-02FE-4FAD-B3F6-2BE5588ACD44, 2021-02-09T09:34:53, false
E2C7259B-02FE-4FAD-B3F6-2BE5588ACD44, 2021-02-09T09:35:53, false
E2C7259B-02FE-4FAD-B3F6-2BE5588ACD44, 2021-02-09T09:36:53, false
E2C7259B-02FE-4FAD-B3F6-2BE5588ACD44, 2021-02-09T09:37:53, false
E2C7259B-02FE-4FAD-B3F6-2BE5588ACD44, 2021-02-09T09:38:53, false
E2C7259B-02FE-4FAD-B3F6-2BE5588ACD44, 2021-02-09T09:39:53, false
E2C7259B-02FE-4FAD-B3F6-2BE5588ACD44, 2021-02-09T09:40:53, false
E2C7259B-02FE-4FAD-B3F6-2BE5588ACD44, 2021-02-09T09:41:53, false
E2C7259B-02FE-4FAD-B3F6-2BE5588ACD44, 2021-02-09T09:42:53, false
E2C7259B-02FE-4FAD-B3F6-2BE5588ACD44, 2021-02-09T09:43:53, false
E2C7259B-02FE-4FAD-B3F6-2BE5588ACD44, 2021-02-09T09:44:53, false
E2C7259B-02FE-4FAD-B3F6-2BE5588ACD44, 2021-02-09T09:45:53, false
E2C7259B-02FE-4FAD-B3F6-2BE5588ACD44, 2021-02-09T09:46:53, false
E2C7259B-02FE-4FAD-B3F6-2BE5588ACD44, 2021-02-09T09:47:53, false
E2C7259B-02FE-4FAD-B3F6-2BE5588ACD44, 2021-02-09T09:48:53, false
E2C7259B-02FE-4FAD-B3F6-2BE5588ACD44, 2021-02-09T09:49:53, false
E2C7259B-02FE-4FAD-B3F6-2BE5588ACD44, 2021-02-09T09:50:53, false
E2C7259B-02FE-4FAD-B3F6-2BE5588ACD44, 2021-02-09T09:51:53, false
E2C7259B-02FE-4FAD-B3F6-2BE5588ACD44, 2021-02-09T09:52:53, false
E2C7259B-02FE-4FAD-B3F6-2BE5588ACD44, 2021-02-09T09:53:53, false
E2C7259B-02FE-4FAD-B3F6-2BE5588ACD44, 2021-02-09T09:54:53, false
E2C7259B-02FE-4FAD-B3F6-2BE5588ACD44, 2021-02-09T09:55:53, false
E2C7259B-02FE-4FAD-B3F6-2BE5588ACD44, 2021-02-09T09:56:53, false
E2C7259B-02FE-4FAD-B3F6-2BE5588ACD44, 2021-02-09T09:57:53, false
E2C7259B-02FE-4FAD-B3F6-2BE5588ACD44, 2021-02-09T09:58:53, false
E2C7259B-02FE-4FAD-B3F6-2BE5588ACD44, 2021-02-09T09:59:53, false
E2C7259B-02FE-4FAD-B3F6-2BE5588ACD44, 2021-02-09T10:00:53, false
E2C7259B-02FE-4FAD-B3F6-2BE5588ACD44, 2021-02-09T10:01:53, false
E2C7259B-02FE-4FAD-B3F6-2BE5588ACD44, 2021-02-09T10:02:53, false
E2C7259B-02FE-4FAD-B3F6-2BE5588ACD44, 2021-02-09T10:03:53, false
E2C7259B-02FE-4FAD-B3F6-2BE5588ACD44, 2021-02-09T10:04:53, false
E2C7259B-02FE-4FAD-B3F6-2BE5588ACD44, 2021-02-09T10:05:53, false
E2C7259B-02FE-4FAD-B3F6-2BE5588ACD44, 2021-02-09T10:06:53, false
E2C7259B-02FE-4FAD-B3F6-2BE5588ACD44, 2021-02-09T10:07:53, false
E2C7259B-02FE-4FAD-B3F6-2BE5588ACD44, 2021-02-09T10:08:53, false
E2C7259B-02FE-4FAD-B3F6-2BE5588ACD44, 2021-02-09T10:09:53, false
E2C7259B-02FE-4FAD-B3F6-2BE5588ACD44, 2021-02-09T10:10:53, false
E2C7259B-02FE-4FAD-B3F6-2BE5588ACD44, 2021-02-09T10:11:53, false
E2C7259B-02FE-4FAD-B3F6-2BE5588ACD44, 2021-02-09T10:12:53, false
E2C7259B-02FE-4FAD-B3F6-2BE5588ACD44, 2021-02-09T10:13:53, false
E2C7259B-02FE-4FAD-B3F6-2BE5588ACD44, 2021-02-09T10:14:53, false
E2C7259B-02FE-4FAD-B3F6-2BE5588ACD44, 2021-02-09T10:15:53, false
E2C7259B-02FE-4FAD-B3F6-2BE5588ACD44, 2021-02-09T10:16:53, false
E2C7259B-02FE-4FAD-B3F6-2BE5588ACD44, 2021-02-09T10:17:53, false
E2C7259B-02FE-4FAD-B3F6-2BE5588ACD44, 2021-02-09T10:18:53, false
E2C7259B-02FE-4FAD-B3F6-2BE5588ACD44, 2021-02-09T10:19:53, false
E2C7259B-02FE-4FAD-B3F6-2BE5588ACD44, 2021-02-09T10:20:53, false
E2C7259B-02FE-4FAD-B3F6-2BE5588ACD44, 2021-02-09T10:21:53, false
E2C7259B-02FE-4FAD-B3F6-2BE5588ACD44, 2021-02-09T10:22:53, false
E2C7259B-02FE-4FAD-B3F6-2BE5588ACD44, 2021-02-09T10:23:53, false
E2C7259B-02FE-4FAD-B3F6-2BE5588ACD44, 2021-02-09T10:24:53, false
E2C7259B-02FE-4FAD-B3F6-2BE5588ACD44, 2021-02-09T10:25:53, false
E2C7259B-02FE-4FAD-B3F6-2BE5588ACD44, 2021-02-09T10:26:53, false
E2C7259B-02FE-4FAD-B3F6-2BE5588ACD44, 2021-02-09T10:27:53, false
E2C7259B-02FE-4FAD-B3F6-2BE5588ACD44, 2021-02-09T10:28:53, false
E2C7259B-02FE-4FAD-B3F6-2BE5588ACD44, 2021-02-09T10:29:53, false
E2C7259B-02FE-4FAD-B3F6-2BE5588ACD44, 2021-02-09T10:30:53, false
E2C7259B-02FE-4FAD-B3F6-2BE5588ACD44, 2021-02-09T10:31:53, false
E2C7259B-02FE-4FAD-B3F6-2BE5588ACD44, 2021-02-09T10:32:53, false
E2C7259B-02FE-4FAD-B3F6-2BE5588ACD44, 2021-02-09T10:33:53, false
E2C7259B-02FE-4FAD-B3F6-2BE5588ACD44, 2021-02-09T10:34:53, false
E2C7259B-02FE-4FAD-B3F6-2BE5588ACD44, 2021-02-09T10:35:53, false
E2C7259B-02FE-4FAD-B3F6-2BE5588ACD44, 2021-02-09T10:36:53, false
E2C7259B-02FE-4FAD-B3F6-2BE5588ACD44, 2021-02-09T10:37:53, false
E2C7259B-02FE-4FAD-B3F6-2BE5588ACD44, 2021-02-09T10:38:53, false
E2C7259B-02FE-4FAD-B3F6-2BE5588ACD44, 2021-02-09T10:39:53, false
E2C7259B-02FE-4FAD-B3F6-2BE5588ACD44, 2021-02-09T10:40:53, false
E2C7259B-02FE-4FAD-B3F6-2BE5588ACD44, 2021-02-09T10:41:53, false
E2C7259B-02FE-4FAD-B3F6-2BE5588ACD44, 2021-02-09T10:42:53, false
E2C7259B-02FE-4FAD-B3F6-2BE5588ACD44, 2021-02-09T10:43:53, false
E2C7259B-02FE-4FAD-B3F6-2BE5588ACD44, 2021-02-09T10:44:53, false
E2C7259B-02FE-4FAD-B3F6-2BE5588ACD44, 2021-02-09T10:45:53, false
E2C7259B-02FE-4FAD-B3F6-2BE5588ACD44, 2021-02-09T10:46:53, false
E2C7259B-02FE-4FAD-B3F6-2BE5588ACD44, 2021-02-09T10:47:53, false
E2C7259B-02FE-4FAD-B3F6-2BE5588ACD44, 2021-02-09T10:48:53, false
E2C7259B-02FE-4FAD-B3F6-2BE5588ACD44, 2021-02-09T10:49:53, false
E2C7259B-02FE-4FAD-B3F6-2BE5588ACD44, 2021-02-09T10:50:53, false
E2C7259B-02FE-4FAD-B3F6-2BE5588ACD44, 2021-02-09T10:51:53, false
E2C7259B-02FE-4FAD-B3F6-2BE5588ACD44, 2021-02-09T10:52:53, false
E2C7259B-02FE-4FAD-B3F6-2BE5588ACD44, 2021-02-09T10:53:53, false
E2C7259B-02FE-4FAD-B3F6-2BE5588ACD44, 2021-02-09T10:54:53, false
E2C7259B-02FE-4FAD-B3F6-2BE5588ACD44, 2021-02-09T10:55:53, false
E2C7259B-02FE-4FAD-B3F6-2BE5588ACD44, 2021-02-09T10:56:53, false
E2C7259B-02FE-4FAD-B3F6-2BE5588ACD44, 2021-02-09T10:57:53, false
E2C7259B-02FE-4FAD-B3F6-2BE5588ACD44, 2021-02-09T10:58:53, false
E2C7259B-02FE-4FAD-B3F6-2BE5588ACD44, 2021-02-09T10:59:53, false
E2C7259B-02FE-4FAD-B3F6-2BE5588ACD44, 2021-02-09T11:00:53, false
E2C7259B-02FE-4FAD-B3F6-2BE5588ACD44, 2021-02-09T11:01:53, false
E2C7259B-02FE-4FAD-B3F6-2BE5588ACD44, 2021-02-09T11:02:53, false
E2C7259B-02FE-4FAD-B3F6-2BE5588ACD44, 2021-02-09T11:03:53, false
E2C7259B-02FE-4FAD-B3F6-2BE5588ACD44, 2021-02-09T11:04:53, false
E2C7259B-02FE-4FAD-B3F6-2BE5588ACD44, 2021-02-09T11:05:53, false
E2C7259B-02FE-4FAD-B3F6-2BE5588ACD44, 2021-02-09T11:06:53, false
E2C7259B-02FE-4FAD-B3F6-2BE5588ACD44, 2021-02-09T11:07:53, false
E2C7259B-02FE-4FAD-B3F6-2BE5588ACD44, 2021-02-09T11:08:53, false
E2C7259B-02FE-4FAD-B3F6-2BE5588ACD44, 2021-02-09T11:09:53, false
E2C7259B-02FE-4FAD-B3F6-2BE5588ACD44, 2021-02-09T11:10:53, false
E2C7259B-02FE-4FAD-B3F6-2BE5588ACD44, 2021-02-09T11:11:53, false
E2C7259B-02FE-4FAD-B3F6-2BE5588ACD44, 2021-02-09T11:12:53, false
E2C7259B-02FE-4FAD-B3F6-2BE5588ACD44, 2021-02-09T11:13:53, false
E2C7259B-02FE-4FAD-B3F6-2BE5588ACD44, 2021-02-09T11:14:53, false
E2C7259B-02FE-4FAD-B3F6-2BE5588ACD44, 2021-02-09T11:15:53, false
E2C7259B-02FE-4FAD-B3F6-2BE5588ACD44, 2021-02-09T11:16:53, false
E2C7259B-02FE-4FAD-B3F6-2BE5588ACD44, 2021-02-09T11:17:53, false
E2C7259B-02FE-4FAD-B3F6-2BE5588ACD44, 2021-02-09T11:18:53, false
E2C7259B-02FE-4FAD-B3F6-2BE5588ACD44, 2021-02-09T11:19:53, false
E2C7259B-02FE-4FAD-B3F6-2BE5588ACD44, 2021-02-09T11:20:53, false
E2C7259B-02FE-4FAD-B3F6-2BE5588ACD44, 2021-02-09T11:21:53, false
E2C7259B-02FE-4FAD-B3F6-2BE5588ACD44, 2021-02-09T11:22:53, false
E2C7259B-02FE-4FAD-B3F6-2BE5588ACD44, 2021-02-09T11:23:53, false
E2C7259B-02FE-4FAD-B3F6-2BE5588ACD44, 2021-02-09T11:24:53, false
E2C7259B-02FE-4FAD-B3F6-2BE5588ACD44, 2021-02-09T11:25:53, false
E2C7259B-02FE-4FAD-B3F6-2BE5588ACD44, 2021-02-09T11:26:53, false
E2C7259B-02FE-4FAD-B3F6-2BE5588ACD44, 2021-02-09T11:27:53, false
E2C7259B-02FE-4FAD-B3F6-2BE5588ACD44, 2021-02-09T11:28:53, false
E2C7259B-02FE-4FAD-B3F6-2BE5588ACD44, 2021-02-09T11:29:53, false
E2C7259B-02FE-4FAD-B3F6-2BE5588ACD44, 2021-02-09T11:30:53, false
E2C7259B-02FE-4FAD-B3F6-2BE5588ACD44, 2021-02-09T11:31:53, false
E2C7259B-02FE-4FAD-B3F6-2BE5588ACD44, 2021-02-09T11:32:53, false
E2C7259B-02FE-4FAD-B3F6-2BE5588ACD44, 2021-02-09T11:33:53, false
E2C7259B-02FE-4FAD-B3F6-2BE5588ACD44, 2021-02-09T11:34:53, false
E2C7259B-02FE-4FAD-B3F6-2BE5588ACD44, 2021-02-09T11:35:53, false
E2C7259B-02FE-4FAD-B3F6-2BE5588ACD44, 2021-02-09T11:36:53, false
E2C7259B-02FE-4FAD-B3F6-2BE5588ACD44, 2021-02-09T11:37:53, false
E2C7259B-02FE-4FAD-B3F6-2BE5588ACD44, 2021-02-09T11:38:53, false
E2C7259B-02FE-4FAD-B3F6-2BE5588ACD44, 2021-02-09T11:39:53, false
E2C7259B-02FE-4FAD-B3F6-2BE5588ACD44, 2021-02-09T11:40:53, false
E2C7259B-02FE-4FAD-B3F6-2BE5588ACD44, 2021-02-09T11:41:53, false
E2C7259B-02FE-4FAD-B3F6-2BE5588ACD44, 2021-02-09T11:42:53, false
E2C7259B-02FE-4FAD-B3F6-2BE5588ACD44, 2021-02-09T11:43:53, false
E2C7259B-02FE-4FAD-B3F6-2BE5588ACD44, 2021-02-09T11:44:53, false
E2C7259B-02FE-4FAD-B3F6-2BE5588ACD44, 2021-02-09T11:45:53, false
E2C7259B-02FE-4FAD-B3F6-2BE5588ACD44, 2021-02-09T11:46:53, false
E2C7259B-02FE-4FAD-B3F6-2BE5588ACD44, 2021-02-09T11:47:53, false
E2C7259B-02FE-4FAD-B3F6-2BE5588ACD44, 2021-02-09T11:48:53, false
E2C7259B-02FE-4FAD-B3F6-2BE5588ACD44, 2021-02-09T11:49:53, false
E2C7259B-02FE-4FAD-B3F6-2BE5588ACD44, 2021-02-09T11:50:53, false
E2C7259B-02FE-4FAD-B3F6-2BE5588ACD44, 2021-02-09T11:51:53, false
E2C7259B-02FE-4FAD-B3F6-2BE5588ACD44, 2021-02-09T11:52:53, false
E2C7259B-02FE-4FAD-B3F6-2BE5588ACD44, 2021-02-09T11:53:53, false
E2C7259B-02FE-4FAD-B3F6-2BE5588ACD44, 2021-02-09T11:54:53, false
E2C7259B-02FE-4FAD-B3F6-2BE5588ACD44, 2021-02-09T11:55:53, false
E2C7259B-02FE-4FAD-B3F6-2BE5588ACD44, 2021-02-09T11:56:53, false
E2C7259B-02FE-4FAD-B3F6-2BE5588ACD44, 2021-02-09T11:57:53, false
E2C7259B-02FE-4FAD-B3F6-2BE5588ACD44, 2021-02-09T11:58:53, false
E2C7259B-02FE-4FAD-B3F6-2BE5588ACD44, 2021-02-09T11:59:53, false
E2C7259B-02FE-4FAD-B3F6-2BE5588ACD44, 2021-02-09T12:00:53, false
E2C7259B-02FE-4FAD-B3F6-2BE5588ACD44, 2021-02-09T12:01:53, false
E2C7259B-02FE-4FAD-B3F6-2BE5588ACD44, 2021-02-09T12:02:53, false
E2C7259B-02FE-4FAD-B3F6-2BE5588ACD44, 2021-02-09T12:03:53, false
E2C7259B-02FE-4FAD-B3F6-2BE5588ACD44, 2021-02-09T12:04:53, false
E2C7259B-02FE-4FAD-B3F6-2BE5588ACD44, 2021-02-09T12:05:53, false
E2C7259B-02FE-4FAD-B3F6-2BE5588ACD44, 2021-02-09T12:06:53, false
E2C7259B-02FE-4FAD-B3F6-2BE5588ACD44, 2021-02-09T12:07:53, false
E2C7259B-02FE-4FAD-B3F6-2BE5588ACD44, 2021-02-09T12:08:53, false
E2C7259B-02FE-4FAD-B3F6-2BE5588ACD44, 2021-02-09T12:09:53, false
E2C7259B-02FE-4FAD-B3F6-2BE5588ACD44, 2021-02-09T12:10:53, false
E2C7259B-02FE-4FAD-B3F6-2BE5588ACD44, 2021-02-09T12:11:53, false
E2C7259B-02FE-4FAD-B3F6-2BE5588ACD44, 2021-02-09T12:12:53, false
E2C7259B-02FE-4FAD-B3F6-2BE5588ACD44, 2021-02-09T12:13:53, false
E2C7259B-02FE-4FAD-B3F6-2BE5588ACD44, 2021-02-09T12:14:53, false
E2C7259B-02FE-4FAD-B3F6-2BE5588ACD44, 2021-02-09T12:15:53, false
E2C7259B-02FE-4FAD-B3F6-2BE5588ACD44, 2021-02-09T12:16:53, false
E2C7259B-02FE-4FAD-B3F6-2BE5588ACD44, 2021-02-09T12:17:53, false
E2C7259B-02FE-4FAD-B3F6-2BE5588ACD44, 2021-02-09T12:18:53, false
E2C7259B-02FE-4FAD-B3F6-2BE5588ACD44, 2021-02-09T12:19:53, false
E2C7259B-02FE-4FAD-B3F6-2BE5588ACD44, 2021-02-09T12:20:53, false
E2C7259B-02FE-4FAD-B3F6-2BE5588ACD44, 2021-02-09T12:21:53, false
E2C7259B-02FE-4FAD-B3F6-2BE5588ACD44, 2021-02-09T12:22:53, false
E2C7259B-02FE-4FAD-B3F6-2BE5588ACD44, 2021-02-09T12:23:53, false
E2C7259B-02FE-4FAD-B3F6-2BE5588ACD44, 2021-02-09T12:24:53, false
E2C7259B-02FE-4FAD-B3F6-2BE5588ACD44, 2021-02-09T12:25:53, false
E2C7259B-02FE-4FAD-B3F6-2BE5588ACD44, 2021-02-09T12:26:53, false
E2C7259B-02FE-4FAD-B3F6-2BE5588ACD44, 2021-02-09T12:27:53, false
E2C7259B-02FE-4FAD-B3F6-2BE5588ACD44, 2021-02-09T12:28:53, false
E2C7259B-02FE-4FAD-B3F6-2BE5588ACD44, 2021-02-09T12:29:53, false
E2C7259B-02FE-4FAD-B3F6-2BE5588ACD44, 2021-02-09T12:30:53, false
E2C7259B-02FE-4FAD-B3F6-2BE5588ACD44, 2021-02-09T12:31:53, false
E2C7259B-02FE-4FAD-B3F6-2BE5588ACD44, 2021-02-09T12:32:53, false
E2C7259B-02FE-4FAD-B3F6-2BE5588ACD44, 2021-02-09T12:33:53, false
E2C7259B-02FE-4FAD-B3F6-2BE5588ACD44, 2021-02-09T12:34:53, false
E2C7259B-02FE-4FAD-B3F6-2BE5588ACD44, 2021-02-09T12:35:53, false
E2C7259B-02FE-4FAD-B3F6-2BE5588ACD44, 2021-02-09T12:36:53, false
E2C7259B-02FE-4FAD-B3F6-2BE5588ACD44, 2021-02-09T12:37:53, false
E2C7259B-02FE-4FAD-B3F6-2BE5588ACD44, 2021-02-09T12:38:53, false
E2C7259B-02FE-4FAD-B3F6-2BE5588ACD44, 2021-02-09T12:39:53, false
E2C7259B-02FE-4FAD-B3F6-2BE5588ACD44, 2021-02-09T12:40:53, false
E2C7259B-02FE-4FAD-B3F6-2BE5588ACD44, 2021-02-09T12:41:53, false
E2C7259B-02FE-4FAD-B3F6-2BE5588ACD44, 2021-02-09T12:42:53, false
E2C7259B-02FE-4FAD-B3F6-2BE5588ACD44, 2021-02-09T12:43:53, false
E2C7259B-02FE-4FAD-B3F6-2BE5588ACD44, 2021-02-09T12:44:53, false
E2C7259B-02FE-4FAD-B3F6-2BE5588ACD44, 2021-02-09T12:45:53, false
E2C7259B-02FE-4FAD-B3F6-2BE5588ACD44, 2021-02-09T12:46:53, false
E2C7259B-02FE-4FAD-B3F6-2BE5588ACD44, 2021-02-09T12:47:53, false
E2C7259B-02FE-4FAD-B3F6-2BE5588ACD44, 2021-02-09T12:48:53, false
E2C7259B-02FE-4FAD-B3F6-2BE5588ACD44, 2021-02-09T12:49:53, false
E2C7259B-02FE-4FAD-B3F6-2BE5588ACD44, 2021-02-09T12:50:53, false
E2C7259B-02FE-4FAD-B3F6-2BE5588ACD44, 2021-02-09T12:51:53, false
E2C7259B-02FE-4FAD-B3F6-2BE5588ACD44, 2021-02-09T12:52:53, false
E2C7259B-02FE-4FAD-B3F6-2BE5588ACD44, 2021-02-09T12:53:53, false
E2C7259B-02FE-4FAD-B3F6-2BE5588ACD44, 2021-02-09T12:54:53, false
E2C7259B-02FE-4FAD-B3F6-2BE5588ACD44, 2021-02-09T12:55:53, false
E2C7259B-02FE-4FAD-B3F6-2BE5588ACD44, 2021-02-09T12:56:53, false
E2C7259B-02FE-4FAD-B3F6-2BE5588ACD44, 2021-02-09T12:57:53, false
E2C7259B-02FE-4FAD-B3F6-2BE5588ACD44, 2021-02-09T12:58:53, false
E2C7259B-02FE-4FAD-B3F6-2BE5588ACD44, 2021-02-09T12:59:53, false
E2C7259B-02FE-4FAD-B3F6-2BE5588ACD44, 2021-02-09T13:00:53, false
E2C7259B-02FE-4FAD-B3F6-2BE5588ACD44, 2021-02-09T13:01:53, false
E2C7259B-02FE-4FAD-B3F6-2BE5588ACD44, 2021-02-09T13:02:53, false
E2C7259B-02FE-4FAD-B3F6-2BE5588ACD44, 2021-02-09T13:03:53, false
E2C7259B-02FE-4FAD-B3F6-2BE5588ACD44, 2021-02-09T13:04:53, false
E2C7259B-02FE-4FAD-B3F6-2BE5588ACD44, 2021-02-09T13:05:53, false
E2C7259B-02FE-4FAD-B3F6-2BE5588ACD44, 2021-02-09T13:06:53, false
E2C7259B-02FE-4FAD-B3F6-2BE5588ACD44, 2021-02-09T13:07:53, false
E2C7259B-02FE-4FAD-B3F6-2BE5588ACD44, 2021-02-09T13:08:53, false
E2C7259B-02FE-4FAD-B3F6-2BE5588ACD44, 2021-02-09T13:09:53, false
E2C7259B-02FE-4FAD-B3F6-2BE5588ACD44, 2021-02-09T13:10:53, false
E2C7259B-02FE-4FAD-B3F6-2BE5588ACD44, 2021-02-09T13:11:53, false
E2C7259B-02FE-4FAD-B3F6-2BE5588ACD44, 2021-02-09T13:12:53, false
E2C7259B-02FE-4FAD-B3F6-2BE5588ACD44, 2021-02-09T13:13:53, false
E2C7259B-02FE-4FAD-B3F6-2BE5588ACD44, 2021-02-09T13:14:53, false
E2C7259B-02FE-4FAD-B3F6-2BE5588ACD44, 2021-02-09T13:15:53, false
E2C7259B-02FE-4FAD-B3F6-2BE5588ACD44, 2021-02-09T13:16:53, false
E2C7259B-02FE-4FAD-B3F6-2BE5588ACD44, 2021-02-09T13:17:53, false
E2C7259B-02FE-4FAD-B3F6-2BE5588ACD44, 2021-02-09T13:18:53, false
E2C7259B-02FE-4FAD-B3F6-2BE5588ACD44, 2021-02-09T13:19:53, false
E2C7259B-02FE-4FAD-B3F6-2BE5588ACD44, 2021-02-09T13:20:53, false
E2C7259B-02FE-4FAD-B3F6-2BE5588ACD44, 2021-02-09T13:21:53, false
E2C7259B-02FE-4FAD-B3F6-2BE5588ACD44, 2021-02-09T13:22:53, false
E2C7259B-02FE-4FAD-B3F6-2BE5588ACD44, 2021-02-09T13:23:53, false
E2C7259B-02FE-4FAD-B3F6-2BE5588ACD44, 2021-02-09T13:24:53, false
E2C7259B-02FE-4FAD-B3F6-2BE5588ACD44, 2021-02-09T13:25:53, false
E2C7259B-02FE-4FAD-B3F6-2BE5588ACD44, 2021-02-09T13:26:53, false
E2C7259B-02FE-4FAD-B3F6-2BE5588ACD44, 2021-02-09T13:27:53, false
E2C7259B-02FE-4FAD-B3F6-2BE5588ACD44, 2021-02-09T13:28:53, false
E2C7259B-02FE-4FAD-B3F6-2BE5588ACD44, 2021-02-09T13:29:53, false
E2C7259B-02FE-4FAD-B3F6-2BE5588ACD44, 2021-02-09T13:30:53, false
E2C7259B-02FE-4FAD-B3F6-2BE5588ACD44, 2021-02-09T13:31:53, false
E2C7259B-02FE-4FAD-B3F6-2BE5588ACD44, 2021-02-09T13:32:53, false
E2C7259B-02FE-4FAD-B3F6-2BE5588ACD44, 2021-02-09T13:33:53, false
E2C7259B-02FE-4FAD-B3F6-2BE5588ACD44, 2021-02-09T13:34:53, false
E2C7259B-02FE-4FAD-B3F6-2BE5588ACD44, 2021-02-09T13:35:53, false
E2C7259B-02FE-4FAD-B3F6-2BE5588ACD44, 2021-02-09T13:36:53, false
E2C7259B-02FE-4FAD-B3F6-2BE5588ACD44, 2021-02-09T13:37:53, false
E2C7259B-02FE-4FAD-B3F6-2BE5588ACD44, 2021-02-09T13:38:53, false
E2C7259B-02FE-4FAD-B3F6-2BE5588ACD44, 2021-02-09T13:39:53, false
E2C7259B-02FE-4FAD-B3F6-2BE5588ACD44, 2021-02-09T13:40:53, false
E2C7259B-02FE-4FAD-B3F6-2BE5588ACD44, 2021-02-09T13:41:53, false
E2C7259B-02FE-4FAD-B3F6-2BE5588ACD44, 2021-02-09T13:42:53, false
E2C7259B-02FE-4FAD-B3F6-2BE5588ACD44, 2021-02-09T13:43:53, false
E2C7259B-02FE-4FAD-B3F6-2BE5588ACD44, 2021-02-09T13:44:53, false
E2C7259B-02FE-4FAD-B3F6-2BE5588ACD44, 2021-02-09T13:45:53, false
E2C7259B-02FE-4FAD-B3F6-2BE5588ACD44, 2021-02-09T13:46:53, false
E2C7259B-02FE-4FAD-B3F6-2BE5588ACD44, 2021-02-09T13:47:53, false
E2C7259B-02FE-4FAD-B3F6-2BE5588ACD44, 2021-02-09T13:48:53, false
E2C7259B-02FE-4FAD-B3F6-2BE5588ACD44, 2021-02-09T13:49:53, false
E2C7259B-02FE-4FAD-B3F6-2BE5588ACD44, 2021-02-09T13:50:53, false
E2C7259B-02FE-4FAD-B3F6-2BE5588ACD44, 2021-02-09T13:51:53, false
E2C7259B-02FE-4FAD-B3F6-2BE5588ACD44, 2021-02-09T13:52:53, false
E2C7259B-02FE-4FAD-B3F6-2BE5588ACD44, 2021-02-09T13:53:53, false
E2C7259B-02FE-4FAD-B3F6-2BE5588ACD44, 2021-02-09T13:54:53, false
E2C7259B-02FE-4FAD-B3F6-2BE5588ACD44, 2021-02-09T13:55:53, false
E2C7259B-02FE-4FAD-B3F6-2BE5588ACD44, 2021-02-09T13:56:53, false
E2C7259B-02FE-4FAD-B3F6-2BE5588ACD44, 2021-02-09T13:57:53, false
E2C7259B-02FE-4FAD-B3F6-2BE5588ACD44, 2021-02-09T13:58:53, false
E2C7259B-02FE-4FAD-B3F6-2BE5588ACD44, 2021-02-09T13:59:53, false
E2C7259B-02FE-4FAD-B3F6-2BE5588ACD44, 2021-02-09T14:00:53, false
E2C7259B-02FE-4FAD-B3F6-2BE5588ACD44, 2021-02-09T14:01:53, false
E2C7259B-02FE-4FAD-B3F6-2BE5588ACD44, 2021-02-09T14:02:53, false
E2C7259B-02FE-4FAD-B3F6-2BE5588ACD44, 2021-02-09T14:03:53, false
E2C7259B-02FE-4FAD-B3F6-2BE5588ACD44, 2021-02-09T14:04:53, false
E2C7259B-02FE-4FAD-B3F6-2BE5588ACD44, 2021-02-09T14:05:53, false
E2C7259B-02FE-4FAD-B3F6-2BE5588ACD44, 2021-02-09T14:06:53, false
E2C7259B-02FE-4FAD-B3F6-2BE5588ACD44, 2021-02-09T14:07:53, false
E2C7259B-02FE-4FAD-B3F6-2BE5588ACD44, 2021-02-09T14:08:53, false
E2C7259B-02FE-4FAD-B3F6-2BE5588ACD44, 2021-02-09T14:09:53, false
E2C7259B-02FE-4FAD-B3F6-2BE5588ACD44, 2021-02-09T14:10:53, false
E2C7259B-02FE-4FAD-B3F6-2BE5588ACD44, 2021-02-09T14:11:53, false
E2C7259B-02FE-4FAD-B3F6-2BE5588ACD44, 2021-02-09T14:12:53, false
E2C7259B-02FE-4FAD-B3F6-2BE5588ACD44, 2021-02-09T14:13:53, false
E2C7259B-02FE-4FAD-B3F6-2BE5588ACD44, 2021-02-09T14:14:53, false
E2C7259B-02FE-4FAD-B3F6-2BE5588ACD44, 2021-02-09T14:15:53, false
E2C7259B-02FE-4FAD-B3F6-2BE5588ACD44, 2021-02-09T14:16:53, false
E2C7259B-02FE-4FAD-B3F6-2BE5588ACD44, 2021-02-09T14:17:53, false
E2C7259B-02FE-4FAD-B3F6-2BE5588ACD44, 2021-02-09T14:18:53, false
E2C7259B-02FE-4FAD-B3F6-2BE5588ACD44, 2021-02-09T14:19:53, false
E2C7259B-02FE-4FAD-B3F6-2BE5588ACD44, 2021-02-09T14:20:53, false
E2C7259B-02FE-4FAD-B3F6-2BE5588ACD44, 2021-02-09T14:21:53, false
E2C7259B-02FE-4FAD-B3F6-2BE5588ACD44, 2021-02-09T14:22:53, false
E2C7259B-02FE-4FAD-B3F6-2BE5588ACD44, 2021-02-09T14:23:53, false
E2C7259B-02FE-4FAD-B3F6-2BE5588ACD44, 2021-02-09T14:24:53, false
E2C7259B-02FE-4FAD-B3F6-2BE5588ACD44, 2021-02-09T14:25:53, false
E2C7259B-02FE-4FAD-B3F6-2BE5588ACD44, 2021-02-09T14:26:53, false
E2C7259B-02FE-4FAD-B3F6-2BE5588ACD44, 2021-02-09T14:27:53, false
E2C7259B-02FE-4FAD-B3F6-2BE5588ACD44, 2021-02-09T14:28:53, false
E2C7259B-02FE-4FAD-B3F6-2BE5588ACD44, 2021-02-09T14:29:53, false
E2C7259B-02FE-4FAD-B3F6-2BE5588ACD44, 2021-02-09T14:30:53, false
E2C7259B-02FE-4FAD-B3F6-2BE5588ACD44, 2021-02-09T14:31:53, false
E2C7259B-02FE-4FAD-B3F6-2BE5588ACD44, 2021-02-09T14:32:53, false
E2C7259B-02FE-4FAD-B3F6-2BE5588ACD44, 2021-02-09T14:33:53, false
E2C7259B-02FE-4FAD-B3F6-2BE5588ACD44, 2021-02-09T14:34:53, false
E2C7259B-02FE-4FAD-B3F6-2BE5588ACD44, 2021-02-09T14:35:53, false
E2C7259B-02FE-4FAD-B3F6-2BE5588ACD44, 2021-02-09T14:36:53, false
E2C7259B-02FE-4FAD-B3F6-2BE5588ACD44, 2021-02-09T14:37:53, false
E2C7259B-02FE-4FAD-B3F6-2BE5588ACD44, 2021-02-09T14:38:53, false
E2C7259B-02FE-4FAD-B3F6-2BE5588ACD44, 2021-02-09T14:39:53, false
E2C7259B-02FE-4FAD-B3F6-2BE5588ACD44, 2021-02-09T14:40:53, false
E2C7259B-02FE-4FAD-B3F6-2BE5588ACD44, 2021-02-09T14:41:53, false
E2C7259B-02FE-4FAD-B3F6-2BE5588ACD44, 2021-02-09T14:42:53, false
E2C7259B-02FE-4FAD-B3F6-2BE5588ACD44, 2021-02-09T14:43:53, false
E2C7259B-02FE-4FAD-B3F6-2BE5588ACD44, 2021-02-09T14:44:53, false
E2C7259B-02FE-4FAD-B3F6-2BE5588ACD44, 2021-02-09T14:45:53, false
E2C7259B-02FE-4FAD-B3F6-2BE5588ACD44, 2021-02-09T14:46:53, false
E2C7259B-02FE-4FAD-B3F6-2BE5588ACD44, 2021-02-09T14:47:53, false
E2C7259B-02FE-4FAD-B3F6-2BE5588ACD44, 2021-02-09T14:48:53, false
E2C7259B-02FE-4FAD-B3F6-2BE5588ACD44, 2021-02-09T14:49:53, false
E2C7259B-02FE-4FAD-B3F6-2BE5588ACD44, 2021-02-09T14:50:53, false
E2C7259B-02FE-4FAD-B3F6-2BE5588ACD44, 2021-02-09T14:51:53, false
E2C7259B-02FE-4FAD-B3F6-2BE5588ACD44, 2021-02-09T14:52:53, false
E2C7259B-02FE-4FAD-B3F6-2BE5588ACD44, 2021-02-09T14:53:53, false
E2C7259B-02FE-4FAD-B3F6-2BE5588ACD44, 2021-02-09T14:54:53, false
E2C7259B-02FE-4FAD-B3F6-2BE5588ACD44, 2021-02-09T14:55:53, false
E2C7259B-02FE-4FAD-B3F6-2BE5588ACD44, 2021-02-09T14:56:53, false
E2C7259B-02FE-4FAD-B3F6-2BE5588ACD44, 2021-02-09T14:57:53, false
E2C7259B-02FE-4FAD-B3F6-2BE5588ACD44, 2021-02-09T14:58:53, false
E2C7259B-02FE-4FAD-B3F6-2BE5588ACD44, 2021-02-09T14:59:53, false
E2C7259B-02FE-4FAD-B3F6-2BE5588ACD44, 2021-02-09T15:00:53, false
E2C7259B-02FE-4FAD-B3F6-2BE5588ACD44, 2021-02-09T15:01:53, false
E2C7259B-02FE-4FAD-B3F6-2BE5588ACD44, 2021-02-09T15:02:53, false
E2C7259B-02FE-4FAD-B3F6-2BE5588ACD44, 2021-02-09T15:03:53, false
E2C7259B-02FE-4FAD-B3F6-2BE5588ACD44, 2021-02-09T15:04:53, false
E2C7259B-02FE-4FAD-B3F6-2BE5588ACD44, 2021-02-09T15:05:53, false
E2C7259B-02FE-4FAD-B3F6-2BE5588ACD44, 2021-02-09T15:06:53, false
E2C7259B-02FE-4FAD-B3F6-2BE5588ACD44, 2021-02-09T15:07:53, false
E2C7259B-02FE-4FAD-B3F6-2BE5588ACD44, 2021-02-09T15:08:53, false
E2C7259B-02FE-4FAD-B3F6-2BE5588ACD44, 2021-02-09T15:09:53, false
E2C7259B-02FE-4FAD-B3F6-2BE5588ACD44, 2021-02-09T15:10:53, false
E2C7259B-02FE-4FAD-B3F6-2BE5588ACD44, 2021-02-09T15:11:53, false
E2C7259B-02FE-4FAD-B3F6-2BE5588ACD44, 2021-02-09T15:12:53, false
E2C7259B-02FE-4FAD-B3F6-2BE5588ACD44, 2021-02-09T15:13:53, false
E2C7259B-02FE-4FAD-B3F6-2BE5588ACD44, 2021-02-09T15:14:53, false
E2C7259B-02FE-4FAD-B3F6-2BE5588ACD44, 2021-02-09T15:15:53, false
E2C7259B-02FE-4FAD-B3F6-2BE5588ACD44, 2021-02-09T15:16:53, false
E2C7259B-02FE-4FAD-B3F6-2BE5588ACD44, 2021-02-09T15:17:53, false
E2C7259B-02FE-4FAD-B3F6-2BE5588ACD44, 2021-02-09T15:18:53, false
E2C7259B-02FE-4FAD-B3F6-2BE5588ACD44, 2021-02-09T15:19:53, false
E2C7259B-02FE-4FAD-B3F6-2BE5588ACD44, 2021-02-09T15:20:53, false
E2C7259B-02FE-4FAD-B3F6-2BE5588ACD44, 2021-02-09T15:21:53, false
E2C7259B-02FE-4FAD-B3F6-2BE5588ACD44, 2021-02-09T15:22:53, false
E2C7259B-02FE-4FAD-B3F6-2BE5588ACD44, 2021-02-09T15:23:53, false
E2C7259B-02FE-4FAD-B3F6-2BE5588ACD44, 2021-02-09T15:24:53, false
E2C7259B-02FE-4FAD-B3F6-2BE5588ACD44, 2021-02-09T15:25:53, false
E2C7259B-02FE-4FAD-B3F6-2BE5588ACD44, 2021-02-09T15:26:53, false
E2C7259B-02FE-4FAD-B3F6-2BE5588ACD44, 2021-02-09T15:27:53, false
E2C7259B-02FE-4FAD-B3F6-2BE5588ACD44, 2021-02-09T15:28:53, false
E2C7259B-02FE-4FAD-B3F6-2BE5588ACD44, 2021-02-09T15:29:53, false
E2C7259B-02FE-4FAD-B3F6-2BE5588ACD44, 2021-02-09T15:30:53, false
E2C7259B-02FE-4FAD-B3F6-2BE5588ACD44, 2021-02-09T15:31:53, false
E2C7259B-02FE-4FAD-B3F6-2BE5588ACD44, 2021-02-09T15:32:53, false
E2C7259B-02FE-4FAD-B3F6-2BE5588ACD44, 2021-02-09T15:33:53, false
E2C7259B-02FE-4FAD-B3F6-2BE5588ACD44, 2021-02-09T15:34:53, false
E2C7259B-02FE-4FAD-B3F6-2BE5588ACD44, 2021-02-09T15:35:53, false
E2C7259B-02FE-4FAD-B3F6-2BE5588ACD44, 2021-02-09T15:36:53, false
E2C7259B-02FE-4FAD-B3F6-2BE5588ACD44, 2021-02-09T15:37:53, false
E2C7259B-02FE-4FAD-B3F6-2BE5588ACD44, 2021-02-09T15:38:53, false
E2C7259B-02FE-4FAD-B3F6-2BE5588ACD44, 2021-02-09T15:39:53, false
E2C7259B-02FE-4FAD-B3F6-2BE5588ACD44, 2021-02-09T15:40:53, false
E2C7259B-02FE-4FAD-B3F6-2BE5588ACD44, 2021-02-09T15:41:53, false
E2C7259B-02FE-4FAD-B3F6-2BE5588ACD44, 2021-02-09T15:42:53, false
E2C7259B-02FE-4FAD-B3F6-2BE5588ACD44, 2021-02-09T15:43:53, false
E2C7259B-02FE-4FAD-B3F6-2BE5588ACD44, 2021-02-09T15:44:53, false
E2C7259B-02FE-4FAD-B3F6-2BE5588ACD44, 2021-02-09T15:45:53, false
E2C7259B-02FE-4FAD-B3F6-2BE5588ACD44, 2021-02-09T15:46:53, false
E2C7259B-02FE-4FAD-B3F6-2BE5588ACD44, 2021-02-09T15:47:53, false
E2C7259B-02FE-4FAD-B3F6-2BE5588ACD44, 2021-02-09T15:48:53, false
E2C7259B-02FE-4FAD-B3F6-2BE5588ACD44, 2021-02-09T15:49:53, false
E2C7259B-02FE-4FAD-B3F6-2BE5588ACD44, 2021-02-09T15:50:53, false
E2C7259B-02FE-4FAD-B3F6-2BE5588ACD44, 2021-02-09T15:51:53, false
E2C7259B-02FE-4FAD-B3F6-2BE5588ACD44, 2021-02-09T15:52:53, false
E2C7259B-02FE-4FAD-B3F6-2BE5588ACD44, 2021-02-09T15:53:53, false
E2C7259B-02FE-4FAD-B3F6-2BE5588ACD44, 2021-02-09T15:54:53, false
E2C7259B-02FE-4FAD-B3F6-2BE5588ACD44, 2021-02-09T15:55:53, false
E2C7259B-02FE-4FAD-B3F6-2BE5588ACD44, 2021-02-09T15:56:53, false
E2C7259B-02FE-4FAD-B3F6-2BE5588ACD44, 2021-02-09T15:57:53, false
E2C7259B-02FE-4FAD-B3F6-2BE5588ACD44, 2021-02-09T15:58:53, false
E2C7259B-02FE-4FAD-B3F6-2BE5588ACD44, 2021-02-09T15:59:53, false
E2C7259B-02FE-4FAD-B3F6-2BE5588ACD44, 2021-02-09T16:00:53, false
E2C7259B-02FE-4FAD-B3F6-2BE5588ACD44, 2021-02-09T16:01:53, false
E2C7259B-02FE-4FAD-B3F6-2BE5588ACD44, 2021-02-09T16:02:53, false
E2C7259B-02FE-4FAD-B3F6-2BE5588ACD44, 2021-02-09T16:03:53, false
E2C7259B-02FE-4FAD-B3F6-2BE5588ACD44, 2021-02-09T16:04:53, false
E2C7259B-02FE-4FAD-B3F6-2BE5588ACD44, 2021-02-09T16:05:53, false
E2C7259B-02FE-4FAD-B3F6-2BE5588ACD44, 2021-02-09T16:06:53, false
E2C7259B-02FE-4FAD-B3F6-2BE5588ACD44, 2021-02-09T16:07:53, false
E2C7259B-02FE-4FAD-B3F6-2BE5588ACD44, 2021-02-09T16:08:53, false
E2C7259B-02FE-4FAD-B3F6-2BE5588ACD44, 2021-02-09T16:09:53, false
E2C7259B-02FE-4FAD-B3F6-2BE5588ACD44, 2021-02-09T16:10:53, false
E2C7259B-02FE-4FAD-B3F6-2BE5588ACD44, 2021-02-09T16:11:53, false
E2C7259B-02FE-4FAD-B3F6-2BE5588ACD44, 2021-02-09T16:12:53, false
E2C7259B-02FE-4FAD-B3F6-2BE5588ACD44, 2021-02-09T16:13:53, false
E2C7259B-02FE-4FAD-B3F6-2BE5588ACD44, 2021-02-09T16:14:53, false
E2C7259B-02FE-4FAD-B3F6-2BE5588ACD44, 2021-02-09T16:15:53, false
E2C7259B-02FE-4FAD-B3F6-2BE5588ACD44, 2021-02-09T16:16:53, false
E2C7259B-02FE-4FAD-B3F6-2BE5588ACD44, 2021-02-09T16:17:53, false
E2C7259B-02FE-4FAD-B3F6-2BE5588ACD44, 2021-02-09T16:18:53, false
E2C7259B-02FE-4FAD-B3F6-2BE5588ACD44, 2021-02-09T16:19:53, false
E2C7259B-02FE-4FAD-B3F6-2BE5588ACD44, 2021-02-09T16:20:53, false
E2C7259B-02FE-4FAD-B3F6-2BE5588ACD44, 2021-02-09T16:21:53, false
E2C7259B-02FE-4FAD-B3F6-2BE5588ACD44, 2021-02-09T16:22:53, false
E2C7259B-02FE-4FAD-B3F6-2BE5588ACD44, 2021-02-09T16:23:53, false
E2C7259B-02FE-4FAD-B3F6-2BE5588ACD44, 2021-02-09T16:24:53, false
E2C7259B-02FE-4FAD-B3F6-2BE5588ACD44, 2021-02-09T16:25:53, false
E2C7259B-02FE-4FAD-B3F6-2BE5588ACD44, 2021-02-09T16:26:53, false
E2C7259B-02FE-4FAD-B3F6-2BE5588ACD44, 2021-02-09T16:27:53, false
E2C7259B-02FE-4FAD-B3F6-2BE5588ACD44, 2021-02-09T16:28:53, false
E2C7259B-02FE-4FAD-B3F6-2BE5588ACD44, 2021-02-09T16:29:53, false
E2C7259B-02FE-4FAD-B3F6-2BE5588ACD44, 2021-02-09T16:30:53, false
E2C7259B-02FE-4FAD-B3F6-2BE5588ACD44, 2021-02-09T16:31:53, false
E2C7259B-02FE-4FAD-B3F6-2BE5588ACD44, 2021-02-09T16:32:53, false
E2C7259B-02FE-4FAD-B3F6-2BE5588ACD44, 2021-02-09T16:33:53, false
E2C7259B-02FE-4FAD-B3F6-2BE5588ACD44, 2021-02-09T16:34:53, false
E2C7259B-02FE-4FAD-B3F6-2BE5588ACD44, 2021-02-09T16:35:53, false
E2C7259B-02FE-4FAD-B3F6-2BE5588ACD44, 2021-02-09T16:36:53, false
E2C7259B-02FE-4FAD-B3F6-2BE5588ACD44, 2021-02-09T16:37:53, false
E2C7259B-02FE-4FAD-B3F6-2BE5588ACD44, 2021-02-09T16:38:53, false
E2C7259B-02FE-4FAD-B3F6-2BE5588ACD44, 2021-02-09T16:39:53, false
E2C7259B-02FE-4FAD-B3F6-2BE5588ACD44, 2021-02-09T16:40:53, false
E2C7259B-02FE-4FAD-B3F6-2BE5588ACD44, 2021-02-09T16:41:53, false
E2C7259B-02FE-4FAD-B3F6-2BE5588ACD44, 2021-02-09T16:42:53, false
E2C7259B-02FE-4FAD-B3F6-2BE5588ACD44, 2021-02-09T16:43:53, false
E2C7259B-02FE-4FAD-B3F6-2BE5588ACD44, 2021-02-09T16:44:53, false
E2C7259B-02FE-4FAD-B3F6-2BE5588ACD44, 2021-02-09T16:45:53, false
E2C7259B-02FE-4FAD-B3F6-2BE5588ACD44, 2021-02-09T16:46:53, false
E2C7259B-02FE-4FAD-B3F6-2BE5588ACD44, 2021-02-09T16:47:53, false
E2C7259B-02FE-4FAD-B3F6-2BE5588ACD44, 2021-02-09T16:48:53, false
E2C7259B-02FE-4FAD-B3F6-2BE5588ACD44, 2021-02-09T16:49:53, false
E2C7259B-02FE-4FAD-B3F6-2BE5588ACD44, 2021-02-09T16:50:53, false
E2C7259B-02FE-4FAD-B3F6-2BE5588ACD44, 2021-02-09T16:51:53, false
E2C7259B-02FE-4FAD-B3F6-2BE5588ACD44, 2021-02-09T16:52:53, false
E2C7259B-02FE-4FAD-B3F6-2BE5588ACD44, 2021-02-09T16:53:53, false
E2C7259B-02FE-4FAD-B3F6-2BE5588ACD44, 2021-02-09T16:54:53, false
E2C7259B-02FE-4FAD-B3F6-2BE5588ACD44, 2021-02-09T16:55:53, false
E2C7259B-02FE-4FAD-B3F6-2BE5588ACD44, 2021-02-09T16:56:53, false
E2C7259B-02FE-4FAD-B3F6-2BE5588ACD44, 2021-02-09T16:57:53, false
E2C7259B-02FE-4FAD-B3F6-2BE5588ACD44, 2021-02-09T16:58:53, false
E2C7259B-02FE-4FAD-B3F6-2BE5588ACD44, 2021-02-09T16:59:53, false
E2C7259B-02FE-4FAD-B3F6-2BE5588ACD44, 2021-02-09T17:00:53, false
E2C7259B-02FE-4FAD-B3F6-2BE5588ACD44, 2021-02-09T17:01:53, false
E2C7259B-02FE-4FAD-B3F6-2BE5588ACD44, 2021-02-09T17:02:53, false
E2C7259B-02FE-4FAD-B3F6-2BE5588ACD44, 2021-02-09T17:03:53, false
E2C7259B-02FE-4FAD-B3F6-2BE5588ACD44, 2021-02-09T17:04:53, false
E2C7259B-02FE-4FAD-B3F6-2BE5588ACD44, 2021-02-09T17:05:53, false
E2C7259B-02FE-4FAD-B3F6-2BE5588ACD44, 2021-02-09T17:06:53, false
E2C7259B-02FE-4FAD-B3F6-2BE5588ACD44, 2021-02-09T17:07:53, false
E2C7259B-02FE-4FAD-B3F6-2BE5588ACD44, 2021-02-09T17:08:53, false
E2C7259B-02FE-4FAD-B3F6-2BE5588ACD44, 2021-02-09T17:09:53, false
E2C7259B-02FE-4FAD-B3F6-2BE5588ACD44, 2021-02-09T17:10:53, false
E2C7259B-02FE-4FAD-B3F6-2BE5588ACD44, 2021-02-09T17:11:53, false
E2C7259B-02FE-4FAD-B3F6-2BE5588ACD44, 2021-02-09T17:12:53, false
E2C7259B-02FE-4FAD-B3F6-2BE5588ACD44, 2021-02-09T17:13:53, false
E2C7259B-02FE-4FAD-B3F6-2BE5588ACD44, 2021-02-09T17:14:53, false
E2C7259B-02FE-4FAD-B3F6-2BE5588ACD44, 2021-02-09T17:15:53, false
E2C7259B-02FE-4FAD-B3F6-2BE5588ACD44, 2021-02-09T17:16:53, false
E2C7259B-02FE-4FAD-B3F6-2BE5588ACD44, 2021-02-09T17:17:53, false
E2C7259B-02FE-4FAD-B3F6-2BE5588ACD44, 2021-02-09T17:18:53, false
E2C7259B-02FE-4FAD-B3F6-2BE5588ACD44, 2021-02-09T17:19:53, false
E2C7259B-02FE-4FAD-B3F6-2BE5588ACD44, 2021-02-09T17:20:53, false
E2C7259B-02FE-4FAD-B3F6-2BE5588ACD44, 2021-02-09T17:21:53, false
E2C7259B-02FE-4FAD-B3F6-2BE5588ACD44, 2021-02-09T17:22:53, false
E2C7259B-02FE-4FAD-B3F6-2BE5588ACD44, 2021-02-09T17:23:53, false
E2C7259B-02FE-4FAD-B3F6-2BE5588ACD44, 2021-02-09T17:24:53, false
E2C7259B-02FE-4FAD-B3F6-2BE5588ACD44, 2021-02-09T17:25:53, false
E2C7259B-02FE-4FAD-B3F6-2BE5588ACD44, 2021-02-09T17:26:53, false
E2C7259B-02FE-4FAD-B3F6-2BE5588ACD44, 2021-02-09T17:27:53, false
E2C7259B-02FE-4FAD-B3F6-2BE5588ACD44, 2021-02-09T17:28:53, false
E2C7259B-02FE-4FAD-B3F6-2BE5588ACD44, 2021-02-09T17:29:53, false
E2C7259B-02FE-4FAD-B3F6-2BE5588ACD44, 2021-02-09T17:30:53, false
E2C7259B-02FE-4FAD-B3F6-2BE5588ACD44, 2021-02-09T17:31:53, false
E2C7259B-02FE-4FAD-B3F6-2BE5588ACD44, 2021-02-09T17:32:53, false
E2C7259B-02FE-4FAD-B3F6-2BE5588ACD44, 2021-02-09T17:33:53, false
E2C7259B-02FE-4FAD-B3F6-2BE5588ACD44, 2021-02-09T17:34:53, false
E2C7259B-02FE-4FAD-B3F6-2BE5588ACD44, 2021-02-09T17:35:53, false
E2C7259B-02FE-4FAD-B3F6-2BE5588ACD44, 2021-02-09T17:36:53, false
E2C7259B-02FE-4FAD-B3F6-2BE5588ACD44, 2021-02-09T17:37:53, false
E2C7259B-02FE-4FAD-B3F6-2BE5588ACD44, 2021-02-09T17:38:53, false
E2C7259B-02FE-4FAD-B3F6-2BE5588ACD44, 2021-02-09T17:39:53, false
E2C7259B-02FE-4FAD-B3F6-2BE5588ACD44, 2021-02-09T17:40:53, false
E2C7259B-02FE-4FAD-B3F6-2BE5588ACD44, 2021-02-09T17:41:53, false
E2C7259B-02FE-4FAD-B3F6-2BE5588ACD44, 2021-02-09T17:42:53, false
E2C7259B-02FE-4FAD-B3F6-2BE5588ACD44, 2021-02-09T17:43:53, false
E2C7259B-02FE-4FAD-B3F6-2BE5588ACD44, 2021-02-09T17:44:53, false
E2C7259B-02FE-4FAD-B3F6-2BE5588ACD44, 2021-02-09T17:45:53, false
E2C7259B-02FE-4FAD-B3F6-2BE5588ACD44, 2021-02-09T17:46:53, false
E2C7259B-02FE-4FAD-B3F6-2BE5588ACD44, 2021-02-09T17:47:53, false
E2C7259B-02FE-4FAD-B3F6-2BE5588ACD44, 2021-02-09T17:48:53, false
E2C7259B-02FE-4FAD-B3F6-2BE5588ACD44, 2021-02-09T17:49:53, false
E2C7259B-02FE-4FAD-B3F6-2BE5588ACD44, 2021-02-09T17:50:53, false
E2C7259B-02FE-4FAD-B3F6-2BE5588ACD44, 2021-02-09T17:51:53, false
E2C7259B-02FE-4FAD-B3F6-2BE5588ACD44, 2021-02-09T17:52:53, false
E2C7259B-02FE-4FAD-B3F6-2BE5588ACD44, 2021-02-09T17:53:53, false
E2C7259B-02FE-4FAD-B3F6-2BE5588ACD44, 2021-02-09T17:54:53, false
E2C7259B-02FE-4FAD-B3F6-2BE5588ACD44, 2021-02-09T17:55:53, false
E2C7259B-02FE-4FAD-B3F6-2BE5588ACD44, 2021-02-09T17:56:53, false
E2C7259B-02FE-4FAD-B3F6-2BE5588ACD44, 2021-02-09T17:57:53, false
E2C7259B-02FE-4FAD-B3F6-2BE5588ACD44, 2021-02-09T17:58:53, false
E2C7259B-02FE-4FAD-B3F6-2BE5588ACD44, 2021-02-09T17:59:53, false
E2C7259B-02FE-4FAD-B3F6-2BE5588ACD44, 2021-02-09T18:00:53, false
E2C7259B-02FE-4FAD-B3F6-2BE5588ACD44, 2021-02-09T18:01:53, false
E2C7259B-02FE-4FAD-B3F6-2BE5588ACD44, 2021-02-09T18:02:53, false
E2C7259B-02FE-4FAD-B3F6-2BE5588ACD44, 2021-02-09T18:03:53, false
E2C7259B-02FE-4FAD-B3F6-2BE5588ACD44, 2021-02-09T18:04:53, false
E2C7259B-02FE-4FAD-B3F6-2BE5588ACD44, 2021-02-09T18:05:53, false
E2C7259B-02FE-4FAD-B3F6-2BE5588ACD44, 2021-02-09T18:06:53, false
E2C7259B-02FE-4FAD-B3F6-2BE5588ACD44, 2021-02-09T18:07:53, false
E2C7259B-02FE-4FAD-B3F6-2BE5588ACD44, 2021-02-09T18:08:53, false
E2C7259B-02FE-4FAD-B3F6-2BE5588ACD44, 2021-02-09T18:09:53, false
E2C7259B-02FE-4FAD-B3F6-2BE5588ACD44, 2021-02-09T18:10:53, false
E2C7259B-02FE-4FAD-B3F6-2BE5588ACD44, 2021-02-09T18:11:53, false
E2C7259B-02FE-4FAD-B3F6-2BE5588ACD44, 2021-02-09T18:12:53, false
E2C7259B-02FE-4FAD-B3F6-2BE5588ACD44, 2021-02-09T18:13:53, false
E2C7259B-02FE-4FAD-B3F6-2BE5588ACD44, 2021-02-09T18:14:53, false
E2C7259B-02FE-4FAD-B3F6-2BE5588ACD44, 2021-02-09T18:15:53, false
E2C7259B-02FE-4FAD-B3F6-2BE5588ACD44, 2021-02-09T18:16:53, false
E2C7259B-02FE-4FAD-B3F6-2BE5588ACD44, 2021-02-09T18:17:53, false
E2C7259B-02FE-4FAD-B3F6-2BE5588ACD44, 2021-02-09T18:18:53, false
E2C7259B-02FE-4FAD-B3F6-2BE5588ACD44, 2021-02-09T18:19:53, false
E2C7259B-02FE-4FAD-B3F6-2BE5588ACD44, 2021-02-09T18:20:53, false
E2C7259B-02FE-4FAD-B3F6-2BE5588ACD44, 2021-02-09T18:21:53, false
E2C7259B-02FE-4FAD-B3F6-2BE5588ACD44, 2021-02-09T18:22:53, false
E2C7259B-02FE-4FAD-B3F6-2BE5588ACD44, 2021-02-09T18:23:53, false
E2C7259B-02FE-4FAD-B3F6-2BE5588ACD44, 2021-02-09T18:24:53, false
E2C7259B-02FE-4FAD-B3F6-2BE5588ACD44, 2021-02-09T18:25:53, false
E2C7259B-02FE-4FAD-B3F6-2BE5588ACD44, 2021-02-09T18:26:53, false
E2C7259B-02FE-4FAD-B3F6-2BE5588ACD44, 2021-02-09T18:27:53, false
E2C7259B-02FE-4FAD-B3F6-2BE5588ACD44, 2021-02-09T18:28:53, false
E2C7259B-02FE-4FAD-B3F6-2BE5588ACD44, 2021-02-09T18:29:53, false
E2C7259B-02FE-4FAD-B3F6-2BE5588ACD44, 2021-02-09T18:30:53, false
E2C7259B-02FE-4FAD-B3F6-2BE5588ACD44, 2021-02-09T18:31:53, false
E2C7259B-02FE-4FAD-B3F6-2BE5588ACD44, 2021-02-09T18:32:53, false
E2C7259B-02FE-4FAD-B3F6-2BE5588ACD44, 2021-02-09T18:33:53, false
E2C7259B-02FE-4FAD-B3F6-2BE5588ACD44, 2021-02-09T18:34:53, false
E2C7259B-02FE-4FAD-B3F6-2BE5588ACD44, 2021-02-09T18:35:53, false
E2C7259B-02FE-4FAD-B3F6-2BE5588ACD44, 2021-02-09T18:36:53, false
E2C7259B-02FE-4FAD-B3F6-2BE5588ACD44, 2021-02-09T18:37:53, false
E2C7259B-02FE-4FAD-B3F6-2BE5588ACD44, 2021-02-09T18:38:53, false
E2C7259B-02FE-4FAD-B3F6-2BE5588ACD44, 2021-02-09T18:39:53, false
E2C7259B-02FE-4FAD-B3F6-2BE5588ACD44, 2021-02-09T18:40:53, false
E2C7259B-02FE-4FAD-B3F6-2BE5588ACD44, 2021-02-09T18:41:53, false
E2C7259B-02FE-4FAD-B3F6-2BE5588ACD44, 2021-02-09T18:42:53, false
E2C7259B-02FE-4FAD-B3F6-2BE5588ACD44, 2021-02-09T18:43:53, false
E2C7259B-02FE-4FAD-B3F6-2BE5588ACD44, 2021-02-09T18:44:53, false
E2C7259B-02FE-4FAD-B3F6-2BE5588ACD44, 2021-02-09T18:45:53, false
E2C7259B-02FE-4FAD-B3F6-2BE5588ACD44, 2021-02-09T18:46:53, false
E2C7259B-02FE-4FAD-B3F6-2BE5588ACD44, 2021-02-09T18:47:53, false
E2C7259B-02FE-4FAD-B3F6-2BE5588ACD44, 2021-02-09T18:48:53, false
E2C7259B-02FE-4FAD-B3F6-2BE5588ACD44, 2021-02-09T18:49:53, false
E2C7259B-02FE-4FAD-B3F6-2BE5588ACD44, 2021-02-09T18:50:53, false
E2C7259B-02FE-4FAD-B3F6-2BE5588ACD44, 2021-02-09T18:51:53, false
E2C7259B-02FE-4FAD-B3F6-2BE5588ACD44, 2021-02-09T18:52:53, false
E2C7259B-02FE-4FAD-B3F6-2BE5588ACD44, 2021-02-09T18:53:53, false
E2C7259B-02FE-4FAD-B3F6-2BE5588ACD44, 2021-02-09T18:54:53, false
E2C7259B-02FE-4FAD-B3F6-2BE5588ACD44, 2021-02-09T18:55:53, false
E2C7259B-02FE-4FAD-B3F6-2BE5588ACD44, 2021-02-09T18:56:53, false
E2C7259B-02FE-4FAD-B3F6-2BE5588ACD44, 2021-02-09T18:57:53, false
E2C7259B-02FE-4FAD-B3F6-2BE5588ACD44, 2021-02-09T18:58:53, false
E2C7259B-02FE-4FAD-B3F6-2BE5588ACD44, 2021-02-09T18:59:53, false
E2C7259B-02FE-4FAD-B3F6-2BE5588ACD44, 2021-02-09T19:00:53, false
E2C7259B-02FE-4FAD-B3F6-2BE5588ACD44, 2021-02-09T19:01:53, false
E2C7259B-02FE-4FAD-B3F6-2BE5588ACD44, 2021-02-09T19:02:53, false
E2C7259B-02FE-4FAD-B3F6-2BE5588ACD44, 2021-02-09T19:03:53, false
E2C7259B-02FE-4FAD-B3F6-2BE5588ACD44, 2021-02-09T19:04:53, false
E2C7259B-02FE-4FAD-B3F6-2BE5588ACD44, 2021-02-09T19:05:53, false
E2C7259B-02FE-4FAD-B3F6-2BE5588ACD44, 2021-02-09T19:06:53, false
E2C7259B-02FE-4FAD-B3F6-2BE5588ACD44, 2021-02-09T19:07:53, false
E2C7259B-02FE-4FAD-B3F6-2BE5588ACD44, 2021-02-09T19:08:53, false
E2C7259B-02FE-4FAD-B3F6-2BE5588ACD44, 2021-02-09T19:09:53, false
E2C7259B-02FE-4FAD-B3F6-2BE5588ACD44, 2021-02-09T19:10:53, false
E2C7259B-02FE-4FAD-B3F6-2BE5588ACD44, 2021-02-09T19:11:53, false
E2C7259B-02FE-4FAD-B3F6-2BE5588ACD44, 2021-02-09T19:12:53, false
E2C7259B-02FE-4FAD-B3F6-2BE5588ACD44, 2021-02-09T19:13:53, false
E2C7259B-02FE-4FAD-B3F6-2BE5588ACD44, 2021-02-09T19:14:53, false
E2C7259B-02FE-4FAD-B3F6-2BE5588ACD44, 2021-02-09T19:15:53, false
E2C7259B-02FE-4FAD-B3F6-2BE5588ACD44, 2021-02-09T19:16:53, false
E2C7259B-02FE-4FAD-B3F6-2BE5588ACD44, 2021-02-09T19:17:53, false
E2C7259B-02FE-4FAD-B3F6-2BE5588ACD44, 2021-02-09T19:18:53, false
E2C7259B-02FE-4FAD-B3F6-2BE5588ACD44, 2021-02-09T19:19:53, false
E2C7259B-02FE-4FAD-B3F6-2BE5588ACD44, 2021-02-09T19:20:53, false
E2C7259B-02FE-4FAD-B3F6-2BE5588ACD44, 2021-02-09T19:21:53, false
E2C7259B-02FE-4FAD-B3F6-2BE5588ACD44, 2021-02-09T19:22:53, false
E2C7259B-02FE-4FAD-B3F6-2BE5588ACD44, 2021-02-09T19:23:53, false
E2C7259B-02FE-4FAD-B3F6-2BE5588ACD44, 2021-02-09T19:24:53, false
E2C7259B-02FE-4FAD-B3F6-2BE5588ACD44, 2021-02-09T19:25:53, false
E2C7259B-02FE-4FAD-B3F6-2BE5588ACD44, 2021-02-09T19:26:53, false
E2C7259B-02FE-4FAD-B3F6-2BE5588ACD44, 2021-02-09T19:27:53, false
E2C7259B-02FE-4FAD-B3F6-2BE5588ACD44, 2021-02-09T19:28:53, false
E2C7259B-02FE-4FAD-B3F6-2BE5588ACD44, 2021-02-09T19:29:53, false
E2C7259B-02FE-4FAD-B3F6-2BE5588ACD44, 2021-02-09T19:30:53, false
E2C7259B-02FE-4FAD-B3F6-2BE5588ACD44, 2021-02-09T19:31:53, false
E2C7259B-02FE-4FAD-B3F6-2BE5588ACD44, 2021-02-09T19:32:53, false
E2C7259B-02FE-4FAD-B3F6-2BE5588ACD44, 2021-02-09T19:33:53, false
E2C7259B-02FE-4FAD-B3F6-2BE5588ACD44, 2021-02-09T19:34:53, false
E2C7259B-02FE-4FAD-B3F6-2BE5588ACD44, 2021-02-09T19:35:53, false
E2C7259B-02FE-4FAD-B3F6-2BE5588ACD44, 2021-02-09T19:36:53, false
E2C7259B-02FE-4FAD-B3F6-2BE5588ACD44, 2021-02-09T19:37:53, false
E2C7259B-02FE-4FAD-B3F6-2BE5588ACD44, 2021-02-09T19:38:53, false
E2C7259B-02FE-4FAD-B3F6-2BE5588ACD44, 2021-02-09T19:39:53, false
E2C7259B-02FE-4FAD-B3F6-2BE5588ACD44, 2021-02-09T19:40:53, false
E2C7259B-02FE-4FAD-B3F6-2BE5588ACD44, 2021-02-09T19:41:53, false
E2C7259B-02FE-4FAD-B3F6-2BE5588ACD44, 2021-02-09T19:42:53, false
E2C7259B-02FE-4FAD-B3F6-2BE5588ACD44, 2021-02-09T19:43:53, false
E2C7259B-02FE-4FAD-B3F6-2BE5588ACD44, 2021-02-09T19:44:53, false
E2C7259B-02FE-4FAD-B3F6-2BE5588ACD44, 2021-02-09T19:45:53, false
E2C7259B-02FE-4FAD-B3F6-2BE5588ACD44, 2021-02-09T19:46:53, false
E2C7259B-02FE-4FAD-B3F6-2BE5588ACD44, 2021-02-09T19:47:53, false
E2C7259B-02FE-4FAD-B3F6-2BE5588ACD44, 2021-02-09T19:48:53, false
E2C7259B-02FE-4FAD-B3F6-2BE5588ACD44, 2021-02-09T19:49:53, false
E2C7259B-02FE-4FAD-B3F6-2BE5588ACD44, 2021-02-09T19:50:53, false
E2C7259B-02FE-4FAD-B3F6-2BE5588ACD44, 2021-02-09T19:51:53, false
E2C7259B-02FE-4FAD-B3F6-2BE5588ACD44, 2021-02-09T19:52:53, false
E2C7259B-02FE-4FAD-B3F6-2BE5588ACD44, 2021-02-09T19:53:53, false
E2C7259B-02FE-4FAD-B3F6-2BE5588ACD44, 2021-02-09T19:54:53, false
E2C7259B-02FE-4FAD-B3F6-2BE5588ACD44, 2021-02-09T19:55:53, false
E2C7259B-02FE-4FAD-B3F6-2BE5588ACD44, 2021-02-09T19:56:53, false
E2C7259B-02FE-4FAD-B3F6-2BE5588ACD44, 2021-02-09T19:57:53, false
E2C7259B-02FE-4FAD-B3F6-2BE5588ACD44, 2021-02-09T19:58:53, false
E2C7259B-02FE-4FAD-B3F6-2BE5588ACD44, 2021-02-09T19:59:53, false
E2C7259B-02FE-4FAD-B3F6-2BE5588ACD44, 2021-02-09T20:00:53, false
E2C7259B-02FE-4FAD-B3F6-2BE5588ACD44, 2021-02-09T20:01:53, false
E2C7259B-02FE-4FAD-B3F6-2BE5588ACD44, 2021-02-09T20:02:53, false
E2C7259B-02FE-4FAD-B3F6-2BE5588ACD44, 2021-02-09T20:03:53, false
E2C7259B-02FE-4FAD-B3F6-2BE5588ACD44, 2021-02-09T20:04:53, false
E2C7259B-02FE-4FAD-B3F6-2BE5588ACD44, 2021-02-09T20:05:53, false
E2C7259B-02FE-4FAD-B3F6-2BE5588ACD44, 2021-02-09T20:06:53, false
E2C7259B-02FE-4FAD-B3F6-2BE5588ACD44, 2021-02-09T20:07:53, false
E2C7259B-02FE-4FAD-B3F6-2BE5588ACD44, 2021-02-09T20:08:53, false
E2C7259B-02FE-4FAD-B3F6-2BE5588ACD44, 2021-02-09T20:09:53, false
E2C7259B-02FE-4FAD-B3F6-2BE5588ACD44, 2021-02-09T20:10:53, false
E2C7259B-02FE-4FAD-B3F6-2BE5588ACD44, 2021-02-09T20:11:53, false
E2C7259B-02FE-4FAD-B3F6-2BE5588ACD44, 2021-02-09T20:12:53, false
E2C7259B-02FE-4FAD-B3F6-2BE5588ACD44, 2021-02-09T20:13:53, false
E2C7259B-02FE-4FAD-B3F6-2BE5588ACD44, 2021-02-09T20:14:53, false
E2C7259B-02FE-4FAD-B3F6-2BE5588ACD44, 2021-02-09T20:15:53, false
E2C7259B-02FE-4FAD-B3F6-2BE5588ACD44, 2021-02-09T20:16:53, false
E2C7259B-02FE-4FAD-B3F6-2BE5588ACD44, 2021-02-09T20:17:53, false
E2C7259B-02FE-4FAD-B3F6-2BE5588ACD44, 2021-02-09T20:18:53, false
E2C7259B-02FE-4FAD-B3F6-2BE5588ACD44, 2021-02-09T20:19:53, false
E2C7259B-02FE-4FAD-B3F6-2BE5588ACD44, 2021-02-09T20:20:53, false
E2C7259B-02FE-4FAD-B3F6-2BE5588ACD44, 2021-02-09T20:21:53, false
E2C7259B-02FE-4FAD-B3F6-2BE5588ACD44, 2021-02-09T20:22:53, false
E2C7259B-02FE-4FAD-B3F6-2BE5588ACD44, 2021-02-09T20:23:53, false
E2C7259B-02FE-4FAD-B3F6-2BE5588ACD44, 2021-02-09T20:24:53, false
E2C7259B-02FE-4FAD-B3F6-2BE5588ACD44, 2021-02-09T20:25:53, false
E2C7259B-02FE-4FAD-B3F6-2BE5588ACD44, 2021-02-09T20:26:53, false
E2C7259B-02FE-4FAD-B3F6-2BE5588ACD44, 2021-02-09T20:27:53, false
E2C7259B-02FE-4FAD-B3F6-2BE5588ACD44, 2021-02-09T20:28:53, false
E2C7259B-02FE-4FAD-B3F6-2BE5588ACD44, 2021-02-09T20:29:53, false
E2C7259B-02FE-4FAD-B3F6-2BE5588ACD44, 2021-02-09T20:30:53, false
E2C7259B-02FE-4FAD-B3F6-2BE5588ACD44, 2021-02-09T20:31:53, false
E2C7259B-02FE-4FAD-B3F6-2BE5588ACD44, 2021-02-09T20:32:53, false
E2C7259B-02FE-4FAD-B3F6-2BE5588ACD44, 2021-02-09T20:33:53, false
E2C7259B-02FE-4FAD-B3F6-2BE5588ACD44, 2021-02-09T20:34:53, false
E2C7259B-02FE-4FAD-B3F6-2BE5588ACD44, 2021-02-09T20:35:53, false
E2C7259B-02FE-4FAD-B3F6-2BE5588ACD44, 2021-02-09T20:36:53, false
E2C7259B-02FE-4FAD-B3F6-2BE5588ACD44, 2021-02-09T20:37:53, false
E2C7259B-02FE-4FAD-B3F6-2BE5588ACD44, 2021-02-09T20:38:53, false
E2C7259B-02FE-4FAD-B3F6-2BE5588ACD44, 2021-02-09T20:39:53, false
E2C7259B-02FE-4FAD-B3F6-2BE5588ACD44, 2021-02-09T20:40:53, false
E2C7259B-02FE-4FAD-B3F6-2BE5588ACD44, 2021-02-09T20:41:53, false
E2C7259B-02FE-4FAD-B3F6-2BE5588ACD44, 2021-02-09T20:42:53, false
E2C7259B-02FE-4FAD-B3F6-2BE5588ACD44, 2021-02-09T20:43:53, false
E2C7259B-02FE-4FAD-B3F6-2BE5588ACD44, 2021-02-09T20:44:53, false
E2C7259B-02FE-4FAD-B3F6-2BE5588ACD44, 2021-02-09T20:45:53, false
E2C7259B-02FE-4FAD-B3F6-2BE5588ACD44, 2021-02-09T20:46:53, false
E2C7259B-02FE-4FAD-B3F6-2BE5588ACD44, 2021-02-09T20:47:53, false
E2C7259B-02FE-4FAD-B3F6-2BE5588ACD44, 2021-02-09T20:48:53, false
E2C7259B-02FE-4FAD-B3F6-2BE5588ACD44, 2021-02-09T20:49:53, false
E2C7259B-02FE-4FAD-B3F6-2BE5588ACD44, 2021-02-09T20:50:53, false
E2C7259B-02FE-4FAD-B3F6-2BE5588ACD44, 2021-02-09T20:51:53, false
E2C7259B-02FE-4FAD-B3F6-2BE5588ACD44, 2021-02-09T20:52:53, false
E2C7259B-02FE-4FAD-B3F6-2BE5588ACD44, 2021-02-09T20:53:53, false
E2C7259B-02FE-4FAD-B3F6-2BE5588ACD44, 2021-02-09T20:54:53, false
E2C7259B-02FE-4FAD-B3F6-2BE5588ACD44, 2021-02-09T20:55:53, false
E2C7259B-02FE-4FAD-B3F6-2BE5588ACD44, 2021-02-09T20:56:53, false
E2C7259B-02FE-4FAD-B3F6-2BE5588ACD44, 2021-02-09T20:57:53, false
E2C7259B-02FE-4FAD-B3F6-2BE5588ACD44, 2021-02-09T20:58:53, false
E2C7259B-02FE-4FAD-B3F6-2BE5588ACD44, 2021-02-09T20:59:53, false
E2C7259B-02FE-4FAD-B3F6-2BE5588ACD44, 2021-02-09T21:00:53, false
E2C7259B-02FE-4FAD-B3F6-2BE5588ACD44, 2021-02-09T21:01:53, false
E2C7259B-02FE-4FAD-B3F6-2BE5588ACD44, 2021-02-09T21:02:53, false
E2C7259B-02FE-4FAD-B3F6-2BE5588ACD44, 2021-02-09T21:03:53, false
E2C7259B-02FE-4FAD-B3F6-2BE5588ACD44, 2021-02-09T21:04:53, false
E2C7259B-02FE-4FAD-B3F6-2BE5588ACD44, 2021-02-09T21:05:53, false
E2C7259B-02FE-4FAD-B3F6-2BE5588ACD44, 2021-02-09T21:06:53, false
E2C7259B-02FE-4FAD-B3F6-2BE5588ACD44, 2021-02-09T21:07:53, false
E2C7259B-02FE-4FAD-B3F6-2BE5588ACD44, 2021-02-09T21:08:53, false
E2C7259B-02FE-4FAD-B3F6-2BE5588ACD44, 2021-02-09T21:09:53, false
E2C7259B-02FE-4FAD-B3F6-2BE5588ACD44, 2021-02-09T21:10:53, false
E2C7259B-02FE-4FAD-B3F6-2BE5588ACD44, 2021-02-09T21:11:53, false
E2C7259B-02FE-4FAD-B3F6-2BE5588ACD44, 2021-02-09T21:12:53, false
E2C7259B-02FE-4FAD-B3F6-2BE5588ACD44, 2021-02-09T21:13:53, false
E2C7259B-02FE-4FAD-B3F6-2BE5588ACD44, 2021-02-09T21:14:53, false
E2C7259B-02FE-4FAD-B3F6-2BE5588ACD44, 2021-02-09T21:15:53, false
E2C7259B-02FE-4FAD-B3F6-2BE5588ACD44, 2021-02-09T21:16:53, false
E2C7259B-02FE-4FAD-B3F6-2BE5588ACD44, 2021-02-09T21:17:53, false
E2C7259B-02FE-4FAD-B3F6-2BE5588ACD44, 2021-02-09T21:18:53, false
E2C7259B-02FE-4FAD-B3F6-2BE5588ACD44, 2021-02-09T21:19:53, false
E2C7259B-02FE-4FAD-B3F6-2BE5588ACD44, 2021-02-09T21:20:53, false
E2C7259B-02FE-4FAD-B3F6-2BE5588ACD44, 2021-02-09T21:21:53, false
E2C7259B-02FE-4FAD-B3F6-2BE5588ACD44, 2021-02-09T21:22:53, false
E2C7259B-02FE-4FAD-B3F6-2BE5588ACD44, 2021-02-09T21:23:53, false
E2C7259B-02FE-4FAD-B3F6-2BE5588ACD44, 2021-02-09T21:24:53, false
E2C7259B-02FE-4FAD-B3F6-2BE5588ACD44, 2021-02-09T21:25:53, false
E2C7259B-02FE-4FAD-B3F6-2BE5588ACD44, 2021-02-09T21:26:53, false
E2C7259B-02FE-4FAD-B3F6-2BE5588ACD44, 2021-02-09T21:27:53, false
E2C7259B-02FE-4FAD-B3F6-2BE5588ACD44, 2021-02-09T21:28:53, false
E2C7259B-02FE-4FAD-B3F6-2BE5588ACD44, 2021-02-09T21:29:53, false
E2C7259B-02FE-4FAD-B3F6-2BE5588ACD44, 2021-02-09T21:30:53, false
E2C7259B-02FE-4FAD-B3F6-2BE5588ACD44, 2021-02-09T21:31:53, false
E2C7259B-02FE-4FAD-B3F6-2BE5588ACD44, 2021-02-09T21:32:53, false
E2C7259B-02FE-4FAD-B3F6-2BE5588ACD44, 2021-02-09T21:33:53, false
E2C7259B-02FE-4FAD-B3F6-2BE5588ACD44, 2021-02-09T21:34:53, false
E2C7259B-02FE-4FAD-B3F6-2BE5588ACD44, 2021-02-09T21:35:53, false
E2C7259B-02FE-4FAD-B3F6-2BE5588ACD44, 2021-02-09T21:36:53, false
E2C7259B-02FE-4FAD-B3F6-2BE5588ACD44, 2021-02-09T21:37:53, false
E2C7259B-02FE-4FAD-B3F6-2BE5588ACD44, 2021-02-09T21:38:53, false
E2C7259B-02FE-4FAD-B3F6-2BE5588ACD44, 2021-02-09T21:39:53, false
E2C7259B-02FE-4FAD-B3F6-2BE5588ACD44, 2021-02-09T21:40:53, false
E2C7259B-02FE-4FAD-B3F6-2BE5588ACD44, 2021-02-09T21:41:53, false
E2C7259B-02FE-4FAD-B3F6-2BE5588ACD44, 2021-02-09T21:42:53, false
E2C7259B-02FE-4FAD-B3F6-2BE5588ACD44, 2021-02-09T21:43:53, false
E2C7259B-02FE-4FAD-B3F6-2BE5588ACD44, 2021-02-09T21:44:53, false
E2C7259B-02FE-4FAD-B3F6-2BE5588ACD44, 2021-02-09T21:45:53, false
E2C7259B-02FE-4FAD-B3F6-2BE5588ACD44, 2021-02-09T21:46:53, false
E2C7259B-02FE-4FAD-B3F6-2BE5588ACD44, 2021-02-09T21:47:53, false
E2C7259B-02FE-4FAD-B3F6-2BE5588ACD44, 2021-02-09T21:48:53, false
E2C7259B-02FE-4FAD-B3F6-2BE5588ACD44, 2021-02-09T21:49:53, false
E2C7259B-02FE-4FAD-B3F6-2BE5588ACD44, 2021-02-09T21:50:53, false
E2C7259B-02FE-4FAD-B3F6-2BE5588ACD44, 2021-02-09T21:51:53, false
E2C7259B-02FE-4FAD-B3F6-2BE5588ACD44, 2021-02-09T21:52:53, false
E2C7259B-02FE-4FAD-B3F6-2BE5588ACD44, 2021-02-09T21:53:53, false
E2C7259B-02FE-4FAD-B3F6-2BE5588ACD44, 2021-02-09T21:54:53, false
E2C7259B-02FE-4FAD-B3F6-2BE5588ACD44, 2021-02-09T21:55:53, false
E2C7259B-02FE-4FAD-B3F6-2BE5588ACD44, 2021-02-09T21:56:53, false
E2C7259B-02FE-4FAD-B3F6-2BE5588ACD44, 2021-02-09T21:57:53, false
E2C7259B-02FE-4FAD-B3F6-2BE5588ACD44, 2021-02-09T21:58:53, false
E2C7259B-02FE-4FAD-B3F6-2BE5588ACD44, 2021-02-09T21:59:53, false
E2C7259B-02FE-4FAD-B3F6-2BE5588ACD44, 2021-02-09T22:00:53, false
E2C7259B-02FE-4FAD-B3F6-2BE5588ACD44, 2021-02-09T22:01:53, false
E2C7259B-02FE-4FAD-B3F6-2BE5588ACD44, 2021-02-09T22:02:53, false
E2C7259B-02FE-4FAD-B3F6-2BE5588ACD44, 2021-02-09T22:03:53, false
E2C7259B-02FE-4FAD-B3F6-2BE5588ACD44, 2021-02-09T22:04:53, false
E2C7259B-02FE-4FAD-B3F6-2BE5588ACD44, 2021-02-09T22:05:53, false
E2C7259B-02FE-4FAD-B3F6-2BE5588ACD44, 2021-02-09T22:06:53, false
E2C7259B-02FE-4FAD-B3F6-2BE5588ACD44, 2021-02-09T22:07:53, false
E2C7259B-02FE-4FAD-B3F6-2BE5588ACD44, 2021-02-09T22:08:53, false
E2C7259B-02FE-4FAD-B3F6-2BE5588ACD44, 2021-02-09T22:09:53, false
E2C7259B-02FE-4FAD-B3F6-2BE5588ACD44, 2021-02-09T22:10:53, false
E2C7259B-02FE-4FAD-B3F6-2BE5588ACD44, 2021-02-09T22:11:53, false
E2C7259B-02FE-4FAD-B3F6-2BE5588ACD44, 2021-02-09T22:12:53, false
E2C7259B-02FE-4FAD-B3F6-2BE5588ACD44, 2021-02-09T22:13:53, false
E2C7259B-02FE-4FAD-B3F6-2BE5588ACD44, 2021-02-09T22:14:53, false
E2C7259B-02FE-4FAD-B3F6-2BE5588ACD44, 2021-02-09T22:15:53, false
E2C7259B-02FE-4FAD-B3F6-2BE5588ACD44, 2021-02-09T22:16:53, false
E2C7259B-02FE-4FAD-B3F6-2BE5588ACD44, 2021-02-09T22:17:53, false
E2C7259B-02FE-4FAD-B3F6-2BE5588ACD44, 2021-02-09T22:18:53, false
E2C7259B-02FE-4FAD-B3F6-2BE5588ACD44, 2021-02-09T22:19:53, false
E2C7259B-02FE-4FAD-B3F6-2BE5588ACD44, 2021-02-09T22:20:53, false
E2C7259B-02FE-4FAD-B3F6-2BE5588ACD44, 2021-02-09T22:21:53, false
E2C7259B-02FE-4FAD-B3F6-2BE5588ACD44, 2021-02-09T22:22:53, false
E2C7259B-02FE-4FAD-B3F6-2BE5588ACD44, 2021-02-09T22:23:53, false
E2C7259B-02FE-4FAD-B3F6-2BE5588ACD44, 2021-02-09T22:24:53, false
E2C7259B-02FE-4FAD-B3F6-2BE5588ACD44, 2021-02-09T22:25:53, false
E2C7259B-02FE-4FAD-B3F6-2BE5588ACD44, 2021-02-09T22:26:53, false
E2C7259B-02FE-4FAD-B3F6-2BE5588ACD44, 2021-02-09T22:27:53, false
E2C7259B-02FE-4FAD-B3F6-2BE5588ACD44, 2021-02-09T22:28:53, false
E2C7259B-02FE-4FAD-B3F6-2BE5588ACD44, 2021-02-09T22:29:53, false
E2C7259B-02FE-4FAD-B3F6-2BE5588ACD44, 2021-02-09T22:30:53, false
E2C7259B-02FE-4FAD-B3F6-2BE5588ACD44, 2021-02-09T22:31:53, false
E2C7259B-02FE-4FAD-B3F6-2BE5588ACD44, 2021-02-09T22:32:53, false
E2C7259B-02FE-4FAD-B3F6-2BE5588ACD44, 2021-02-09T22:33:53, false
E2C7259B-02FE-4FAD-B3F6-2BE5588ACD44, 2021-02-09T22:34:53, false
E2C7259B-02FE-4FAD-B3F6-2BE5588ACD44, 2021-02-09T22:35:53, false
E2C7259B-02FE-4FAD-B3F6-2BE5588ACD44, 2021-02-09T22:36:53, false
E2C7259B-02FE-4FAD-B3F6-2BE5588ACD44, 2021-02-09T22:37:53, false
E2C7259B-02FE-4FAD-B3F6-2BE5588ACD44, 2021-02-09T22:38:53, false
E2C7259B-02FE-4FAD-B3F6-2BE5588ACD44, 2021-02-09T22:39:53, false
E2C7259B-02FE-4FAD-B3F6-2BE5588ACD44, 2021-02-09T22:40:53, false
E2C7259B-02FE-4FAD-B3F6-2BE5588ACD44, 2021-02-09T22:41:53, false
E2C7259B-02FE-4FAD-B3F6-2BE5588ACD44, 2021-02-09T22:42:53, false
E2C7259B-02FE-4FAD-B3F6-2BE5588ACD44, 2021-02-09T22:43:53, false
E2C7259B-02FE-4FAD-B3F6-2BE5588ACD44, 2021-02-09T22:44:53, false
E2C7259B-02FE-4FAD-B3F6-2BE5588ACD44, 2021-02-09T22:45:53, false
E2C7259B-02FE-4FAD-B3F6-2BE5588ACD44, 2021-02-09T22:46:53, false
E2C7259B-02FE-4FAD-B3F6-2BE5588ACD44, 2021-02-09T22:47:53, false
E2C7259B-02FE-4FAD-B3F6-2BE5588ACD44, 2021-02-09T22:48:53, false
E2C7259B-02FE-4FAD-B3F6-2BE5588ACD44, 2021-02-09T22:49:53, false
E2C7259B-02FE-4FAD-B3F6-2BE5588ACD44, 2021-02-09T22:50:53, false
E2C7259B-02FE-4FAD-B3F6-2BE5588ACD44, 2021-02-09T22:51:53, false
E2C7259B-02FE-4FAD-B3F6-2BE5588ACD44, 2021-02-09T22:52:53, false
E2C7259B-02FE-4FAD-B3F6-2BE5588ACD44, 2021-02-09T22:53:53, false
E2C7259B-02FE-4FAD-B3F6-2BE5588ACD44, 2021-02-09T22:54:53, false
E2C7259B-02FE-4FAD-B3F6-2BE5588ACD44, 2021-02-09T22:55:53, false
E2C7259B-02FE-4FAD-B3F6-2BE5588ACD44, 2021-02-09T22:56:53, false
E2C7259B-02FE-4FAD-B3F6-2BE5588ACD44, 2021-02-09T22:57:53, false
E2C7259B-02FE-4FAD-B3F6-2BE5588ACD44, 2021-02-09T22:58:53, false
E2C7259B-02FE-4FAD-B3F6-2BE5588ACD44, 2021-02-09T22:59:53, false
E2C7259B-02FE-4FAD-B3F6-2BE5588ACD44, 2021-02-09T23:00:53, false
E2C7259B-02FE-4FAD-B3F6-2BE5588ACD44, 2021-02-09T23:01:53, false
E2C7259B-02FE-4FAD-B3F6-2BE5588ACD44, 2021-02-09T23:02:53, false
E2C7259B-02FE-4FAD-B3F6-2BE5588ACD44, 2021-02-09T23:03:53, false
E2C7259B-02FE-4FAD-B3F6-2BE5588ACD44, 2021-02-09T23:04:53, false
E2C7259B-02FE-4FAD-B3F6-2BE5588ACD44, 2021-02-09T23:05:53, false
E2C7259B-02FE-4FAD-B3F6-2BE5588ACD44, 2021-02-09T23:06:53, false
E2C7259B-02FE-4FAD-B3F6-2BE5588ACD44, 2021-02-09T23:07:53, false
E2C7259B-02FE-4FAD-B3F6-2BE5588ACD44, 2021-02-09T23:08:53, false
E2C7259B-02FE-4FAD-B3F6-2BE5588ACD44, 2021-02-09T23:09:53, false
E2C7259B-02FE-4FAD-B3F6-2BE5588ACD44, 2021-02-09T23:10:53, false
E2C7259B-02FE-4FAD-B3F6-2BE5588ACD44, 2021-02-09T23:11:53, false
E2C7259B-02FE-4FAD-B3F6-2BE5588ACD44, 2021-02-09T23:12:53, false
E2C7259B-02FE-4FAD-B3F6-2BE5588ACD44, 2021-02-09T23:13:53, false
E2C7259B-02FE-4FAD-B3F6-2BE5588ACD44, 2021-02-09T23:14:53, false
E2C7259B-02FE-4FAD-B3F6-2BE5588ACD44, 2021-02-09T23:15:53, false
E2C7259B-02FE-4FAD-B3F6-2BE5588ACD44, 2021-02-09T23:16:53, false
E2C7259B-02FE-4FAD-B3F6-2BE5588ACD44, 2021-02-09T23:17:53, false
E2C7259B-02FE-4FAD-B3F6-2BE5588ACD44, 2021-02-09T23:18:53, false
E2C7259B-02FE-4FAD-B3F6-2BE5588ACD44, 2021-02-09T23:19:53, false
E2C7259B-02FE-4FAD-B3F6-2BE5588ACD44, 2021-02-09T23:20:53, false
E2C7259B-02FE-4FAD-B3F6-2BE5588ACD44, 2021-02-09T23:21:53, false
E2C7259B-02FE-4FAD-B3F6-2BE5588ACD44, 2021-02-09T23:22:53, false
E2C7259B-02FE-4FAD-B3F6-2BE5588ACD44, 2021-02-09T23:23:53, false
E2C7259B-02FE-4FAD-B3F6-2BE5588ACD44, 2021-02-09T23:24:53, false
E2C7259B-02FE-4FAD-B3F6-2BE5588ACD44, 2021-02-09T23:25:53, false
E2C7259B-02FE-4FAD-B3F6-2BE5588ACD44, 2021-02-09T23:26:53, false
E2C7259B-02FE-4FAD-B3F6-2BE5588ACD44, 2021-02-09T23:27:53, false
E2C7259B-02FE-4FAD-B3F6-2BE5588ACD44, 2021-02-09T23:28:53, false
E2C7259B-02FE-4FAD-B3F6-2BE5588ACD44, 2021-02-09T23:29:53, false
E2C7259B-02FE-4FAD-B3F6-2BE5588ACD44, 2021-02-09T23:30:53, false
E2C7259B-02FE-4FAD-B3F6-2BE5588ACD44, 2021-02-09T23:31:53, false
E2C7259B-02FE-4FAD-B3F6-2BE5588ACD44, 2021-02-09T23:32:53, false
E2C7259B-02FE-4FAD-B3F6-2BE5588ACD44, 2021-02-09T23:33:53, false
E2C7259B-02FE-4FAD-B3F6-2BE5588ACD44, 2021-02-09T23:34:53, false
E2C7259B-02FE-4FAD-B3F6-2BE5588ACD44, 2021-02-09T23:35:53, false
E2C7259B-02FE-4FAD-B3F6-2BE5588ACD44, 2021-02-09T23:36:53, false
E2C7259B-02FE-4FAD-B3F6-2BE5588ACD44, 2021-02-09T23:37:53, false
E2C7259B-02FE-4FAD-B3F6-2BE5588ACD44, 2021-02-09T23:38:53, false
E2C7259B-02FE-4FAD-B3F6-2BE5588ACD44, 2021-02-09T23:39:53, false
E2C7259B-02FE-4FAD-B3F6-2BE5588ACD44, 2021-02-09T23:40:53, false
E2C7259B-02FE-4FAD-B3F6-2BE5588ACD44, 2021-02-09T23:41:53, false
E2C7259B-02FE-4FAD-B3F6-2BE5588ACD44, 2021-02-09T23:42:53, false
E2C7259B-02FE-4FAD-B3F6-2BE5588ACD44, 2021-02-09T23:43:53, false
E2C7259B-02FE-4FAD-B3F6-2BE5588ACD44, 2021-02-09T23:44:53, false
E2C7259B-02FE-4FAD-B3F6-2BE5588ACD44, 2021-02-09T23:45:53, false
E2C7259B-02FE-4FAD-B3F6-2BE5588ACD44, 2021-02-09T23:46:53, false
E2C7259B-02FE-4FAD-B3F6-2BE5588ACD44, 2021-02-09T23:47:53, false
E2C7259B-02FE-4FAD-B3F6-2BE5588ACD44, 2021-02-09T23:48:53, false
E2C7259B-02FE-4FAD-B3F6-2BE5588ACD44, 2021-02-09T23:49:53, false
E2C7259B-02FE-4FAD-B3F6-2BE5588ACD44, 2021-02-09T23:50:53, false
E2C7259B-02FE-4FAD-B3F6-2BE5588ACD44, 2021-02-09T23:51:53, false
E2C7259B-02FE-4FAD-B3F6-2BE5588ACD44, 2021-02-09T23:52:53, false
E2C7259B-02FE-4FAD-B3F6-2BE5588ACD44, 2021-02-09T23:53:53, false
E2C7259B-02FE-4FAD-B3F6-2BE5588ACD44, 2021-02-09T23:54:53, false
E2C7259B-02FE-4FAD-B3F6-2BE5588ACD44, 2021-02-09T23:55:53, false
E2C7259B-02FE-4FAD-B3F6-2BE5588ACD44, 2021-02-09T23:56:53, false
E2C7259B-02FE-4FAD-B3F6-2BE5588ACD44, 2021-02-09T23:57:53, false
E2C7259B-02FE-4FAD-B3F6-2BE5588ACD44, 2021-02-09T23:58:53, false
E2C7259B-02FE-4FAD-B3F6-2BE5588ACD44, 2021-02-09T23:59:53, false
