Device, Measure Date Time, Exist
E2C7259B-02FE-4FAD-B3F6-2BE5588ACD44, 2021-02-05T00:00:53, false
E2C7259B-02FE-4FAD-B3F6-2BE5588ACD44, 2021-02-05T00:01:53, false
E2C7259B-02FE-4FAD-B3F6-2BE5588ACD44, 2021-02-05T00:02:53, false
E2C7259B-02FE-4FAD-B3F6-2BE5588ACD44, 2021-02-05T00:03:53, false
E2C7259B-02FE-4FAD-B3F6-2BE5588ACD44, 2021-02-05T00:04:53, false
E2C7259B-02FE-4FAD-B3F6-2BE5588ACD44, 2021-02-05T00:05:53, false
E2C7259B-02FE-4FAD-B3F6-2BE5588ACD44, 2021-02-05T00:06:53, false
E2C7259B-02FE-4FAD-B3F6-2BE5588ACD44, 2021-02-05T00:07:53, false
E2C7259B-02FE-4FAD-B3F6-2BE5588ACD44, 2021-02-05T00:08:53, false
E2C7259B-02FE-4FAD-B3F6-2BE5588ACD44, 2021-02-05T00:09:53, false
E2C7259B-02FE-4FAD-B3F6-2BE5588ACD44, 2021-02-05T00:10:53, false
E2C7259B-02FE-4FAD-B3F6-2BE5588ACD44, 2021-02-05T00:11:53, false
E2C7259B-02FE-4FAD-B3F6-2BE5588ACD44, 2021-02-05T00:12:53, false
E2C7259B-02FE-4FAD-B3F6-2BE5588ACD44, 2021-02-05T00:13:53, false
E2C7259B-02FE-4FAD-B3F6-2BE5588ACD44, 2021-02-05T00:14:53, false
E2C7259B-02FE-4FAD-B3F6-2BE5588ACD44, 2021-02-05T00:15:53, false
E2C7259B-02FE-4FAD-B3F6-2BE5588ACD44, 2021-02-05T00:16:53, false
E2C7259B-02FE-4FAD-B3F6-2BE5588ACD44, 2021-02-05T00:17:53, false
E2C7259B-02FE-4FAD-B3F6-2BE5588ACD44, 2021-02-05T00:18:53, false
E2C7259B-02FE-4FAD-B3F6-2BE5588ACD44, 2021-02-05T00:19:53, false
E2C7259B-02FE-4FAD-B3F6-2BE5588ACD44, 2021-02-05T00:20:53, false
E2C7259B-02FE-4FAD-B3F6-2BE5588ACD44, 2021-02-05T00:21:53, false
E2C7259B-02FE-4FAD-B3F6-2BE5588ACD44, 2021-02-05T00:22:53, false
E2C7259B-02FE-4FAD-B3F6-2BE5588ACD44, 2021-02-05T00:23:53, false
E2C7259B-02FE-4FAD-B3F6-2BE5588ACD44, 2021-02-05T00:24:53, false
E2C7259B-02FE-4FAD-B3F6-2BE5588ACD44, 2021-02-05T00:25:53, false
E2C7259B-02FE-4FAD-B3F6-2BE5588ACD44, 2021-02-05T00:26:53, false
E2C7259B-02FE-4FAD-B3F6-2BE5588ACD44, 2021-02-05T00:27:53, false
E2C7259B-02FE-4FAD-B3F6-2BE5588ACD44, 2021-02-05T00:28:53, false
E2C7259B-02FE-4FAD-B3F6-2BE5588ACD44, 2021-02-05T00:29:53, false
E2C7259B-02FE-4FAD-B3F6-2BE5588ACD44, 2021-02-05T00:30:53, false
E2C7259B-02FE-4FAD-B3F6-2BE5588ACD44, 2021-02-05T00:31:53, false
E2C7259B-02FE-4FAD-B3F6-2BE5588ACD44, 2021-02-05T00:32:53, false
E2C7259B-02FE-4FAD-B3F6-2BE5588ACD44, 2021-02-05T00:33:53, false
E2C7259B-02FE-4FAD-B3F6-2BE5588ACD44, 2021-02-05T00:34:53, false
E2C7259B-02FE-4FAD-B3F6-2BE5588ACD44, 2021-02-05T00:35:53, false
E2C7259B-02FE-4FAD-B3F6-2BE5588ACD44, 2021-02-05T00:36:53, false
E2C7259B-02FE-4FAD-B3F6-2BE5588ACD44, 2021-02-05T00:37:53, false
E2C7259B-02FE-4FAD-B3F6-2BE5588ACD44, 2021-02-05T00:38:53, false
E2C7259B-02FE-4FAD-B3F6-2BE5588ACD44, 2021-02-05T00:39:53, false
E2C7259B-02FE-4FAD-B3F6-2BE5588ACD44, 2021-02-05T00:40:53, false
E2C7259B-02FE-4FAD-B3F6-2BE5588ACD44, 2021-02-05T00:41:53, false
E2C7259B-02FE-4FAD-B3F6-2BE5588ACD44, 2021-02-05T00:42:53, false
E2C7259B-02FE-4FAD-B3F6-2BE5588ACD44, 2021-02-05T00:43:53, false
E2C7259B-02FE-4FAD-B3F6-2BE5588ACD44, 2021-02-05T00:44:53, false
E2C7259B-02FE-4FAD-B3F6-2BE5588ACD44, 2021-02-05T00:45:53, false
E2C7259B-02FE-4FAD-B3F6-2BE5588ACD44, 2021-02-05T00:46:53, false
E2C7259B-02FE-4FAD-B3F6-2BE5588ACD44, 2021-02-05T00:47:53, false
E2C7259B-02FE-4FAD-B3F6-2BE5588ACD44, 2021-02-05T00:48:53, false
E2C7259B-02FE-4FAD-B3F6-2BE5588ACD44, 2021-02-05T00:49:53, false
E2C7259B-02FE-4FAD-B3F6-2BE5588ACD44, 2021-02-05T00:50:53, false
E2C7259B-02FE-4FAD-B3F6-2BE5588ACD44, 2021-02-05T00:51:53, false
E2C7259B-02FE-4FAD-B3F6-2BE5588ACD44, 2021-02-05T00:52:53, false
E2C7259B-02FE-4FAD-B3F6-2BE5588ACD44, 2021-02-05T00:53:53, false
E2C7259B-02FE-4FAD-B3F6-2BE5588ACD44, 2021-02-05T00:54:53, false
E2C7259B-02FE-4FAD-B3F6-2BE5588ACD44, 2021-02-05T00:55:53, false
E2C7259B-02FE-4FAD-B3F6-2BE5588ACD44, 2021-02-05T00:56:53, false
E2C7259B-02FE-4FAD-B3F6-2BE5588ACD44, 2021-02-05T00:57:53, false
E2C7259B-02FE-4FAD-B3F6-2BE5588ACD44, 2021-02-05T00:58:53, false
E2C7259B-02FE-4FAD-B3F6-2BE5588ACD44, 2021-02-05T00:59:53, false
E2C7259B-02FE-4FAD-B3F6-2BE5588ACD44, 2021-02-05T01:00:53, false
E2C7259B-02FE-4FAD-B3F6-2BE5588ACD44, 2021-02-05T01:01:53, false
E2C7259B-02FE-4FAD-B3F6-2BE5588ACD44, 2021-02-05T01:02:53, false
E2C7259B-02FE-4FAD-B3F6-2BE5588ACD44, 2021-02-05T01:03:53, false
E2C7259B-02FE-4FAD-B3F6-2BE5588ACD44, 2021-02-05T01:04:53, false
E2C7259B-02FE-4FAD-B3F6-2BE5588ACD44, 2021-02-05T01:05:53, false
E2C7259B-02FE-4FAD-B3F6-2BE5588ACD44, 2021-02-05T01:06:53, false
E2C7259B-02FE-4FAD-B3F6-2BE5588ACD44, 2021-02-05T01:07:53, false
E2C7259B-02FE-4FAD-B3F6-2BE5588ACD44, 2021-02-05T01:08:53, false
E2C7259B-02FE-4FAD-B3F6-2BE5588ACD44, 2021-02-05T01:09:53, false
E2C7259B-02FE-4FAD-B3F6-2BE5588ACD44, 2021-02-05T01:10:53, false
E2C7259B-02FE-4FAD-B3F6-2BE5588ACD44, 2021-02-05T01:11:53, false
E2C7259B-02FE-4FAD-B3F6-2BE5588ACD44, 2021-02-05T01:12:53, false
E2C7259B-02FE-4FAD-B3F6-2BE5588ACD44, 2021-02-05T01:13:53, false
E2C7259B-02FE-4FAD-B3F6-2BE5588ACD44, 2021-02-05T01:14:53, false
E2C7259B-02FE-4FAD-B3F6-2BE5588ACD44, 2021-02-05T01:15:53, false
E2C7259B-02FE-4FAD-B3F6-2BE5588ACD44, 2021-02-05T01:16:53, false
E2C7259B-02FE-4FAD-B3F6-2BE5588ACD44, 2021-02-05T01:17:53, false
E2C7259B-02FE-4FAD-B3F6-2BE5588ACD44, 2021-02-05T01:18:53, false
E2C7259B-02FE-4FAD-B3F6-2BE5588ACD44, 2021-02-05T01:19:53, false
E2C7259B-02FE-4FAD-B3F6-2BE5588ACD44, 2021-02-05T01:20:53, false
E2C7259B-02FE-4FAD-B3F6-2BE5588ACD44, 2021-02-05T01:21:53, false
E2C7259B-02FE-4FAD-B3F6-2BE5588ACD44, 2021-02-05T01:22:53, false
E2C7259B-02FE-4FAD-B3F6-2BE5588ACD44, 2021-02-05T01:23:53, false
E2C7259B-02FE-4FAD-B3F6-2BE5588ACD44, 2021-02-05T01:24:53, false
E2C7259B-02FE-4FAD-B3F6-2BE5588ACD44, 2021-02-05T01:25:53, false
E2C7259B-02FE-4FAD-B3F6-2BE5588ACD44, 2021-02-05T01:26:53, false
E2C7259B-02FE-4FAD-B3F6-2BE5588ACD44, 2021-02-05T01:27:53, false
E2C7259B-02FE-4FAD-B3F6-2BE5588ACD44, 2021-02-05T01:28:53, false
E2C7259B-02FE-4FAD-B3F6-2BE5588ACD44, 2021-02-05T01:29:53, false
E2C7259B-02FE-4FAD-B3F6-2BE5588ACD44, 2021-02-05T01:30:53, false
E2C7259B-02FE-4FAD-B3F6-2BE5588ACD44, 2021-02-05T01:31:53, false
E2C7259B-02FE-4FAD-B3F6-2BE5588ACD44, 2021-02-05T01:32:53, false
E2C7259B-02FE-4FAD-B3F6-2BE5588ACD44, 2021-02-05T01:33:53, false
E2C7259B-02FE-4FAD-B3F6-2BE5588ACD44, 2021-02-05T01:34:53, false
E2C7259B-02FE-4FAD-B3F6-2BE5588ACD44, 2021-02-05T01:35:53, false
E2C7259B-02FE-4FAD-B3F6-2BE5588ACD44, 2021-02-05T01:36:53, false
E2C7259B-02FE-4FAD-B3F6-2BE5588ACD44, 2021-02-05T01:37:53, false
E2C7259B-02FE-4FAD-B3F6-2BE5588ACD44, 2021-02-05T01:38:53, false
E2C7259B-02FE-4FAD-B3F6-2BE5588ACD44, 2021-02-05T01:39:53, false
E2C7259B-02FE-4FAD-B3F6-2BE5588ACD44, 2021-02-05T01:40:53, false
E2C7259B-02FE-4FAD-B3F6-2BE5588ACD44, 2021-02-05T01:41:53, false
E2C7259B-02FE-4FAD-B3F6-2BE5588ACD44, 2021-02-05T01:42:53, false
E2C7259B-02FE-4FAD-B3F6-2BE5588ACD44, 2021-02-05T01:43:53, false
E2C7259B-02FE-4FAD-B3F6-2BE5588ACD44, 2021-02-05T01:44:53, false
E2C7259B-02FE-4FAD-B3F6-2BE5588ACD44, 2021-02-05T01:45:53, false
E2C7259B-02FE-4FAD-B3F6-2BE5588ACD44, 2021-02-05T01:46:53, false
E2C7259B-02FE-4FAD-B3F6-2BE5588ACD44, 2021-02-05T01:47:53, false
E2C7259B-02FE-4FAD-B3F6-2BE5588ACD44, 2021-02-05T01:48:53, false
E2C7259B-02FE-4FAD-B3F6-2BE5588ACD44, 2021-02-05T01:49:53, false
E2C7259B-02FE-4FAD-B3F6-2BE5588ACD44, 2021-02-05T01:50:53, false
E2C7259B-02FE-4FAD-B3F6-2BE5588ACD44, 2021-02-05T01:51:53, false
E2C7259B-02FE-4FAD-B3F6-2BE5588ACD44, 2021-02-05T01:52:53, false
E2C7259B-02FE-4FAD-B3F6-2BE5588ACD44, 2021-02-05T01:53:53, false
E2C7259B-02FE-4FAD-B3F6-2BE5588ACD44, 2021-02-05T01:54:53, false
E2C7259B-02FE-4FAD-B3F6-2BE5588ACD44, 2021-02-05T01:55:53, false
E2C7259B-02FE-4FAD-B3F6-2BE5588ACD44, 2021-02-05T01:56:53, false
E2C7259B-02FE-4FAD-B3F6-2BE5588ACD44, 2021-02-05T01:57:53, false
E2C7259B-02FE-4FAD-B3F6-2BE5588ACD44, 2021-02-05T01:58:53, false
E2C7259B-02FE-4FAD-B3F6-2BE5588ACD44, 2021-02-05T01:59:53, false
E2C7259B-02FE-4FAD-B3F6-2BE5588ACD44, 2021-02-05T02:00:53, false
E2C7259B-02FE-4FAD-B3F6-2BE5588ACD44, 2021-02-05T02:01:53, false
E2C7259B-02FE-4FAD-B3F6-2BE5588ACD44, 2021-02-05T02:02:53, false
E2C7259B-02FE-4FAD-B3F6-2BE5588ACD44, 2021-02-05T02:03:53, false
E2C7259B-02FE-4FAD-B3F6-2BE5588ACD44, 2021-02-05T02:04:53, false
E2C7259B-02FE-4FAD-B3F6-2BE5588ACD44, 2021-02-05T02:05:53, false
E2C7259B-02FE-4FAD-B3F6-2BE5588ACD44, 2021-02-05T02:06:53, false
E2C7259B-02FE-4FAD-B3F6-2BE5588ACD44, 2021-02-05T02:07:53, false
E2C7259B-02FE-4FAD-B3F6-2BE5588ACD44, 2021-02-05T02:08:53, false
E2C7259B-02FE-4FAD-B3F6-2BE5588ACD44, 2021-02-05T02:09:53, false
E2C7259B-02FE-4FAD-B3F6-2BE5588ACD44, 2021-02-05T02:10:53, false
E2C7259B-02FE-4FAD-B3F6-2BE5588ACD44, 2021-02-05T02:11:53, false
E2C7259B-02FE-4FAD-B3F6-2BE5588ACD44, 2021-02-05T02:12:53, false
E2C7259B-02FE-4FAD-B3F6-2BE5588ACD44, 2021-02-05T02:13:53, false
E2C7259B-02FE-4FAD-B3F6-2BE5588ACD44, 2021-02-05T02:14:53, false
E2C7259B-02FE-4FAD-B3F6-2BE5588ACD44, 2021-02-05T02:15:53, false
E2C7259B-02FE-4FAD-B3F6-2BE5588ACD44, 2021-02-05T02:16:53, false
E2C7259B-02FE-4FAD-B3F6-2BE5588ACD44, 2021-02-05T02:17:53, false
E2C7259B-02FE-4FAD-B3F6-2BE5588ACD44, 2021-02-05T02:18:53, false
E2C7259B-02FE-4FAD-B3F6-2BE5588ACD44, 2021-02-05T02:19:53, false
E2C7259B-02FE-4FAD-B3F6-2BE5588ACD44, 2021-02-05T02:20:53, false
E2C7259B-02FE-4FAD-B3F6-2BE5588ACD44, 2021-02-05T02:21:53, false
E2C7259B-02FE-4FAD-B3F6-2BE5588ACD44, 2021-02-05T02:22:53, false
E2C7259B-02FE-4FAD-B3F6-2BE5588ACD44, 2021-02-05T02:23:53, false
E2C7259B-02FE-4FAD-B3F6-2BE5588ACD44, 2021-02-05T02:24:53, false
E2C7259B-02FE-4FAD-B3F6-2BE5588ACD44, 2021-02-05T02:25:53, false
E2C7259B-02FE-4FAD-B3F6-2BE5588ACD44, 2021-02-05T02:26:53, false
E2C7259B-02FE-4FAD-B3F6-2BE5588ACD44, 2021-02-05T02:27:53, false
E2C7259B-02FE-4FAD-B3F6-2BE5588ACD44, 2021-02-05T02:28:53, false
E2C7259B-02FE-4FAD-B3F6-2BE5588ACD44, 2021-02-05T02:29:53, false
E2C7259B-02FE-4FAD-B3F6-2BE5588ACD44, 2021-02-05T02:30:53, false
E2C7259B-02FE-4FAD-B3F6-2BE5588ACD44, 2021-02-05T02:31:53, false
E2C7259B-02FE-4FAD-B3F6-2BE5588ACD44, 2021-02-05T02:32:53, false
E2C7259B-02FE-4FAD-B3F6-2BE5588ACD44, 2021-02-05T02:33:53, false
E2C7259B-02FE-4FAD-B3F6-2BE5588ACD44, 2021-02-05T02:34:53, false
E2C7259B-02FE-4FAD-B3F6-2BE5588ACD44, 2021-02-05T02:35:53, false
E2C7259B-02FE-4FAD-B3F6-2BE5588ACD44, 2021-02-05T02:36:53, false
E2C7259B-02FE-4FAD-B3F6-2BE5588ACD44, 2021-02-05T02:37:53, false
E2C7259B-02FE-4FAD-B3F6-2BE5588ACD44, 2021-02-05T02:38:53, false
E2C7259B-02FE-4FAD-B3F6-2BE5588ACD44, 2021-02-05T02:39:53, false
E2C7259B-02FE-4FAD-B3F6-2BE5588ACD44, 2021-02-05T02:40:53, false
E2C7259B-02FE-4FAD-B3F6-2BE5588ACD44, 2021-02-05T02:41:53, false
E2C7259B-02FE-4FAD-B3F6-2BE5588ACD44, 2021-02-05T02:42:53, false
E2C7259B-02FE-4FAD-B3F6-2BE5588ACD44, 2021-02-05T02:43:53, false
E2C7259B-02FE-4FAD-B3F6-2BE5588ACD44, 2021-02-05T02:44:53, false
E2C7259B-02FE-4FAD-B3F6-2BE5588ACD44, 2021-02-05T02:45:53, false
E2C7259B-02FE-4FAD-B3F6-2BE5588ACD44, 2021-02-05T02:46:53, false
E2C7259B-02FE-4FAD-B3F6-2BE5588ACD44, 2021-02-05T02:47:53, false
E2C7259B-02FE-4FAD-B3F6-2BE5588ACD44, 2021-02-05T02:48:53, false
E2C7259B-02FE-4FAD-B3F6-2BE5588ACD44, 2021-02-05T02:49:53, false
E2C7259B-02FE-4FAD-B3F6-2BE5588ACD44, 2021-02-05T02:50:53, false
E2C7259B-02FE-4FAD-B3F6-2BE5588ACD44, 2021-02-05T02:51:53, false
E2C7259B-02FE-4FAD-B3F6-2BE5588ACD44, 2021-02-05T02:52:53, false
E2C7259B-02FE-4FAD-B3F6-2BE5588ACD44, 2021-02-05T02:53:53, false
E2C7259B-02FE-4FAD-B3F6-2BE5588ACD44, 2021-02-05T02:54:53, false
E2C7259B-02FE-4FAD-B3F6-2BE5588ACD44, 2021-02-05T02:55:53, false
E2C7259B-02FE-4FAD-B3F6-2BE5588ACD44, 2021-02-05T02:56:53, false
E2C7259B-02FE-4FAD-B3F6-2BE5588ACD44, 2021-02-05T02:57:53, false
E2C7259B-02FE-4FAD-B3F6-2BE5588ACD44, 2021-02-05T02:58:53, false
E2C7259B-02FE-4FAD-B3F6-2BE5588ACD44, 2021-02-05T02:59:53, false
E2C7259B-02FE-4FAD-B3F6-2BE5588ACD44, 2021-02-05T03:00:53, false
E2C7259B-02FE-4FAD-B3F6-2BE5588ACD44, 2021-02-05T03:01:53, false
E2C7259B-02FE-4FAD-B3F6-2BE5588ACD44, 2021-02-05T03:02:53, false
E2C7259B-02FE-4FAD-B3F6-2BE5588ACD44, 2021-02-05T03:03:53, false
E2C7259B-02FE-4FAD-B3F6-2BE5588ACD44, 2021-02-05T03:04:53, false
E2C7259B-02FE-4FAD-B3F6-2BE5588ACD44, 2021-02-05T03:05:53, false
E2C7259B-02FE-4FAD-B3F6-2BE5588ACD44, 2021-02-05T03:06:53, false
E2C7259B-02FE-4FAD-B3F6-2BE5588ACD44, 2021-02-05T03:07:53, false
E2C7259B-02FE-4FAD-B3F6-2BE5588ACD44, 2021-02-05T03:08:53, false
E2C7259B-02FE-4FAD-B3F6-2BE5588ACD44, 2021-02-05T03:09:53, false
E2C7259B-02FE-4FAD-B3F6-2BE5588ACD44, 2021-02-05T03:10:53, false
E2C7259B-02FE-4FAD-B3F6-2BE5588ACD44, 2021-02-05T03:11:53, false
E2C7259B-02FE-4FAD-B3F6-2BE5588ACD44, 2021-02-05T03:12:53, false
E2C7259B-02FE-4FAD-B3F6-2BE5588ACD44, 2021-02-05T03:13:53, false
E2C7259B-02FE-4FAD-B3F6-2BE5588ACD44, 2021-02-05T03:14:53, false
E2C7259B-02FE-4FAD-B3F6-2BE5588ACD44, 2021-02-05T03:15:53, false
E2C7259B-02FE-4FAD-B3F6-2BE5588ACD44, 2021-02-05T03:16:53, false
E2C7259B-02FE-4FAD-B3F6-2BE5588ACD44, 2021-02-05T03:17:53, false
E2C7259B-02FE-4FAD-B3F6-2BE5588ACD44, 2021-02-05T03:18:53, false
E2C7259B-02FE-4FAD-B3F6-2BE5588ACD44, 2021-02-05T03:19:53, false
E2C7259B-02FE-4FAD-B3F6-2BE5588ACD44, 2021-02-05T03:20:53, false
E2C7259B-02FE-4FAD-B3F6-2BE5588ACD44, 2021-02-05T03:21:53, false
E2C7259B-02FE-4FAD-B3F6-2BE5588ACD44, 2021-02-05T03:22:53, false
E2C7259B-02FE-4FAD-B3F6-2BE5588ACD44, 2021-02-05T03:23:53, false
E2C7259B-02FE-4FAD-B3F6-2BE5588ACD44, 2021-02-05T03:24:53, false
E2C7259B-02FE-4FAD-B3F6-2BE5588ACD44, 2021-02-05T03:25:53, false
E2C7259B-02FE-4FAD-B3F6-2BE5588ACD44, 2021-02-05T03:26:53, false
E2C7259B-02FE-4FAD-B3F6-2BE5588ACD44, 2021-02-05T03:27:53, false
E2C7259B-02FE-4FAD-B3F6-2BE5588ACD44, 2021-02-05T03:28:53, false
E2C7259B-02FE-4FAD-B3F6-2BE5588ACD44, 2021-02-05T03:29:53, false
E2C7259B-02FE-4FAD-B3F6-2BE5588ACD44, 2021-02-05T03:30:53, false
E2C7259B-02FE-4FAD-B3F6-2BE5588ACD44, 2021-02-05T03:31:53, false
E2C7259B-02FE-4FAD-B3F6-2BE5588ACD44, 2021-02-05T03:32:53, false
E2C7259B-02FE-4FAD-B3F6-2BE5588ACD44, 2021-02-05T03:33:53, false
E2C7259B-02FE-4FAD-B3F6-2BE5588ACD44, 2021-02-05T03:34:53, false
E2C7259B-02FE-4FAD-B3F6-2BE5588ACD44, 2021-02-05T03:35:53, false
E2C7259B-02FE-4FAD-B3F6-2BE5588ACD44, 2021-02-05T03:36:53, false
E2C7259B-02FE-4FAD-B3F6-2BE5588ACD44, 2021-02-05T03:37:53, false
E2C7259B-02FE-4FAD-B3F6-2BE5588ACD44, 2021-02-05T03:38:53, false
E2C7259B-02FE-4FAD-B3F6-2BE5588ACD44, 2021-02-05T03:39:53, false
E2C7259B-02FE-4FAD-B3F6-2BE5588ACD44, 2021-02-05T03:40:53, false
E2C7259B-02FE-4FAD-B3F6-2BE5588ACD44, 2021-02-05T03:41:53, false
E2C7259B-02FE-4FAD-B3F6-2BE5588ACD44, 2021-02-05T03:42:53, false
E2C7259B-02FE-4FAD-B3F6-2BE5588ACD44, 2021-02-05T03:43:53, false
E2C7259B-02FE-4FAD-B3F6-2BE5588ACD44, 2021-02-05T03:44:53, false
E2C7259B-02FE-4FAD-B3F6-2BE5588ACD44, 2021-02-05T03:45:53, false
E2C7259B-02FE-4FAD-B3F6-2BE5588ACD44, 2021-02-05T03:46:53, false
E2C7259B-02FE-4FAD-B3F6-2BE5588ACD44, 2021-02-05T03:47:53, false
E2C7259B-02FE-4FAD-B3F6-2BE5588ACD44, 2021-02-05T03:48:53, false
E2C7259B-02FE-4FAD-B3F6-2BE5588ACD44, 2021-02-05T03:49:53, false
E2C7259B-02FE-4FAD-B3F6-2BE5588ACD44, 2021-02-05T03:50:53, false
E2C7259B-02FE-4FAD-B3F6-2BE5588ACD44, 2021-02-05T03:51:53, false
E2C7259B-02FE-4FAD-B3F6-2BE5588ACD44, 2021-02-05T03:52:53, false
E2C7259B-02FE-4FAD-B3F6-2BE5588ACD44, 2021-02-05T03:53:53, false
E2C7259B-02FE-4FAD-B3F6-2BE5588ACD44, 2021-02-05T03:54:53, false
E2C7259B-02FE-4FAD-B3F6-2BE5588ACD44, 2021-02-05T03:55:53, false
E2C7259B-02FE-4FAD-B3F6-2BE5588ACD44, 2021-02-05T03:56:53, false
E2C7259B-02FE-4FAD-B3F6-2BE5588ACD44, 2021-02-05T03:57:53, false
E2C7259B-02FE-4FAD-B3F6-2BE5588ACD44, 2021-02-05T03:58:53, false
E2C7259B-02FE-4FAD-B3F6-2BE5588ACD44, 2021-02-05T03:59:53, false
E2C7259B-02FE-4FAD-B3F6-2BE5588ACD44, 2021-02-05T04:00:53, false
E2C7259B-02FE-4FAD-B3F6-2BE5588ACD44, 2021-02-05T04:01:53, false
E2C7259B-02FE-4FAD-B3F6-2BE5588ACD44, 2021-02-05T04:02:53, false
E2C7259B-02FE-4FAD-B3F6-2BE5588ACD44, 2021-02-05T04:03:53, false
E2C7259B-02FE-4FAD-B3F6-2BE5588ACD44, 2021-02-05T04:04:53, false
E2C7259B-02FE-4FAD-B3F6-2BE5588ACD44, 2021-02-05T04:05:53, false
E2C7259B-02FE-4FAD-B3F6-2BE5588ACD44, 2021-02-05T04:06:53, false
E2C7259B-02FE-4FAD-B3F6-2BE5588ACD44, 2021-02-05T04:07:53, false
E2C7259B-02FE-4FAD-B3F6-2BE5588ACD44, 2021-02-05T04:08:53, false
E2C7259B-02FE-4FAD-B3F6-2BE5588ACD44, 2021-02-05T04:09:53, false
E2C7259B-02FE-4FAD-B3F6-2BE5588ACD44, 2021-02-05T04:10:53, false
E2C7259B-02FE-4FAD-B3F6-2BE5588ACD44, 2021-02-05T04:11:53, false
E2C7259B-02FE-4FAD-B3F6-2BE5588ACD44, 2021-02-05T04:12:53, false
E2C7259B-02FE-4FAD-B3F6-2BE5588ACD44, 2021-02-05T04:13:53, false
E2C7259B-02FE-4FAD-B3F6-2BE5588ACD44, 2021-02-05T04:14:53, false
E2C7259B-02FE-4FAD-B3F6-2BE5588ACD44, 2021-02-05T04:15:53, false
E2C7259B-02FE-4FAD-B3F6-2BE5588ACD44, 2021-02-05T04:16:53, false
E2C7259B-02FE-4FAD-B3F6-2BE5588ACD44, 2021-02-05T04:17:53, false
E2C7259B-02FE-4FAD-B3F6-2BE5588ACD44, 2021-02-05T04:18:53, false
E2C7259B-02FE-4FAD-B3F6-2BE5588ACD44, 2021-02-05T04:19:53, false
E2C7259B-02FE-4FAD-B3F6-2BE5588ACD44, 2021-02-05T04:20:53, false
E2C7259B-02FE-4FAD-B3F6-2BE5588ACD44, 2021-02-05T04:21:53, false
E2C7259B-02FE-4FAD-B3F6-2BE5588ACD44, 2021-02-05T04:22:53, false
E2C7259B-02FE-4FAD-B3F6-2BE5588ACD44, 2021-02-05T04:23:53, false
E2C7259B-02FE-4FAD-B3F6-2BE5588ACD44, 2021-02-05T04:24:53, false
E2C7259B-02FE-4FAD-B3F6-2BE5588ACD44, 2021-02-05T04:25:53, false
E2C7259B-02FE-4FAD-B3F6-2BE5588ACD44, 2021-02-05T04:26:53, false
E2C7259B-02FE-4FAD-B3F6-2BE5588ACD44, 2021-02-05T04:27:53, false
E2C7259B-02FE-4FAD-B3F6-2BE5588ACD44, 2021-02-05T04:28:53, false
E2C7259B-02FE-4FAD-B3F6-2BE5588ACD44, 2021-02-05T04:29:53, false
E2C7259B-02FE-4FAD-B3F6-2BE5588ACD44, 2021-02-05T04:30:53, false
E2C7259B-02FE-4FAD-B3F6-2BE5588ACD44, 2021-02-05T04:31:53, false
E2C7259B-02FE-4FAD-B3F6-2BE5588ACD44, 2021-02-05T04:32:53, false
E2C7259B-02FE-4FAD-B3F6-2BE5588ACD44, 2021-02-05T04:33:53, false
E2C7259B-02FE-4FAD-B3F6-2BE5588ACD44, 2021-02-05T04:34:53, false
E2C7259B-02FE-4FAD-B3F6-2BE5588ACD44, 2021-02-05T04:35:53, false
E2C7259B-02FE-4FAD-B3F6-2BE5588ACD44, 2021-02-05T04:36:53, false
E2C7259B-02FE-4FAD-B3F6-2BE5588ACD44, 2021-02-05T04:37:53, false
E2C7259B-02FE-4FAD-B3F6-2BE5588ACD44, 2021-02-05T04:38:53, false
E2C7259B-02FE-4FAD-B3F6-2BE5588ACD44, 2021-02-05T04:39:53, false
E2C7259B-02FE-4FAD-B3F6-2BE5588ACD44, 2021-02-05T04:40:53, false
E2C7259B-02FE-4FAD-B3F6-2BE5588ACD44, 2021-02-05T04:41:53, false
E2C7259B-02FE-4FAD-B3F6-2BE5588ACD44, 2021-02-05T04:42:53, false
E2C7259B-02FE-4FAD-B3F6-2BE5588ACD44, 2021-02-05T04:43:53, false
E2C7259B-02FE-4FAD-B3F6-2BE5588ACD44, 2021-02-05T04:44:53, false
E2C7259B-02FE-4FAD-B3F6-2BE5588ACD44, 2021-02-05T04:45:53, false
E2C7259B-02FE-4FAD-B3F6-2BE5588ACD44, 2021-02-05T04:46:53, false
E2C7259B-02FE-4FAD-B3F6-2BE5588ACD44, 2021-02-05T04:47:53, false
E2C7259B-02FE-4FAD-B3F6-2BE5588ACD44, 2021-02-05T04:48:53, false
E2C7259B-02FE-4FAD-B3F6-2BE5588ACD44, 2021-02-05T04:49:53, false
E2C7259B-02FE-4FAD-B3F6-2BE5588ACD44, 2021-02-05T04:50:53, false
E2C7259B-02FE-4FAD-B3F6-2BE5588ACD44, 2021-02-05T04:51:53, false
E2C7259B-02FE-4FAD-B3F6-2BE5588ACD44, 2021-02-05T04:52:53, false
E2C7259B-02FE-4FAD-B3F6-2BE5588ACD44, 2021-02-05T04:53:53, false
E2C7259B-02FE-4FAD-B3F6-2BE5588ACD44, 2021-02-05T04:54:53, false
E2C7259B-02FE-4FAD-B3F6-2BE5588ACD44, 2021-02-05T04:55:53, false
E2C7259B-02FE-4FAD-B3F6-2BE5588ACD44, 2021-02-05T04:56:53, false
E2C7259B-02FE-4FAD-B3F6-2BE5588ACD44, 2021-02-05T04:57:53, false
E2C7259B-02FE-4FAD-B3F6-2BE5588ACD44, 2021-02-05T04:58:53, false
E2C7259B-02FE-4FAD-B3F6-2BE5588ACD44, 2021-02-05T04:59:53, false
E2C7259B-02FE-4FAD-B3F6-2BE5588ACD44, 2021-02-05T05:00:53, false
E2C7259B-02FE-4FAD-B3F6-2BE5588ACD44, 2021-02-05T05:01:53, false
E2C7259B-02FE-4FAD-B3F6-2BE5588ACD44, 2021-02-05T05:02:53, false
E2C7259B-02FE-4FAD-B3F6-2BE5588ACD44, 2021-02-05T05:03:53, false
E2C7259B-02FE-4FAD-B3F6-2BE5588ACD44, 2021-02-05T05:04:53, false
E2C7259B-02FE-4FAD-B3F6-2BE5588ACD44, 2021-02-05T05:05:53, false
E2C7259B-02FE-4FAD-B3F6-2BE5588ACD44, 2021-02-05T05:06:53, false
E2C7259B-02FE-4FAD-B3F6-2BE5588ACD44, 2021-02-05T05:07:53, false
E2C7259B-02FE-4FAD-B3F6-2BE5588ACD44, 2021-02-05T05:08:53, false
E2C7259B-02FE-4FAD-B3F6-2BE5588ACD44, 2021-02-05T05:09:53, false
E2C7259B-02FE-4FAD-B3F6-2BE5588ACD44, 2021-02-05T05:10:53, false
E2C7259B-02FE-4FAD-B3F6-2BE5588ACD44, 2021-02-05T05:11:53, false
E2C7259B-02FE-4FAD-B3F6-2BE5588ACD44, 2021-02-05T05:12:53, false
E2C7259B-02FE-4FAD-B3F6-2BE5588ACD44, 2021-02-05T05:13:53, false
E2C7259B-02FE-4FAD-B3F6-2BE5588ACD44, 2021-02-05T05:14:53, false
E2C7259B-02FE-4FAD-B3F6-2BE5588ACD44, 2021-02-05T05:15:53, false
E2C7259B-02FE-4FAD-B3F6-2BE5588ACD44, 2021-02-05T05:16:53, false
E2C7259B-02FE-4FAD-B3F6-2BE5588ACD44, 2021-02-05T05:17:53, false
E2C7259B-02FE-4FAD-B3F6-2BE5588ACD44, 2021-02-05T05:18:53, false
E2C7259B-02FE-4FAD-B3F6-2BE5588ACD44, 2021-02-05T05:19:53, false
E2C7259B-02FE-4FAD-B3F6-2BE5588ACD44, 2021-02-05T05:20:53, false
E2C7259B-02FE-4FAD-B3F6-2BE5588ACD44, 2021-02-05T05:21:53, false
E2C7259B-02FE-4FAD-B3F6-2BE5588ACD44, 2021-02-05T05:22:53, false
E2C7259B-02FE-4FAD-B3F6-2BE5588ACD44, 2021-02-05T05:23:53, false
E2C7259B-02FE-4FAD-B3F6-2BE5588ACD44, 2021-02-05T05:24:53, false
E2C7259B-02FE-4FAD-B3F6-2BE5588ACD44, 2021-02-05T05:25:53, false
E2C7259B-02FE-4FAD-B3F6-2BE5588ACD44, 2021-02-05T05:26:53, false
E2C7259B-02FE-4FAD-B3F6-2BE5588ACD44, 2021-02-05T05:27:53, false
E2C7259B-02FE-4FAD-B3F6-2BE5588ACD44, 2021-02-05T05:28:53, false
E2C7259B-02FE-4FAD-B3F6-2BE5588ACD44, 2021-02-05T05:29:53, false
E2C7259B-02FE-4FAD-B3F6-2BE5588ACD44, 2021-02-05T05:30:53, false
E2C7259B-02FE-4FAD-B3F6-2BE5588ACD44, 2021-02-05T05:31:53, false
E2C7259B-02FE-4FAD-B3F6-2BE5588ACD44, 2021-02-05T05:32:53, false
E2C7259B-02FE-4FAD-B3F6-2BE5588ACD44, 2021-02-05T05:33:53, false
E2C7259B-02FE-4FAD-B3F6-2BE5588ACD44, 2021-02-05T05:34:53, false
E2C7259B-02FE-4FAD-B3F6-2BE5588ACD44, 2021-02-05T05:35:53, false
E2C7259B-02FE-4FAD-B3F6-2BE5588ACD44, 2021-02-05T05:36:53, false
E2C7259B-02FE-4FAD-B3F6-2BE5588ACD44, 2021-02-05T05:37:53, false
E2C7259B-02FE-4FAD-B3F6-2BE5588ACD44, 2021-02-05T05:38:53, false
E2C7259B-02FE-4FAD-B3F6-2BE5588ACD44, 2021-02-05T05:39:53, false
E2C7259B-02FE-4FAD-B3F6-2BE5588ACD44, 2021-02-05T05:40:53, false
E2C7259B-02FE-4FAD-B3F6-2BE5588ACD44, 2021-02-05T05:41:53, false
E2C7259B-02FE-4FAD-B3F6-2BE5588ACD44, 2021-02-05T05:42:53, false
E2C7259B-02FE-4FAD-B3F6-2BE5588ACD44, 2021-02-05T05:43:53, false
E2C7259B-02FE-4FAD-B3F6-2BE5588ACD44, 2021-02-05T05:44:53, false
E2C7259B-02FE-4FAD-B3F6-2BE5588ACD44, 2021-02-05T05:45:53, false
E2C7259B-02FE-4FAD-B3F6-2BE5588ACD44, 2021-02-05T05:46:53, false
E2C7259B-02FE-4FAD-B3F6-2BE5588ACD44, 2021-02-05T05:47:53, false
E2C7259B-02FE-4FAD-B3F6-2BE5588ACD44, 2021-02-05T05:48:53, false
E2C7259B-02FE-4FAD-B3F6-2BE5588ACD44, 2021-02-05T05:49:53, false
E2C7259B-02FE-4FAD-B3F6-2BE5588ACD44, 2021-02-05T05:50:53, false
E2C7259B-02FE-4FAD-B3F6-2BE5588ACD44, 2021-02-05T05:51:53, false
E2C7259B-02FE-4FAD-B3F6-2BE5588ACD44, 2021-02-05T05:52:53, false
E2C7259B-02FE-4FAD-B3F6-2BE5588ACD44, 2021-02-05T05:53:53, false
E2C7259B-02FE-4FAD-B3F6-2BE5588ACD44, 2021-02-05T05:54:53, false
E2C7259B-02FE-4FAD-B3F6-2BE5588ACD44, 2021-02-05T05:55:53, false
E2C7259B-02FE-4FAD-B3F6-2BE5588ACD44, 2021-02-05T05:56:53, false
E2C7259B-02FE-4FAD-B3F6-2BE5588ACD44, 2021-02-05T05:57:53, false
E2C7259B-02FE-4FAD-B3F6-2BE5588ACD44, 2021-02-05T05:58:53, false
E2C7259B-02FE-4FAD-B3F6-2BE5588ACD44, 2021-02-05T05:59:53, false
E2C7259B-02FE-4FAD-B3F6-2BE5588ACD44, 2021-02-05T06:00:53, false
E2C7259B-02FE-4FAD-B3F6-2BE5588ACD44, 2021-02-05T06:01:53, false
E2C7259B-02FE-4FAD-B3F6-2BE5588ACD44, 2021-02-05T06:02:53, false
E2C7259B-02FE-4FAD-B3F6-2BE5588ACD44, 2021-02-05T06:03:53, false
E2C7259B-02FE-4FAD-B3F6-2BE5588ACD44, 2021-02-05T06:04:53, false
E2C7259B-02FE-4FAD-B3F6-2BE5588ACD44, 2021-02-05T06:05:53, false
E2C7259B-02FE-4FAD-B3F6-2BE5588ACD44, 2021-02-05T06:06:53, false
E2C7259B-02FE-4FAD-B3F6-2BE5588ACD44, 2021-02-05T06:07:53, false
E2C7259B-02FE-4FAD-B3F6-2BE5588ACD44, 2021-02-05T06:08:53, false
E2C7259B-02FE-4FAD-B3F6-2BE5588ACD44, 2021-02-05T06:09:53, false
E2C7259B-02FE-4FAD-B3F6-2BE5588ACD44, 2021-02-05T06:10:53, false
E2C7259B-02FE-4FAD-B3F6-2BE5588ACD44, 2021-02-05T06:11:53, false
E2C7259B-02FE-4FAD-B3F6-2BE5588ACD44, 2021-02-05T06:12:53, false
E2C7259B-02FE-4FAD-B3F6-2BE5588ACD44, 2021-02-05T06:13:53, false
E2C7259B-02FE-4FAD-B3F6-2BE5588ACD44, 2021-02-05T06:14:53, false
E2C7259B-02FE-4FAD-B3F6-2BE5588ACD44, 2021-02-05T06:15:53, false
E2C7259B-02FE-4FAD-B3F6-2BE5588ACD44, 2021-02-05T06:16:53, false
E2C7259B-02FE-4FAD-B3F6-2BE5588ACD44, 2021-02-05T06:17:53, false
E2C7259B-02FE-4FAD-B3F6-2BE5588ACD44, 2021-02-05T06:18:53, false
E2C7259B-02FE-4FAD-B3F6-2BE5588ACD44, 2021-02-05T06:19:53, false
E2C7259B-02FE-4FAD-B3F6-2BE5588ACD44, 2021-02-05T06:20:53, false
E2C7259B-02FE-4FAD-B3F6-2BE5588ACD44, 2021-02-05T06:21:53, false
E2C7259B-02FE-4FAD-B3F6-2BE5588ACD44, 2021-02-05T06:22:53, false
E2C7259B-02FE-4FAD-B3F6-2BE5588ACD44, 2021-02-05T06:23:53, false
E2C7259B-02FE-4FAD-B3F6-2BE5588ACD44, 2021-02-05T06:24:53, false
E2C7259B-02FE-4FAD-B3F6-2BE5588ACD44, 2021-02-05T06:25:53, false
E2C7259B-02FE-4FAD-B3F6-2BE5588ACD44, 2021-02-05T06:26:53, false
E2C7259B-02FE-4FAD-B3F6-2BE5588ACD44, 2021-02-05T06:27:53, false
E2C7259B-02FE-4FAD-B3F6-2BE5588ACD44, 2021-02-05T06:28:53, false
E2C7259B-02FE-4FAD-B3F6-2BE5588ACD44, 2021-02-05T06:29:53, false
E2C7259B-02FE-4FAD-B3F6-2BE5588ACD44, 2021-02-05T06:30:53, false
E2C7259B-02FE-4FAD-B3F6-2BE5588ACD44, 2021-02-05T06:31:53, false
E2C7259B-02FE-4FAD-B3F6-2BE5588ACD44, 2021-02-05T06:32:53, false
E2C7259B-02FE-4FAD-B3F6-2BE5588ACD44, 2021-02-05T06:33:53, false
E2C7259B-02FE-4FAD-B3F6-2BE5588ACD44, 2021-02-05T06:34:53, false
E2C7259B-02FE-4FAD-B3F6-2BE5588ACD44, 2021-02-05T06:35:53, false
E2C7259B-02FE-4FAD-B3F6-2BE5588ACD44, 2021-02-05T06:36:53, false
E2C7259B-02FE-4FAD-B3F6-2BE5588ACD44, 2021-02-05T06:37:53, false
E2C7259B-02FE-4FAD-B3F6-2BE5588ACD44, 2021-02-05T06:38:53, false
E2C7259B-02FE-4FAD-B3F6-2BE5588ACD44, 2021-02-05T06:39:53, false
E2C7259B-02FE-4FAD-B3F6-2BE5588ACD44, 2021-02-05T06:40:53, false
E2C7259B-02FE-4FAD-B3F6-2BE5588ACD44, 2021-02-05T06:41:53, false
E2C7259B-02FE-4FAD-B3F6-2BE5588ACD44, 2021-02-05T06:42:53, false
E2C7259B-02FE-4FAD-B3F6-2BE5588ACD44, 2021-02-05T06:43:53, false
E2C7259B-02FE-4FAD-B3F6-2BE5588ACD44, 2021-02-05T06:44:53, false
E2C7259B-02FE-4FAD-B3F6-2BE5588ACD44, 2021-02-05T06:45:53, false
E2C7259B-02FE-4FAD-B3F6-2BE5588ACD44, 2021-02-05T06:46:53, false
E2C7259B-02FE-4FAD-B3F6-2BE5588ACD44, 2021-02-05T06:47:53, false
E2C7259B-02FE-4FAD-B3F6-2BE5588ACD44, 2021-02-05T06:48:53, false
E2C7259B-02FE-4FAD-B3F6-2BE5588ACD44, 2021-02-05T06:49:53, false
E2C7259B-02FE-4FAD-B3F6-2BE5588ACD44, 2021-02-05T06:50:53, false
E2C7259B-02FE-4FAD-B3F6-2BE5588ACD44, 2021-02-05T06:51:53, false
E2C7259B-02FE-4FAD-B3F6-2BE5588ACD44, 2021-02-05T06:52:53, false
E2C7259B-02FE-4FAD-B3F6-2BE5588ACD44, 2021-02-05T06:53:53, false
E2C7259B-02FE-4FAD-B3F6-2BE5588ACD44, 2021-02-05T06:54:53, false
E2C7259B-02FE-4FAD-B3F6-2BE5588ACD44, 2021-02-05T06:55:53, false
E2C7259B-02FE-4FAD-B3F6-2BE5588ACD44, 2021-02-05T06:56:53, false
E2C7259B-02FE-4FAD-B3F6-2BE5588ACD44, 2021-02-05T06:57:53, false
E2C7259B-02FE-4FAD-B3F6-2BE5588ACD44, 2021-02-05T06:58:53, false
E2C7259B-02FE-4FAD-B3F6-2BE5588ACD44, 2021-02-05T06:59:53, false
E2C7259B-02FE-4FAD-B3F6-2BE5588ACD44, 2021-02-05T07:00:53, false
E2C7259B-02FE-4FAD-B3F6-2BE5588ACD44, 2021-02-05T07:01:53, false
E2C7259B-02FE-4FAD-B3F6-2BE5588ACD44, 2021-02-05T07:02:53, false
E2C7259B-02FE-4FAD-B3F6-2BE5588ACD44, 2021-02-05T07:03:53, false
E2C7259B-02FE-4FAD-B3F6-2BE5588ACD44, 2021-02-05T07:04:53, false
E2C7259B-02FE-4FAD-B3F6-2BE5588ACD44, 2021-02-05T07:05:53, false
E2C7259B-02FE-4FAD-B3F6-2BE5588ACD44, 2021-02-05T07:06:53, false
E2C7259B-02FE-4FAD-B3F6-2BE5588ACD44, 2021-02-05T07:07:53, false
E2C7259B-02FE-4FAD-B3F6-2BE5588ACD44, 2021-02-05T07:08:53, false
E2C7259B-02FE-4FAD-B3F6-2BE5588ACD44, 2021-02-05T07:09:53, false
E2C7259B-02FE-4FAD-B3F6-2BE5588ACD44, 2021-02-05T07:10:53, false
E2C7259B-02FE-4FAD-B3F6-2BE5588ACD44, 2021-02-05T07:11:53, false
E2C7259B-02FE-4FAD-B3F6-2BE5588ACD44, 2021-02-05T07:12:53, false
E2C7259B-02FE-4FAD-B3F6-2BE5588ACD44, 2021-02-05T07:13:53, false
E2C7259B-02FE-4FAD-B3F6-2BE5588ACD44, 2021-02-05T07:14:53, false
E2C7259B-02FE-4FAD-B3F6-2BE5588ACD44, 2021-02-05T07:15:53, false
E2C7259B-02FE-4FAD-B3F6-2BE5588ACD44, 2021-02-05T07:16:53, false
E2C7259B-02FE-4FAD-B3F6-2BE5588ACD44, 2021-02-05T07:17:53, false
E2C7259B-02FE-4FAD-B3F6-2BE5588ACD44, 2021-02-05T07:18:53, false
E2C7259B-02FE-4FAD-B3F6-2BE5588ACD44, 2021-02-05T07:19:53, false
E2C7259B-02FE-4FAD-B3F6-2BE5588ACD44, 2021-02-05T07:20:53, false
E2C7259B-02FE-4FAD-B3F6-2BE5588ACD44, 2021-02-05T07:21:53, false
E2C7259B-02FE-4FAD-B3F6-2BE5588ACD44, 2021-02-05T07:22:53, false
E2C7259B-02FE-4FAD-B3F6-2BE5588ACD44, 2021-02-05T07:23:53, false
E2C7259B-02FE-4FAD-B3F6-2BE5588ACD44, 2021-02-05T07:24:53, false
E2C7259B-02FE-4FAD-B3F6-2BE5588ACD44, 2021-02-05T07:25:53, false
E2C7259B-02FE-4FAD-B3F6-2BE5588ACD44, 2021-02-05T07:26:53, false
E2C7259B-02FE-4FAD-B3F6-2BE5588ACD44, 2021-02-05T07:27:53, false
E2C7259B-02FE-4FAD-B3F6-2BE5588ACD44, 2021-02-05T07:28:53, false
E2C7259B-02FE-4FAD-B3F6-2BE5588ACD44, 2021-02-05T07:29:53, false
E2C7259B-02FE-4FAD-B3F6-2BE5588ACD44, 2021-02-05T07:30:53, false
E2C7259B-02FE-4FAD-B3F6-2BE5588ACD44, 2021-02-05T07:31:53, false
E2C7259B-02FE-4FAD-B3F6-2BE5588ACD44, 2021-02-05T07:32:53, false
E2C7259B-02FE-4FAD-B3F6-2BE5588ACD44, 2021-02-05T07:33:53, false
E2C7259B-02FE-4FAD-B3F6-2BE5588ACD44, 2021-02-05T07:34:53, false
E2C7259B-02FE-4FAD-B3F6-2BE5588ACD44, 2021-02-05T07:35:53, false
E2C7259B-02FE-4FAD-B3F6-2BE5588ACD44, 2021-02-05T07:36:53, false
E2C7259B-02FE-4FAD-B3F6-2BE5588ACD44, 2021-02-05T07:37:53, false
E2C7259B-02FE-4FAD-B3F6-2BE5588ACD44, 2021-02-05T07:38:53, false
E2C7259B-02FE-4FAD-B3F6-2BE5588ACD44, 2021-02-05T07:39:53, false
E2C7259B-02FE-4FAD-B3F6-2BE5588ACD44, 2021-02-05T07:40:53, false
E2C7259B-02FE-4FAD-B3F6-2BE5588ACD44, 2021-02-05T07:41:53, false
E2C7259B-02FE-4FAD-B3F6-2BE5588ACD44, 2021-02-05T07:42:53, false
E2C7259B-02FE-4FAD-B3F6-2BE5588ACD44, 2021-02-05T07:43:53, false
E2C7259B-02FE-4FAD-B3F6-2BE5588ACD44, 2021-02-05T07:44:53, false
E2C7259B-02FE-4FAD-B3F6-2BE5588ACD44, 2021-02-05T07:45:53, false
E2C7259B-02FE-4FAD-B3F6-2BE5588ACD44, 2021-02-05T07:46:53, false
E2C7259B-02FE-4FAD-B3F6-2BE5588ACD44, 2021-02-05T07:47:53, false
E2C7259B-02FE-4FAD-B3F6-2BE5588ACD44, 2021-02-05T07:48:53, false
E2C7259B-02FE-4FAD-B3F6-2BE5588ACD44, 2021-02-05T07:49:53, false
E2C7259B-02FE-4FAD-B3F6-2BE5588ACD44, 2021-02-05T07:50:53, false
E2C7259B-02FE-4FAD-B3F6-2BE5588ACD44, 2021-02-05T07:51:53, false
E2C7259B-02FE-4FAD-B3F6-2BE5588ACD44, 2021-02-05T07:52:53, false
E2C7259B-02FE-4FAD-B3F6-2BE5588ACD44, 2021-02-05T07:53:53, false
E2C7259B-02FE-4FAD-B3F6-2BE5588ACD44, 2021-02-05T07:54:53, false
E2C7259B-02FE-4FAD-B3F6-2BE5588ACD44, 2021-02-05T07:55:53, false
E2C7259B-02FE-4FAD-B3F6-2BE5588ACD44, 2021-02-05T07:56:53, false
E2C7259B-02FE-4FAD-B3F6-2BE5588ACD44, 2021-02-05T07:57:53, false
E2C7259B-02FE-4FAD-B3F6-2BE5588ACD44, 2021-02-05T07:58:53, false
E2C7259B-02FE-4FAD-B3F6-2BE5588ACD44, 2021-02-05T07:59:53, false
E2C7259B-02FE-4FAD-B3F6-2BE5588ACD44, 2021-02-05T08:00:53, false
E2C7259B-02FE-4FAD-B3F6-2BE5588ACD44, 2021-02-05T08:01:53, false
E2C7259B-02FE-4FAD-B3F6-2BE5588ACD44, 2021-02-05T08:02:53, false
E2C7259B-02FE-4FAD-B3F6-2BE5588ACD44, 2021-02-05T08:03:53, false
E2C7259B-02FE-4FAD-B3F6-2BE5588ACD44, 2021-02-05T08:04:53, false
E2C7259B-02FE-4FAD-B3F6-2BE5588ACD44, 2021-02-05T08:05:53, false
E2C7259B-02FE-4FAD-B3F6-2BE5588ACD44, 2021-02-05T08:06:53, false
E2C7259B-02FE-4FAD-B3F6-2BE5588ACD44, 2021-02-05T08:07:53, false
E2C7259B-02FE-4FAD-B3F6-2BE5588ACD44, 2021-02-05T08:08:53, false
E2C7259B-02FE-4FAD-B3F6-2BE5588ACD44, 2021-02-05T08:09:53, false
E2C7259B-02FE-4FAD-B3F6-2BE5588ACD44, 2021-02-05T08:10:53, false
E2C7259B-02FE-4FAD-B3F6-2BE5588ACD44, 2021-02-05T08:11:53, false
E2C7259B-02FE-4FAD-B3F6-2BE5588ACD44, 2021-02-05T08:12:53, false
E2C7259B-02FE-4FAD-B3F6-2BE5588ACD44, 2021-02-05T08:13:53, false
E2C7259B-02FE-4FAD-B3F6-2BE5588ACD44, 2021-02-05T08:14:53, false
E2C7259B-02FE-4FAD-B3F6-2BE5588ACD44, 2021-02-05T08:15:53, false
E2C7259B-02FE-4FAD-B3F6-2BE5588ACD44, 2021-02-05T08:16:53, false
E2C7259B-02FE-4FAD-B3F6-2BE5588ACD44, 2021-02-05T08:17:53, false
E2C7259B-02FE-4FAD-B3F6-2BE5588ACD44, 2021-02-05T08:18:53, false
E2C7259B-02FE-4FAD-B3F6-2BE5588ACD44, 2021-02-05T08:19:53, false
E2C7259B-02FE-4FAD-B3F6-2BE5588ACD44, 2021-02-05T08:20:53, false
E2C7259B-02FE-4FAD-B3F6-2BE5588ACD44, 2021-02-05T08:21:53, false
E2C7259B-02FE-4FAD-B3F6-2BE5588ACD44, 2021-02-05T08:22:53, false
E2C7259B-02FE-4FAD-B3F6-2BE5588ACD44, 2021-02-05T08:23:53, false
E2C7259B-02FE-4FAD-B3F6-2BE5588ACD44, 2021-02-05T08:24:53, false
E2C7259B-02FE-4FAD-B3F6-2BE5588ACD44, 2021-02-05T08:25:53, false
E2C7259B-02FE-4FAD-B3F6-2BE5588ACD44, 2021-02-05T08:26:53, false
E2C7259B-02FE-4FAD-B3F6-2BE5588ACD44, 2021-02-05T08:27:53, false
E2C7259B-02FE-4FAD-B3F6-2BE5588ACD44, 2021-02-05T08:28:53, false
E2C7259B-02FE-4FAD-B3F6-2BE5588ACD44, 2021-02-05T08:29:53, false
E2C7259B-02FE-4FAD-B3F6-2BE5588ACD44, 2021-02-05T08:30:53, false
E2C7259B-02FE-4FAD-B3F6-2BE5588ACD44, 2021-02-05T08:31:53, false
E2C7259B-02FE-4FAD-B3F6-2BE5588ACD44, 2021-02-05T08:32:53, false
E2C7259B-02FE-4FAD-B3F6-2BE5588ACD44, 2021-02-05T08:33:53, false
E2C7259B-02FE-4FAD-B3F6-2BE5588ACD44, 2021-02-05T08:34:53, false
E2C7259B-02FE-4FAD-B3F6-2BE5588ACD44, 2021-02-05T08:35:53, false
E2C7259B-02FE-4FAD-B3F6-2BE5588ACD44, 2021-02-05T08:36:53, false
E2C7259B-02FE-4FAD-B3F6-2BE5588ACD44, 2021-02-05T08:37:53, false
E2C7259B-02FE-4FAD-B3F6-2BE5588ACD44, 2021-02-05T08:38:53, false
E2C7259B-02FE-4FAD-B3F6-2BE5588ACD44, 2021-02-05T08:39:53, false
E2C7259B-02FE-4FAD-B3F6-2BE5588ACD44, 2021-02-05T08:40:53, false
E2C7259B-02FE-4FAD-B3F6-2BE5588ACD44, 2021-02-05T08:41:53, false
E2C7259B-02FE-4FAD-B3F6-2BE5588ACD44, 2021-02-05T08:42:53, false
E2C7259B-02FE-4FAD-B3F6-2BE5588ACD44, 2021-02-05T08:43:53, false
E2C7259B-02FE-4FAD-B3F6-2BE5588ACD44, 2021-02-05T08:44:53, false
E2C7259B-02FE-4FAD-B3F6-2BE5588ACD44, 2021-02-05T08:45:53, false
E2C7259B-02FE-4FAD-B3F6-2BE5588ACD44, 2021-02-05T08:46:53, false
E2C7259B-02FE-4FAD-B3F6-2BE5588ACD44, 2021-02-05T08:47:53, false
E2C7259B-02FE-4FAD-B3F6-2BE5588ACD44, 2021-02-05T08:48:53, false
E2C7259B-02FE-4FAD-B3F6-2BE5588ACD44, 2021-02-05T08:49:53, false
E2C7259B-02FE-4FAD-B3F6-2BE5588ACD44, 2021-02-05T08:50:53, false
E2C7259B-02FE-4FAD-B3F6-2BE5588ACD44, 2021-02-05T08:51:53, false
E2C7259B-02FE-4FAD-B3F6-2BE5588ACD44, 2021-02-05T08:52:53, false
E2C7259B-02FE-4FAD-B3F6-2BE5588ACD44, 2021-02-05T08:53:53, false
E2C7259B-02FE-4FAD-B3F6-2BE5588ACD44, 2021-02-05T08:54:53, false
E2C7259B-02FE-4FAD-B3F6-2BE5588ACD44, 2021-02-05T08:55:53, false
E2C7259B-02FE-4FAD-B3F6-2BE5588ACD44, 2021-02-05T08:56:53, false
E2C7259B-02FE-4FAD-B3F6-2BE5588ACD44, 2021-02-05T08:57:53, false
E2C7259B-02FE-4FAD-B3F6-2BE5588ACD44, 2021-02-05T08:58:53, false
E2C7259B-02FE-4FAD-B3F6-2BE5588ACD44, 2021-02-05T08:59:53, false
E2C7259B-02FE-4FAD-B3F6-2BE5588ACD44, 2021-02-05T09:00:53, false
E2C7259B-02FE-4FAD-B3F6-2BE5588ACD44, 2021-02-05T09:01:53, false
E2C7259B-02FE-4FAD-B3F6-2BE5588ACD44, 2021-02-05T09:02:53, false
E2C7259B-02FE-4FAD-B3F6-2BE5588ACD44, 2021-02-05T09:03:53, false
E2C7259B-02FE-4FAD-B3F6-2BE5588ACD44, 2021-02-05T09:04:53, false
E2C7259B-02FE-4FAD-B3F6-2BE5588ACD44, 2021-02-05T09:05:53, false
E2C7259B-02FE-4FAD-B3F6-2BE5588ACD44, 2021-02-05T09:06:53, false
E2C7259B-02FE-4FAD-B3F6-2BE5588ACD44, 2021-02-05T09:07:53, false
E2C7259B-02FE-4FAD-B3F6-2BE5588ACD44, 2021-02-05T09:08:53, false
E2C7259B-02FE-4FAD-B3F6-2BE5588ACD44, 2021-02-05T09:09:53, false
E2C7259B-02FE-4FAD-B3F6-2BE5588ACD44, 2021-02-05T09:10:53, false
E2C7259B-02FE-4FAD-B3F6-2BE5588ACD44, 2021-02-05T09:11:53, false
E2C7259B-02FE-4FAD-B3F6-2BE5588ACD44, 2021-02-05T09:12:53, false
E2C7259B-02FE-4FAD-B3F6-2BE5588ACD44, 2021-02-05T09:13:53, false
E2C7259B-02FE-4FAD-B3F6-2BE5588ACD44, 2021-02-05T09:14:53, false
E2C7259B-02FE-4FAD-B3F6-2BE5588ACD44, 2021-02-05T09:15:53, false
E2C7259B-02FE-4FAD-B3F6-2BE5588ACD44, 2021-02-05T09:16:53, false
E2C7259B-02FE-4FAD-B3F6-2BE5588ACD44, 2021-02-05T09:17:53, false
E2C7259B-02FE-4FAD-B3F6-2BE5588ACD44, 2021-02-05T09:18:53, false
E2C7259B-02FE-4FAD-B3F6-2BE5588ACD44, 2021-02-05T09:19:53, false
E2C7259B-02FE-4FAD-B3F6-2BE5588ACD44, 2021-02-05T09:20:53, false
E2C7259B-02FE-4FAD-B3F6-2BE5588ACD44, 2021-02-05T09:21:53, false
E2C7259B-02FE-4FAD-B3F6-2BE5588ACD44, 2021-02-05T09:22:53, false
E2C7259B-02FE-4FAD-B3F6-2BE5588ACD44, 2021-02-05T09:23:53, false
E2C7259B-02FE-4FAD-B3F6-2BE5588ACD44, 2021-02-05T09:24:53, false
E2C7259B-02FE-4FAD-B3F6-2BE5588ACD44, 2021-02-05T09:25:53, false
E2C7259B-02FE-4FAD-B3F6-2BE5588ACD44, 2021-02-05T09:26:53, false
E2C7259B-02FE-4FAD-B3F6-2BE5588ACD44, 2021-02-05T09:27:53, false
E2C7259B-02FE-4FAD-B3F6-2BE5588ACD44, 2021-02-05T09:28:53, false
E2C7259B-02FE-4FAD-B3F6-2BE5588ACD44, 2021-02-05T09:29:53, false
E2C7259B-02FE-4FAD-B3F6-2BE5588ACD44, 2021-02-05T09:30:53, false
E2C7259B-02FE-4FAD-B3F6-2BE5588ACD44, 2021-02-05T09:31:53, false
E2C7259B-02FE-4FAD-B3F6-2BE5588ACD44, 2021-02-05T09:32:53, false
E2C7259B-02FE-4FAD-B3F6-2BE5588ACD44, 2021-02-05T09:33:53, false
E2C7259B-02FE-4FAD-B3F6-2BE5588ACD44, 2021-02-05T09:34:53, false
E2C7259B-02FE-4FAD-B3F6-2BE5588ACD44, 2021-02-05T09:35:53, false
E2C7259B-02FE-4FAD-B3F6-2BE5588ACD44, 2021-02-05T09:36:53, false
E2C7259B-02FE-4FAD-B3F6-2BE5588ACD44, 2021-02-05T09:37:53, false
E2C7259B-02FE-4FAD-B3F6-2BE5588ACD44, 2021-02-05T09:38:53, false
E2C7259B-02FE-4FAD-B3F6-2BE5588ACD44, 2021-02-05T09:39:53, false
E2C7259B-02FE-4FAD-B3F6-2BE5588ACD44, 2021-02-05T09:40:53, false
E2C7259B-02FE-4FAD-B3F6-2BE5588ACD44, 2021-02-05T09:41:53, false
E2C7259B-02FE-4FAD-B3F6-2BE5588ACD44, 2021-02-05T09:42:53, false
E2C7259B-02FE-4FAD-B3F6-2BE5588ACD44, 2021-02-05T09:43:53, false
E2C7259B-02FE-4FAD-B3F6-2BE5588ACD44, 2021-02-05T09:44:53, false
E2C7259B-02FE-4FAD-B3F6-2BE5588ACD44, 2021-02-05T09:45:53, false
E2C7259B-02FE-4FAD-B3F6-2BE5588ACD44, 2021-02-05T09:46:53, false
E2C7259B-02FE-4FAD-B3F6-2BE5588ACD44, 2021-02-05T09:47:53, false
E2C7259B-02FE-4FAD-B3F6-2BE5588ACD44, 2021-02-05T09:48:53, false
E2C7259B-02FE-4FAD-B3F6-2BE5588ACD44, 2021-02-05T09:49:53, false
E2C7259B-02FE-4FAD-B3F6-2BE5588ACD44, 2021-02-05T09:50:53, false
E2C7259B-02FE-4FAD-B3F6-2BE5588ACD44, 2021-02-05T09:51:53, false
E2C7259B-02FE-4FAD-B3F6-2BE5588ACD44, 2021-02-05T09:52:53, false
E2C7259B-02FE-4FAD-B3F6-2BE5588ACD44, 2021-02-05T09:53:53, false
E2C7259B-02FE-4FAD-B3F6-2BE5588ACD44, 2021-02-05T09:54:53, false
E2C7259B-02FE-4FAD-B3F6-2BE5588ACD44, 2021-02-05T09:55:53, false
E2C7259B-02FE-4FAD-B3F6-2BE5588ACD44, 2021-02-05T09:56:53, false
E2C7259B-02FE-4FAD-B3F6-2BE5588ACD44, 2021-02-05T09:57:53, false
E2C7259B-02FE-4FAD-B3F6-2BE5588ACD44, 2021-02-05T09:58:53, false
E2C7259B-02FE-4FAD-B3F6-2BE5588ACD44, 2021-02-05T09:59:53, false
E2C7259B-02FE-4FAD-B3F6-2BE5588ACD44, 2021-02-05T10:00:53, false
E2C7259B-02FE-4FAD-B3F6-2BE5588ACD44, 2021-02-05T10:01:53, false
E2C7259B-02FE-4FAD-B3F6-2BE5588ACD44, 2021-02-05T10:02:53, false
E2C7259B-02FE-4FAD-B3F6-2BE5588ACD44, 2021-02-05T10:03:53, false
E2C7259B-02FE-4FAD-B3F6-2BE5588ACD44, 2021-02-05T10:04:53, false
E2C7259B-02FE-4FAD-B3F6-2BE5588ACD44, 2021-02-05T10:05:53, false
E2C7259B-02FE-4FAD-B3F6-2BE5588ACD44, 2021-02-05T10:06:53, false
E2C7259B-02FE-4FAD-B3F6-2BE5588ACD44, 2021-02-05T10:07:53, false
E2C7259B-02FE-4FAD-B3F6-2BE5588ACD44, 2021-02-05T10:08:53, false
E2C7259B-02FE-4FAD-B3F6-2BE5588ACD44, 2021-02-05T10:09:53, false
E2C7259B-02FE-4FAD-B3F6-2BE5588ACD44, 2021-02-05T10:10:53, false
E2C7259B-02FE-4FAD-B3F6-2BE5588ACD44, 2021-02-05T10:11:53, false
E2C7259B-02FE-4FAD-B3F6-2BE5588ACD44, 2021-02-05T10:12:53, false
E2C7259B-02FE-4FAD-B3F6-2BE5588ACD44, 2021-02-05T10:13:53, false
E2C7259B-02FE-4FAD-B3F6-2BE5588ACD44, 2021-02-05T10:14:53, false
E2C7259B-02FE-4FAD-B3F6-2BE5588ACD44, 2021-02-05T10:15:53, false
E2C7259B-02FE-4FAD-B3F6-2BE5588ACD44, 2021-02-05T10:16:53, false
E2C7259B-02FE-4FAD-B3F6-2BE5588ACD44, 2021-02-05T10:17:53, false
E2C7259B-02FE-4FAD-B3F6-2BE5588ACD44, 2021-02-05T10:18:53, false
E2C7259B-02FE-4FAD-B3F6-2BE5588ACD44, 2021-02-05T10:19:53, false
E2C7259B-02FE-4FAD-B3F6-2BE5588ACD44, 2021-02-05T10:20:53, false
E2C7259B-02FE-4FAD-B3F6-2BE5588ACD44, 2021-02-05T10:21:53, false
E2C7259B-02FE-4FAD-B3F6-2BE5588ACD44, 2021-02-05T10:22:53, false
E2C7259B-02FE-4FAD-B3F6-2BE5588ACD44, 2021-02-05T10:23:53, false
E2C7259B-02FE-4FAD-B3F6-2BE5588ACD44, 2021-02-05T10:24:53, false
E2C7259B-02FE-4FAD-B3F6-2BE5588ACD44, 2021-02-05T10:25:53, false
E2C7259B-02FE-4FAD-B3F6-2BE5588ACD44, 2021-02-05T10:26:53, false
E2C7259B-02FE-4FAD-B3F6-2BE5588ACD44, 2021-02-05T10:27:53, false
E2C7259B-02FE-4FAD-B3F6-2BE5588ACD44, 2021-02-05T10:28:53, false
E2C7259B-02FE-4FAD-B3F6-2BE5588ACD44, 2021-02-05T10:29:53, false
E2C7259B-02FE-4FAD-B3F6-2BE5588ACD44, 2021-02-05T10:30:53, false
E2C7259B-02FE-4FAD-B3F6-2BE5588ACD44, 2021-02-05T10:31:53, false
E2C7259B-02FE-4FAD-B3F6-2BE5588ACD44, 2021-02-05T10:32:53, false
E2C7259B-02FE-4FAD-B3F6-2BE5588ACD44, 2021-02-05T10:33:53, false
E2C7259B-02FE-4FAD-B3F6-2BE5588ACD44, 2021-02-05T10:34:53, false
E2C7259B-02FE-4FAD-B3F6-2BE5588ACD44, 2021-02-05T10:35:53, false
E2C7259B-02FE-4FAD-B3F6-2BE5588ACD44, 2021-02-05T10:36:53, false
E2C7259B-02FE-4FAD-B3F6-2BE5588ACD44, 2021-02-05T10:37:53, false
E2C7259B-02FE-4FAD-B3F6-2BE5588ACD44, 2021-02-05T10:38:53, false
E2C7259B-02FE-4FAD-B3F6-2BE5588ACD44, 2021-02-05T10:39:53, false
E2C7259B-02FE-4FAD-B3F6-2BE5588ACD44, 2021-02-05T10:40:53, false
E2C7259B-02FE-4FAD-B3F6-2BE5588ACD44, 2021-02-05T10:41:53, false
E2C7259B-02FE-4FAD-B3F6-2BE5588ACD44, 2021-02-05T10:42:53, false
E2C7259B-02FE-4FAD-B3F6-2BE5588ACD44, 2021-02-05T10:43:53, false
E2C7259B-02FE-4FAD-B3F6-2BE5588ACD44, 2021-02-05T10:44:53, false
E2C7259B-02FE-4FAD-B3F6-2BE5588ACD44, 2021-02-05T10:45:53, false
E2C7259B-02FE-4FAD-B3F6-2BE5588ACD44, 2021-02-05T10:46:53, false
E2C7259B-02FE-4FAD-B3F6-2BE5588ACD44, 2021-02-05T10:47:53, false
E2C7259B-02FE-4FAD-B3F6-2BE5588ACD44, 2021-02-05T10:48:53, false
E2C7259B-02FE-4FAD-B3F6-2BE5588ACD44, 2021-02-05T10:49:53, false
E2C7259B-02FE-4FAD-B3F6-2BE5588ACD44, 2021-02-05T10:50:53, false
E2C7259B-02FE-4FAD-B3F6-2BE5588ACD44, 2021-02-05T10:51:53, false
E2C7259B-02FE-4FAD-B3F6-2BE5588ACD44, 2021-02-05T10:52:53, false
E2C7259B-02FE-4FAD-B3F6-2BE5588ACD44, 2021-02-05T10:53:53, false
E2C7259B-02FE-4FAD-B3F6-2BE5588ACD44, 2021-02-05T10:54:53, false
E2C7259B-02FE-4FAD-B3F6-2BE5588ACD44, 2021-02-05T10:55:53, false
E2C7259B-02FE-4FAD-B3F6-2BE5588ACD44, 2021-02-05T10:56:53, false
E2C7259B-02FE-4FAD-B3F6-2BE5588ACD44, 2021-02-05T10:57:53, false
E2C7259B-02FE-4FAD-B3F6-2BE5588ACD44, 2021-02-05T10:58:53, false
E2C7259B-02FE-4FAD-B3F6-2BE5588ACD44, 2021-02-05T10:59:53, false
E2C7259B-02FE-4FAD-B3F6-2BE5588ACD44, 2021-02-05T11:00:53, false
E2C7259B-02FE-4FAD-B3F6-2BE5588ACD44, 2021-02-05T11:01:53, false
E2C7259B-02FE-4FAD-B3F6-2BE5588ACD44, 2021-02-05T11:02:53, false
E2C7259B-02FE-4FAD-B3F6-2BE5588ACD44, 2021-02-05T11:03:53, false
E2C7259B-02FE-4FAD-B3F6-2BE5588ACD44, 2021-02-05T11:04:53, false
E2C7259B-02FE-4FAD-B3F6-2BE5588ACD44, 2021-02-05T11:05:53, false
E2C7259B-02FE-4FAD-B3F6-2BE5588ACD44, 2021-02-05T11:06:53, false
E2C7259B-02FE-4FAD-B3F6-2BE5588ACD44, 2021-02-05T11:07:53, false
E2C7259B-02FE-4FAD-B3F6-2BE5588ACD44, 2021-02-05T11:08:53, false
E2C7259B-02FE-4FAD-B3F6-2BE5588ACD44, 2021-02-05T11:09:53, false
E2C7259B-02FE-4FAD-B3F6-2BE5588ACD44, 2021-02-05T11:10:53, false
E2C7259B-02FE-4FAD-B3F6-2BE5588ACD44, 2021-02-05T11:11:53, false
E2C7259B-02FE-4FAD-B3F6-2BE5588ACD44, 2021-02-05T11:12:53, false
E2C7259B-02FE-4FAD-B3F6-2BE5588ACD44, 2021-02-05T11:13:53, false
E2C7259B-02FE-4FAD-B3F6-2BE5588ACD44, 2021-02-05T11:14:53, false
E2C7259B-02FE-4FAD-B3F6-2BE5588ACD44, 2021-02-05T11:15:53, false
E2C7259B-02FE-4FAD-B3F6-2BE5588ACD44, 2021-02-05T11:16:53, false
E2C7259B-02FE-4FAD-B3F6-2BE5588ACD44, 2021-02-05T11:17:53, false
E2C7259B-02FE-4FAD-B3F6-2BE5588ACD44, 2021-02-05T11:18:53, false
E2C7259B-02FE-4FAD-B3F6-2BE5588ACD44, 2021-02-05T11:19:53, false
E2C7259B-02FE-4FAD-B3F6-2BE5588ACD44, 2021-02-05T11:20:53, false
E2C7259B-02FE-4FAD-B3F6-2BE5588ACD44, 2021-02-05T11:21:53, false
E2C7259B-02FE-4FAD-B3F6-2BE5588ACD44, 2021-02-05T11:22:53, false
E2C7259B-02FE-4FAD-B3F6-2BE5588ACD44, 2021-02-05T11:23:53, false
E2C7259B-02FE-4FAD-B3F6-2BE5588ACD44, 2021-02-05T11:24:53, false
E2C7259B-02FE-4FAD-B3F6-2BE5588ACD44, 2021-02-05T11:25:53, false
E2C7259B-02FE-4FAD-B3F6-2BE5588ACD44, 2021-02-05T11:26:53, false
E2C7259B-02FE-4FAD-B3F6-2BE5588ACD44, 2021-02-05T11:27:53, false
E2C7259B-02FE-4FAD-B3F6-2BE5588ACD44, 2021-02-05T11:28:53, false
E2C7259B-02FE-4FAD-B3F6-2BE5588ACD44, 2021-02-05T11:29:53, false
E2C7259B-02FE-4FAD-B3F6-2BE5588ACD44, 2021-02-05T11:30:53, false
E2C7259B-02FE-4FAD-B3F6-2BE5588ACD44, 2021-02-05T11:31:53, false
E2C7259B-02FE-4FAD-B3F6-2BE5588ACD44, 2021-02-05T11:32:53, false
E2C7259B-02FE-4FAD-B3F6-2BE5588ACD44, 2021-02-05T11:33:53, false
E2C7259B-02FE-4FAD-B3F6-2BE5588ACD44, 2021-02-05T11:34:53, false
E2C7259B-02FE-4FAD-B3F6-2BE5588ACD44, 2021-02-05T11:35:53, false
E2C7259B-02FE-4FAD-B3F6-2BE5588ACD44, 2021-02-05T11:36:53, false
E2C7259B-02FE-4FAD-B3F6-2BE5588ACD44, 2021-02-05T11:37:53, false
E2C7259B-02FE-4FAD-B3F6-2BE5588ACD44, 2021-02-05T11:38:53, false
E2C7259B-02FE-4FAD-B3F6-2BE5588ACD44, 2021-02-05T11:39:53, false
E2C7259B-02FE-4FAD-B3F6-2BE5588ACD44, 2021-02-05T11:40:53, false
E2C7259B-02FE-4FAD-B3F6-2BE5588ACD44, 2021-02-05T11:41:53, false
E2C7259B-02FE-4FAD-B3F6-2BE5588ACD44, 2021-02-05T11:42:53, false
E2C7259B-02FE-4FAD-B3F6-2BE5588ACD44, 2021-02-05T11:43:53, false
E2C7259B-02FE-4FAD-B3F6-2BE5588ACD44, 2021-02-05T11:44:53, false
E2C7259B-02FE-4FAD-B3F6-2BE5588ACD44, 2021-02-05T11:45:53, false
E2C7259B-02FE-4FAD-B3F6-2BE5588ACD44, 2021-02-05T11:46:53, false
E2C7259B-02FE-4FAD-B3F6-2BE5588ACD44, 2021-02-05T11:47:53, false
E2C7259B-02FE-4FAD-B3F6-2BE5588ACD44, 2021-02-05T11:48:53, false
E2C7259B-02FE-4FAD-B3F6-2BE5588ACD44, 2021-02-05T11:49:53, false
E2C7259B-02FE-4FAD-B3F6-2BE5588ACD44, 2021-02-05T11:50:53, false
E2C7259B-02FE-4FAD-B3F6-2BE5588ACD44, 2021-02-05T11:51:53, false
E2C7259B-02FE-4FAD-B3F6-2BE5588ACD44, 2021-02-05T11:52:53, false
E2C7259B-02FE-4FAD-B3F6-2BE5588ACD44, 2021-02-05T11:53:53, false
E2C7259B-02FE-4FAD-B3F6-2BE5588ACD44, 2021-02-05T11:54:53, false
E2C7259B-02FE-4FAD-B3F6-2BE5588ACD44, 2021-02-05T11:55:53, false
E2C7259B-02FE-4FAD-B3F6-2BE5588ACD44, 2021-02-05T11:56:53, false
E2C7259B-02FE-4FAD-B3F6-2BE5588ACD44, 2021-02-05T11:57:53, false
E2C7259B-02FE-4FAD-B3F6-2BE5588ACD44, 2021-02-05T11:58:53, false
E2C7259B-02FE-4FAD-B3F6-2BE5588ACD44, 2021-02-05T11:59:53, false
E2C7259B-02FE-4FAD-B3F6-2BE5588ACD44, 2021-02-05T12:00:53, false
E2C7259B-02FE-4FAD-B3F6-2BE5588ACD44, 2021-02-05T12:01:53, false
E2C7259B-02FE-4FAD-B3F6-2BE5588ACD44, 2021-02-05T12:02:53, false
E2C7259B-02FE-4FAD-B3F6-2BE5588ACD44, 2021-02-05T12:03:53, false
E2C7259B-02FE-4FAD-B3F6-2BE5588ACD44, 2021-02-05T12:04:53, false
E2C7259B-02FE-4FAD-B3F6-2BE5588ACD44, 2021-02-05T12:05:53, false
E2C7259B-02FE-4FAD-B3F6-2BE5588ACD44, 2021-02-05T12:06:53, false
E2C7259B-02FE-4FAD-B3F6-2BE5588ACD44, 2021-02-05T12:07:53, false
E2C7259B-02FE-4FAD-B3F6-2BE5588ACD44, 2021-02-05T12:08:53, false
E2C7259B-02FE-4FAD-B3F6-2BE5588ACD44, 2021-02-05T12:09:53, false
E2C7259B-02FE-4FAD-B3F6-2BE5588ACD44, 2021-02-05T12:10:53, false
E2C7259B-02FE-4FAD-B3F6-2BE5588ACD44, 2021-02-05T12:11:53, false
E2C7259B-02FE-4FAD-B3F6-2BE5588ACD44, 2021-02-05T12:12:53, false
E2C7259B-02FE-4FAD-B3F6-2BE5588ACD44, 2021-02-05T12:13:53, false
E2C7259B-02FE-4FAD-B3F6-2BE5588ACD44, 2021-02-05T12:14:53, false
E2C7259B-02FE-4FAD-B3F6-2BE5588ACD44, 2021-02-05T12:15:53, false
E2C7259B-02FE-4FAD-B3F6-2BE5588ACD44, 2021-02-05T12:16:53, false
E2C7259B-02FE-4FAD-B3F6-2BE5588ACD44, 2021-02-05T12:17:53, false
E2C7259B-02FE-4FAD-B3F6-2BE5588ACD44, 2021-02-05T12:18:53, false
E2C7259B-02FE-4FAD-B3F6-2BE5588ACD44, 2021-02-05T12:19:53, false
E2C7259B-02FE-4FAD-B3F6-2BE5588ACD44, 2021-02-05T12:20:53, false
E2C7259B-02FE-4FAD-B3F6-2BE5588ACD44, 2021-02-05T12:21:53, false
E2C7259B-02FE-4FAD-B3F6-2BE5588ACD44, 2021-02-05T12:22:53, false
E2C7259B-02FE-4FAD-B3F6-2BE5588ACD44, 2021-02-05T12:23:53, false
E2C7259B-02FE-4FAD-B3F6-2BE5588ACD44, 2021-02-05T12:24:53, false
E2C7259B-02FE-4FAD-B3F6-2BE5588ACD44, 2021-02-05T12:25:53, false
E2C7259B-02FE-4FAD-B3F6-2BE5588ACD44, 2021-02-05T12:26:53, false
E2C7259B-02FE-4FAD-B3F6-2BE5588ACD44, 2021-02-05T12:27:53, false
E2C7259B-02FE-4FAD-B3F6-2BE5588ACD44, 2021-02-05T12:28:53, false
E2C7259B-02FE-4FAD-B3F6-2BE5588ACD44, 2021-02-05T12:29:53, false
E2C7259B-02FE-4FAD-B3F6-2BE5588ACD44, 2021-02-05T12:30:53, false
E2C7259B-02FE-4FAD-B3F6-2BE5588ACD44, 2021-02-05T12:31:53, false
E2C7259B-02FE-4FAD-B3F6-2BE5588ACD44, 2021-02-05T12:32:53, false
E2C7259B-02FE-4FAD-B3F6-2BE5588ACD44, 2021-02-05T12:33:53, false
E2C7259B-02FE-4FAD-B3F6-2BE5588ACD44, 2021-02-05T12:34:53, false
E2C7259B-02FE-4FAD-B3F6-2BE5588ACD44, 2021-02-05T12:35:53, false
E2C7259B-02FE-4FAD-B3F6-2BE5588ACD44, 2021-02-05T12:36:53, false
E2C7259B-02FE-4FAD-B3F6-2BE5588ACD44, 2021-02-05T12:37:53, false
E2C7259B-02FE-4FAD-B3F6-2BE5588ACD44, 2021-02-05T12:38:53, false
E2C7259B-02FE-4FAD-B3F6-2BE5588ACD44, 2021-02-05T12:39:53, false
E2C7259B-02FE-4FAD-B3F6-2BE5588ACD44, 2021-02-05T12:40:53, false
E2C7259B-02FE-4FAD-B3F6-2BE5588ACD44, 2021-02-05T12:41:53, false
E2C7259B-02FE-4FAD-B3F6-2BE5588ACD44, 2021-02-05T12:42:53, false
E2C7259B-02FE-4FAD-B3F6-2BE5588ACD44, 2021-02-05T12:43:53, false
E2C7259B-02FE-4FAD-B3F6-2BE5588ACD44, 2021-02-05T12:44:53, false
E2C7259B-02FE-4FAD-B3F6-2BE5588ACD44, 2021-02-05T12:45:53, false
E2C7259B-02FE-4FAD-B3F6-2BE5588ACD44, 2021-02-05T12:46:53, false
E2C7259B-02FE-4FAD-B3F6-2BE5588ACD44, 2021-02-05T12:47:53, false
E2C7259B-02FE-4FAD-B3F6-2BE5588ACD44, 2021-02-05T12:48:53, false
E2C7259B-02FE-4FAD-B3F6-2BE5588ACD44, 2021-02-05T12:49:53, false
E2C7259B-02FE-4FAD-B3F6-2BE5588ACD44, 2021-02-05T12:50:53, false
E2C7259B-02FE-4FAD-B3F6-2BE5588ACD44, 2021-02-05T12:51:53, false
E2C7259B-02FE-4FAD-B3F6-2BE5588ACD44, 2021-02-05T12:52:53, false
E2C7259B-02FE-4FAD-B3F6-2BE5588ACD44, 2021-02-05T12:53:53, false
E2C7259B-02FE-4FAD-B3F6-2BE5588ACD44, 2021-02-05T12:54:53, false
E2C7259B-02FE-4FAD-B3F6-2BE5588ACD44, 2021-02-05T12:55:53, false
E2C7259B-02FE-4FAD-B3F6-2BE5588ACD44, 2021-02-05T12:56:53, false
E2C7259B-02FE-4FAD-B3F6-2BE5588ACD44, 2021-02-05T12:57:53, false
E2C7259B-02FE-4FAD-B3F6-2BE5588ACD44, 2021-02-05T12:58:53, false
E2C7259B-02FE-4FAD-B3F6-2BE5588ACD44, 2021-02-05T12:59:53, false
E2C7259B-02FE-4FAD-B3F6-2BE5588ACD44, 2021-02-05T13:00:53, false
E2C7259B-02FE-4FAD-B3F6-2BE5588ACD44, 2021-02-05T13:01:53, false
E2C7259B-02FE-4FAD-B3F6-2BE5588ACD44, 2021-02-05T13:02:53, false
E2C7259B-02FE-4FAD-B3F6-2BE5588ACD44, 2021-02-05T13:03:53, false
E2C7259B-02FE-4FAD-B3F6-2BE5588ACD44, 2021-02-05T13:04:53, false
E2C7259B-02FE-4FAD-B3F6-2BE5588ACD44, 2021-02-05T13:05:53, false
E2C7259B-02FE-4FAD-B3F6-2BE5588ACD44, 2021-02-05T13:06:53, false
E2C7259B-02FE-4FAD-B3F6-2BE5588ACD44, 2021-02-05T13:07:53, false
E2C7259B-02FE-4FAD-B3F6-2BE5588ACD44, 2021-02-05T13:08:53, false
E2C7259B-02FE-4FAD-B3F6-2BE5588ACD44, 2021-02-05T13:09:53, false
E2C7259B-02FE-4FAD-B3F6-2BE5588ACD44, 2021-02-05T13:10:53, false
E2C7259B-02FE-4FAD-B3F6-2BE5588ACD44, 2021-02-05T13:11:53, false
E2C7259B-02FE-4FAD-B3F6-2BE5588ACD44, 2021-02-05T13:12:53, false
E2C7259B-02FE-4FAD-B3F6-2BE5588ACD44, 2021-02-05T13:13:53, false
E2C7259B-02FE-4FAD-B3F6-2BE5588ACD44, 2021-02-05T13:14:53, false
E2C7259B-02FE-4FAD-B3F6-2BE5588ACD44, 2021-02-05T13:15:53, false
E2C7259B-02FE-4FAD-B3F6-2BE5588ACD44, 2021-02-05T13:16:53, false
E2C7259B-02FE-4FAD-B3F6-2BE5588ACD44, 2021-02-05T13:17:53, false
E2C7259B-02FE-4FAD-B3F6-2BE5588ACD44, 2021-02-05T13:18:53, false
E2C7259B-02FE-4FAD-B3F6-2BE5588ACD44, 2021-02-05T13:19:53, false
E2C7259B-02FE-4FAD-B3F6-2BE5588ACD44, 2021-02-05T13:20:53, false
E2C7259B-02FE-4FAD-B3F6-2BE5588ACD44, 2021-02-05T13:21:53, false
E2C7259B-02FE-4FAD-B3F6-2BE5588ACD44, 2021-02-05T13:22:53, false
E2C7259B-02FE-4FAD-B3F6-2BE5588ACD44, 2021-02-05T13:23:53, false
E2C7259B-02FE-4FAD-B3F6-2BE5588ACD44, 2021-02-05T13:24:53, false
E2C7259B-02FE-4FAD-B3F6-2BE5588ACD44, 2021-02-05T13:25:53, false
E2C7259B-02FE-4FAD-B3F6-2BE5588ACD44, 2021-02-05T13:26:53, false
E2C7259B-02FE-4FAD-B3F6-2BE5588ACD44, 2021-02-05T13:27:53, false
E2C7259B-02FE-4FAD-B3F6-2BE5588ACD44, 2021-02-05T13:28:53, false
E2C7259B-02FE-4FAD-B3F6-2BE5588ACD44, 2021-02-05T13:29:53, false
E2C7259B-02FE-4FAD-B3F6-2BE5588ACD44, 2021-02-05T13:30:53, false
E2C7259B-02FE-4FAD-B3F6-2BE5588ACD44, 2021-02-05T13:31:53, false
E2C7259B-02FE-4FAD-B3F6-2BE5588ACD44, 2021-02-05T13:32:53, false
E2C7259B-02FE-4FAD-B3F6-2BE5588ACD44, 2021-02-05T13:33:53, false
E2C7259B-02FE-4FAD-B3F6-2BE5588ACD44, 2021-02-05T13:34:53, false
E2C7259B-02FE-4FAD-B3F6-2BE5588ACD44, 2021-02-05T13:35:53, false
E2C7259B-02FE-4FAD-B3F6-2BE5588ACD44, 2021-02-05T13:36:53, false
E2C7259B-02FE-4FAD-B3F6-2BE5588ACD44, 2021-02-05T13:37:53, false
E2C7259B-02FE-4FAD-B3F6-2BE5588ACD44, 2021-02-05T13:38:53, false
E2C7259B-02FE-4FAD-B3F6-2BE5588ACD44, 2021-02-05T13:39:53, false
E2C7259B-02FE-4FAD-B3F6-2BE5588ACD44, 2021-02-05T13:40:53, false
E2C7259B-02FE-4FAD-B3F6-2BE5588ACD44, 2021-02-05T13:41:53, false
E2C7259B-02FE-4FAD-B3F6-2BE5588ACD44, 2021-02-05T13:42:53, false
E2C7259B-02FE-4FAD-B3F6-2BE5588ACD44, 2021-02-05T13:43:53, false
E2C7259B-02FE-4FAD-B3F6-2BE5588ACD44, 2021-02-05T13:44:53, false
E2C7259B-02FE-4FAD-B3F6-2BE5588ACD44, 2021-02-05T13:45:53, false
E2C7259B-02FE-4FAD-B3F6-2BE5588ACD44, 2021-02-05T13:46:53, false
E2C7259B-02FE-4FAD-B3F6-2BE5588ACD44, 2021-02-05T13:47:53, false
E2C7259B-02FE-4FAD-B3F6-2BE5588ACD44, 2021-02-05T13:48:53, false
E2C7259B-02FE-4FAD-B3F6-2BE5588ACD44, 2021-02-05T13:49:53, false
E2C7259B-02FE-4FAD-B3F6-2BE5588ACD44, 2021-02-05T13:50:53, false
E2C7259B-02FE-4FAD-B3F6-2BE5588ACD44, 2021-02-05T13:51:53, false
E2C7259B-02FE-4FAD-B3F6-2BE5588ACD44, 2021-02-05T13:52:53, false
E2C7259B-02FE-4FAD-B3F6-2BE5588ACD44, 2021-02-05T13:53:53, false
E2C7259B-02FE-4FAD-B3F6-2BE5588ACD44, 2021-02-05T13:54:53, false
E2C7259B-02FE-4FAD-B3F6-2BE5588ACD44, 2021-02-05T13:55:53, false
E2C7259B-02FE-4FAD-B3F6-2BE5588ACD44, 2021-02-05T13:56:53, false
E2C7259B-02FE-4FAD-B3F6-2BE5588ACD44, 2021-02-05T13:57:53, false
E2C7259B-02FE-4FAD-B3F6-2BE5588ACD44, 2021-02-05T13:58:53, false
E2C7259B-02FE-4FAD-B3F6-2BE5588ACD44, 2021-02-05T13:59:53, false
E2C7259B-02FE-4FAD-B3F6-2BE5588ACD44, 2021-02-05T14:00:53, false
E2C7259B-02FE-4FAD-B3F6-2BE5588ACD44, 2021-02-05T14:01:53, false
E2C7259B-02FE-4FAD-B3F6-2BE5588ACD44, 2021-02-05T14:02:53, false
E2C7259B-02FE-4FAD-B3F6-2BE5588ACD44, 2021-02-05T14:03:53, false
E2C7259B-02FE-4FAD-B3F6-2BE5588ACD44, 2021-02-05T14:04:53, false
E2C7259B-02FE-4FAD-B3F6-2BE5588ACD44, 2021-02-05T14:05:53, false
E2C7259B-02FE-4FAD-B3F6-2BE5588ACD44, 2021-02-05T14:06:53, false
E2C7259B-02FE-4FAD-B3F6-2BE5588ACD44, 2021-02-05T14:07:53, false
E2C7259B-02FE-4FAD-B3F6-2BE5588ACD44, 2021-02-05T14:08:53, false
E2C7259B-02FE-4FAD-B3F6-2BE5588ACD44, 2021-02-05T14:09:53, false
E2C7259B-02FE-4FAD-B3F6-2BE5588ACD44, 2021-02-05T14:10:53, false
E2C7259B-02FE-4FAD-B3F6-2BE5588ACD44, 2021-02-05T14:11:53, false
E2C7259B-02FE-4FAD-B3F6-2BE5588ACD44, 2021-02-05T14:12:53, false
E2C7259B-02FE-4FAD-B3F6-2BE5588ACD44, 2021-02-05T14:13:53, false
E2C7259B-02FE-4FAD-B3F6-2BE5588ACD44, 2021-02-05T14:14:53, false
E2C7259B-02FE-4FAD-B3F6-2BE5588ACD44, 2021-02-05T14:15:53, false
E2C7259B-02FE-4FAD-B3F6-2BE5588ACD44, 2021-02-05T14:16:53, false
E2C7259B-02FE-4FAD-B3F6-2BE5588ACD44, 2021-02-05T14:17:53, false
E2C7259B-02FE-4FAD-B3F6-2BE5588ACD44, 2021-02-05T14:18:53, false
E2C7259B-02FE-4FAD-B3F6-2BE5588ACD44, 2021-02-05T14:19:53, false
E2C7259B-02FE-4FAD-B3F6-2BE5588ACD44, 2021-02-05T14:20:53, false
E2C7259B-02FE-4FAD-B3F6-2BE5588ACD44, 2021-02-05T14:21:53, false
E2C7259B-02FE-4FAD-B3F6-2BE5588ACD44, 2021-02-05T14:22:53, false
E2C7259B-02FE-4FAD-B3F6-2BE5588ACD44, 2021-02-05T14:23:53, false
E2C7259B-02FE-4FAD-B3F6-2BE5588ACD44, 2021-02-05T14:24:53, false
E2C7259B-02FE-4FAD-B3F6-2BE5588ACD44, 2021-02-05T14:25:53, false
E2C7259B-02FE-4FAD-B3F6-2BE5588ACD44, 2021-02-05T14:26:53, false
E2C7259B-02FE-4FAD-B3F6-2BE5588ACD44, 2021-02-05T14:27:53, false
E2C7259B-02FE-4FAD-B3F6-2BE5588ACD44, 2021-02-05T14:28:53, false
E2C7259B-02FE-4FAD-B3F6-2BE5588ACD44, 2021-02-05T14:29:53, false
E2C7259B-02FE-4FAD-B3F6-2BE5588ACD44, 2021-02-05T14:30:53, false
E2C7259B-02FE-4FAD-B3F6-2BE5588ACD44, 2021-02-05T14:31:53, false
E2C7259B-02FE-4FAD-B3F6-2BE5588ACD44, 2021-02-05T14:32:53, false
E2C7259B-02FE-4FAD-B3F6-2BE5588ACD44, 2021-02-05T14:33:53, false
E2C7259B-02FE-4FAD-B3F6-2BE5588ACD44, 2021-02-05T14:34:53, false
E2C7259B-02FE-4FAD-B3F6-2BE5588ACD44, 2021-02-05T14:35:53, false
E2C7259B-02FE-4FAD-B3F6-2BE5588ACD44, 2021-02-05T14:36:53, false
E2C7259B-02FE-4FAD-B3F6-2BE5588ACD44, 2021-02-05T14:37:53, false
E2C7259B-02FE-4FAD-B3F6-2BE5588ACD44, 2021-02-05T14:38:53, false
E2C7259B-02FE-4FAD-B3F6-2BE5588ACD44, 2021-02-05T14:39:53, false
E2C7259B-02FE-4FAD-B3F6-2BE5588ACD44, 2021-02-05T14:40:53, false
E2C7259B-02FE-4FAD-B3F6-2BE5588ACD44, 2021-02-05T14:41:53, false
E2C7259B-02FE-4FAD-B3F6-2BE5588ACD44, 2021-02-05T14:42:53, false
E2C7259B-02FE-4FAD-B3F6-2BE5588ACD44, 2021-02-05T14:43:53, false
E2C7259B-02FE-4FAD-B3F6-2BE5588ACD44, 2021-02-05T14:44:53, false
E2C7259B-02FE-4FAD-B3F6-2BE5588ACD44, 2021-02-05T14:45:53, false
E2C7259B-02FE-4FAD-B3F6-2BE5588ACD44, 2021-02-05T14:46:53, false
E2C7259B-02FE-4FAD-B3F6-2BE5588ACD44, 2021-02-05T14:47:53, false
E2C7259B-02FE-4FAD-B3F6-2BE5588ACD44, 2021-02-05T14:48:53, false
E2C7259B-02FE-4FAD-B3F6-2BE5588ACD44, 2021-02-05T14:49:53, false
E2C7259B-02FE-4FAD-B3F6-2BE5588ACD44, 2021-02-05T14:50:53, false
E2C7259B-02FE-4FAD-B3F6-2BE5588ACD44, 2021-02-05T14:51:53, false
E2C7259B-02FE-4FAD-B3F6-2BE5588ACD44, 2021-02-05T14:52:53, false
E2C7259B-02FE-4FAD-B3F6-2BE5588ACD44, 2021-02-05T14:53:53, false
E2C7259B-02FE-4FAD-B3F6-2BE5588ACD44, 2021-02-05T14:54:53, false
E2C7259B-02FE-4FAD-B3F6-2BE5588ACD44, 2021-02-05T14:55:53, false
E2C7259B-02FE-4FAD-B3F6-2BE5588ACD44, 2021-02-05T14:56:53, false
E2C7259B-02FE-4FAD-B3F6-2BE5588ACD44, 2021-02-05T14:57:53, false
E2C7259B-02FE-4FAD-B3F6-2BE5588ACD44, 2021-02-05T14:58:53, false
E2C7259B-02FE-4FAD-B3F6-2BE5588ACD44, 2021-02-05T14:59:53, false
E2C7259B-02FE-4FAD-B3F6-2BE5588ACD44, 2021-02-05T15:00:53, false
E2C7259B-02FE-4FAD-B3F6-2BE5588ACD44, 2021-02-05T15:01:53, false
E2C7259B-02FE-4FAD-B3F6-2BE5588ACD44, 2021-02-05T15:02:53, false
E2C7259B-02FE-4FAD-B3F6-2BE5588ACD44, 2021-02-05T15:03:53, false
E2C7259B-02FE-4FAD-B3F6-2BE5588ACD44, 2021-02-05T15:04:53, false
E2C7259B-02FE-4FAD-B3F6-2BE5588ACD44, 2021-02-05T15:05:53, false
E2C7259B-02FE-4FAD-B3F6-2BE5588ACD44, 2021-02-05T15:06:53, false
E2C7259B-02FE-4FAD-B3F6-2BE5588ACD44, 2021-02-05T15:07:53, false
E2C7259B-02FE-4FAD-B3F6-2BE5588ACD44, 2021-02-05T15:08:53, false
E2C7259B-02FE-4FAD-B3F6-2BE5588ACD44, 2021-02-05T15:09:53, false
E2C7259B-02FE-4FAD-B3F6-2BE5588ACD44, 2021-02-05T15:10:53, false
E2C7259B-02FE-4FAD-B3F6-2BE5588ACD44, 2021-02-05T15:11:53, false
E2C7259B-02FE-4FAD-B3F6-2BE5588ACD44, 2021-02-05T15:12:53, false
E2C7259B-02FE-4FAD-B3F6-2BE5588ACD44, 2021-02-05T15:13:53, false
E2C7259B-02FE-4FAD-B3F6-2BE5588ACD44, 2021-02-05T15:14:53, false
E2C7259B-02FE-4FAD-B3F6-2BE5588ACD44, 2021-02-05T15:15:53, false
E2C7259B-02FE-4FAD-B3F6-2BE5588ACD44, 2021-02-05T15:16:53, false
E2C7259B-02FE-4FAD-B3F6-2BE5588ACD44, 2021-02-05T15:17:53, false
E2C7259B-02FE-4FAD-B3F6-2BE5588ACD44, 2021-02-05T15:18:53, false
E2C7259B-02FE-4FAD-B3F6-2BE5588ACD44, 2021-02-05T15:19:53, false
E2C7259B-02FE-4FAD-B3F6-2BE5588ACD44, 2021-02-05T15:20:53, false
E2C7259B-02FE-4FAD-B3F6-2BE5588ACD44, 2021-02-05T15:21:53, false
E2C7259B-02FE-4FAD-B3F6-2BE5588ACD44, 2021-02-05T15:22:53, false
E2C7259B-02FE-4FAD-B3F6-2BE5588ACD44, 2021-02-05T15:23:53, false
E2C7259B-02FE-4FAD-B3F6-2BE5588ACD44, 2021-02-05T15:24:53, false
E2C7259B-02FE-4FAD-B3F6-2BE5588ACD44, 2021-02-05T15:25:53, false
E2C7259B-02FE-4FAD-B3F6-2BE5588ACD44, 2021-02-05T15:26:53, false
E2C7259B-02FE-4FAD-B3F6-2BE5588ACD44, 2021-02-05T15:27:53, false
E2C7259B-02FE-4FAD-B3F6-2BE5588ACD44, 2021-02-05T15:28:53, false
E2C7259B-02FE-4FAD-B3F6-2BE5588ACD44, 2021-02-05T15:29:53, false
E2C7259B-02FE-4FAD-B3F6-2BE5588ACD44, 2021-02-05T15:30:53, false
E2C7259B-02FE-4FAD-B3F6-2BE5588ACD44, 2021-02-05T15:31:53, false
E2C7259B-02FE-4FAD-B3F6-2BE5588ACD44, 2021-02-05T15:32:53, false
E2C7259B-02FE-4FAD-B3F6-2BE5588ACD44, 2021-02-05T15:33:53, false
E2C7259B-02FE-4FAD-B3F6-2BE5588ACD44, 2021-02-05T15:34:53, false
E2C7259B-02FE-4FAD-B3F6-2BE5588ACD44, 2021-02-05T15:35:53, false
E2C7259B-02FE-4FAD-B3F6-2BE5588ACD44, 2021-02-05T15:36:53, false
E2C7259B-02FE-4FAD-B3F6-2BE5588ACD44, 2021-02-05T15:37:53, false
E2C7259B-02FE-4FAD-B3F6-2BE5588ACD44, 2021-02-05T15:38:53, false
E2C7259B-02FE-4FAD-B3F6-2BE5588ACD44, 2021-02-05T15:39:53, false
E2C7259B-02FE-4FAD-B3F6-2BE5588ACD44, 2021-02-05T15:40:53, false
E2C7259B-02FE-4FAD-B3F6-2BE5588ACD44, 2021-02-05T15:41:53, false
E2C7259B-02FE-4FAD-B3F6-2BE5588ACD44, 2021-02-05T15:42:53, false
E2C7259B-02FE-4FAD-B3F6-2BE5588ACD44, 2021-02-05T15:43:53, false
E2C7259B-02FE-4FAD-B3F6-2BE5588ACD44, 2021-02-05T15:44:53, false
E2C7259B-02FE-4FAD-B3F6-2BE5588ACD44, 2021-02-05T15:45:53, false
E2C7259B-02FE-4FAD-B3F6-2BE5588ACD44, 2021-02-05T15:46:53, false
E2C7259B-02FE-4FAD-B3F6-2BE5588ACD44, 2021-02-05T15:47:53, false
E2C7259B-02FE-4FAD-B3F6-2BE5588ACD44, 2021-02-05T15:48:53, false
E2C7259B-02FE-4FAD-B3F6-2BE5588ACD44, 2021-02-05T15:49:53, false
E2C7259B-02FE-4FAD-B3F6-2BE5588ACD44, 2021-02-05T15:50:53, false
E2C7259B-02FE-4FAD-B3F6-2BE5588ACD44, 2021-02-05T15:51:53, false
E2C7259B-02FE-4FAD-B3F6-2BE5588ACD44, 2021-02-05T15:52:53, false
E2C7259B-02FE-4FAD-B3F6-2BE5588ACD44, 2021-02-05T15:53:53, false
E2C7259B-02FE-4FAD-B3F6-2BE5588ACD44, 2021-02-05T15:54:53, false
E2C7259B-02FE-4FAD-B3F6-2BE5588ACD44, 2021-02-05T15:55:53, false
E2C7259B-02FE-4FAD-B3F6-2BE5588ACD44, 2021-02-05T15:56:53, false
E2C7259B-02FE-4FAD-B3F6-2BE5588ACD44, 2021-02-05T15:57:53, false
E2C7259B-02FE-4FAD-B3F6-2BE5588ACD44, 2021-02-05T15:58:53, false
E2C7259B-02FE-4FAD-B3F6-2BE5588ACD44, 2021-02-05T15:59:53, false
E2C7259B-02FE-4FAD-B3F6-2BE5588ACD44, 2021-02-05T16:00:53, false
E2C7259B-02FE-4FAD-B3F6-2BE5588ACD44, 2021-02-05T16:01:53, false
E2C7259B-02FE-4FAD-B3F6-2BE5588ACD44, 2021-02-05T16:02:53, false
E2C7259B-02FE-4FAD-B3F6-2BE5588ACD44, 2021-02-05T16:03:53, false
E2C7259B-02FE-4FAD-B3F6-2BE5588ACD44, 2021-02-05T16:04:53, false
E2C7259B-02FE-4FAD-B3F6-2BE5588ACD44, 2021-02-05T16:05:53, false
E2C7259B-02FE-4FAD-B3F6-2BE5588ACD44, 2021-02-05T16:06:53, false
E2C7259B-02FE-4FAD-B3F6-2BE5588ACD44, 2021-02-05T16:07:53, false
E2C7259B-02FE-4FAD-B3F6-2BE5588ACD44, 2021-02-05T16:08:53, false
E2C7259B-02FE-4FAD-B3F6-2BE5588ACD44, 2021-02-05T16:09:53, false
E2C7259B-02FE-4FAD-B3F6-2BE5588ACD44, 2021-02-05T16:10:53, false
E2C7259B-02FE-4FAD-B3F6-2BE5588ACD44, 2021-02-05T16:11:53, false
E2C7259B-02FE-4FAD-B3F6-2BE5588ACD44, 2021-02-05T16:12:53, false
E2C7259B-02FE-4FAD-B3F6-2BE5588ACD44, 2021-02-05T16:13:53, false
E2C7259B-02FE-4FAD-B3F6-2BE5588ACD44, 2021-02-05T16:14:53, false
E2C7259B-02FE-4FAD-B3F6-2BE5588ACD44, 2021-02-05T16:15:53, false
E2C7259B-02FE-4FAD-B3F6-2BE5588ACD44, 2021-02-05T16:16:53, false
E2C7259B-02FE-4FAD-B3F6-2BE5588ACD44, 2021-02-05T16:17:53, false
E2C7259B-02FE-4FAD-B3F6-2BE5588ACD44, 2021-02-05T16:18:53, false
E2C7259B-02FE-4FAD-B3F6-2BE5588ACD44, 2021-02-05T16:19:53, false
E2C7259B-02FE-4FAD-B3F6-2BE5588ACD44, 2021-02-05T16:20:53, false
E2C7259B-02FE-4FAD-B3F6-2BE5588ACD44, 2021-02-05T16:21:53, false
E2C7259B-02FE-4FAD-B3F6-2BE5588ACD44, 2021-02-05T16:22:53, false
E2C7259B-02FE-4FAD-B3F6-2BE5588ACD44, 2021-02-05T16:23:53, false
E2C7259B-02FE-4FAD-B3F6-2BE5588ACD44, 2021-02-05T16:24:53, false
E2C7259B-02FE-4FAD-B3F6-2BE5588ACD44, 2021-02-05T16:25:53, false
E2C7259B-02FE-4FAD-B3F6-2BE5588ACD44, 2021-02-05T16:26:53, false
E2C7259B-02FE-4FAD-B3F6-2BE5588ACD44, 2021-02-05T16:27:53, false
E2C7259B-02FE-4FAD-B3F6-2BE5588ACD44, 2021-02-05T16:28:53, false
E2C7259B-02FE-4FAD-B3F6-2BE5588ACD44, 2021-02-05T16:29:53, false
E2C7259B-02FE-4FAD-B3F6-2BE5588ACD44, 2021-02-05T16:30:53, false
E2C7259B-02FE-4FAD-B3F6-2BE5588ACD44, 2021-02-05T16:31:53, false
E2C7259B-02FE-4FAD-B3F6-2BE5588ACD44, 2021-02-05T16:32:53, false
E2C7259B-02FE-4FAD-B3F6-2BE5588ACD44, 2021-02-05T16:33:53, false
E2C7259B-02FE-4FAD-B3F6-2BE5588ACD44, 2021-02-05T16:34:53, false
E2C7259B-02FE-4FAD-B3F6-2BE5588ACD44, 2021-02-05T16:35:53, false
E2C7259B-02FE-4FAD-B3F6-2BE5588ACD44, 2021-02-05T16:36:53, false
E2C7259B-02FE-4FAD-B3F6-2BE5588ACD44, 2021-02-05T16:37:53, false
E2C7259B-02FE-4FAD-B3F6-2BE5588ACD44, 2021-02-05T16:38:53, false
E2C7259B-02FE-4FAD-B3F6-2BE5588ACD44, 2021-02-05T16:39:53, false
E2C7259B-02FE-4FAD-B3F6-2BE5588ACD44, 2021-02-05T16:40:53, false
E2C7259B-02FE-4FAD-B3F6-2BE5588ACD44, 2021-02-05T16:41:53, false
E2C7259B-02FE-4FAD-B3F6-2BE5588ACD44, 2021-02-05T16:42:53, false
E2C7259B-02FE-4FAD-B3F6-2BE5588ACD44, 2021-02-05T16:43:53, false
E2C7259B-02FE-4FAD-B3F6-2BE5588ACD44, 2021-02-05T16:44:53, false
E2C7259B-02FE-4FAD-B3F6-2BE5588ACD44, 2021-02-05T16:45:53, false
E2C7259B-02FE-4FAD-B3F6-2BE5588ACD44, 2021-02-05T16:46:53, false
E2C7259B-02FE-4FAD-B3F6-2BE5588ACD44, 2021-02-05T16:47:53, false
E2C7259B-02FE-4FAD-B3F6-2BE5588ACD44, 2021-02-05T16:48:53, false
E2C7259B-02FE-4FAD-B3F6-2BE5588ACD44, 2021-02-05T16:49:53, false
E2C7259B-02FE-4FAD-B3F6-2BE5588ACD44, 2021-02-05T16:50:53, false
E2C7259B-02FE-4FAD-B3F6-2BE5588ACD44, 2021-02-05T16:51:53, false
E2C7259B-02FE-4FAD-B3F6-2BE5588ACD44, 2021-02-05T16:52:53, false
E2C7259B-02FE-4FAD-B3F6-2BE5588ACD44, 2021-02-05T16:53:53, false
E2C7259B-02FE-4FAD-B3F6-2BE5588ACD44, 2021-02-05T16:54:53, false
E2C7259B-02FE-4FAD-B3F6-2BE5588ACD44, 2021-02-05T16:55:53, false
E2C7259B-02FE-4FAD-B3F6-2BE5588ACD44, 2021-02-05T16:56:53, false
E2C7259B-02FE-4FAD-B3F6-2BE5588ACD44, 2021-02-05T16:57:53, false
E2C7259B-02FE-4FAD-B3F6-2BE5588ACD44, 2021-02-05T16:58:53, false
E2C7259B-02FE-4FAD-B3F6-2BE5588ACD44, 2021-02-05T16:59:53, false
E2C7259B-02FE-4FAD-B3F6-2BE5588ACD44, 2021-02-05T17:00:53, false
E2C7259B-02FE-4FAD-B3F6-2BE5588ACD44, 2021-02-05T17:01:53, false
E2C7259B-02FE-4FAD-B3F6-2BE5588ACD44, 2021-02-05T17:02:53, false
E2C7259B-02FE-4FAD-B3F6-2BE5588ACD44, 2021-02-05T17:03:53, false
E2C7259B-02FE-4FAD-B3F6-2BE5588ACD44, 2021-02-05T17:04:53, false
E2C7259B-02FE-4FAD-B3F6-2BE5588ACD44, 2021-02-05T17:05:53, false
E2C7259B-02FE-4FAD-B3F6-2BE5588ACD44, 2021-02-05T17:06:53, false
E2C7259B-02FE-4FAD-B3F6-2BE5588ACD44, 2021-02-05T17:07:53, false
E2C7259B-02FE-4FAD-B3F6-2BE5588ACD44, 2021-02-05T17:08:53, false
E2C7259B-02FE-4FAD-B3F6-2BE5588ACD44, 2021-02-05T17:09:53, false
E2C7259B-02FE-4FAD-B3F6-2BE5588ACD44, 2021-02-05T17:10:53, false
E2C7259B-02FE-4FAD-B3F6-2BE5588ACD44, 2021-02-05T17:11:53, false
E2C7259B-02FE-4FAD-B3F6-2BE5588ACD44, 2021-02-05T17:12:53, false
E2C7259B-02FE-4FAD-B3F6-2BE5588ACD44, 2021-02-05T17:13:53, false
E2C7259B-02FE-4FAD-B3F6-2BE5588ACD44, 2021-02-05T17:14:53, false
E2C7259B-02FE-4FAD-B3F6-2BE5588ACD44, 2021-02-05T17:15:53, false
E2C7259B-02FE-4FAD-B3F6-2BE5588ACD44, 2021-02-05T17:16:53, false
E2C7259B-02FE-4FAD-B3F6-2BE5588ACD44, 2021-02-05T17:17:53, false
E2C7259B-02FE-4FAD-B3F6-2BE5588ACD44, 2021-02-05T17:18:53, false
E2C7259B-02FE-4FAD-B3F6-2BE5588ACD44, 2021-02-05T17:19:53, false
E2C7259B-02FE-4FAD-B3F6-2BE5588ACD44, 2021-02-05T17:20:53, false
E2C7259B-02FE-4FAD-B3F6-2BE5588ACD44, 2021-02-05T17:21:53, false
E2C7259B-02FE-4FAD-B3F6-2BE5588ACD44, 2021-02-05T17:22:53, false
E2C7259B-02FE-4FAD-B3F6-2BE5588ACD44, 2021-02-05T17:23:53, false
E2C7259B-02FE-4FAD-B3F6-2BE5588ACD44, 2021-02-05T17:24:53, false
E2C7259B-02FE-4FAD-B3F6-2BE5588ACD44, 2021-02-05T17:25:53, false
E2C7259B-02FE-4FAD-B3F6-2BE5588ACD44, 2021-02-05T17:26:53, false
E2C7259B-02FE-4FAD-B3F6-2BE5588ACD44, 2021-02-05T17:27:53, false
E2C7259B-02FE-4FAD-B3F6-2BE5588ACD44, 2021-02-05T17:28:53, false
E2C7259B-02FE-4FAD-B3F6-2BE5588ACD44, 2021-02-05T17:29:53, false
E2C7259B-02FE-4FAD-B3F6-2BE5588ACD44, 2021-02-05T17:30:53, false
E2C7259B-02FE-4FAD-B3F6-2BE5588ACD44, 2021-02-05T17:31:53, false
E2C7259B-02FE-4FAD-B3F6-2BE5588ACD44, 2021-02-05T17:32:53, false
E2C7259B-02FE-4FAD-B3F6-2BE5588ACD44, 2021-02-05T17:33:53, false
E2C7259B-02FE-4FAD-B3F6-2BE5588ACD44, 2021-02-05T17:34:53, false
E2C7259B-02FE-4FAD-B3F6-2BE5588ACD44, 2021-02-05T17:35:53, false
E2C7259B-02FE-4FAD-B3F6-2BE5588ACD44, 2021-02-05T17:36:53, false
E2C7259B-02FE-4FAD-B3F6-2BE5588ACD44, 2021-02-05T17:37:53, false
E2C7259B-02FE-4FAD-B3F6-2BE5588ACD44, 2021-02-05T17:38:53, false
E2C7259B-02FE-4FAD-B3F6-2BE5588ACD44, 2021-02-05T17:39:53, false
E2C7259B-02FE-4FAD-B3F6-2BE5588ACD44, 2021-02-05T17:40:53, false
E2C7259B-02FE-4FAD-B3F6-2BE5588ACD44, 2021-02-05T17:41:53, false
E2C7259B-02FE-4FAD-B3F6-2BE5588ACD44, 2021-02-05T17:42:53, false
E2C7259B-02FE-4FAD-B3F6-2BE5588ACD44, 2021-02-05T17:43:53, false
E2C7259B-02FE-4FAD-B3F6-2BE5588ACD44, 2021-02-05T17:44:53, false
E2C7259B-02FE-4FAD-B3F6-2BE5588ACD44, 2021-02-05T17:45:53, false
E2C7259B-02FE-4FAD-B3F6-2BE5588ACD44, 2021-02-05T17:46:53, false
E2C7259B-02FE-4FAD-B3F6-2BE5588ACD44, 2021-02-05T17:47:53, false
E2C7259B-02FE-4FAD-B3F6-2BE5588ACD44, 2021-02-05T17:48:53, false
E2C7259B-02FE-4FAD-B3F6-2BE5588ACD44, 2021-02-05T17:49:53, false
E2C7259B-02FE-4FAD-B3F6-2BE5588ACD44, 2021-02-05T17:50:53, false
E2C7259B-02FE-4FAD-B3F6-2BE5588ACD44, 2021-02-05T17:51:53, false
E2C7259B-02FE-4FAD-B3F6-2BE5588ACD44, 2021-02-05T17:52:53, false
E2C7259B-02FE-4FAD-B3F6-2BE5588ACD44, 2021-02-05T17:53:53, false
E2C7259B-02FE-4FAD-B3F6-2BE5588ACD44, 2021-02-05T17:54:53, false
E2C7259B-02FE-4FAD-B3F6-2BE5588ACD44, 2021-02-05T17:55:53, false
E2C7259B-02FE-4FAD-B3F6-2BE5588ACD44, 2021-02-05T17:56:53, false
E2C7259B-02FE-4FAD-B3F6-2BE5588ACD44, 2021-02-05T17:57:53, false
E2C7259B-02FE-4FAD-B3F6-2BE5588ACD44, 2021-02-05T17:58:53, false
E2C7259B-02FE-4FAD-B3F6-2BE5588ACD44, 2021-02-05T17:59:53, false
E2C7259B-02FE-4FAD-B3F6-2BE5588ACD44, 2021-02-05T18:00:53, false
E2C7259B-02FE-4FAD-B3F6-2BE5588ACD44, 2021-02-05T18:01:53, false
E2C7259B-02FE-4FAD-B3F6-2BE5588ACD44, 2021-02-05T18:02:53, false
E2C7259B-02FE-4FAD-B3F6-2BE5588ACD44, 2021-02-05T18:03:53, false
E2C7259B-02FE-4FAD-B3F6-2BE5588ACD44, 2021-02-05T18:04:53, false
E2C7259B-02FE-4FAD-B3F6-2BE5588ACD44, 2021-02-05T18:05:53, false
E2C7259B-02FE-4FAD-B3F6-2BE5588ACD44, 2021-02-05T18:06:53, false
E2C7259B-02FE-4FAD-B3F6-2BE5588ACD44, 2021-02-05T18:07:53, false
E2C7259B-02FE-4FAD-B3F6-2BE5588ACD44, 2021-02-05T18:08:53, false
E2C7259B-02FE-4FAD-B3F6-2BE5588ACD44, 2021-02-05T18:09:53, false
E2C7259B-02FE-4FAD-B3F6-2BE5588ACD44, 2021-02-05T18:10:53, false
E2C7259B-02FE-4FAD-B3F6-2BE5588ACD44, 2021-02-05T18:11:53, false
E2C7259B-02FE-4FAD-B3F6-2BE5588ACD44, 2021-02-05T18:12:53, false
E2C7259B-02FE-4FAD-B3F6-2BE5588ACD44, 2021-02-05T18:13:53, false
E2C7259B-02FE-4FAD-B3F6-2BE5588ACD44, 2021-02-05T18:14:53, false
E2C7259B-02FE-4FAD-B3F6-2BE5588ACD44, 2021-02-05T18:15:53, false
E2C7259B-02FE-4FAD-B3F6-2BE5588ACD44, 2021-02-05T18:16:53, false
E2C7259B-02FE-4FAD-B3F6-2BE5588ACD44, 2021-02-05T18:17:53, false
E2C7259B-02FE-4FAD-B3F6-2BE5588ACD44, 2021-02-05T18:18:53, false
E2C7259B-02FE-4FAD-B3F6-2BE5588ACD44, 2021-02-05T18:19:53, false
E2C7259B-02FE-4FAD-B3F6-2BE5588ACD44, 2021-02-05T18:20:53, false
E2C7259B-02FE-4FAD-B3F6-2BE5588ACD44, 2021-02-05T18:21:53, false
E2C7259B-02FE-4FAD-B3F6-2BE5588ACD44, 2021-02-05T18:22:53, false
E2C7259B-02FE-4FAD-B3F6-2BE5588ACD44, 2021-02-05T18:23:53, false
E2C7259B-02FE-4FAD-B3F6-2BE5588ACD44, 2021-02-05T18:24:53, false
E2C7259B-02FE-4FAD-B3F6-2BE5588ACD44, 2021-02-05T18:25:53, false
E2C7259B-02FE-4FAD-B3F6-2BE5588ACD44, 2021-02-05T18:26:53, false
E2C7259B-02FE-4FAD-B3F6-2BE5588ACD44, 2021-02-05T18:27:53, false
E2C7259B-02FE-4FAD-B3F6-2BE5588ACD44, 2021-02-05T18:28:53, false
E2C7259B-02FE-4FAD-B3F6-2BE5588ACD44, 2021-02-05T18:29:53, false
E2C7259B-02FE-4FAD-B3F6-2BE5588ACD44, 2021-02-05T18:30:53, false
E2C7259B-02FE-4FAD-B3F6-2BE5588ACD44, 2021-02-05T18:31:53, false
E2C7259B-02FE-4FAD-B3F6-2BE5588ACD44, 2021-02-05T18:32:53, false
E2C7259B-02FE-4FAD-B3F6-2BE5588ACD44, 2021-02-05T18:33:53, false
E2C7259B-02FE-4FAD-B3F6-2BE5588ACD44, 2021-02-05T18:34:53, false
E2C7259B-02FE-4FAD-B3F6-2BE5588ACD44, 2021-02-05T18:35:53, false
E2C7259B-02FE-4FAD-B3F6-2BE5588ACD44, 2021-02-05T18:36:53, false
E2C7259B-02FE-4FAD-B3F6-2BE5588ACD44, 2021-02-05T18:37:53, false
E2C7259B-02FE-4FAD-B3F6-2BE5588ACD44, 2021-02-05T18:38:53, false
E2C7259B-02FE-4FAD-B3F6-2BE5588ACD44, 2021-02-05T18:39:53, false
E2C7259B-02FE-4FAD-B3F6-2BE5588ACD44, 2021-02-05T18:40:53, false
E2C7259B-02FE-4FAD-B3F6-2BE5588ACD44, 2021-02-05T18:41:53, false
E2C7259B-02FE-4FAD-B3F6-2BE5588ACD44, 2021-02-05T18:42:53, false
E2C7259B-02FE-4FAD-B3F6-2BE5588ACD44, 2021-02-05T18:43:53, false
E2C7259B-02FE-4FAD-B3F6-2BE5588ACD44, 2021-02-05T18:44:53, false
E2C7259B-02FE-4FAD-B3F6-2BE5588ACD44, 2021-02-05T18:45:53, false
E2C7259B-02FE-4FAD-B3F6-2BE5588ACD44, 2021-02-05T18:46:53, false
E2C7259B-02FE-4FAD-B3F6-2BE5588ACD44, 2021-02-05T18:47:53, false
E2C7259B-02FE-4FAD-B3F6-2BE5588ACD44, 2021-02-05T18:48:53, false
E2C7259B-02FE-4FAD-B3F6-2BE5588ACD44, 2021-02-05T18:49:53, false
E2C7259B-02FE-4FAD-B3F6-2BE5588ACD44, 2021-02-05T18:50:53, false
E2C7259B-02FE-4FAD-B3F6-2BE5588ACD44, 2021-02-05T18:51:53, false
E2C7259B-02FE-4FAD-B3F6-2BE5588ACD44, 2021-02-05T18:52:53, false
E2C7259B-02FE-4FAD-B3F6-2BE5588ACD44, 2021-02-05T18:53:53, false
E2C7259B-02FE-4FAD-B3F6-2BE5588ACD44, 2021-02-05T18:54:53, false
E2C7259B-02FE-4FAD-B3F6-2BE5588ACD44, 2021-02-05T18:55:53, false
E2C7259B-02FE-4FAD-B3F6-2BE5588ACD44, 2021-02-05T18:56:53, false
E2C7259B-02FE-4FAD-B3F6-2BE5588ACD44, 2021-02-05T18:57:53, false
E2C7259B-02FE-4FAD-B3F6-2BE5588ACD44, 2021-02-05T18:58:53, false
E2C7259B-02FE-4FAD-B3F6-2BE5588ACD44, 2021-02-05T18:59:53, false
E2C7259B-02FE-4FAD-B3F6-2BE5588ACD44, 2021-02-05T19:00:53, false
E2C7259B-02FE-4FAD-B3F6-2BE5588ACD44, 2021-02-05T19:01:53, false
E2C7259B-02FE-4FAD-B3F6-2BE5588ACD44, 2021-02-05T19:02:53, false
E2C7259B-02FE-4FAD-B3F6-2BE5588ACD44, 2021-02-05T19:03:53, false
E2C7259B-02FE-4FAD-B3F6-2BE5588ACD44, 2021-02-05T19:04:53, false
E2C7259B-02FE-4FAD-B3F6-2BE5588ACD44, 2021-02-05T19:05:53, false
E2C7259B-02FE-4FAD-B3F6-2BE5588ACD44, 2021-02-05T19:06:53, false
E2C7259B-02FE-4FAD-B3F6-2BE5588ACD44, 2021-02-05T19:07:53, false
E2C7259B-02FE-4FAD-B3F6-2BE5588ACD44, 2021-02-05T19:08:53, false
E2C7259B-02FE-4FAD-B3F6-2BE5588ACD44, 2021-02-05T19:09:53, false
E2C7259B-02FE-4FAD-B3F6-2BE5588ACD44, 2021-02-05T19:10:53, false
E2C7259B-02FE-4FAD-B3F6-2BE5588ACD44, 2021-02-05T19:11:53, false
E2C7259B-02FE-4FAD-B3F6-2BE5588ACD44, 2021-02-05T19:12:53, false
E2C7259B-02FE-4FAD-B3F6-2BE5588ACD44, 2021-02-05T19:13:53, false
E2C7259B-02FE-4FAD-B3F6-2BE5588ACD44, 2021-02-05T19:14:53, false
E2C7259B-02FE-4FAD-B3F6-2BE5588ACD44, 2021-02-05T19:15:53, false
E2C7259B-02FE-4FAD-B3F6-2BE5588ACD44, 2021-02-05T19:16:53, false
E2C7259B-02FE-4FAD-B3F6-2BE5588ACD44, 2021-02-05T19:17:53, false
E2C7259B-02FE-4FAD-B3F6-2BE5588ACD44, 2021-02-05T19:18:53, false
E2C7259B-02FE-4FAD-B3F6-2BE5588ACD44, 2021-02-05T19:19:53, false
E2C7259B-02FE-4FAD-B3F6-2BE5588ACD44, 2021-02-05T19:20:53, false
E2C7259B-02FE-4FAD-B3F6-2BE5588ACD44, 2021-02-05T19:21:53, false
E2C7259B-02FE-4FAD-B3F6-2BE5588ACD44, 2021-02-05T19:22:53, false
E2C7259B-02FE-4FAD-B3F6-2BE5588ACD44, 2021-02-05T19:23:53, false
E2C7259B-02FE-4FAD-B3F6-2BE5588ACD44, 2021-02-05T19:24:53, false
E2C7259B-02FE-4FAD-B3F6-2BE5588ACD44, 2021-02-05T19:25:53, false
E2C7259B-02FE-4FAD-B3F6-2BE5588ACD44, 2021-02-05T19:26:53, false
E2C7259B-02FE-4FAD-B3F6-2BE5588ACD44, 2021-02-05T19:27:53, false
E2C7259B-02FE-4FAD-B3F6-2BE5588ACD44, 2021-02-05T19:28:53, false
E2C7259B-02FE-4FAD-B3F6-2BE5588ACD44, 2021-02-05T19:29:53, false
E2C7259B-02FE-4FAD-B3F6-2BE5588ACD44, 2021-02-05T19:30:53, false
E2C7259B-02FE-4FAD-B3F6-2BE5588ACD44, 2021-02-05T19:31:53, false
E2C7259B-02FE-4FAD-B3F6-2BE5588ACD44, 2021-02-05T19:32:53, false
E2C7259B-02FE-4FAD-B3F6-2BE5588ACD44, 2021-02-05T19:33:53, false
E2C7259B-02FE-4FAD-B3F6-2BE5588ACD44, 2021-02-05T19:34:53, false
E2C7259B-02FE-4FAD-B3F6-2BE5588ACD44, 2021-02-05T19:35:53, false
E2C7259B-02FE-4FAD-B3F6-2BE5588ACD44, 2021-02-05T19:36:53, false
E2C7259B-02FE-4FAD-B3F6-2BE5588ACD44, 2021-02-05T19:37:53, false
E2C7259B-02FE-4FAD-B3F6-2BE5588ACD44, 2021-02-05T19:38:53, false
E2C7259B-02FE-4FAD-B3F6-2BE5588ACD44, 2021-02-05T19:39:53, false
E2C7259B-02FE-4FAD-B3F6-2BE5588ACD44, 2021-02-05T19:40:53, false
E2C7259B-02FE-4FAD-B3F6-2BE5588ACD44, 2021-02-05T19:41:53, false
E2C7259B-02FE-4FAD-B3F6-2BE5588ACD44, 2021-02-05T19:42:53, false
E2C7259B-02FE-4FAD-B3F6-2BE5588ACD44, 2021-02-05T19:43:53, false
E2C7259B-02FE-4FAD-B3F6-2BE5588ACD44, 2021-02-05T19:44:53, false
E2C7259B-02FE-4FAD-B3F6-2BE5588ACD44, 2021-02-05T19:45:53, false
E2C7259B-02FE-4FAD-B3F6-2BE5588ACD44, 2021-02-05T19:46:53, false
E2C7259B-02FE-4FAD-B3F6-2BE5588ACD44, 2021-02-05T19:47:53, false
E2C7259B-02FE-4FAD-B3F6-2BE5588ACD44, 2021-02-05T19:48:53, false
E2C7259B-02FE-4FAD-B3F6-2BE5588ACD44, 2021-02-05T19:49:53, false
E2C7259B-02FE-4FAD-B3F6-2BE5588ACD44, 2021-02-05T19:50:53, false
E2C7259B-02FE-4FAD-B3F6-2BE5588ACD44, 2021-02-05T19:51:53, false
E2C7259B-02FE-4FAD-B3F6-2BE5588ACD44, 2021-02-05T19:52:53, false
E2C7259B-02FE-4FAD-B3F6-2BE5588ACD44, 2021-02-05T19:53:53, false
E2C7259B-02FE-4FAD-B3F6-2BE5588ACD44, 2021-02-05T19:54:53, false
E2C7259B-02FE-4FAD-B3F6-2BE5588ACD44, 2021-02-05T19:55:53, false
E2C7259B-02FE-4FAD-B3F6-2BE5588ACD44, 2021-02-05T19:56:53, false
E2C7259B-02FE-4FAD-B3F6-2BE5588ACD44, 2021-02-05T19:57:53, false
E2C7259B-02FE-4FAD-B3F6-2BE5588ACD44, 2021-02-05T19:58:53, false
E2C7259B-02FE-4FAD-B3F6-2BE5588ACD44, 2021-02-05T19:59:53, false
E2C7259B-02FE-4FAD-B3F6-2BE5588ACD44, 2021-02-05T20:00:53, false
E2C7259B-02FE-4FAD-B3F6-2BE5588ACD44, 2021-02-05T20:01:53, false
E2C7259B-02FE-4FAD-B3F6-2BE5588ACD44, 2021-02-05T20:02:53, false
E2C7259B-02FE-4FAD-B3F6-2BE5588ACD44, 2021-02-05T20:03:53, false
E2C7259B-02FE-4FAD-B3F6-2BE5588ACD44, 2021-02-05T20:04:53, false
E2C7259B-02FE-4FAD-B3F6-2BE5588ACD44, 2021-02-05T20:05:53, false
E2C7259B-02FE-4FAD-B3F6-2BE5588ACD44, 2021-02-05T20:06:53, false
E2C7259B-02FE-4FAD-B3F6-2BE5588ACD44, 2021-02-05T20:07:53, false
E2C7259B-02FE-4FAD-B3F6-2BE5588ACD44, 2021-02-05T20:08:53, false
E2C7259B-02FE-4FAD-B3F6-2BE5588ACD44, 2021-02-05T20:09:53, false
E2C7259B-02FE-4FAD-B3F6-2BE5588ACD44, 2021-02-05T20:10:53, false
E2C7259B-02FE-4FAD-B3F6-2BE5588ACD44, 2021-02-05T20:11:53, false
E2C7259B-02FE-4FAD-B3F6-2BE5588ACD44, 2021-02-05T20:12:53, false
E2C7259B-02FE-4FAD-B3F6-2BE5588ACD44, 2021-02-05T20:13:53, false
E2C7259B-02FE-4FAD-B3F6-2BE5588ACD44, 2021-02-05T20:14:53, false
E2C7259B-02FE-4FAD-B3F6-2BE5588ACD44, 2021-02-05T20:15:53, false
E2C7259B-02FE-4FAD-B3F6-2BE5588ACD44, 2021-02-05T20:16:53, false
E2C7259B-02FE-4FAD-B3F6-2BE5588ACD44, 2021-02-05T20:17:53, false
E2C7259B-02FE-4FAD-B3F6-2BE5588ACD44, 2021-02-05T20:18:53, false
E2C7259B-02FE-4FAD-B3F6-2BE5588ACD44, 2021-02-05T20:19:53, false
E2C7259B-02FE-4FAD-B3F6-2BE5588ACD44, 2021-02-05T20:20:53, false
E2C7259B-02FE-4FAD-B3F6-2BE5588ACD44, 2021-02-05T20:21:53, false
E2C7259B-02FE-4FAD-B3F6-2BE5588ACD44, 2021-02-05T20:22:53, false
E2C7259B-02FE-4FAD-B3F6-2BE5588ACD44, 2021-02-05T20:23:53, false
E2C7259B-02FE-4FAD-B3F6-2BE5588ACD44, 2021-02-05T20:24:53, false
E2C7259B-02FE-4FAD-B3F6-2BE5588ACD44, 2021-02-05T20:25:53, false
E2C7259B-02FE-4FAD-B3F6-2BE5588ACD44, 2021-02-05T20:26:53, false
E2C7259B-02FE-4FAD-B3F6-2BE5588ACD44, 2021-02-05T20:27:53, false
E2C7259B-02FE-4FAD-B3F6-2BE5588ACD44, 2021-02-05T20:28:53, false
E2C7259B-02FE-4FAD-B3F6-2BE5588ACD44, 2021-02-05T20:29:53, false
E2C7259B-02FE-4FAD-B3F6-2BE5588ACD44, 2021-02-05T20:30:53, false
E2C7259B-02FE-4FAD-B3F6-2BE5588ACD44, 2021-02-05T20:31:53, false
E2C7259B-02FE-4FAD-B3F6-2BE5588ACD44, 2021-02-05T20:32:53, false
E2C7259B-02FE-4FAD-B3F6-2BE5588ACD44, 2021-02-05T20:33:53, false
E2C7259B-02FE-4FAD-B3F6-2BE5588ACD44, 2021-02-05T20:34:53, false
E2C7259B-02FE-4FAD-B3F6-2BE5588ACD44, 2021-02-05T20:35:53, false
E2C7259B-02FE-4FAD-B3F6-2BE5588ACD44, 2021-02-05T20:36:53, false
E2C7259B-02FE-4FAD-B3F6-2BE5588ACD44, 2021-02-05T20:37:53, false
E2C7259B-02FE-4FAD-B3F6-2BE5588ACD44, 2021-02-05T20:38:53, false
E2C7259B-02FE-4FAD-B3F6-2BE5588ACD44, 2021-02-05T20:39:53, false
E2C7259B-02FE-4FAD-B3F6-2BE5588ACD44, 2021-02-05T20:40:53, false
E2C7259B-02FE-4FAD-B3F6-2BE5588ACD44, 2021-02-05T20:41:53, false
E2C7259B-02FE-4FAD-B3F6-2BE5588ACD44, 2021-02-05T20:42:53, false
E2C7259B-02FE-4FAD-B3F6-2BE5588ACD44, 2021-02-05T20:43:53, false
E2C7259B-02FE-4FAD-B3F6-2BE5588ACD44, 2021-02-05T20:44:53, false
E2C7259B-02FE-4FAD-B3F6-2BE5588ACD44, 2021-02-05T20:45:53, false
E2C7259B-02FE-4FAD-B3F6-2BE5588ACD44, 2021-02-05T20:46:53, false
E2C7259B-02FE-4FAD-B3F6-2BE5588ACD44, 2021-02-05T20:47:53, false
E2C7259B-02FE-4FAD-B3F6-2BE5588ACD44, 2021-02-05T20:48:53, false
E2C7259B-02FE-4FAD-B3F6-2BE5588ACD44, 2021-02-05T20:49:53, false
E2C7259B-02FE-4FAD-B3F6-2BE5588ACD44, 2021-02-05T20:50:53, false
E2C7259B-02FE-4FAD-B3F6-2BE5588ACD44, 2021-02-05T20:51:53, false
E2C7259B-02FE-4FAD-B3F6-2BE5588ACD44, 2021-02-05T20:52:53, false
E2C7259B-02FE-4FAD-B3F6-2BE5588ACD44, 2021-02-05T20:53:53, false
E2C7259B-02FE-4FAD-B3F6-2BE5588ACD44, 2021-02-05T20:54:53, false
E2C7259B-02FE-4FAD-B3F6-2BE5588ACD44, 2021-02-05T20:55:53, false
E2C7259B-02FE-4FAD-B3F6-2BE5588ACD44, 2021-02-05T20:56:53, false
E2C7259B-02FE-4FAD-B3F6-2BE5588ACD44, 2021-02-05T20:57:53, false
E2C7259B-02FE-4FAD-B3F6-2BE5588ACD44, 2021-02-05T20:58:53, false
E2C7259B-02FE-4FAD-B3F6-2BE5588ACD44, 2021-02-05T20:59:53, false
E2C7259B-02FE-4FAD-B3F6-2BE5588ACD44, 2021-02-05T21:00:53, false
E2C7259B-02FE-4FAD-B3F6-2BE5588ACD44, 2021-02-05T21:01:53, false
E2C7259B-02FE-4FAD-B3F6-2BE5588ACD44, 2021-02-05T21:02:53, false
E2C7259B-02FE-4FAD-B3F6-2BE5588ACD44, 2021-02-05T21:03:53, false
E2C7259B-02FE-4FAD-B3F6-2BE5588ACD44, 2021-02-05T21:04:53, false
E2C7259B-02FE-4FAD-B3F6-2BE5588ACD44, 2021-02-05T21:05:53, false
E2C7259B-02FE-4FAD-B3F6-2BE5588ACD44, 2021-02-05T21:06:53, false
E2C7259B-02FE-4FAD-B3F6-2BE5588ACD44, 2021-02-05T21:07:53, false
E2C7259B-02FE-4FAD-B3F6-2BE5588ACD44, 2021-02-05T21:08:53, false
E2C7259B-02FE-4FAD-B3F6-2BE5588ACD44, 2021-02-05T21:09:53, false
E2C7259B-02FE-4FAD-B3F6-2BE5588ACD44, 2021-02-05T21:10:53, false
E2C7259B-02FE-4FAD-B3F6-2BE5588ACD44, 2021-02-05T21:11:53, false
E2C7259B-02FE-4FAD-B3F6-2BE5588ACD44, 2021-02-05T21:12:53, false
E2C7259B-02FE-4FAD-B3F6-2BE5588ACD44, 2021-02-05T21:13:53, false
E2C7259B-02FE-4FAD-B3F6-2BE5588ACD44, 2021-02-05T21:14:53, false
E2C7259B-02FE-4FAD-B3F6-2BE5588ACD44, 2021-02-05T21:15:53, false
E2C7259B-02FE-4FAD-B3F6-2BE5588ACD44, 2021-02-05T21:16:53, false
E2C7259B-02FE-4FAD-B3F6-2BE5588ACD44, 2021-02-05T21:17:53, false
E2C7259B-02FE-4FAD-B3F6-2BE5588ACD44, 2021-02-05T21:18:53, false
E2C7259B-02FE-4FAD-B3F6-2BE5588ACD44, 2021-02-05T21:19:53, false
E2C7259B-02FE-4FAD-B3F6-2BE5588ACD44, 2021-02-05T21:20:53, false
E2C7259B-02FE-4FAD-B3F6-2BE5588ACD44, 2021-02-05T21:21:53, false
E2C7259B-02FE-4FAD-B3F6-2BE5588ACD44, 2021-02-05T21:22:53, false
E2C7259B-02FE-4FAD-B3F6-2BE5588ACD44, 2021-02-05T21:23:53, false
E2C7259B-02FE-4FAD-B3F6-2BE5588ACD44, 2021-02-05T21:24:53, false
E2C7259B-02FE-4FAD-B3F6-2BE5588ACD44, 2021-02-05T21:25:53, false
E2C7259B-02FE-4FAD-B3F6-2BE5588ACD44, 2021-02-05T21:26:53, false
E2C7259B-02FE-4FAD-B3F6-2BE5588ACD44, 2021-02-05T21:27:53, false
E2C7259B-02FE-4FAD-B3F6-2BE5588ACD44, 2021-02-05T21:28:53, false
E2C7259B-02FE-4FAD-B3F6-2BE5588ACD44, 2021-02-05T21:29:53, false
E2C7259B-02FE-4FAD-B3F6-2BE5588ACD44, 2021-02-05T21:30:53, false
E2C7259B-02FE-4FAD-B3F6-2BE5588ACD44, 2021-02-05T21:31:53, false
E2C7259B-02FE-4FAD-B3F6-2BE5588ACD44, 2021-02-05T21:32:53, false
E2C7259B-02FE-4FAD-B3F6-2BE5588ACD44, 2021-02-05T21:33:53, false
E2C7259B-02FE-4FAD-B3F6-2BE5588ACD44, 2021-02-05T21:34:53, false
E2C7259B-02FE-4FAD-B3F6-2BE5588ACD44, 2021-02-05T21:35:53, false
E2C7259B-02FE-4FAD-B3F6-2BE5588ACD44, 2021-02-05T21:36:53, false
E2C7259B-02FE-4FAD-B3F6-2BE5588ACD44, 2021-02-05T21:37:53, false
E2C7259B-02FE-4FAD-B3F6-2BE5588ACD44, 2021-02-05T21:38:53, false
E2C7259B-02FE-4FAD-B3F6-2BE5588ACD44, 2021-02-05T21:39:53, false
E2C7259B-02FE-4FAD-B3F6-2BE5588ACD44, 2021-02-05T21:40:53, false
E2C7259B-02FE-4FAD-B3F6-2BE5588ACD44, 2021-02-05T21:41:53, false
E2C7259B-02FE-4FAD-B3F6-2BE5588ACD44, 2021-02-05T21:42:53, false
E2C7259B-02FE-4FAD-B3F6-2BE5588ACD44, 2021-02-05T21:43:53, false
E2C7259B-02FE-4FAD-B3F6-2BE5588ACD44, 2021-02-05T21:44:53, false
E2C7259B-02FE-4FAD-B3F6-2BE5588ACD44, 2021-02-05T21:45:53, false
E2C7259B-02FE-4FAD-B3F6-2BE5588ACD44, 2021-02-05T21:46:53, false
E2C7259B-02FE-4FAD-B3F6-2BE5588ACD44, 2021-02-05T21:47:53, false
E2C7259B-02FE-4FAD-B3F6-2BE5588ACD44, 2021-02-05T21:48:53, false
E2C7259B-02FE-4FAD-B3F6-2BE5588ACD44, 2021-02-05T21:49:53, false
E2C7259B-02FE-4FAD-B3F6-2BE5588ACD44, 2021-02-05T21:50:53, false
E2C7259B-02FE-4FAD-B3F6-2BE5588ACD44, 2021-02-05T21:51:53, false
E2C7259B-02FE-4FAD-B3F6-2BE5588ACD44, 2021-02-05T21:52:53, false
E2C7259B-02FE-4FAD-B3F6-2BE5588ACD44, 2021-02-05T21:53:53, false
E2C7259B-02FE-4FAD-B3F6-2BE5588ACD44, 2021-02-05T21:54:53, false
E2C7259B-02FE-4FAD-B3F6-2BE5588ACD44, 2021-02-05T21:55:53, false
E2C7259B-02FE-4FAD-B3F6-2BE5588ACD44, 2021-02-05T21:56:53, false
E2C7259B-02FE-4FAD-B3F6-2BE5588ACD44, 2021-02-05T21:57:53, false
E2C7259B-02FE-4FAD-B3F6-2BE5588ACD44, 2021-02-05T21:58:53, false
E2C7259B-02FE-4FAD-B3F6-2BE5588ACD44, 2021-02-05T21:59:53, false
E2C7259B-02FE-4FAD-B3F6-2BE5588ACD44, 2021-02-05T22:00:53, false
E2C7259B-02FE-4FAD-B3F6-2BE5588ACD44, 2021-02-05T22:01:53, false
E2C7259B-02FE-4FAD-B3F6-2BE5588ACD44, 2021-02-05T22:02:53, false
E2C7259B-02FE-4FAD-B3F6-2BE5588ACD44, 2021-02-05T22:03:53, false
E2C7259B-02FE-4FAD-B3F6-2BE5588ACD44, 2021-02-05T22:04:53, false
E2C7259B-02FE-4FAD-B3F6-2BE5588ACD44, 2021-02-05T22:05:53, false
E2C7259B-02FE-4FAD-B3F6-2BE5588ACD44, 2021-02-05T22:06:53, false
E2C7259B-02FE-4FAD-B3F6-2BE5588ACD44, 2021-02-05T22:07:53, false
E2C7259B-02FE-4FAD-B3F6-2BE5588ACD44, 2021-02-05T22:08:53, false
E2C7259B-02FE-4FAD-B3F6-2BE5588ACD44, 2021-02-05T22:09:53, false
E2C7259B-02FE-4FAD-B3F6-2BE5588ACD44, 2021-02-05T22:10:53, false
E2C7259B-02FE-4FAD-B3F6-2BE5588ACD44, 2021-02-05T22:11:53, false
E2C7259B-02FE-4FAD-B3F6-2BE5588ACD44, 2021-02-05T22:12:53, false
E2C7259B-02FE-4FAD-B3F6-2BE5588ACD44, 2021-02-05T22:13:53, false
E2C7259B-02FE-4FAD-B3F6-2BE5588ACD44, 2021-02-05T22:14:53, false
E2C7259B-02FE-4FAD-B3F6-2BE5588ACD44, 2021-02-05T22:15:53, false
E2C7259B-02FE-4FAD-B3F6-2BE5588ACD44, 2021-02-05T22:16:53, false
E2C7259B-02FE-4FAD-B3F6-2BE5588ACD44, 2021-02-05T22:17:53, false
E2C7259B-02FE-4FAD-B3F6-2BE5588ACD44, 2021-02-05T22:18:53, false
E2C7259B-02FE-4FAD-B3F6-2BE5588ACD44, 2021-02-05T22:19:53, false
E2C7259B-02FE-4FAD-B3F6-2BE5588ACD44, 2021-02-05T22:20:53, false
E2C7259B-02FE-4FAD-B3F6-2BE5588ACD44, 2021-02-05T22:21:53, false
E2C7259B-02FE-4FAD-B3F6-2BE5588ACD44, 2021-02-05T22:22:53, false
E2C7259B-02FE-4FAD-B3F6-2BE5588ACD44, 2021-02-05T22:23:53, false
E2C7259B-02FE-4FAD-B3F6-2BE5588ACD44, 2021-02-05T22:24:53, false
E2C7259B-02FE-4FAD-B3F6-2BE5588ACD44, 2021-02-05T22:25:53, false
E2C7259B-02FE-4FAD-B3F6-2BE5588ACD44, 2021-02-05T22:26:53, false
E2C7259B-02FE-4FAD-B3F6-2BE5588ACD44, 2021-02-05T22:27:53, false
E2C7259B-02FE-4FAD-B3F6-2BE5588ACD44, 2021-02-05T22:28:53, false
E2C7259B-02FE-4FAD-B3F6-2BE5588ACD44, 2021-02-05T22:29:53, false
E2C7259B-02FE-4FAD-B3F6-2BE5588ACD44, 2021-02-05T22:30:53, false
E2C7259B-02FE-4FAD-B3F6-2BE5588ACD44, 2021-02-05T22:31:53, false
E2C7259B-02FE-4FAD-B3F6-2BE5588ACD44, 2021-02-05T22:32:53, false
E2C7259B-02FE-4FAD-B3F6-2BE5588ACD44, 2021-02-05T22:33:53, false
E2C7259B-02FE-4FAD-B3F6-2BE5588ACD44, 2021-02-05T22:34:53, false
E2C7259B-02FE-4FAD-B3F6-2BE5588ACD44, 2021-02-05T22:35:53, false
E2C7259B-02FE-4FAD-B3F6-2BE5588ACD44, 2021-02-05T22:36:53, false
E2C7259B-02FE-4FAD-B3F6-2BE5588ACD44, 2021-02-05T22:37:53, false
E2C7259B-02FE-4FAD-B3F6-2BE5588ACD44, 2021-02-05T22:38:53, false
E2C7259B-02FE-4FAD-B3F6-2BE5588ACD44, 2021-02-05T22:39:53, false
E2C7259B-02FE-4FAD-B3F6-2BE5588ACD44, 2021-02-05T22:40:53, false
E2C7259B-02FE-4FAD-B3F6-2BE5588ACD44, 2021-02-05T22:41:53, false
E2C7259B-02FE-4FAD-B3F6-2BE5588ACD44, 2021-02-05T22:42:53, false
E2C7259B-02FE-4FAD-B3F6-2BE5588ACD44, 2021-02-05T22:43:53, false
E2C7259B-02FE-4FAD-B3F6-2BE5588ACD44, 2021-02-05T22:44:53, false
E2C7259B-02FE-4FAD-B3F6-2BE5588ACD44, 2021-02-05T22:45:53, false
E2C7259B-02FE-4FAD-B3F6-2BE5588ACD44, 2021-02-05T22:46:53, false
E2C7259B-02FE-4FAD-B3F6-2BE5588ACD44, 2021-02-05T22:47:53, false
E2C7259B-02FE-4FAD-B3F6-2BE5588ACD44, 2021-02-05T22:48:53, false
E2C7259B-02FE-4FAD-B3F6-2BE5588ACD44, 2021-02-05T22:49:53, false
E2C7259B-02FE-4FAD-B3F6-2BE5588ACD44, 2021-02-05T22:50:53, false
E2C7259B-02FE-4FAD-B3F6-2BE5588ACD44, 2021-02-05T22:51:53, false
E2C7259B-02FE-4FAD-B3F6-2BE5588ACD44, 2021-02-05T22:52:53, false
E2C7259B-02FE-4FAD-B3F6-2BE5588ACD44, 2021-02-05T22:53:53, false
E2C7259B-02FE-4FAD-B3F6-2BE5588ACD44, 2021-02-05T22:54:53, false
E2C7259B-02FE-4FAD-B3F6-2BE5588ACD44, 2021-02-05T22:55:53, false
E2C7259B-02FE-4FAD-B3F6-2BE5588ACD44, 2021-02-05T22:56:53, false
E2C7259B-02FE-4FAD-B3F6-2BE5588ACD44, 2021-02-05T22:57:53, false
E2C7259B-02FE-4FAD-B3F6-2BE5588ACD44, 2021-02-05T22:58:53, false
E2C7259B-02FE-4FAD-B3F6-2BE5588ACD44, 2021-02-05T22:59:53, false
E2C7259B-02FE-4FAD-B3F6-2BE5588ACD44, 2021-02-05T23:00:53, false
E2C7259B-02FE-4FAD-B3F6-2BE5588ACD44, 2021-02-05T23:01:53, false
E2C7259B-02FE-4FAD-B3F6-2BE5588ACD44, 2021-02-05T23:02:53, false
E2C7259B-02FE-4FAD-B3F6-2BE5588ACD44, 2021-02-05T23:03:53, false
E2C7259B-02FE-4FAD-B3F6-2BE5588ACD44, 2021-02-05T23:04:53, false
E2C7259B-02FE-4FAD-B3F6-2BE5588ACD44, 2021-02-05T23:05:53, false
E2C7259B-02FE-4FAD-B3F6-2BE5588ACD44, 2021-02-05T23:06:53, false
E2C7259B-02FE-4FAD-B3F6-2BE5588ACD44, 2021-02-05T23:07:53, false
E2C7259B-02FE-4FAD-B3F6-2BE5588ACD44, 2021-02-05T23:08:53, false
E2C7259B-02FE-4FAD-B3F6-2BE5588ACD44, 2021-02-05T23:09:53, false
E2C7259B-02FE-4FAD-B3F6-2BE5588ACD44, 2021-02-05T23:10:53, false
E2C7259B-02FE-4FAD-B3F6-2BE5588ACD44, 2021-02-05T23:11:53, false
E2C7259B-02FE-4FAD-B3F6-2BE5588ACD44, 2021-02-05T23:12:53, false
E2C7259B-02FE-4FAD-B3F6-2BE5588ACD44, 2021-02-05T23:13:53, false
E2C7259B-02FE-4FAD-B3F6-2BE5588ACD44, 2021-02-05T23:14:53, false
E2C7259B-02FE-4FAD-B3F6-2BE5588ACD44, 2021-02-05T23:15:53, false
E2C7259B-02FE-4FAD-B3F6-2BE5588ACD44, 2021-02-05T23:16:53, false
E2C7259B-02FE-4FAD-B3F6-2BE5588ACD44, 2021-02-05T23:17:53, false
E2C7259B-02FE-4FAD-B3F6-2BE5588ACD44, 2021-02-05T23:18:53, false
E2C7259B-02FE-4FAD-B3F6-2BE5588ACD44, 2021-02-05T23:19:53, false
E2C7259B-02FE-4FAD-B3F6-2BE5588ACD44, 2021-02-05T23:20:53, false
E2C7259B-02FE-4FAD-B3F6-2BE5588ACD44, 2021-02-05T23:21:53, false
E2C7259B-02FE-4FAD-B3F6-2BE5588ACD44, 2021-02-05T23:22:53, false
E2C7259B-02FE-4FAD-B3F6-2BE5588ACD44, 2021-02-05T23:23:53, false
E2C7259B-02FE-4FAD-B3F6-2BE5588ACD44, 2021-02-05T23:24:53, false
E2C7259B-02FE-4FAD-B3F6-2BE5588ACD44, 2021-02-05T23:25:53, false
E2C7259B-02FE-4FAD-B3F6-2BE5588ACD44, 2021-02-05T23:26:53, false
E2C7259B-02FE-4FAD-B3F6-2BE5588ACD44, 2021-02-05T23:27:53, false
E2C7259B-02FE-4FAD-B3F6-2BE5588ACD44, 2021-02-05T23:28:53, false
E2C7259B-02FE-4FAD-B3F6-2BE5588ACD44, 2021-02-05T23:29:53, false
E2C7259B-02FE-4FAD-B3F6-2BE5588ACD44, 2021-02-05T23:30:53, false
E2C7259B-02FE-4FAD-B3F6-2BE5588ACD44, 2021-02-05T23:31:53, false
E2C7259B-02FE-4FAD-B3F6-2BE5588ACD44, 2021-02-05T23:32:53, false
E2C7259B-02FE-4FAD-B3F6-2BE5588ACD44, 2021-02-05T23:33:53, false
E2C7259B-02FE-4FAD-B3F6-2BE5588ACD44, 2021-02-05T23:34:53, false
E2C7259B-02FE-4FAD-B3F6-2BE5588ACD44, 2021-02-05T23:35:53, false
E2C7259B-02FE-4FAD-B3F6-2BE5588ACD44, 2021-02-05T23:36:53, false
E2C7259B-02FE-4FAD-B3F6-2BE5588ACD44, 2021-02-05T23:37:53, false
E2C7259B-02FE-4FAD-B3F6-2BE5588ACD44, 2021-02-05T23:38:53, false
E2C7259B-02FE-4FAD-B3F6-2BE5588ACD44, 2021-02-05T23:39:53, false
E2C7259B-02FE-4FAD-B3F6-2BE5588ACD44, 2021-02-05T23:40:53, false
E2C7259B-02FE-4FAD-B3F6-2BE5588ACD44, 2021-02-05T23:41:53, false
E2C7259B-02FE-4FAD-B3F6-2BE5588ACD44, 2021-02-05T23:42:53, false
E2C7259B-02FE-4FAD-B3F6-2BE5588ACD44, 2021-02-05T23:43:53, false
E2C7259B-02FE-4FAD-B3F6-2BE5588ACD44, 2021-02-05T23:44:53, false
E2C7259B-02FE-4FAD-B3F6-2BE5588ACD44, 2021-02-05T23:45:53, false
E2C7259B-02FE-4FAD-B3F6-2BE5588ACD44, 2021-02-05T23:46:53, false
E2C7259B-02FE-4FAD-B3F6-2BE5588ACD44, 2021-02-05T23:47:53, false
E2C7259B-02FE-4FAD-B3F6-2BE5588ACD44, 2021-02-05T23:48:53, false
E2C7259B-02FE-4FAD-B3F6-2BE5588ACD44, 2021-02-05T23:49:53, false
E2C7259B-02FE-4FAD-B3F6-2BE5588ACD44, 2021-02-05T23:50:53, false
E2C7259B-02FE-4FAD-B3F6-2BE5588ACD44, 2021-02-05T23:51:53, false
E2C7259B-02FE-4FAD-B3F6-2BE5588ACD44, 2021-02-05T23:52:53, false
E2C7259B-02FE-4FAD-B3F6-2BE5588ACD44, 2021-02-05T23:53:53, false
E2C7259B-02FE-4FAD-B3F6-2BE5588ACD44, 2021-02-05T23:54:53, false
E2C7259B-02FE-4FAD-B3F6-2BE5588ACD44, 2021-02-05T23:55:53, false
E2C7259B-02FE-4FAD-B3F6-2BE5588ACD44, 2021-02-05T23:56:53, false
E2C7259B-02FE-4FAD-B3F6-2BE5588ACD44, 2021-02-05T23:57:53, false
E2C7259B-02FE-4FAD-B3F6-2BE5588ACD44, 2021-02-05T23:58:53, false
E2C7259B-02FE-4FAD-B3F6-2BE5588ACD44, 2021-02-05T23:59:53, false
