Device, Measure Date Time, Exist
E2C7259B-02FE-4FAD-B3F6-2BE5588ACD44, 2021-02-16T00:00:52, false
E2C7259B-02FE-4FAD-B3F6-2BE5588ACD44, 2021-02-16T00:01:52, false
E2C7259B-02FE-4FAD-B3F6-2BE5588ACD44, 2021-02-16T00:02:52, false
E2C7259B-02FE-4FAD-B3F6-2BE5588ACD44, 2021-02-16T00:03:52, false
E2C7259B-02FE-4FAD-B3F6-2BE5588ACD44, 2021-02-16T00:04:52, false
E2C7259B-02FE-4FAD-B3F6-2BE5588ACD44, 2021-02-16T00:05:52, false
E2C7259B-02FE-4FAD-B3F6-2BE5588ACD44, 2021-02-16T00:06:52, false
E2C7259B-02FE-4FAD-B3F6-2BE5588ACD44, 2021-02-16T00:07:52, false
E2C7259B-02FE-4FAD-B3F6-2BE5588ACD44, 2021-02-16T00:08:52, false
E2C7259B-02FE-4FAD-B3F6-2BE5588ACD44, 2021-02-16T00:09:52, false
E2C7259B-02FE-4FAD-B3F6-2BE5588ACD44, 2021-02-16T00:10:52, false
E2C7259B-02FE-4FAD-B3F6-2BE5588ACD44, 2021-02-16T00:11:52, false
E2C7259B-02FE-4FAD-B3F6-2BE5588ACD44, 2021-02-16T00:12:52, false
E2C7259B-02FE-4FAD-B3F6-2BE5588ACD44, 2021-02-16T00:13:52, false
E2C7259B-02FE-4FAD-B3F6-2BE5588ACD44, 2021-02-16T00:14:52, false
E2C7259B-02FE-4FAD-B3F6-2BE5588ACD44, 2021-02-16T00:15:52, false
E2C7259B-02FE-4FAD-B3F6-2BE5588ACD44, 2021-02-16T00:16:52, false
E2C7259B-02FE-4FAD-B3F6-2BE5588ACD44, 2021-02-16T00:17:52, false
E2C7259B-02FE-4FAD-B3F6-2BE5588ACD44, 2021-02-16T00:18:52, false
E2C7259B-02FE-4FAD-B3F6-2BE5588ACD44, 2021-02-16T00:19:52, false
E2C7259B-02FE-4FAD-B3F6-2BE5588ACD44, 2021-02-16T00:20:52, false
E2C7259B-02FE-4FAD-B3F6-2BE5588ACD44, 2021-02-16T00:21:52, false
E2C7259B-02FE-4FAD-B3F6-2BE5588ACD44, 2021-02-16T00:22:52, false
E2C7259B-02FE-4FAD-B3F6-2BE5588ACD44, 2021-02-16T00:23:52, false
E2C7259B-02FE-4FAD-B3F6-2BE5588ACD44, 2021-02-16T00:24:52, false
E2C7259B-02FE-4FAD-B3F6-2BE5588ACD44, 2021-02-16T00:25:52, false
E2C7259B-02FE-4FAD-B3F6-2BE5588ACD44, 2021-02-16T00:26:52, false
E2C7259B-02FE-4FAD-B3F6-2BE5588ACD44, 2021-02-16T00:27:52, false
E2C7259B-02FE-4FAD-B3F6-2BE5588ACD44, 2021-02-16T00:28:52, false
E2C7259B-02FE-4FAD-B3F6-2BE5588ACD44, 2021-02-16T00:29:52, false
E2C7259B-02FE-4FAD-B3F6-2BE5588ACD44, 2021-02-16T00:30:52, false
E2C7259B-02FE-4FAD-B3F6-2BE5588ACD44, 2021-02-16T00:31:52, false
E2C7259B-02FE-4FAD-B3F6-2BE5588ACD44, 2021-02-16T00:32:52, false
E2C7259B-02FE-4FAD-B3F6-2BE5588ACD44, 2021-02-16T00:33:52, false
E2C7259B-02FE-4FAD-B3F6-2BE5588ACD44, 2021-02-16T00:34:52, false
E2C7259B-02FE-4FAD-B3F6-2BE5588ACD44, 2021-02-16T00:35:52, false
E2C7259B-02FE-4FAD-B3F6-2BE5588ACD44, 2021-02-16T00:36:52, false
E2C7259B-02FE-4FAD-B3F6-2BE5588ACD44, 2021-02-16T00:37:52, false
E2C7259B-02FE-4FAD-B3F6-2BE5588ACD44, 2021-02-16T00:38:52, false
E2C7259B-02FE-4FAD-B3F6-2BE5588ACD44, 2021-02-16T00:39:52, false
E2C7259B-02FE-4FAD-B3F6-2BE5588ACD44, 2021-02-16T00:40:52, false
E2C7259B-02FE-4FAD-B3F6-2BE5588ACD44, 2021-02-16T00:41:52, false
E2C7259B-02FE-4FAD-B3F6-2BE5588ACD44, 2021-02-16T00:42:52, false
E2C7259B-02FE-4FAD-B3F6-2BE5588ACD44, 2021-02-16T00:43:52, false
E2C7259B-02FE-4FAD-B3F6-2BE5588ACD44, 2021-02-16T00:44:52, false
E2C7259B-02FE-4FAD-B3F6-2BE5588ACD44, 2021-02-16T00:45:52, false
E2C7259B-02FE-4FAD-B3F6-2BE5588ACD44, 2021-02-16T00:46:52, false
E2C7259B-02FE-4FAD-B3F6-2BE5588ACD44, 2021-02-16T00:47:52, false
E2C7259B-02FE-4FAD-B3F6-2BE5588ACD44, 2021-02-16T00:48:52, false
E2C7259B-02FE-4FAD-B3F6-2BE5588ACD44, 2021-02-16T00:49:52, false
E2C7259B-02FE-4FAD-B3F6-2BE5588ACD44, 2021-02-16T00:50:52, false
E2C7259B-02FE-4FAD-B3F6-2BE5588ACD44, 2021-02-16T00:51:52, false
E2C7259B-02FE-4FAD-B3F6-2BE5588ACD44, 2021-02-16T00:52:52, false
E2C7259B-02FE-4FAD-B3F6-2BE5588ACD44, 2021-02-16T00:53:52, false
E2C7259B-02FE-4FAD-B3F6-2BE5588ACD44, 2021-02-16T00:54:52, false
E2C7259B-02FE-4FAD-B3F6-2BE5588ACD44, 2021-02-16T00:55:52, false
E2C7259B-02FE-4FAD-B3F6-2BE5588ACD44, 2021-02-16T00:56:52, false
E2C7259B-02FE-4FAD-B3F6-2BE5588ACD44, 2021-02-16T00:57:52, false
E2C7259B-02FE-4FAD-B3F6-2BE5588ACD44, 2021-02-16T00:58:52, false
E2C7259B-02FE-4FAD-B3F6-2BE5588ACD44, 2021-02-16T00:59:52, false
E2C7259B-02FE-4FAD-B3F6-2BE5588ACD44, 2021-02-16T01:00:52, false
E2C7259B-02FE-4FAD-B3F6-2BE5588ACD44, 2021-02-16T01:01:52, false
E2C7259B-02FE-4FAD-B3F6-2BE5588ACD44, 2021-02-16T01:02:52, false
E2C7259B-02FE-4FAD-B3F6-2BE5588ACD44, 2021-02-16T01:03:52, false
E2C7259B-02FE-4FAD-B3F6-2BE5588ACD44, 2021-02-16T01:04:52, false
E2C7259B-02FE-4FAD-B3F6-2BE5588ACD44, 2021-02-16T01:05:52, false
E2C7259B-02FE-4FAD-B3F6-2BE5588ACD44, 2021-02-16T01:06:52, false
E2C7259B-02FE-4FAD-B3F6-2BE5588ACD44, 2021-02-16T01:07:52, false
E2C7259B-02FE-4FAD-B3F6-2BE5588ACD44, 2021-02-16T01:08:52, false
E2C7259B-02FE-4FAD-B3F6-2BE5588ACD44, 2021-02-16T01:09:52, false
E2C7259B-02FE-4FAD-B3F6-2BE5588ACD44, 2021-02-16T01:10:52, false
E2C7259B-02FE-4FAD-B3F6-2BE5588ACD44, 2021-02-16T01:11:52, false
E2C7259B-02FE-4FAD-B3F6-2BE5588ACD44, 2021-02-16T01:12:52, false
E2C7259B-02FE-4FAD-B3F6-2BE5588ACD44, 2021-02-16T01:13:52, false
E2C7259B-02FE-4FAD-B3F6-2BE5588ACD44, 2021-02-16T01:14:52, false
E2C7259B-02FE-4FAD-B3F6-2BE5588ACD44, 2021-02-16T01:15:52, false
E2C7259B-02FE-4FAD-B3F6-2BE5588ACD44, 2021-02-16T01:16:52, false
E2C7259B-02FE-4FAD-B3F6-2BE5588ACD44, 2021-02-16T01:17:52, false
E2C7259B-02FE-4FAD-B3F6-2BE5588ACD44, 2021-02-16T01:18:52, false
E2C7259B-02FE-4FAD-B3F6-2BE5588ACD44, 2021-02-16T01:19:52, false
E2C7259B-02FE-4FAD-B3F6-2BE5588ACD44, 2021-02-16T01:20:52, false
E2C7259B-02FE-4FAD-B3F6-2BE5588ACD44, 2021-02-16T01:21:52, false
E2C7259B-02FE-4FAD-B3F6-2BE5588ACD44, 2021-02-16T01:22:52, false
E2C7259B-02FE-4FAD-B3F6-2BE5588ACD44, 2021-02-16T01:23:52, false
E2C7259B-02FE-4FAD-B3F6-2BE5588ACD44, 2021-02-16T01:24:52, false
E2C7259B-02FE-4FAD-B3F6-2BE5588ACD44, 2021-02-16T01:25:52, false
E2C7259B-02FE-4FAD-B3F6-2BE5588ACD44, 2021-02-16T01:26:52, false
E2C7259B-02FE-4FAD-B3F6-2BE5588ACD44, 2021-02-16T01:27:52, false
E2C7259B-02FE-4FAD-B3F6-2BE5588ACD44, 2021-02-16T01:28:52, false
E2C7259B-02FE-4FAD-B3F6-2BE5588ACD44, 2021-02-16T01:29:52, false
E2C7259B-02FE-4FAD-B3F6-2BE5588ACD44, 2021-02-16T01:30:52, false
E2C7259B-02FE-4FAD-B3F6-2BE5588ACD44, 2021-02-16T01:31:52, false
E2C7259B-02FE-4FAD-B3F6-2BE5588ACD44, 2021-02-16T01:32:52, false
E2C7259B-02FE-4FAD-B3F6-2BE5588ACD44, 2021-02-16T01:33:52, false
E2C7259B-02FE-4FAD-B3F6-2BE5588ACD44, 2021-02-16T01:34:52, false
E2C7259B-02FE-4FAD-B3F6-2BE5588ACD44, 2021-02-16T01:35:52, false
E2C7259B-02FE-4FAD-B3F6-2BE5588ACD44, 2021-02-16T01:36:52, false
E2C7259B-02FE-4FAD-B3F6-2BE5588ACD44, 2021-02-16T01:37:52, false
E2C7259B-02FE-4FAD-B3F6-2BE5588ACD44, 2021-02-16T01:38:52, false
E2C7259B-02FE-4FAD-B3F6-2BE5588ACD44, 2021-02-16T01:39:52, false
E2C7259B-02FE-4FAD-B3F6-2BE5588ACD44, 2021-02-16T01:40:52, false
E2C7259B-02FE-4FAD-B3F6-2BE5588ACD44, 2021-02-16T01:41:52, false
E2C7259B-02FE-4FAD-B3F6-2BE5588ACD44, 2021-02-16T01:42:52, false
E2C7259B-02FE-4FAD-B3F6-2BE5588ACD44, 2021-02-16T01:43:52, false
E2C7259B-02FE-4FAD-B3F6-2BE5588ACD44, 2021-02-16T01:44:52, false
E2C7259B-02FE-4FAD-B3F6-2BE5588ACD44, 2021-02-16T01:45:52, false
E2C7259B-02FE-4FAD-B3F6-2BE5588ACD44, 2021-02-16T01:46:52, false
E2C7259B-02FE-4FAD-B3F6-2BE5588ACD44, 2021-02-16T01:47:52, false
E2C7259B-02FE-4FAD-B3F6-2BE5588ACD44, 2021-02-16T01:48:52, false
E2C7259B-02FE-4FAD-B3F6-2BE5588ACD44, 2021-02-16T01:49:52, false
E2C7259B-02FE-4FAD-B3F6-2BE5588ACD44, 2021-02-16T01:50:52, false
E2C7259B-02FE-4FAD-B3F6-2BE5588ACD44, 2021-02-16T01:51:52, false
E2C7259B-02FE-4FAD-B3F6-2BE5588ACD44, 2021-02-16T01:52:52, false
E2C7259B-02FE-4FAD-B3F6-2BE5588ACD44, 2021-02-16T01:53:52, false
E2C7259B-02FE-4FAD-B3F6-2BE5588ACD44, 2021-02-16T01:54:52, false
E2C7259B-02FE-4FAD-B3F6-2BE5588ACD44, 2021-02-16T01:55:52, false
E2C7259B-02FE-4FAD-B3F6-2BE5588ACD44, 2021-02-16T01:56:52, false
E2C7259B-02FE-4FAD-B3F6-2BE5588ACD44, 2021-02-16T01:57:52, false
E2C7259B-02FE-4FAD-B3F6-2BE5588ACD44, 2021-02-16T01:58:52, false
E2C7259B-02FE-4FAD-B3F6-2BE5588ACD44, 2021-02-16T01:59:52, false
E2C7259B-02FE-4FAD-B3F6-2BE5588ACD44, 2021-02-16T02:00:52, false
E2C7259B-02FE-4FAD-B3F6-2BE5588ACD44, 2021-02-16T02:01:52, false
E2C7259B-02FE-4FAD-B3F6-2BE5588ACD44, 2021-02-16T02:02:52, false
E2C7259B-02FE-4FAD-B3F6-2BE5588ACD44, 2021-02-16T02:03:52, false
E2C7259B-02FE-4FAD-B3F6-2BE5588ACD44, 2021-02-16T02:04:52, false
E2C7259B-02FE-4FAD-B3F6-2BE5588ACD44, 2021-02-16T02:05:52, false
E2C7259B-02FE-4FAD-B3F6-2BE5588ACD44, 2021-02-16T02:06:52, false
E2C7259B-02FE-4FAD-B3F6-2BE5588ACD44, 2021-02-16T02:07:52, false
E2C7259B-02FE-4FAD-B3F6-2BE5588ACD44, 2021-02-16T02:08:52, false
E2C7259B-02FE-4FAD-B3F6-2BE5588ACD44, 2021-02-16T02:09:52, false
E2C7259B-02FE-4FAD-B3F6-2BE5588ACD44, 2021-02-16T02:10:52, false
E2C7259B-02FE-4FAD-B3F6-2BE5588ACD44, 2021-02-16T02:11:52, false
E2C7259B-02FE-4FAD-B3F6-2BE5588ACD44, 2021-02-16T02:12:52, false
E2C7259B-02FE-4FAD-B3F6-2BE5588ACD44, 2021-02-16T02:13:52, false
E2C7259B-02FE-4FAD-B3F6-2BE5588ACD44, 2021-02-16T02:14:52, false
E2C7259B-02FE-4FAD-B3F6-2BE5588ACD44, 2021-02-16T02:15:52, false
E2C7259B-02FE-4FAD-B3F6-2BE5588ACD44, 2021-02-16T02:16:52, false
E2C7259B-02FE-4FAD-B3F6-2BE5588ACD44, 2021-02-16T02:17:52, false
E2C7259B-02FE-4FAD-B3F6-2BE5588ACD44, 2021-02-16T02:18:52, false
E2C7259B-02FE-4FAD-B3F6-2BE5588ACD44, 2021-02-16T02:19:52, false
E2C7259B-02FE-4FAD-B3F6-2BE5588ACD44, 2021-02-16T02:20:52, false
E2C7259B-02FE-4FAD-B3F6-2BE5588ACD44, 2021-02-16T02:21:52, false
E2C7259B-02FE-4FAD-B3F6-2BE5588ACD44, 2021-02-16T02:22:52, false
E2C7259B-02FE-4FAD-B3F6-2BE5588ACD44, 2021-02-16T02:23:52, false
E2C7259B-02FE-4FAD-B3F6-2BE5588ACD44, 2021-02-16T02:24:52, false
E2C7259B-02FE-4FAD-B3F6-2BE5588ACD44, 2021-02-16T02:25:52, false
E2C7259B-02FE-4FAD-B3F6-2BE5588ACD44, 2021-02-16T02:26:52, false
E2C7259B-02FE-4FAD-B3F6-2BE5588ACD44, 2021-02-16T02:27:52, false
E2C7259B-02FE-4FAD-B3F6-2BE5588ACD44, 2021-02-16T02:28:52, false
E2C7259B-02FE-4FAD-B3F6-2BE5588ACD44, 2021-02-16T02:29:52, false
E2C7259B-02FE-4FAD-B3F6-2BE5588ACD44, 2021-02-16T02:30:52, false
E2C7259B-02FE-4FAD-B3F6-2BE5588ACD44, 2021-02-16T02:31:52, false
E2C7259B-02FE-4FAD-B3F6-2BE5588ACD44, 2021-02-16T02:32:52, false
E2C7259B-02FE-4FAD-B3F6-2BE5588ACD44, 2021-02-16T02:33:52, false
E2C7259B-02FE-4FAD-B3F6-2BE5588ACD44, 2021-02-16T02:34:52, false
E2C7259B-02FE-4FAD-B3F6-2BE5588ACD44, 2021-02-16T02:35:52, false
E2C7259B-02FE-4FAD-B3F6-2BE5588ACD44, 2021-02-16T02:36:52, false
E2C7259B-02FE-4FAD-B3F6-2BE5588ACD44, 2021-02-16T02:37:52, false
E2C7259B-02FE-4FAD-B3F6-2BE5588ACD44, 2021-02-16T02:38:52, false
E2C7259B-02FE-4FAD-B3F6-2BE5588ACD44, 2021-02-16T02:39:52, false
E2C7259B-02FE-4FAD-B3F6-2BE5588ACD44, 2021-02-16T02:40:52, false
E2C7259B-02FE-4FAD-B3F6-2BE5588ACD44, 2021-02-16T02:41:52, false
E2C7259B-02FE-4FAD-B3F6-2BE5588ACD44, 2021-02-16T02:42:52, false
E2C7259B-02FE-4FAD-B3F6-2BE5588ACD44, 2021-02-16T02:43:52, false
E2C7259B-02FE-4FAD-B3F6-2BE5588ACD44, 2021-02-16T02:44:52, false
E2C7259B-02FE-4FAD-B3F6-2BE5588ACD44, 2021-02-16T02:45:52, false
E2C7259B-02FE-4FAD-B3F6-2BE5588ACD44, 2021-02-16T02:46:52, false
E2C7259B-02FE-4FAD-B3F6-2BE5588ACD44, 2021-02-16T02:47:52, false
E2C7259B-02FE-4FAD-B3F6-2BE5588ACD44, 2021-02-16T02:48:52, false
E2C7259B-02FE-4FAD-B3F6-2BE5588ACD44, 2021-02-16T02:49:52, false
E2C7259B-02FE-4FAD-B3F6-2BE5588ACD44, 2021-02-16T02:50:52, false
E2C7259B-02FE-4FAD-B3F6-2BE5588ACD44, 2021-02-16T02:51:52, false
E2C7259B-02FE-4FAD-B3F6-2BE5588ACD44, 2021-02-16T02:52:52, false
E2C7259B-02FE-4FAD-B3F6-2BE5588ACD44, 2021-02-16T02:53:52, false
E2C7259B-02FE-4FAD-B3F6-2BE5588ACD44, 2021-02-16T02:54:52, false
E2C7259B-02FE-4FAD-B3F6-2BE5588ACD44, 2021-02-16T02:55:52, false
E2C7259B-02FE-4FAD-B3F6-2BE5588ACD44, 2021-02-16T02:56:52, false
E2C7259B-02FE-4FAD-B3F6-2BE5588ACD44, 2021-02-16T02:57:52, false
E2C7259B-02FE-4FAD-B3F6-2BE5588ACD44, 2021-02-16T02:58:52, false
E2C7259B-02FE-4FAD-B3F6-2BE5588ACD44, 2021-02-16T02:59:52, false
E2C7259B-02FE-4FAD-B3F6-2BE5588ACD44, 2021-02-16T03:00:52, false
E2C7259B-02FE-4FAD-B3F6-2BE5588ACD44, 2021-02-16T03:01:52, false
E2C7259B-02FE-4FAD-B3F6-2BE5588ACD44, 2021-02-16T03:02:52, false
E2C7259B-02FE-4FAD-B3F6-2BE5588ACD44, 2021-02-16T03:03:52, false
E2C7259B-02FE-4FAD-B3F6-2BE5588ACD44, 2021-02-16T03:04:52, false
E2C7259B-02FE-4FAD-B3F6-2BE5588ACD44, 2021-02-16T03:05:52, false
E2C7259B-02FE-4FAD-B3F6-2BE5588ACD44, 2021-02-16T03:06:52, false
E2C7259B-02FE-4FAD-B3F6-2BE5588ACD44, 2021-02-16T03:07:52, false
E2C7259B-02FE-4FAD-B3F6-2BE5588ACD44, 2021-02-16T03:08:52, false
E2C7259B-02FE-4FAD-B3F6-2BE5588ACD44, 2021-02-16T03:09:52, false
E2C7259B-02FE-4FAD-B3F6-2BE5588ACD44, 2021-02-16T03:10:52, false
E2C7259B-02FE-4FAD-B3F6-2BE5588ACD44, 2021-02-16T03:11:52, false
E2C7259B-02FE-4FAD-B3F6-2BE5588ACD44, 2021-02-16T03:12:52, false
E2C7259B-02FE-4FAD-B3F6-2BE5588ACD44, 2021-02-16T03:13:52, false
E2C7259B-02FE-4FAD-B3F6-2BE5588ACD44, 2021-02-16T03:14:52, false
E2C7259B-02FE-4FAD-B3F6-2BE5588ACD44, 2021-02-16T03:15:52, false
E2C7259B-02FE-4FAD-B3F6-2BE5588ACD44, 2021-02-16T03:16:52, false
E2C7259B-02FE-4FAD-B3F6-2BE5588ACD44, 2021-02-16T03:17:52, false
E2C7259B-02FE-4FAD-B3F6-2BE5588ACD44, 2021-02-16T03:18:52, false
E2C7259B-02FE-4FAD-B3F6-2BE5588ACD44, 2021-02-16T03:19:52, false
E2C7259B-02FE-4FAD-B3F6-2BE5588ACD44, 2021-02-16T03:20:52, false
E2C7259B-02FE-4FAD-B3F6-2BE5588ACD44, 2021-02-16T03:21:52, false
E2C7259B-02FE-4FAD-B3F6-2BE5588ACD44, 2021-02-16T03:22:52, false
E2C7259B-02FE-4FAD-B3F6-2BE5588ACD44, 2021-02-16T03:23:52, false
E2C7259B-02FE-4FAD-B3F6-2BE5588ACD44, 2021-02-16T03:24:52, false
E2C7259B-02FE-4FAD-B3F6-2BE5588ACD44, 2021-02-16T03:25:52, false
E2C7259B-02FE-4FAD-B3F6-2BE5588ACD44, 2021-02-16T03:26:52, false
E2C7259B-02FE-4FAD-B3F6-2BE5588ACD44, 2021-02-16T03:27:52, false
E2C7259B-02FE-4FAD-B3F6-2BE5588ACD44, 2021-02-16T03:28:52, false
E2C7259B-02FE-4FAD-B3F6-2BE5588ACD44, 2021-02-16T03:29:52, false
E2C7259B-02FE-4FAD-B3F6-2BE5588ACD44, 2021-02-16T03:30:52, false
E2C7259B-02FE-4FAD-B3F6-2BE5588ACD44, 2021-02-16T03:31:52, false
E2C7259B-02FE-4FAD-B3F6-2BE5588ACD44, 2021-02-16T03:32:52, false
E2C7259B-02FE-4FAD-B3F6-2BE5588ACD44, 2021-02-16T03:33:52, false
E2C7259B-02FE-4FAD-B3F6-2BE5588ACD44, 2021-02-16T03:34:52, false
E2C7259B-02FE-4FAD-B3F6-2BE5588ACD44, 2021-02-16T03:35:52, false
E2C7259B-02FE-4FAD-B3F6-2BE5588ACD44, 2021-02-16T03:36:52, false
E2C7259B-02FE-4FAD-B3F6-2BE5588ACD44, 2021-02-16T03:37:52, false
E2C7259B-02FE-4FAD-B3F6-2BE5588ACD44, 2021-02-16T03:38:52, false
E2C7259B-02FE-4FAD-B3F6-2BE5588ACD44, 2021-02-16T03:39:52, false
E2C7259B-02FE-4FAD-B3F6-2BE5588ACD44, 2021-02-16T03:40:52, false
E2C7259B-02FE-4FAD-B3F6-2BE5588ACD44, 2021-02-16T03:41:52, false
E2C7259B-02FE-4FAD-B3F6-2BE5588ACD44, 2021-02-16T03:42:52, false
E2C7259B-02FE-4FAD-B3F6-2BE5588ACD44, 2021-02-16T03:43:52, false
E2C7259B-02FE-4FAD-B3F6-2BE5588ACD44, 2021-02-16T03:44:52, false
E2C7259B-02FE-4FAD-B3F6-2BE5588ACD44, 2021-02-16T03:45:52, false
E2C7259B-02FE-4FAD-B3F6-2BE5588ACD44, 2021-02-16T03:46:52, false
E2C7259B-02FE-4FAD-B3F6-2BE5588ACD44, 2021-02-16T03:47:52, false
E2C7259B-02FE-4FAD-B3F6-2BE5588ACD44, 2021-02-16T03:48:52, false
E2C7259B-02FE-4FAD-B3F6-2BE5588ACD44, 2021-02-16T03:49:52, false
E2C7259B-02FE-4FAD-B3F6-2BE5588ACD44, 2021-02-16T03:50:52, false
E2C7259B-02FE-4FAD-B3F6-2BE5588ACD44, 2021-02-16T03:51:52, false
E2C7259B-02FE-4FAD-B3F6-2BE5588ACD44, 2021-02-16T03:52:52, false
E2C7259B-02FE-4FAD-B3F6-2BE5588ACD44, 2021-02-16T03:53:52, false
E2C7259B-02FE-4FAD-B3F6-2BE5588ACD44, 2021-02-16T03:54:52, false
E2C7259B-02FE-4FAD-B3F6-2BE5588ACD44, 2021-02-16T03:55:52, false
E2C7259B-02FE-4FAD-B3F6-2BE5588ACD44, 2021-02-16T03:56:52, false
E2C7259B-02FE-4FAD-B3F6-2BE5588ACD44, 2021-02-16T03:57:52, false
E2C7259B-02FE-4FAD-B3F6-2BE5588ACD44, 2021-02-16T03:58:52, false
E2C7259B-02FE-4FAD-B3F6-2BE5588ACD44, 2021-02-16T03:59:52, false
E2C7259B-02FE-4FAD-B3F6-2BE5588ACD44, 2021-02-16T04:00:52, false
E2C7259B-02FE-4FAD-B3F6-2BE5588ACD44, 2021-02-16T04:01:52, false
E2C7259B-02FE-4FAD-B3F6-2BE5588ACD44, 2021-02-16T04:02:52, false
E2C7259B-02FE-4FAD-B3F6-2BE5588ACD44, 2021-02-16T04:03:52, false
E2C7259B-02FE-4FAD-B3F6-2BE5588ACD44, 2021-02-16T04:04:52, false
E2C7259B-02FE-4FAD-B3F6-2BE5588ACD44, 2021-02-16T04:05:52, false
E2C7259B-02FE-4FAD-B3F6-2BE5588ACD44, 2021-02-16T04:06:52, false
E2C7259B-02FE-4FAD-B3F6-2BE5588ACD44, 2021-02-16T04:07:52, false
E2C7259B-02FE-4FAD-B3F6-2BE5588ACD44, 2021-02-16T04:08:52, false
E2C7259B-02FE-4FAD-B3F6-2BE5588ACD44, 2021-02-16T04:09:52, false
E2C7259B-02FE-4FAD-B3F6-2BE5588ACD44, 2021-02-16T04:10:52, false
E2C7259B-02FE-4FAD-B3F6-2BE5588ACD44, 2021-02-16T04:11:52, false
E2C7259B-02FE-4FAD-B3F6-2BE5588ACD44, 2021-02-16T04:12:52, false
E2C7259B-02FE-4FAD-B3F6-2BE5588ACD44, 2021-02-16T04:13:52, false
E2C7259B-02FE-4FAD-B3F6-2BE5588ACD44, 2021-02-16T04:14:52, false
E2C7259B-02FE-4FAD-B3F6-2BE5588ACD44, 2021-02-16T04:15:52, false
E2C7259B-02FE-4FAD-B3F6-2BE5588ACD44, 2021-02-16T04:16:52, false
E2C7259B-02FE-4FAD-B3F6-2BE5588ACD44, 2021-02-16T04:17:52, false
E2C7259B-02FE-4FAD-B3F6-2BE5588ACD44, 2021-02-16T04:18:52, false
E2C7259B-02FE-4FAD-B3F6-2BE5588ACD44, 2021-02-16T04:19:52, false
E2C7259B-02FE-4FAD-B3F6-2BE5588ACD44, 2021-02-16T04:20:52, false
E2C7259B-02FE-4FAD-B3F6-2BE5588ACD44, 2021-02-16T04:21:52, false
E2C7259B-02FE-4FAD-B3F6-2BE5588ACD44, 2021-02-16T04:22:52, false
E2C7259B-02FE-4FAD-B3F6-2BE5588ACD44, 2021-02-16T04:23:52, false
E2C7259B-02FE-4FAD-B3F6-2BE5588ACD44, 2021-02-16T04:24:52, false
E2C7259B-02FE-4FAD-B3F6-2BE5588ACD44, 2021-02-16T04:25:52, false
E2C7259B-02FE-4FAD-B3F6-2BE5588ACD44, 2021-02-16T04:26:52, false
E2C7259B-02FE-4FAD-B3F6-2BE5588ACD44, 2021-02-16T04:27:52, false
E2C7259B-02FE-4FAD-B3F6-2BE5588ACD44, 2021-02-16T04:28:52, false
E2C7259B-02FE-4FAD-B3F6-2BE5588ACD44, 2021-02-16T04:29:52, false
E2C7259B-02FE-4FAD-B3F6-2BE5588ACD44, 2021-02-16T04:30:52, false
E2C7259B-02FE-4FAD-B3F6-2BE5588ACD44, 2021-02-16T04:31:52, false
E2C7259B-02FE-4FAD-B3F6-2BE5588ACD44, 2021-02-16T04:32:52, false
E2C7259B-02FE-4FAD-B3F6-2BE5588ACD44, 2021-02-16T04:33:52, false
E2C7259B-02FE-4FAD-B3F6-2BE5588ACD44, 2021-02-16T04:34:52, false
E2C7259B-02FE-4FAD-B3F6-2BE5588ACD44, 2021-02-16T04:35:52, false
E2C7259B-02FE-4FAD-B3F6-2BE5588ACD44, 2021-02-16T04:36:52, false
E2C7259B-02FE-4FAD-B3F6-2BE5588ACD44, 2021-02-16T04:37:52, false
E2C7259B-02FE-4FAD-B3F6-2BE5588ACD44, 2021-02-16T04:38:52, false
E2C7259B-02FE-4FAD-B3F6-2BE5588ACD44, 2021-02-16T04:39:52, false
E2C7259B-02FE-4FAD-B3F6-2BE5588ACD44, 2021-02-16T04:40:52, false
E2C7259B-02FE-4FAD-B3F6-2BE5588ACD44, 2021-02-16T04:41:52, false
E2C7259B-02FE-4FAD-B3F6-2BE5588ACD44, 2021-02-16T04:42:52, false
E2C7259B-02FE-4FAD-B3F6-2BE5588ACD44, 2021-02-16T04:43:52, false
E2C7259B-02FE-4FAD-B3F6-2BE5588ACD44, 2021-02-16T04:44:52, false
E2C7259B-02FE-4FAD-B3F6-2BE5588ACD44, 2021-02-16T04:45:52, false
E2C7259B-02FE-4FAD-B3F6-2BE5588ACD44, 2021-02-16T04:46:52, false
E2C7259B-02FE-4FAD-B3F6-2BE5588ACD44, 2021-02-16T04:47:52, false
E2C7259B-02FE-4FAD-B3F6-2BE5588ACD44, 2021-02-16T04:48:52, false
E2C7259B-02FE-4FAD-B3F6-2BE5588ACD44, 2021-02-16T04:49:52, false
E2C7259B-02FE-4FAD-B3F6-2BE5588ACD44, 2021-02-16T04:50:52, false
E2C7259B-02FE-4FAD-B3F6-2BE5588ACD44, 2021-02-16T04:51:52, false
E2C7259B-02FE-4FAD-B3F6-2BE5588ACD44, 2021-02-16T04:52:52, false
E2C7259B-02FE-4FAD-B3F6-2BE5588ACD44, 2021-02-16T04:53:52, false
E2C7259B-02FE-4FAD-B3F6-2BE5588ACD44, 2021-02-16T04:54:52, false
E2C7259B-02FE-4FAD-B3F6-2BE5588ACD44, 2021-02-16T04:55:52, false
E2C7259B-02FE-4FAD-B3F6-2BE5588ACD44, 2021-02-16T04:56:52, false
E2C7259B-02FE-4FAD-B3F6-2BE5588ACD44, 2021-02-16T04:57:52, false
E2C7259B-02FE-4FAD-B3F6-2BE5588ACD44, 2021-02-16T04:58:52, false
E2C7259B-02FE-4FAD-B3F6-2BE5588ACD44, 2021-02-16T04:59:52, false
E2C7259B-02FE-4FAD-B3F6-2BE5588ACD44, 2021-02-16T05:00:52, false
E2C7259B-02FE-4FAD-B3F6-2BE5588ACD44, 2021-02-16T05:01:52, false
E2C7259B-02FE-4FAD-B3F6-2BE5588ACD44, 2021-02-16T05:02:52, false
E2C7259B-02FE-4FAD-B3F6-2BE5588ACD44, 2021-02-16T05:03:52, false
E2C7259B-02FE-4FAD-B3F6-2BE5588ACD44, 2021-02-16T05:04:52, false
E2C7259B-02FE-4FAD-B3F6-2BE5588ACD44, 2021-02-16T05:05:52, false
E2C7259B-02FE-4FAD-B3F6-2BE5588ACD44, 2021-02-16T05:06:52, false
E2C7259B-02FE-4FAD-B3F6-2BE5588ACD44, 2021-02-16T05:07:52, false
E2C7259B-02FE-4FAD-B3F6-2BE5588ACD44, 2021-02-16T05:08:52, false
E2C7259B-02FE-4FAD-B3F6-2BE5588ACD44, 2021-02-16T05:09:52, false
E2C7259B-02FE-4FAD-B3F6-2BE5588ACD44, 2021-02-16T05:10:52, false
E2C7259B-02FE-4FAD-B3F6-2BE5588ACD44, 2021-02-16T05:11:52, false
E2C7259B-02FE-4FAD-B3F6-2BE5588ACD44, 2021-02-16T05:12:52, false
E2C7259B-02FE-4FAD-B3F6-2BE5588ACD44, 2021-02-16T05:13:52, false
E2C7259B-02FE-4FAD-B3F6-2BE5588ACD44, 2021-02-16T05:14:52, false
E2C7259B-02FE-4FAD-B3F6-2BE5588ACD44, 2021-02-16T05:15:52, false
E2C7259B-02FE-4FAD-B3F6-2BE5588ACD44, 2021-02-16T05:16:52, false
E2C7259B-02FE-4FAD-B3F6-2BE5588ACD44, 2021-02-16T05:17:52, false
E2C7259B-02FE-4FAD-B3F6-2BE5588ACD44, 2021-02-16T05:18:52, false
E2C7259B-02FE-4FAD-B3F6-2BE5588ACD44, 2021-02-16T05:19:52, false
E2C7259B-02FE-4FAD-B3F6-2BE5588ACD44, 2021-02-16T05:20:52, false
E2C7259B-02FE-4FAD-B3F6-2BE5588ACD44, 2021-02-16T05:21:52, false
E2C7259B-02FE-4FAD-B3F6-2BE5588ACD44, 2021-02-16T05:22:52, false
E2C7259B-02FE-4FAD-B3F6-2BE5588ACD44, 2021-02-16T05:23:52, false
E2C7259B-02FE-4FAD-B3F6-2BE5588ACD44, 2021-02-16T05:24:52, false
E2C7259B-02FE-4FAD-B3F6-2BE5588ACD44, 2021-02-16T05:25:52, false
E2C7259B-02FE-4FAD-B3F6-2BE5588ACD44, 2021-02-16T05:26:52, false
E2C7259B-02FE-4FAD-B3F6-2BE5588ACD44, 2021-02-16T05:27:52, false
E2C7259B-02FE-4FAD-B3F6-2BE5588ACD44, 2021-02-16T05:28:52, false
E2C7259B-02FE-4FAD-B3F6-2BE5588ACD44, 2021-02-16T05:29:52, false
E2C7259B-02FE-4FAD-B3F6-2BE5588ACD44, 2021-02-16T05:30:52, false
E2C7259B-02FE-4FAD-B3F6-2BE5588ACD44, 2021-02-16T05:31:52, false
E2C7259B-02FE-4FAD-B3F6-2BE5588ACD44, 2021-02-16T05:32:52, false
E2C7259B-02FE-4FAD-B3F6-2BE5588ACD44, 2021-02-16T05:33:52, false
E2C7259B-02FE-4FAD-B3F6-2BE5588ACD44, 2021-02-16T05:34:52, false
E2C7259B-02FE-4FAD-B3F6-2BE5588ACD44, 2021-02-16T05:35:52, false
E2C7259B-02FE-4FAD-B3F6-2BE5588ACD44, 2021-02-16T05:36:52, false
E2C7259B-02FE-4FAD-B3F6-2BE5588ACD44, 2021-02-16T05:37:52, false
E2C7259B-02FE-4FAD-B3F6-2BE5588ACD44, 2021-02-16T05:38:52, false
E2C7259B-02FE-4FAD-B3F6-2BE5588ACD44, 2021-02-16T05:39:52, false
E2C7259B-02FE-4FAD-B3F6-2BE5588ACD44, 2021-02-16T05:40:52, false
E2C7259B-02FE-4FAD-B3F6-2BE5588ACD44, 2021-02-16T05:41:52, false
E2C7259B-02FE-4FAD-B3F6-2BE5588ACD44, 2021-02-16T05:42:52, false
E2C7259B-02FE-4FAD-B3F6-2BE5588ACD44, 2021-02-16T05:43:52, false
E2C7259B-02FE-4FAD-B3F6-2BE5588ACD44, 2021-02-16T05:44:52, false
E2C7259B-02FE-4FAD-B3F6-2BE5588ACD44, 2021-02-16T05:45:52, false
E2C7259B-02FE-4FAD-B3F6-2BE5588ACD44, 2021-02-16T05:46:52, false
E2C7259B-02FE-4FAD-B3F6-2BE5588ACD44, 2021-02-16T05:47:52, false
E2C7259B-02FE-4FAD-B3F6-2BE5588ACD44, 2021-02-16T05:48:52, false
E2C7259B-02FE-4FAD-B3F6-2BE5588ACD44, 2021-02-16T05:49:52, false
E2C7259B-02FE-4FAD-B3F6-2BE5588ACD44, 2021-02-16T05:50:52, false
E2C7259B-02FE-4FAD-B3F6-2BE5588ACD44, 2021-02-16T05:51:52, false
E2C7259B-02FE-4FAD-B3F6-2BE5588ACD44, 2021-02-16T05:52:52, false
E2C7259B-02FE-4FAD-B3F6-2BE5588ACD44, 2021-02-16T05:53:52, false
E2C7259B-02FE-4FAD-B3F6-2BE5588ACD44, 2021-02-16T05:54:52, false
E2C7259B-02FE-4FAD-B3F6-2BE5588ACD44, 2021-02-16T05:55:52, false
E2C7259B-02FE-4FAD-B3F6-2BE5588ACD44, 2021-02-16T05:56:52, false
E2C7259B-02FE-4FAD-B3F6-2BE5588ACD44, 2021-02-16T05:57:52, false
E2C7259B-02FE-4FAD-B3F6-2BE5588ACD44, 2021-02-16T05:58:52, false
E2C7259B-02FE-4FAD-B3F6-2BE5588ACD44, 2021-02-16T05:59:52, false
E2C7259B-02FE-4FAD-B3F6-2BE5588ACD44, 2021-02-16T06:00:52, false
E2C7259B-02FE-4FAD-B3F6-2BE5588ACD44, 2021-02-16T06:01:52, false
E2C7259B-02FE-4FAD-B3F6-2BE5588ACD44, 2021-02-16T06:02:52, false
E2C7259B-02FE-4FAD-B3F6-2BE5588ACD44, 2021-02-16T06:03:52, false
E2C7259B-02FE-4FAD-B3F6-2BE5588ACD44, 2021-02-16T06:04:52, false
E2C7259B-02FE-4FAD-B3F6-2BE5588ACD44, 2021-02-16T06:05:52, false
E2C7259B-02FE-4FAD-B3F6-2BE5588ACD44, 2021-02-16T06:06:52, false
E2C7259B-02FE-4FAD-B3F6-2BE5588ACD44, 2021-02-16T06:07:52, false
E2C7259B-02FE-4FAD-B3F6-2BE5588ACD44, 2021-02-16T06:08:52, false
E2C7259B-02FE-4FAD-B3F6-2BE5588ACD44, 2021-02-16T06:09:52, false
E2C7259B-02FE-4FAD-B3F6-2BE5588ACD44, 2021-02-16T06:10:52, false
E2C7259B-02FE-4FAD-B3F6-2BE5588ACD44, 2021-02-16T06:11:52, false
E2C7259B-02FE-4FAD-B3F6-2BE5588ACD44, 2021-02-16T06:12:52, false
E2C7259B-02FE-4FAD-B3F6-2BE5588ACD44, 2021-02-16T06:13:52, false
E2C7259B-02FE-4FAD-B3F6-2BE5588ACD44, 2021-02-16T06:14:52, false
E2C7259B-02FE-4FAD-B3F6-2BE5588ACD44, 2021-02-16T06:15:52, false
E2C7259B-02FE-4FAD-B3F6-2BE5588ACD44, 2021-02-16T06:16:52, false
E2C7259B-02FE-4FAD-B3F6-2BE5588ACD44, 2021-02-16T06:17:52, false
E2C7259B-02FE-4FAD-B3F6-2BE5588ACD44, 2021-02-16T06:18:52, false
E2C7259B-02FE-4FAD-B3F6-2BE5588ACD44, 2021-02-16T06:19:52, false
E2C7259B-02FE-4FAD-B3F6-2BE5588ACD44, 2021-02-16T06:20:52, false
E2C7259B-02FE-4FAD-B3F6-2BE5588ACD44, 2021-02-16T06:21:52, false
E2C7259B-02FE-4FAD-B3F6-2BE5588ACD44, 2021-02-16T06:22:52, false
E2C7259B-02FE-4FAD-B3F6-2BE5588ACD44, 2021-02-16T06:23:52, false
E2C7259B-02FE-4FAD-B3F6-2BE5588ACD44, 2021-02-16T06:24:52, false
E2C7259B-02FE-4FAD-B3F6-2BE5588ACD44, 2021-02-16T06:25:52, false
E2C7259B-02FE-4FAD-B3F6-2BE5588ACD44, 2021-02-16T06:26:52, false
E2C7259B-02FE-4FAD-B3F6-2BE5588ACD44, 2021-02-16T06:27:52, false
E2C7259B-02FE-4FAD-B3F6-2BE5588ACD44, 2021-02-16T06:28:52, false
E2C7259B-02FE-4FAD-B3F6-2BE5588ACD44, 2021-02-16T06:29:52, false
E2C7259B-02FE-4FAD-B3F6-2BE5588ACD44, 2021-02-16T06:30:52, false
E2C7259B-02FE-4FAD-B3F6-2BE5588ACD44, 2021-02-16T06:31:52, false
E2C7259B-02FE-4FAD-B3F6-2BE5588ACD44, 2021-02-16T06:32:52, false
E2C7259B-02FE-4FAD-B3F6-2BE5588ACD44, 2021-02-16T06:33:52, false
E2C7259B-02FE-4FAD-B3F6-2BE5588ACD44, 2021-02-16T06:34:52, false
E2C7259B-02FE-4FAD-B3F6-2BE5588ACD44, 2021-02-16T06:35:52, false
E2C7259B-02FE-4FAD-B3F6-2BE5588ACD44, 2021-02-16T06:36:52, false
E2C7259B-02FE-4FAD-B3F6-2BE5588ACD44, 2021-02-16T06:37:52, false
E2C7259B-02FE-4FAD-B3F6-2BE5588ACD44, 2021-02-16T06:38:52, false
E2C7259B-02FE-4FAD-B3F6-2BE5588ACD44, 2021-02-16T06:39:52, false
E2C7259B-02FE-4FAD-B3F6-2BE5588ACD44, 2021-02-16T06:40:52, false
E2C7259B-02FE-4FAD-B3F6-2BE5588ACD44, 2021-02-16T06:41:52, false
E2C7259B-02FE-4FAD-B3F6-2BE5588ACD44, 2021-02-16T06:42:52, false
E2C7259B-02FE-4FAD-B3F6-2BE5588ACD44, 2021-02-16T06:43:52, false
E2C7259B-02FE-4FAD-B3F6-2BE5588ACD44, 2021-02-16T06:44:52, false
E2C7259B-02FE-4FAD-B3F6-2BE5588ACD44, 2021-02-16T06:45:52, false
E2C7259B-02FE-4FAD-B3F6-2BE5588ACD44, 2021-02-16T06:46:52, false
E2C7259B-02FE-4FAD-B3F6-2BE5588ACD44, 2021-02-16T06:47:52, false
E2C7259B-02FE-4FAD-B3F6-2BE5588ACD44, 2021-02-16T06:48:52, false
E2C7259B-02FE-4FAD-B3F6-2BE5588ACD44, 2021-02-16T06:49:52, false
E2C7259B-02FE-4FAD-B3F6-2BE5588ACD44, 2021-02-16T06:50:52, false
E2C7259B-02FE-4FAD-B3F6-2BE5588ACD44, 2021-02-16T06:51:52, false
E2C7259B-02FE-4FAD-B3F6-2BE5588ACD44, 2021-02-16T06:52:52, false
E2C7259B-02FE-4FAD-B3F6-2BE5588ACD44, 2021-02-16T06:53:52, false
E2C7259B-02FE-4FAD-B3F6-2BE5588ACD44, 2021-02-16T06:54:52, false
E2C7259B-02FE-4FAD-B3F6-2BE5588ACD44, 2021-02-16T06:55:52, false
E2C7259B-02FE-4FAD-B3F6-2BE5588ACD44, 2021-02-16T06:56:52, false
E2C7259B-02FE-4FAD-B3F6-2BE5588ACD44, 2021-02-16T06:57:52, false
E2C7259B-02FE-4FAD-B3F6-2BE5588ACD44, 2021-02-16T06:58:52, false
E2C7259B-02FE-4FAD-B3F6-2BE5588ACD44, 2021-02-16T06:59:52, false
E2C7259B-02FE-4FAD-B3F6-2BE5588ACD44, 2021-02-16T07:00:52, false
E2C7259B-02FE-4FAD-B3F6-2BE5588ACD44, 2021-02-16T07:01:52, false
E2C7259B-02FE-4FAD-B3F6-2BE5588ACD44, 2021-02-16T07:02:52, false
E2C7259B-02FE-4FAD-B3F6-2BE5588ACD44, 2021-02-16T07:03:52, false
E2C7259B-02FE-4FAD-B3F6-2BE5588ACD44, 2021-02-16T07:04:52, false
E2C7259B-02FE-4FAD-B3F6-2BE5588ACD44, 2021-02-16T07:05:52, false
E2C7259B-02FE-4FAD-B3F6-2BE5588ACD44, 2021-02-16T07:06:52, false
E2C7259B-02FE-4FAD-B3F6-2BE5588ACD44, 2021-02-16T07:07:52, false
E2C7259B-02FE-4FAD-B3F6-2BE5588ACD44, 2021-02-16T07:08:52, false
E2C7259B-02FE-4FAD-B3F6-2BE5588ACD44, 2021-02-16T07:09:52, false
E2C7259B-02FE-4FAD-B3F6-2BE5588ACD44, 2021-02-16T07:10:52, false
E2C7259B-02FE-4FAD-B3F6-2BE5588ACD44, 2021-02-16T07:11:52, false
E2C7259B-02FE-4FAD-B3F6-2BE5588ACD44, 2021-02-16T07:12:52, false
E2C7259B-02FE-4FAD-B3F6-2BE5588ACD44, 2021-02-16T07:13:52, false
E2C7259B-02FE-4FAD-B3F6-2BE5588ACD44, 2021-02-16T07:14:52, false
E2C7259B-02FE-4FAD-B3F6-2BE5588ACD44, 2021-02-16T07:15:52, false
E2C7259B-02FE-4FAD-B3F6-2BE5588ACD44, 2021-02-16T07:16:52, false
E2C7259B-02FE-4FAD-B3F6-2BE5588ACD44, 2021-02-16T07:17:52, false
E2C7259B-02FE-4FAD-B3F6-2BE5588ACD44, 2021-02-16T07:18:52, false
E2C7259B-02FE-4FAD-B3F6-2BE5588ACD44, 2021-02-16T07:19:52, false
E2C7259B-02FE-4FAD-B3F6-2BE5588ACD44, 2021-02-16T07:20:52, false
E2C7259B-02FE-4FAD-B3F6-2BE5588ACD44, 2021-02-16T07:21:52, false
E2C7259B-02FE-4FAD-B3F6-2BE5588ACD44, 2021-02-16T07:22:52, false
E2C7259B-02FE-4FAD-B3F6-2BE5588ACD44, 2021-02-16T07:23:52, false
E2C7259B-02FE-4FAD-B3F6-2BE5588ACD44, 2021-02-16T07:24:52, false
E2C7259B-02FE-4FAD-B3F6-2BE5588ACD44, 2021-02-16T07:25:52, false
E2C7259B-02FE-4FAD-B3F6-2BE5588ACD44, 2021-02-16T07:26:52, false
E2C7259B-02FE-4FAD-B3F6-2BE5588ACD44, 2021-02-16T07:27:52, false
E2C7259B-02FE-4FAD-B3F6-2BE5588ACD44, 2021-02-16T07:28:52, false
E2C7259B-02FE-4FAD-B3F6-2BE5588ACD44, 2021-02-16T07:29:52, false
E2C7259B-02FE-4FAD-B3F6-2BE5588ACD44, 2021-02-16T07:30:52, false
E2C7259B-02FE-4FAD-B3F6-2BE5588ACD44, 2021-02-16T07:31:52, false
E2C7259B-02FE-4FAD-B3F6-2BE5588ACD44, 2021-02-16T07:32:52, false
E2C7259B-02FE-4FAD-B3F6-2BE5588ACD44, 2021-02-16T07:33:52, false
E2C7259B-02FE-4FAD-B3F6-2BE5588ACD44, 2021-02-16T07:34:52, false
E2C7259B-02FE-4FAD-B3F6-2BE5588ACD44, 2021-02-16T07:35:52, false
E2C7259B-02FE-4FAD-B3F6-2BE5588ACD44, 2021-02-16T07:36:52, false
E2C7259B-02FE-4FAD-B3F6-2BE5588ACD44, 2021-02-16T07:37:52, false
E2C7259B-02FE-4FAD-B3F6-2BE5588ACD44, 2021-02-16T07:38:52, false
E2C7259B-02FE-4FAD-B3F6-2BE5588ACD44, 2021-02-16T07:39:52, false
E2C7259B-02FE-4FAD-B3F6-2BE5588ACD44, 2021-02-16T07:40:52, false
E2C7259B-02FE-4FAD-B3F6-2BE5588ACD44, 2021-02-16T07:41:52, false
E2C7259B-02FE-4FAD-B3F6-2BE5588ACD44, 2021-02-16T07:42:52, false
E2C7259B-02FE-4FAD-B3F6-2BE5588ACD44, 2021-02-16T07:43:52, false
E2C7259B-02FE-4FAD-B3F6-2BE5588ACD44, 2021-02-16T07:44:52, false
E2C7259B-02FE-4FAD-B3F6-2BE5588ACD44, 2021-02-16T07:45:52, false
E2C7259B-02FE-4FAD-B3F6-2BE5588ACD44, 2021-02-16T07:46:52, false
E2C7259B-02FE-4FAD-B3F6-2BE5588ACD44, 2021-02-16T07:47:52, false
E2C7259B-02FE-4FAD-B3F6-2BE5588ACD44, 2021-02-16T07:48:52, false
E2C7259B-02FE-4FAD-B3F6-2BE5588ACD44, 2021-02-16T07:49:52, false
E2C7259B-02FE-4FAD-B3F6-2BE5588ACD44, 2021-02-16T07:50:52, false
E2C7259B-02FE-4FAD-B3F6-2BE5588ACD44, 2021-02-16T07:51:52, false
E2C7259B-02FE-4FAD-B3F6-2BE5588ACD44, 2021-02-16T07:52:52, false
E2C7259B-02FE-4FAD-B3F6-2BE5588ACD44, 2021-02-16T07:53:52, false
E2C7259B-02FE-4FAD-B3F6-2BE5588ACD44, 2021-02-16T07:54:52, false
E2C7259B-02FE-4FAD-B3F6-2BE5588ACD44, 2021-02-16T07:55:52, false
E2C7259B-02FE-4FAD-B3F6-2BE5588ACD44, 2021-02-16T07:56:52, false
E2C7259B-02FE-4FAD-B3F6-2BE5588ACD44, 2021-02-16T07:57:52, false
E2C7259B-02FE-4FAD-B3F6-2BE5588ACD44, 2021-02-16T07:58:52, false
E2C7259B-02FE-4FAD-B3F6-2BE5588ACD44, 2021-02-16T07:59:52, false
E2C7259B-02FE-4FAD-B3F6-2BE5588ACD44, 2021-02-16T08:00:52, false
E2C7259B-02FE-4FAD-B3F6-2BE5588ACD44, 2021-02-16T08:01:52, false
E2C7259B-02FE-4FAD-B3F6-2BE5588ACD44, 2021-02-16T08:02:52, false
E2C7259B-02FE-4FAD-B3F6-2BE5588ACD44, 2021-02-16T08:03:52, false
E2C7259B-02FE-4FAD-B3F6-2BE5588ACD44, 2021-02-16T08:04:52, false
E2C7259B-02FE-4FAD-B3F6-2BE5588ACD44, 2021-02-16T08:05:52, false
E2C7259B-02FE-4FAD-B3F6-2BE5588ACD44, 2021-02-16T08:06:52, false
E2C7259B-02FE-4FAD-B3F6-2BE5588ACD44, 2021-02-16T08:07:52, false
E2C7259B-02FE-4FAD-B3F6-2BE5588ACD44, 2021-02-16T08:08:52, false
E2C7259B-02FE-4FAD-B3F6-2BE5588ACD44, 2021-02-16T08:09:52, false
E2C7259B-02FE-4FAD-B3F6-2BE5588ACD44, 2021-02-16T08:10:52, false
E2C7259B-02FE-4FAD-B3F6-2BE5588ACD44, 2021-02-16T08:11:52, false
E2C7259B-02FE-4FAD-B3F6-2BE5588ACD44, 2021-02-16T08:12:52, false
E2C7259B-02FE-4FAD-B3F6-2BE5588ACD44, 2021-02-16T08:13:52, false
E2C7259B-02FE-4FAD-B3F6-2BE5588ACD44, 2021-02-16T08:14:52, false
E2C7259B-02FE-4FAD-B3F6-2BE5588ACD44, 2021-02-16T08:15:52, false
E2C7259B-02FE-4FAD-B3F6-2BE5588ACD44, 2021-02-16T08:16:52, false
E2C7259B-02FE-4FAD-B3F6-2BE5588ACD44, 2021-02-16T08:17:52, false
E2C7259B-02FE-4FAD-B3F6-2BE5588ACD44, 2021-02-16T08:18:52, false
E2C7259B-02FE-4FAD-B3F6-2BE5588ACD44, 2021-02-16T08:19:52, false
E2C7259B-02FE-4FAD-B3F6-2BE5588ACD44, 2021-02-16T08:20:52, false
E2C7259B-02FE-4FAD-B3F6-2BE5588ACD44, 2021-02-16T08:21:52, false
E2C7259B-02FE-4FAD-B3F6-2BE5588ACD44, 2021-02-16T08:22:52, false
E2C7259B-02FE-4FAD-B3F6-2BE5588ACD44, 2021-02-16T08:23:52, false
E2C7259B-02FE-4FAD-B3F6-2BE5588ACD44, 2021-02-16T08:24:52, false
E2C7259B-02FE-4FAD-B3F6-2BE5588ACD44, 2021-02-16T08:25:52, false
E2C7259B-02FE-4FAD-B3F6-2BE5588ACD44, 2021-02-16T08:26:52, false
E2C7259B-02FE-4FAD-B3F6-2BE5588ACD44, 2021-02-16T08:27:52, false
E2C7259B-02FE-4FAD-B3F6-2BE5588ACD44, 2021-02-16T08:28:52, false
E2C7259B-02FE-4FAD-B3F6-2BE5588ACD44, 2021-02-16T08:29:52, false
E2C7259B-02FE-4FAD-B3F6-2BE5588ACD44, 2021-02-16T08:30:52, false
E2C7259B-02FE-4FAD-B3F6-2BE5588ACD44, 2021-02-16T08:31:52, false
E2C7259B-02FE-4FAD-B3F6-2BE5588ACD44, 2021-02-16T08:32:52, false
E2C7259B-02FE-4FAD-B3F6-2BE5588ACD44, 2021-02-16T08:33:52, false
E2C7259B-02FE-4FAD-B3F6-2BE5588ACD44, 2021-02-16T08:34:52, false
E2C7259B-02FE-4FAD-B3F6-2BE5588ACD44, 2021-02-16T08:35:52, false
E2C7259B-02FE-4FAD-B3F6-2BE5588ACD44, 2021-02-16T08:36:52, false
E2C7259B-02FE-4FAD-B3F6-2BE5588ACD44, 2021-02-16T08:37:52, false
E2C7259B-02FE-4FAD-B3F6-2BE5588ACD44, 2021-02-16T08:38:52, false
E2C7259B-02FE-4FAD-B3F6-2BE5588ACD44, 2021-02-16T08:39:52, false
E2C7259B-02FE-4FAD-B3F6-2BE5588ACD44, 2021-02-16T08:40:52, false
E2C7259B-02FE-4FAD-B3F6-2BE5588ACD44, 2021-02-16T08:41:52, false
E2C7259B-02FE-4FAD-B3F6-2BE5588ACD44, 2021-02-16T08:42:52, false
E2C7259B-02FE-4FAD-B3F6-2BE5588ACD44, 2021-02-16T08:43:52, false
E2C7259B-02FE-4FAD-B3F6-2BE5588ACD44, 2021-02-16T08:44:52, false
E2C7259B-02FE-4FAD-B3F6-2BE5588ACD44, 2021-02-16T08:45:52, false
E2C7259B-02FE-4FAD-B3F6-2BE5588ACD44, 2021-02-16T08:46:52, false
E2C7259B-02FE-4FAD-B3F6-2BE5588ACD44, 2021-02-16T08:47:52, false
E2C7259B-02FE-4FAD-B3F6-2BE5588ACD44, 2021-02-16T08:48:52, false
E2C7259B-02FE-4FAD-B3F6-2BE5588ACD44, 2021-02-16T08:49:52, false
E2C7259B-02FE-4FAD-B3F6-2BE5588ACD44, 2021-02-16T08:50:52, false
E2C7259B-02FE-4FAD-B3F6-2BE5588ACD44, 2021-02-16T08:51:52, false
E2C7259B-02FE-4FAD-B3F6-2BE5588ACD44, 2021-02-16T08:52:52, false
E2C7259B-02FE-4FAD-B3F6-2BE5588ACD44, 2021-02-16T08:53:52, false
E2C7259B-02FE-4FAD-B3F6-2BE5588ACD44, 2021-02-16T08:54:52, false
E2C7259B-02FE-4FAD-B3F6-2BE5588ACD44, 2021-02-16T08:55:52, false
E2C7259B-02FE-4FAD-B3F6-2BE5588ACD44, 2021-02-16T08:56:52, false
E2C7259B-02FE-4FAD-B3F6-2BE5588ACD44, 2021-02-16T08:57:52, false
E2C7259B-02FE-4FAD-B3F6-2BE5588ACD44, 2021-02-16T08:58:52, false
E2C7259B-02FE-4FAD-B3F6-2BE5588ACD44, 2021-02-16T08:59:52, false
E2C7259B-02FE-4FAD-B3F6-2BE5588ACD44, 2021-02-16T09:00:52, false
E2C7259B-02FE-4FAD-B3F6-2BE5588ACD44, 2021-02-16T09:01:52, false
E2C7259B-02FE-4FAD-B3F6-2BE5588ACD44, 2021-02-16T09:02:52, false
E2C7259B-02FE-4FAD-B3F6-2BE5588ACD44, 2021-02-16T09:03:52, false
E2C7259B-02FE-4FAD-B3F6-2BE5588ACD44, 2021-02-16T09:04:52, false
E2C7259B-02FE-4FAD-B3F6-2BE5588ACD44, 2021-02-16T09:05:52, false
E2C7259B-02FE-4FAD-B3F6-2BE5588ACD44, 2021-02-16T09:06:52, false
E2C7259B-02FE-4FAD-B3F6-2BE5588ACD44, 2021-02-16T09:07:52, false
E2C7259B-02FE-4FAD-B3F6-2BE5588ACD44, 2021-02-16T09:08:52, false
E2C7259B-02FE-4FAD-B3F6-2BE5588ACD44, 2021-02-16T09:09:52, false
E2C7259B-02FE-4FAD-B3F6-2BE5588ACD44, 2021-02-16T09:10:52, false
E2C7259B-02FE-4FAD-B3F6-2BE5588ACD44, 2021-02-16T09:11:52, false
E2C7259B-02FE-4FAD-B3F6-2BE5588ACD44, 2021-02-16T09:12:52, false
E2C7259B-02FE-4FAD-B3F6-2BE5588ACD44, 2021-02-16T09:13:52, false
E2C7259B-02FE-4FAD-B3F6-2BE5588ACD44, 2021-02-16T09:14:52, false
E2C7259B-02FE-4FAD-B3F6-2BE5588ACD44, 2021-02-16T09:15:52, false
E2C7259B-02FE-4FAD-B3F6-2BE5588ACD44, 2021-02-16T09:16:52, false
E2C7259B-02FE-4FAD-B3F6-2BE5588ACD44, 2021-02-16T09:17:52, false
E2C7259B-02FE-4FAD-B3F6-2BE5588ACD44, 2021-02-16T09:18:52, false
E2C7259B-02FE-4FAD-B3F6-2BE5588ACD44, 2021-02-16T09:19:52, false
E2C7259B-02FE-4FAD-B3F6-2BE5588ACD44, 2021-02-16T09:20:52, false
E2C7259B-02FE-4FAD-B3F6-2BE5588ACD44, 2021-02-16T09:21:52, false
E2C7259B-02FE-4FAD-B3F6-2BE5588ACD44, 2021-02-16T09:22:52, false
E2C7259B-02FE-4FAD-B3F6-2BE5588ACD44, 2021-02-16T09:23:52, false
E2C7259B-02FE-4FAD-B3F6-2BE5588ACD44, 2021-02-16T09:24:52, false
E2C7259B-02FE-4FAD-B3F6-2BE5588ACD44, 2021-02-16T09:25:52, false
E2C7259B-02FE-4FAD-B3F6-2BE5588ACD44, 2021-02-16T09:26:52, false
E2C7259B-02FE-4FAD-B3F6-2BE5588ACD44, 2021-02-16T09:27:52, false
E2C7259B-02FE-4FAD-B3F6-2BE5588ACD44, 2021-02-16T09:28:52, false
E2C7259B-02FE-4FAD-B3F6-2BE5588ACD44, 2021-02-16T09:29:52, false
E2C7259B-02FE-4FAD-B3F6-2BE5588ACD44, 2021-02-16T09:30:52, false
E2C7259B-02FE-4FAD-B3F6-2BE5588ACD44, 2021-02-16T09:31:52, false
E2C7259B-02FE-4FAD-B3F6-2BE5588ACD44, 2021-02-16T09:32:52, false
E2C7259B-02FE-4FAD-B3F6-2BE5588ACD44, 2021-02-16T09:33:52, false
E2C7259B-02FE-4FAD-B3F6-2BE5588ACD44, 2021-02-16T09:34:52, false
E2C7259B-02FE-4FAD-B3F6-2BE5588ACD44, 2021-02-16T09:35:52, false
E2C7259B-02FE-4FAD-B3F6-2BE5588ACD44, 2021-02-16T09:36:52, false
E2C7259B-02FE-4FAD-B3F6-2BE5588ACD44, 2021-02-16T09:37:52, false
E2C7259B-02FE-4FAD-B3F6-2BE5588ACD44, 2021-02-16T09:38:52, false
E2C7259B-02FE-4FAD-B3F6-2BE5588ACD44, 2021-02-16T09:39:52, false
E2C7259B-02FE-4FAD-B3F6-2BE5588ACD44, 2021-02-16T09:40:52, false
E2C7259B-02FE-4FAD-B3F6-2BE5588ACD44, 2021-02-16T09:41:52, false
E2C7259B-02FE-4FAD-B3F6-2BE5588ACD44, 2021-02-16T09:42:52, false
E2C7259B-02FE-4FAD-B3F6-2BE5588ACD44, 2021-02-16T09:43:52, false
E2C7259B-02FE-4FAD-B3F6-2BE5588ACD44, 2021-02-16T09:44:52, false
E2C7259B-02FE-4FAD-B3F6-2BE5588ACD44, 2021-02-16T09:45:52, false
E2C7259B-02FE-4FAD-B3F6-2BE5588ACD44, 2021-02-16T09:46:52, false
E2C7259B-02FE-4FAD-B3F6-2BE5588ACD44, 2021-02-16T09:47:52, false
E2C7259B-02FE-4FAD-B3F6-2BE5588ACD44, 2021-02-16T09:48:52, false
E2C7259B-02FE-4FAD-B3F6-2BE5588ACD44, 2021-02-16T09:49:52, false
E2C7259B-02FE-4FAD-B3F6-2BE5588ACD44, 2021-02-16T09:50:52, false
E2C7259B-02FE-4FAD-B3F6-2BE5588ACD44, 2021-02-16T09:51:52, false
E2C7259B-02FE-4FAD-B3F6-2BE5588ACD44, 2021-02-16T09:52:52, false
E2C7259B-02FE-4FAD-B3F6-2BE5588ACD44, 2021-02-16T09:53:52, false
E2C7259B-02FE-4FAD-B3F6-2BE5588ACD44, 2021-02-16T09:54:52, false
E2C7259B-02FE-4FAD-B3F6-2BE5588ACD44, 2021-02-16T09:55:52, false
E2C7259B-02FE-4FAD-B3F6-2BE5588ACD44, 2021-02-16T09:56:52, false
E2C7259B-02FE-4FAD-B3F6-2BE5588ACD44, 2021-02-16T09:57:52, false
E2C7259B-02FE-4FAD-B3F6-2BE5588ACD44, 2021-02-16T09:58:52, false
E2C7259B-02FE-4FAD-B3F6-2BE5588ACD44, 2021-02-16T09:59:52, false
E2C7259B-02FE-4FAD-B3F6-2BE5588ACD44, 2021-02-16T10:00:52, false
E2C7259B-02FE-4FAD-B3F6-2BE5588ACD44, 2021-02-16T10:01:52, false
E2C7259B-02FE-4FAD-B3F6-2BE5588ACD44, 2021-02-16T10:02:52, false
E2C7259B-02FE-4FAD-B3F6-2BE5588ACD44, 2021-02-16T10:03:52, false
E2C7259B-02FE-4FAD-B3F6-2BE5588ACD44, 2021-02-16T10:04:52, false
E2C7259B-02FE-4FAD-B3F6-2BE5588ACD44, 2021-02-16T10:05:52, false
E2C7259B-02FE-4FAD-B3F6-2BE5588ACD44, 2021-02-16T10:06:52, false
E2C7259B-02FE-4FAD-B3F6-2BE5588ACD44, 2021-02-16T10:07:52, false
E2C7259B-02FE-4FAD-B3F6-2BE5588ACD44, 2021-02-16T10:08:52, false
E2C7259B-02FE-4FAD-B3F6-2BE5588ACD44, 2021-02-16T10:09:52, false
E2C7259B-02FE-4FAD-B3F6-2BE5588ACD44, 2021-02-16T10:10:52, false
E2C7259B-02FE-4FAD-B3F6-2BE5588ACD44, 2021-02-16T10:11:52, false
E2C7259B-02FE-4FAD-B3F6-2BE5588ACD44, 2021-02-16T10:12:52, false
E2C7259B-02FE-4FAD-B3F6-2BE5588ACD44, 2021-02-16T10:13:52, false
E2C7259B-02FE-4FAD-B3F6-2BE5588ACD44, 2021-02-16T10:14:52, false
E2C7259B-02FE-4FAD-B3F6-2BE5588ACD44, 2021-02-16T10:15:52, false
E2C7259B-02FE-4FAD-B3F6-2BE5588ACD44, 2021-02-16T10:16:52, false
E2C7259B-02FE-4FAD-B3F6-2BE5588ACD44, 2021-02-16T10:17:52, false
E2C7259B-02FE-4FAD-B3F6-2BE5588ACD44, 2021-02-16T10:18:52, false
E2C7259B-02FE-4FAD-B3F6-2BE5588ACD44, 2021-02-16T10:19:52, false
E2C7259B-02FE-4FAD-B3F6-2BE5588ACD44, 2021-02-16T10:20:52, false
E2C7259B-02FE-4FAD-B3F6-2BE5588ACD44, 2021-02-16T10:21:52, false
E2C7259B-02FE-4FAD-B3F6-2BE5588ACD44, 2021-02-16T10:22:52, false
E2C7259B-02FE-4FAD-B3F6-2BE5588ACD44, 2021-02-16T10:23:52, false
E2C7259B-02FE-4FAD-B3F6-2BE5588ACD44, 2021-02-16T10:24:52, false
E2C7259B-02FE-4FAD-B3F6-2BE5588ACD44, 2021-02-16T10:25:52, false
E2C7259B-02FE-4FAD-B3F6-2BE5588ACD44, 2021-02-16T10:26:52, false
E2C7259B-02FE-4FAD-B3F6-2BE5588ACD44, 2021-02-16T10:27:52, false
E2C7259B-02FE-4FAD-B3F6-2BE5588ACD44, 2021-02-16T10:28:52, false
E2C7259B-02FE-4FAD-B3F6-2BE5588ACD44, 2021-02-16T10:29:52, false
E2C7259B-02FE-4FAD-B3F6-2BE5588ACD44, 2021-02-16T10:30:52, false
E2C7259B-02FE-4FAD-B3F6-2BE5588ACD44, 2021-02-16T10:31:52, false
E2C7259B-02FE-4FAD-B3F6-2BE5588ACD44, 2021-02-16T10:32:52, false
E2C7259B-02FE-4FAD-B3F6-2BE5588ACD44, 2021-02-16T10:33:52, false
E2C7259B-02FE-4FAD-B3F6-2BE5588ACD44, 2021-02-16T10:34:52, false
E2C7259B-02FE-4FAD-B3F6-2BE5588ACD44, 2021-02-16T10:35:52, false
E2C7259B-02FE-4FAD-B3F6-2BE5588ACD44, 2021-02-16T10:36:52, false
E2C7259B-02FE-4FAD-B3F6-2BE5588ACD44, 2021-02-16T10:37:52, false
E2C7259B-02FE-4FAD-B3F6-2BE5588ACD44, 2021-02-16T10:38:52, false
E2C7259B-02FE-4FAD-B3F6-2BE5588ACD44, 2021-02-16T10:39:52, false
E2C7259B-02FE-4FAD-B3F6-2BE5588ACD44, 2021-02-16T10:40:52, false
E2C7259B-02FE-4FAD-B3F6-2BE5588ACD44, 2021-02-16T10:41:52, false
E2C7259B-02FE-4FAD-B3F6-2BE5588ACD44, 2021-02-16T10:42:52, false
E2C7259B-02FE-4FAD-B3F6-2BE5588ACD44, 2021-02-16T10:43:52, false
E2C7259B-02FE-4FAD-B3F6-2BE5588ACD44, 2021-02-16T10:44:52, false
E2C7259B-02FE-4FAD-B3F6-2BE5588ACD44, 2021-02-16T10:45:52, false
E2C7259B-02FE-4FAD-B3F6-2BE5588ACD44, 2021-02-16T10:46:52, false
E2C7259B-02FE-4FAD-B3F6-2BE5588ACD44, 2021-02-16T10:47:52, false
E2C7259B-02FE-4FAD-B3F6-2BE5588ACD44, 2021-02-16T10:48:52, false
E2C7259B-02FE-4FAD-B3F6-2BE5588ACD44, 2021-02-16T10:49:52, false
E2C7259B-02FE-4FAD-B3F6-2BE5588ACD44, 2021-02-16T10:50:52, false
E2C7259B-02FE-4FAD-B3F6-2BE5588ACD44, 2021-02-16T10:51:52, false
E2C7259B-02FE-4FAD-B3F6-2BE5588ACD44, 2021-02-16T10:52:52, false
E2C7259B-02FE-4FAD-B3F6-2BE5588ACD44, 2021-02-16T10:53:52, false
E2C7259B-02FE-4FAD-B3F6-2BE5588ACD44, 2021-02-16T10:54:52, false
E2C7259B-02FE-4FAD-B3F6-2BE5588ACD44, 2021-02-16T10:55:52, false
E2C7259B-02FE-4FAD-B3F6-2BE5588ACD44, 2021-02-16T10:56:52, false
E2C7259B-02FE-4FAD-B3F6-2BE5588ACD44, 2021-02-16T10:57:52, false
E2C7259B-02FE-4FAD-B3F6-2BE5588ACD44, 2021-02-16T10:58:52, false
E2C7259B-02FE-4FAD-B3F6-2BE5588ACD44, 2021-02-16T10:59:52, false
E2C7259B-02FE-4FAD-B3F6-2BE5588ACD44, 2021-02-16T11:00:52, false
E2C7259B-02FE-4FAD-B3F6-2BE5588ACD44, 2021-02-16T11:01:52, false
E2C7259B-02FE-4FAD-B3F6-2BE5588ACD44, 2021-02-16T11:02:52, false
E2C7259B-02FE-4FAD-B3F6-2BE5588ACD44, 2021-02-16T11:03:52, false
E2C7259B-02FE-4FAD-B3F6-2BE5588ACD44, 2021-02-16T11:04:52, false
E2C7259B-02FE-4FAD-B3F6-2BE5588ACD44, 2021-02-16T11:05:52, false
E2C7259B-02FE-4FAD-B3F6-2BE5588ACD44, 2021-02-16T11:06:52, false
E2C7259B-02FE-4FAD-B3F6-2BE5588ACD44, 2021-02-16T11:07:52, false
E2C7259B-02FE-4FAD-B3F6-2BE5588ACD44, 2021-02-16T11:08:52, false
E2C7259B-02FE-4FAD-B3F6-2BE5588ACD44, 2021-02-16T11:09:52, false
E2C7259B-02FE-4FAD-B3F6-2BE5588ACD44, 2021-02-16T11:10:52, false
E2C7259B-02FE-4FAD-B3F6-2BE5588ACD44, 2021-02-16T11:11:52, false
E2C7259B-02FE-4FAD-B3F6-2BE5588ACD44, 2021-02-16T11:12:52, false
E2C7259B-02FE-4FAD-B3F6-2BE5588ACD44, 2021-02-16T11:13:52, false
E2C7259B-02FE-4FAD-B3F6-2BE5588ACD44, 2021-02-16T11:14:52, false
E2C7259B-02FE-4FAD-B3F6-2BE5588ACD44, 2021-02-16T11:15:52, false
E2C7259B-02FE-4FAD-B3F6-2BE5588ACD44, 2021-02-16T11:16:52, false
E2C7259B-02FE-4FAD-B3F6-2BE5588ACD44, 2021-02-16T11:17:52, false
E2C7259B-02FE-4FAD-B3F6-2BE5588ACD44, 2021-02-16T11:18:52, false
E2C7259B-02FE-4FAD-B3F6-2BE5588ACD44, 2021-02-16T11:19:52, false
E2C7259B-02FE-4FAD-B3F6-2BE5588ACD44, 2021-02-16T11:20:52, false
E2C7259B-02FE-4FAD-B3F6-2BE5588ACD44, 2021-02-16T11:21:52, false
E2C7259B-02FE-4FAD-B3F6-2BE5588ACD44, 2021-02-16T11:22:52, false
E2C7259B-02FE-4FAD-B3F6-2BE5588ACD44, 2021-02-16T11:23:52, false
E2C7259B-02FE-4FAD-B3F6-2BE5588ACD44, 2021-02-16T11:24:52, false
E2C7259B-02FE-4FAD-B3F6-2BE5588ACD44, 2021-02-16T11:25:52, false
E2C7259B-02FE-4FAD-B3F6-2BE5588ACD44, 2021-02-16T11:26:52, false
E2C7259B-02FE-4FAD-B3F6-2BE5588ACD44, 2021-02-16T11:27:52, false
E2C7259B-02FE-4FAD-B3F6-2BE5588ACD44, 2021-02-16T11:28:52, false
E2C7259B-02FE-4FAD-B3F6-2BE5588ACD44, 2021-02-16T11:29:52, false
E2C7259B-02FE-4FAD-B3F6-2BE5588ACD44, 2021-02-16T11:30:52, false
E2C7259B-02FE-4FAD-B3F6-2BE5588ACD44, 2021-02-16T11:31:52, false
E2C7259B-02FE-4FAD-B3F6-2BE5588ACD44, 2021-02-16T11:32:52, false
E2C7259B-02FE-4FAD-B3F6-2BE5588ACD44, 2021-02-16T11:33:52, false
E2C7259B-02FE-4FAD-B3F6-2BE5588ACD44, 2021-02-16T11:34:52, false
E2C7259B-02FE-4FAD-B3F6-2BE5588ACD44, 2021-02-16T11:35:52, false
E2C7259B-02FE-4FAD-B3F6-2BE5588ACD44, 2021-02-16T11:36:52, false
E2C7259B-02FE-4FAD-B3F6-2BE5588ACD44, 2021-02-16T11:37:52, false
E2C7259B-02FE-4FAD-B3F6-2BE5588ACD44, 2021-02-16T11:38:52, false
E2C7259B-02FE-4FAD-B3F6-2BE5588ACD44, 2021-02-16T11:39:52, false
E2C7259B-02FE-4FAD-B3F6-2BE5588ACD44, 2021-02-16T11:40:52, false
E2C7259B-02FE-4FAD-B3F6-2BE5588ACD44, 2021-02-16T11:41:52, false
E2C7259B-02FE-4FAD-B3F6-2BE5588ACD44, 2021-02-16T11:42:52, false
E2C7259B-02FE-4FAD-B3F6-2BE5588ACD44, 2021-02-16T11:43:52, false
E2C7259B-02FE-4FAD-B3F6-2BE5588ACD44, 2021-02-16T11:44:52, false
E2C7259B-02FE-4FAD-B3F6-2BE5588ACD44, 2021-02-16T11:45:52, false
E2C7259B-02FE-4FAD-B3F6-2BE5588ACD44, 2021-02-16T11:46:52, false
E2C7259B-02FE-4FAD-B3F6-2BE5588ACD44, 2021-02-16T11:47:52, false
E2C7259B-02FE-4FAD-B3F6-2BE5588ACD44, 2021-02-16T11:48:52, false
E2C7259B-02FE-4FAD-B3F6-2BE5588ACD44, 2021-02-16T11:49:52, false
E2C7259B-02FE-4FAD-B3F6-2BE5588ACD44, 2021-02-16T11:50:52, false
E2C7259B-02FE-4FAD-B3F6-2BE5588ACD44, 2021-02-16T11:51:52, false
E2C7259B-02FE-4FAD-B3F6-2BE5588ACD44, 2021-02-16T11:52:52, false
E2C7259B-02FE-4FAD-B3F6-2BE5588ACD44, 2021-02-16T11:53:52, false
E2C7259B-02FE-4FAD-B3F6-2BE5588ACD44, 2021-02-16T11:54:52, false
E2C7259B-02FE-4FAD-B3F6-2BE5588ACD44, 2021-02-16T11:55:52, false
E2C7259B-02FE-4FAD-B3F6-2BE5588ACD44, 2021-02-16T11:56:52, false
E2C7259B-02FE-4FAD-B3F6-2BE5588ACD44, 2021-02-16T11:57:52, false
E2C7259B-02FE-4FAD-B3F6-2BE5588ACD44, 2021-02-16T11:58:52, false
E2C7259B-02FE-4FAD-B3F6-2BE5588ACD44, 2021-02-16T11:59:52, false
E2C7259B-02FE-4FAD-B3F6-2BE5588ACD44, 2021-02-16T12:00:52, false
E2C7259B-02FE-4FAD-B3F6-2BE5588ACD44, 2021-02-16T12:01:52, false
E2C7259B-02FE-4FAD-B3F6-2BE5588ACD44, 2021-02-16T12:02:52, false
E2C7259B-02FE-4FAD-B3F6-2BE5588ACD44, 2021-02-16T12:03:52, false
E2C7259B-02FE-4FAD-B3F6-2BE5588ACD44, 2021-02-16T12:04:52, false
E2C7259B-02FE-4FAD-B3F6-2BE5588ACD44, 2021-02-16T12:05:52, false
E2C7259B-02FE-4FAD-B3F6-2BE5588ACD44, 2021-02-16T12:06:52, false
E2C7259B-02FE-4FAD-B3F6-2BE5588ACD44, 2021-02-16T12:07:52, false
E2C7259B-02FE-4FAD-B3F6-2BE5588ACD44, 2021-02-16T12:08:52, false
E2C7259B-02FE-4FAD-B3F6-2BE5588ACD44, 2021-02-16T12:09:52, false
E2C7259B-02FE-4FAD-B3F6-2BE5588ACD44, 2021-02-16T12:10:52, false
E2C7259B-02FE-4FAD-B3F6-2BE5588ACD44, 2021-02-16T12:11:52, false
E2C7259B-02FE-4FAD-B3F6-2BE5588ACD44, 2021-02-16T12:12:52, false
E2C7259B-02FE-4FAD-B3F6-2BE5588ACD44, 2021-02-16T12:13:52, false
E2C7259B-02FE-4FAD-B3F6-2BE5588ACD44, 2021-02-16T12:14:52, false
E2C7259B-02FE-4FAD-B3F6-2BE5588ACD44, 2021-02-16T12:15:52, false
E2C7259B-02FE-4FAD-B3F6-2BE5588ACD44, 2021-02-16T12:16:52, false
E2C7259B-02FE-4FAD-B3F6-2BE5588ACD44, 2021-02-16T12:17:52, false
E2C7259B-02FE-4FAD-B3F6-2BE5588ACD44, 2021-02-16T12:18:52, false
E2C7259B-02FE-4FAD-B3F6-2BE5588ACD44, 2021-02-16T12:19:52, false
E2C7259B-02FE-4FAD-B3F6-2BE5588ACD44, 2021-02-16T12:20:52, false
E2C7259B-02FE-4FAD-B3F6-2BE5588ACD44, 2021-02-16T12:21:52, false
E2C7259B-02FE-4FAD-B3F6-2BE5588ACD44, 2021-02-16T12:22:52, false
E2C7259B-02FE-4FAD-B3F6-2BE5588ACD44, 2021-02-16T12:23:52, false
E2C7259B-02FE-4FAD-B3F6-2BE5588ACD44, 2021-02-16T12:24:52, false
E2C7259B-02FE-4FAD-B3F6-2BE5588ACD44, 2021-02-16T12:25:52, false
E2C7259B-02FE-4FAD-B3F6-2BE5588ACD44, 2021-02-16T12:26:52, false
E2C7259B-02FE-4FAD-B3F6-2BE5588ACD44, 2021-02-16T12:27:52, false
E2C7259B-02FE-4FAD-B3F6-2BE5588ACD44, 2021-02-16T12:28:52, false
E2C7259B-02FE-4FAD-B3F6-2BE5588ACD44, 2021-02-16T12:29:52, false
E2C7259B-02FE-4FAD-B3F6-2BE5588ACD44, 2021-02-16T12:30:52, false
E2C7259B-02FE-4FAD-B3F6-2BE5588ACD44, 2021-02-16T12:31:52, false
E2C7259B-02FE-4FAD-B3F6-2BE5588ACD44, 2021-02-16T12:32:52, false
E2C7259B-02FE-4FAD-B3F6-2BE5588ACD44, 2021-02-16T12:33:52, false
E2C7259B-02FE-4FAD-B3F6-2BE5588ACD44, 2021-02-16T12:34:52, false
E2C7259B-02FE-4FAD-B3F6-2BE5588ACD44, 2021-02-16T12:35:52, false
E2C7259B-02FE-4FAD-B3F6-2BE5588ACD44, 2021-02-16T12:36:52, false
E2C7259B-02FE-4FAD-B3F6-2BE5588ACD44, 2021-02-16T12:37:52, false
E2C7259B-02FE-4FAD-B3F6-2BE5588ACD44, 2021-02-16T12:38:52, false
E2C7259B-02FE-4FAD-B3F6-2BE5588ACD44, 2021-02-16T12:39:52, false
E2C7259B-02FE-4FAD-B3F6-2BE5588ACD44, 2021-02-16T12:40:52, false
E2C7259B-02FE-4FAD-B3F6-2BE5588ACD44, 2021-02-16T12:41:52, false
E2C7259B-02FE-4FAD-B3F6-2BE5588ACD44, 2021-02-16T12:42:52, false
E2C7259B-02FE-4FAD-B3F6-2BE5588ACD44, 2021-02-16T12:43:52, false
E2C7259B-02FE-4FAD-B3F6-2BE5588ACD44, 2021-02-16T12:44:52, false
E2C7259B-02FE-4FAD-B3F6-2BE5588ACD44, 2021-02-16T12:45:52, false
E2C7259B-02FE-4FAD-B3F6-2BE5588ACD44, 2021-02-16T12:46:52, false
E2C7259B-02FE-4FAD-B3F6-2BE5588ACD44, 2021-02-16T12:47:52, false
E2C7259B-02FE-4FAD-B3F6-2BE5588ACD44, 2021-02-16T12:48:52, false
E2C7259B-02FE-4FAD-B3F6-2BE5588ACD44, 2021-02-16T12:49:52, false
E2C7259B-02FE-4FAD-B3F6-2BE5588ACD44, 2021-02-16T12:50:52, false
E2C7259B-02FE-4FAD-B3F6-2BE5588ACD44, 2021-02-16T12:51:52, false
E2C7259B-02FE-4FAD-B3F6-2BE5588ACD44, 2021-02-16T12:52:52, false
E2C7259B-02FE-4FAD-B3F6-2BE5588ACD44, 2021-02-16T12:53:52, false
E2C7259B-02FE-4FAD-B3F6-2BE5588ACD44, 2021-02-16T12:54:52, false
E2C7259B-02FE-4FAD-B3F6-2BE5588ACD44, 2021-02-16T12:55:52, false
E2C7259B-02FE-4FAD-B3F6-2BE5588ACD44, 2021-02-16T12:56:52, false
E2C7259B-02FE-4FAD-B3F6-2BE5588ACD44, 2021-02-16T12:57:52, false
E2C7259B-02FE-4FAD-B3F6-2BE5588ACD44, 2021-02-16T12:58:52, false
E2C7259B-02FE-4FAD-B3F6-2BE5588ACD44, 2021-02-16T12:59:52, false
E2C7259B-02FE-4FAD-B3F6-2BE5588ACD44, 2021-02-16T13:00:52, false
E2C7259B-02FE-4FAD-B3F6-2BE5588ACD44, 2021-02-16T13:01:52, false
E2C7259B-02FE-4FAD-B3F6-2BE5588ACD44, 2021-02-16T13:02:52, false
E2C7259B-02FE-4FAD-B3F6-2BE5588ACD44, 2021-02-16T13:03:52, false
E2C7259B-02FE-4FAD-B3F6-2BE5588ACD44, 2021-02-16T13:04:52, false
E2C7259B-02FE-4FAD-B3F6-2BE5588ACD44, 2021-02-16T13:05:52, false
E2C7259B-02FE-4FAD-B3F6-2BE5588ACD44, 2021-02-16T13:06:52, false
E2C7259B-02FE-4FAD-B3F6-2BE5588ACD44, 2021-02-16T13:07:52, false
E2C7259B-02FE-4FAD-B3F6-2BE5588ACD44, 2021-02-16T13:08:52, false
E2C7259B-02FE-4FAD-B3F6-2BE5588ACD44, 2021-02-16T13:09:52, false
E2C7259B-02FE-4FAD-B3F6-2BE5588ACD44, 2021-02-16T13:10:52, false
E2C7259B-02FE-4FAD-B3F6-2BE5588ACD44, 2021-02-16T13:11:52, false
E2C7259B-02FE-4FAD-B3F6-2BE5588ACD44, 2021-02-16T13:12:52, false
E2C7259B-02FE-4FAD-B3F6-2BE5588ACD44, 2021-02-16T13:13:52, false
E2C7259B-02FE-4FAD-B3F6-2BE5588ACD44, 2021-02-16T13:14:52, false
E2C7259B-02FE-4FAD-B3F6-2BE5588ACD44, 2021-02-16T13:15:52, false
E2C7259B-02FE-4FAD-B3F6-2BE5588ACD44, 2021-02-16T13:16:52, false
E2C7259B-02FE-4FAD-B3F6-2BE5588ACD44, 2021-02-16T13:17:52, false
E2C7259B-02FE-4FAD-B3F6-2BE5588ACD44, 2021-02-16T13:18:52, false
E2C7259B-02FE-4FAD-B3F6-2BE5588ACD44, 2021-02-16T13:19:52, false
E2C7259B-02FE-4FAD-B3F6-2BE5588ACD44, 2021-02-16T13:20:52, false
E2C7259B-02FE-4FAD-B3F6-2BE5588ACD44, 2021-02-16T13:21:52, false
E2C7259B-02FE-4FAD-B3F6-2BE5588ACD44, 2021-02-16T13:22:52, false
E2C7259B-02FE-4FAD-B3F6-2BE5588ACD44, 2021-02-16T13:23:52, false
E2C7259B-02FE-4FAD-B3F6-2BE5588ACD44, 2021-02-16T13:24:52, false
E2C7259B-02FE-4FAD-B3F6-2BE5588ACD44, 2021-02-16T13:25:52, false
E2C7259B-02FE-4FAD-B3F6-2BE5588ACD44, 2021-02-16T13:26:52, false
E2C7259B-02FE-4FAD-B3F6-2BE5588ACD44, 2021-02-16T13:27:52, false
E2C7259B-02FE-4FAD-B3F6-2BE5588ACD44, 2021-02-16T13:28:52, false
E2C7259B-02FE-4FAD-B3F6-2BE5588ACD44, 2021-02-16T13:29:52, false
E2C7259B-02FE-4FAD-B3F6-2BE5588ACD44, 2021-02-16T13:30:52, false
E2C7259B-02FE-4FAD-B3F6-2BE5588ACD44, 2021-02-16T13:31:52, false
E2C7259B-02FE-4FAD-B3F6-2BE5588ACD44, 2021-02-16T13:32:52, false
E2C7259B-02FE-4FAD-B3F6-2BE5588ACD44, 2021-02-16T13:33:52, false
E2C7259B-02FE-4FAD-B3F6-2BE5588ACD44, 2021-02-16T13:34:52, false
E2C7259B-02FE-4FAD-B3F6-2BE5588ACD44, 2021-02-16T13:35:52, false
E2C7259B-02FE-4FAD-B3F6-2BE5588ACD44, 2021-02-16T13:36:52, false
E2C7259B-02FE-4FAD-B3F6-2BE5588ACD44, 2021-02-16T13:37:52, false
E2C7259B-02FE-4FAD-B3F6-2BE5588ACD44, 2021-02-16T13:38:52, false
E2C7259B-02FE-4FAD-B3F6-2BE5588ACD44, 2021-02-16T13:39:52, false
E2C7259B-02FE-4FAD-B3F6-2BE5588ACD44, 2021-02-16T13:40:52, false
E2C7259B-02FE-4FAD-B3F6-2BE5588ACD44, 2021-02-16T13:41:52, false
E2C7259B-02FE-4FAD-B3F6-2BE5588ACD44, 2021-02-16T13:42:52, false
E2C7259B-02FE-4FAD-B3F6-2BE5588ACD44, 2021-02-16T13:43:52, false
E2C7259B-02FE-4FAD-B3F6-2BE5588ACD44, 2021-02-16T13:44:52, false
E2C7259B-02FE-4FAD-B3F6-2BE5588ACD44, 2021-02-16T13:45:52, false
E2C7259B-02FE-4FAD-B3F6-2BE5588ACD44, 2021-02-16T13:46:52, false
E2C7259B-02FE-4FAD-B3F6-2BE5588ACD44, 2021-02-16T13:47:52, false
E2C7259B-02FE-4FAD-B3F6-2BE5588ACD44, 2021-02-16T13:48:52, false
E2C7259B-02FE-4FAD-B3F6-2BE5588ACD44, 2021-02-16T13:49:52, false
E2C7259B-02FE-4FAD-B3F6-2BE5588ACD44, 2021-02-16T13:50:52, false
E2C7259B-02FE-4FAD-B3F6-2BE5588ACD44, 2021-02-16T13:51:52, false
E2C7259B-02FE-4FAD-B3F6-2BE5588ACD44, 2021-02-16T13:52:52, false
E2C7259B-02FE-4FAD-B3F6-2BE5588ACD44, 2021-02-16T13:53:52, false
E2C7259B-02FE-4FAD-B3F6-2BE5588ACD44, 2021-02-16T13:54:52, false
E2C7259B-02FE-4FAD-B3F6-2BE5588ACD44, 2021-02-16T13:55:52, false
E2C7259B-02FE-4FAD-B3F6-2BE5588ACD44, 2021-02-16T13:56:52, false
E2C7259B-02FE-4FAD-B3F6-2BE5588ACD44, 2021-02-16T13:57:52, false
E2C7259B-02FE-4FAD-B3F6-2BE5588ACD44, 2021-02-16T13:58:52, false
E2C7259B-02FE-4FAD-B3F6-2BE5588ACD44, 2021-02-16T13:59:52, false
E2C7259B-02FE-4FAD-B3F6-2BE5588ACD44, 2021-02-16T14:00:52, false
E2C7259B-02FE-4FAD-B3F6-2BE5588ACD44, 2021-02-16T14:01:52, false
E2C7259B-02FE-4FAD-B3F6-2BE5588ACD44, 2021-02-16T14:02:52, false
E2C7259B-02FE-4FAD-B3F6-2BE5588ACD44, 2021-02-16T14:03:52, false
E2C7259B-02FE-4FAD-B3F6-2BE5588ACD44, 2021-02-16T14:04:52, false
E2C7259B-02FE-4FAD-B3F6-2BE5588ACD44, 2021-02-16T14:05:52, false
E2C7259B-02FE-4FAD-B3F6-2BE5588ACD44, 2021-02-16T14:06:52, false
E2C7259B-02FE-4FAD-B3F6-2BE5588ACD44, 2021-02-16T14:07:52, false
E2C7259B-02FE-4FAD-B3F6-2BE5588ACD44, 2021-02-16T14:08:52, false
E2C7259B-02FE-4FAD-B3F6-2BE5588ACD44, 2021-02-16T14:09:52, false
E2C7259B-02FE-4FAD-B3F6-2BE5588ACD44, 2021-02-16T14:10:52, false
E2C7259B-02FE-4FAD-B3F6-2BE5588ACD44, 2021-02-16T14:11:52, false
E2C7259B-02FE-4FAD-B3F6-2BE5588ACD44, 2021-02-16T14:12:52, false
E2C7259B-02FE-4FAD-B3F6-2BE5588ACD44, 2021-02-16T14:13:52, false
E2C7259B-02FE-4FAD-B3F6-2BE5588ACD44, 2021-02-16T14:14:52, false
E2C7259B-02FE-4FAD-B3F6-2BE5588ACD44, 2021-02-16T14:15:52, false
E2C7259B-02FE-4FAD-B3F6-2BE5588ACD44, 2021-02-16T14:16:52, false
E2C7259B-02FE-4FAD-B3F6-2BE5588ACD44, 2021-02-16T14:17:52, false
E2C7259B-02FE-4FAD-B3F6-2BE5588ACD44, 2021-02-16T14:18:52, false
E2C7259B-02FE-4FAD-B3F6-2BE5588ACD44, 2021-02-16T14:19:52, false
E2C7259B-02FE-4FAD-B3F6-2BE5588ACD44, 2021-02-16T14:20:52, false
E2C7259B-02FE-4FAD-B3F6-2BE5588ACD44, 2021-02-16T14:21:52, false
E2C7259B-02FE-4FAD-B3F6-2BE5588ACD44, 2021-02-16T14:22:52, false
E2C7259B-02FE-4FAD-B3F6-2BE5588ACD44, 2021-02-16T14:23:52, false
E2C7259B-02FE-4FAD-B3F6-2BE5588ACD44, 2021-02-16T14:24:52, false
E2C7259B-02FE-4FAD-B3F6-2BE5588ACD44, 2021-02-16T14:25:52, false
E2C7259B-02FE-4FAD-B3F6-2BE5588ACD44, 2021-02-16T14:26:52, false
E2C7259B-02FE-4FAD-B3F6-2BE5588ACD44, 2021-02-16T14:27:52, false
E2C7259B-02FE-4FAD-B3F6-2BE5588ACD44, 2021-02-16T14:28:52, false
E2C7259B-02FE-4FAD-B3F6-2BE5588ACD44, 2021-02-16T14:29:52, false
E2C7259B-02FE-4FAD-B3F6-2BE5588ACD44, 2021-02-16T14:30:52, false
E2C7259B-02FE-4FAD-B3F6-2BE5588ACD44, 2021-02-16T14:31:52, false
E2C7259B-02FE-4FAD-B3F6-2BE5588ACD44, 2021-02-16T14:32:52, false
E2C7259B-02FE-4FAD-B3F6-2BE5588ACD44, 2021-02-16T14:33:52, false
E2C7259B-02FE-4FAD-B3F6-2BE5588ACD44, 2021-02-16T14:34:52, false
E2C7259B-02FE-4FAD-B3F6-2BE5588ACD44, 2021-02-16T14:35:52, false
E2C7259B-02FE-4FAD-B3F6-2BE5588ACD44, 2021-02-16T14:36:52, false
E2C7259B-02FE-4FAD-B3F6-2BE5588ACD44, 2021-02-16T14:37:52, false
E2C7259B-02FE-4FAD-B3F6-2BE5588ACD44, 2021-02-16T14:38:52, false
E2C7259B-02FE-4FAD-B3F6-2BE5588ACD44, 2021-02-16T14:39:52, false
E2C7259B-02FE-4FAD-B3F6-2BE5588ACD44, 2021-02-16T14:40:52, false
E2C7259B-02FE-4FAD-B3F6-2BE5588ACD44, 2021-02-16T14:41:52, false
E2C7259B-02FE-4FAD-B3F6-2BE5588ACD44, 2021-02-16T14:42:52, false
E2C7259B-02FE-4FAD-B3F6-2BE5588ACD44, 2021-02-16T14:43:52, false
E2C7259B-02FE-4FAD-B3F6-2BE5588ACD44, 2021-02-16T14:44:52, false
E2C7259B-02FE-4FAD-B3F6-2BE5588ACD44, 2021-02-16T14:45:52, false
E2C7259B-02FE-4FAD-B3F6-2BE5588ACD44, 2021-02-16T14:46:52, false
E2C7259B-02FE-4FAD-B3F6-2BE5588ACD44, 2021-02-16T14:47:52, false
E2C7259B-02FE-4FAD-B3F6-2BE5588ACD44, 2021-02-16T14:48:52, false
E2C7259B-02FE-4FAD-B3F6-2BE5588ACD44, 2021-02-16T14:49:52, false
E2C7259B-02FE-4FAD-B3F6-2BE5588ACD44, 2021-02-16T14:50:52, false
E2C7259B-02FE-4FAD-B3F6-2BE5588ACD44, 2021-02-16T14:51:52, false
E2C7259B-02FE-4FAD-B3F6-2BE5588ACD44, 2021-02-16T14:52:52, false
E2C7259B-02FE-4FAD-B3F6-2BE5588ACD44, 2021-02-16T14:53:52, false
E2C7259B-02FE-4FAD-B3F6-2BE5588ACD44, 2021-02-16T14:54:52, false
E2C7259B-02FE-4FAD-B3F6-2BE5588ACD44, 2021-02-16T14:55:52, false
E2C7259B-02FE-4FAD-B3F6-2BE5588ACD44, 2021-02-16T14:56:52, false
E2C7259B-02FE-4FAD-B3F6-2BE5588ACD44, 2021-02-16T14:57:52, false
E2C7259B-02FE-4FAD-B3F6-2BE5588ACD44, 2021-02-16T14:58:52, false
E2C7259B-02FE-4FAD-B3F6-2BE5588ACD44, 2021-02-16T14:59:52, false
E2C7259B-02FE-4FAD-B3F6-2BE5588ACD44, 2021-02-16T15:00:52, false
E2C7259B-02FE-4FAD-B3F6-2BE5588ACD44, 2021-02-16T15:01:52, false
E2C7259B-02FE-4FAD-B3F6-2BE5588ACD44, 2021-02-16T15:02:52, false
E2C7259B-02FE-4FAD-B3F6-2BE5588ACD44, 2021-02-16T15:03:52, false
E2C7259B-02FE-4FAD-B3F6-2BE5588ACD44, 2021-02-16T15:04:52, false
E2C7259B-02FE-4FAD-B3F6-2BE5588ACD44, 2021-02-16T15:05:52, false
E2C7259B-02FE-4FAD-B3F6-2BE5588ACD44, 2021-02-16T15:06:52, false
E2C7259B-02FE-4FAD-B3F6-2BE5588ACD44, 2021-02-16T15:07:52, false
E2C7259B-02FE-4FAD-B3F6-2BE5588ACD44, 2021-02-16T15:08:52, false
E2C7259B-02FE-4FAD-B3F6-2BE5588ACD44, 2021-02-16T15:09:52, false
E2C7259B-02FE-4FAD-B3F6-2BE5588ACD44, 2021-02-16T15:10:52, false
E2C7259B-02FE-4FAD-B3F6-2BE5588ACD44, 2021-02-16T15:11:52, false
E2C7259B-02FE-4FAD-B3F6-2BE5588ACD44, 2021-02-16T15:12:52, false
E2C7259B-02FE-4FAD-B3F6-2BE5588ACD44, 2021-02-16T15:13:52, false
E2C7259B-02FE-4FAD-B3F6-2BE5588ACD44, 2021-02-16T15:14:52, false
E2C7259B-02FE-4FAD-B3F6-2BE5588ACD44, 2021-02-16T15:15:52, false
E2C7259B-02FE-4FAD-B3F6-2BE5588ACD44, 2021-02-16T15:16:52, false
E2C7259B-02FE-4FAD-B3F6-2BE5588ACD44, 2021-02-16T15:17:52, false
E2C7259B-02FE-4FAD-B3F6-2BE5588ACD44, 2021-02-16T15:18:52, false
E2C7259B-02FE-4FAD-B3F6-2BE5588ACD44, 2021-02-16T15:19:52, false
E2C7259B-02FE-4FAD-B3F6-2BE5588ACD44, 2021-02-16T15:20:52, false
E2C7259B-02FE-4FAD-B3F6-2BE5588ACD44, 2021-02-16T15:21:52, false
E2C7259B-02FE-4FAD-B3F6-2BE5588ACD44, 2021-02-16T15:22:52, false
E2C7259B-02FE-4FAD-B3F6-2BE5588ACD44, 2021-02-16T15:23:52, false
E2C7259B-02FE-4FAD-B3F6-2BE5588ACD44, 2021-02-16T15:24:52, false
E2C7259B-02FE-4FAD-B3F6-2BE5588ACD44, 2021-02-16T15:25:52, false
E2C7259B-02FE-4FAD-B3F6-2BE5588ACD44, 2021-02-16T15:26:52, false
E2C7259B-02FE-4FAD-B3F6-2BE5588ACD44, 2021-02-16T15:27:52, false
E2C7259B-02FE-4FAD-B3F6-2BE5588ACD44, 2021-02-16T15:28:52, false
E2C7259B-02FE-4FAD-B3F6-2BE5588ACD44, 2021-02-16T15:29:52, false
E2C7259B-02FE-4FAD-B3F6-2BE5588ACD44, 2021-02-16T15:30:52, false
E2C7259B-02FE-4FAD-B3F6-2BE5588ACD44, 2021-02-16T15:31:52, false
E2C7259B-02FE-4FAD-B3F6-2BE5588ACD44, 2021-02-16T15:32:52, false
E2C7259B-02FE-4FAD-B3F6-2BE5588ACD44, 2021-02-16T15:33:52, false
E2C7259B-02FE-4FAD-B3F6-2BE5588ACD44, 2021-02-16T15:34:52, false
E2C7259B-02FE-4FAD-B3F6-2BE5588ACD44, 2021-02-16T15:35:52, false
E2C7259B-02FE-4FAD-B3F6-2BE5588ACD44, 2021-02-16T15:36:52, false
E2C7259B-02FE-4FAD-B3F6-2BE5588ACD44, 2021-02-16T15:37:52, false
E2C7259B-02FE-4FAD-B3F6-2BE5588ACD44, 2021-02-16T15:38:52, false
E2C7259B-02FE-4FAD-B3F6-2BE5588ACD44, 2021-02-16T15:39:52, false
E2C7259B-02FE-4FAD-B3F6-2BE5588ACD44, 2021-02-16T15:40:52, false
E2C7259B-02FE-4FAD-B3F6-2BE5588ACD44, 2021-02-16T15:41:52, false
E2C7259B-02FE-4FAD-B3F6-2BE5588ACD44, 2021-02-16T15:42:52, false
E2C7259B-02FE-4FAD-B3F6-2BE5588ACD44, 2021-02-16T15:43:52, false
E2C7259B-02FE-4FAD-B3F6-2BE5588ACD44, 2021-02-16T15:44:52, false
E2C7259B-02FE-4FAD-B3F6-2BE5588ACD44, 2021-02-16T15:45:52, false
E2C7259B-02FE-4FAD-B3F6-2BE5588ACD44, 2021-02-16T15:46:52, false
E2C7259B-02FE-4FAD-B3F6-2BE5588ACD44, 2021-02-16T15:47:52, false
E2C7259B-02FE-4FAD-B3F6-2BE5588ACD44, 2021-02-16T15:48:52, false
E2C7259B-02FE-4FAD-B3F6-2BE5588ACD44, 2021-02-16T15:49:52, false
E2C7259B-02FE-4FAD-B3F6-2BE5588ACD44, 2021-02-16T15:50:52, false
E2C7259B-02FE-4FAD-B3F6-2BE5588ACD44, 2021-02-16T15:51:52, false
E2C7259B-02FE-4FAD-B3F6-2BE5588ACD44, 2021-02-16T15:52:52, false
E2C7259B-02FE-4FAD-B3F6-2BE5588ACD44, 2021-02-16T15:53:52, false
E2C7259B-02FE-4FAD-B3F6-2BE5588ACD44, 2021-02-16T15:54:52, false
E2C7259B-02FE-4FAD-B3F6-2BE5588ACD44, 2021-02-16T15:55:52, false
E2C7259B-02FE-4FAD-B3F6-2BE5588ACD44, 2021-02-16T15:56:52, false
E2C7259B-02FE-4FAD-B3F6-2BE5588ACD44, 2021-02-16T15:57:52, false
E2C7259B-02FE-4FAD-B3F6-2BE5588ACD44, 2021-02-16T15:58:52, false
E2C7259B-02FE-4FAD-B3F6-2BE5588ACD44, 2021-02-16T15:59:52, false
E2C7259B-02FE-4FAD-B3F6-2BE5588ACD44, 2021-02-16T16:00:52, false
E2C7259B-02FE-4FAD-B3F6-2BE5588ACD44, 2021-02-16T16:01:52, false
E2C7259B-02FE-4FAD-B3F6-2BE5588ACD44, 2021-02-16T16:02:52, false
E2C7259B-02FE-4FAD-B3F6-2BE5588ACD44, 2021-02-16T16:03:52, false
E2C7259B-02FE-4FAD-B3F6-2BE5588ACD44, 2021-02-16T16:04:52, false
E2C7259B-02FE-4FAD-B3F6-2BE5588ACD44, 2021-02-16T16:05:52, false
E2C7259B-02FE-4FAD-B3F6-2BE5588ACD44, 2021-02-16T16:06:52, false
E2C7259B-02FE-4FAD-B3F6-2BE5588ACD44, 2021-02-16T16:07:52, false
E2C7259B-02FE-4FAD-B3F6-2BE5588ACD44, 2021-02-16T16:08:52, false
E2C7259B-02FE-4FAD-B3F6-2BE5588ACD44, 2021-02-16T16:09:52, false
E2C7259B-02FE-4FAD-B3F6-2BE5588ACD44, 2021-02-16T16:10:52, false
E2C7259B-02FE-4FAD-B3F6-2BE5588ACD44, 2021-02-16T16:11:52, false
E2C7259B-02FE-4FAD-B3F6-2BE5588ACD44, 2021-02-16T16:12:52, false
E2C7259B-02FE-4FAD-B3F6-2BE5588ACD44, 2021-02-16T16:13:52, false
E2C7259B-02FE-4FAD-B3F6-2BE5588ACD44, 2021-02-16T16:14:52, false
E2C7259B-02FE-4FAD-B3F6-2BE5588ACD44, 2021-02-16T16:15:52, false
E2C7259B-02FE-4FAD-B3F6-2BE5588ACD44, 2021-02-16T16:16:52, false
E2C7259B-02FE-4FAD-B3F6-2BE5588ACD44, 2021-02-16T16:17:52, false
E2C7259B-02FE-4FAD-B3F6-2BE5588ACD44, 2021-02-16T16:18:52, false
E2C7259B-02FE-4FAD-B3F6-2BE5588ACD44, 2021-02-16T16:19:52, false
E2C7259B-02FE-4FAD-B3F6-2BE5588ACD44, 2021-02-16T16:20:52, false
E2C7259B-02FE-4FAD-B3F6-2BE5588ACD44, 2021-02-16T16:21:52, false
E2C7259B-02FE-4FAD-B3F6-2BE5588ACD44, 2021-02-16T16:22:52, false
E2C7259B-02FE-4FAD-B3F6-2BE5588ACD44, 2021-02-16T16:23:52, false
E2C7259B-02FE-4FAD-B3F6-2BE5588ACD44, 2021-02-16T16:24:52, false
E2C7259B-02FE-4FAD-B3F6-2BE5588ACD44, 2021-02-16T16:25:52, false
E2C7259B-02FE-4FAD-B3F6-2BE5588ACD44, 2021-02-16T16:26:52, false
E2C7259B-02FE-4FAD-B3F6-2BE5588ACD44, 2021-02-16T16:27:52, false
E2C7259B-02FE-4FAD-B3F6-2BE5588ACD44, 2021-02-16T16:28:52, false
E2C7259B-02FE-4FAD-B3F6-2BE5588ACD44, 2021-02-16T16:29:52, false
E2C7259B-02FE-4FAD-B3F6-2BE5588ACD44, 2021-02-16T16:30:52, false
E2C7259B-02FE-4FAD-B3F6-2BE5588ACD44, 2021-02-16T16:31:52, false
E2C7259B-02FE-4FAD-B3F6-2BE5588ACD44, 2021-02-16T16:32:52, false
E2C7259B-02FE-4FAD-B3F6-2BE5588ACD44, 2021-02-16T16:33:52, false
E2C7259B-02FE-4FAD-B3F6-2BE5588ACD44, 2021-02-16T16:34:52, false
E2C7259B-02FE-4FAD-B3F6-2BE5588ACD44, 2021-02-16T16:35:52, false
E2C7259B-02FE-4FAD-B3F6-2BE5588ACD44, 2021-02-16T16:36:52, false
E2C7259B-02FE-4FAD-B3F6-2BE5588ACD44, 2021-02-16T16:37:52, false
E2C7259B-02FE-4FAD-B3F6-2BE5588ACD44, 2021-02-16T16:38:52, false
E2C7259B-02FE-4FAD-B3F6-2BE5588ACD44, 2021-02-16T16:39:52, false
E2C7259B-02FE-4FAD-B3F6-2BE5588ACD44, 2021-02-16T16:40:52, false
E2C7259B-02FE-4FAD-B3F6-2BE5588ACD44, 2021-02-16T16:41:52, false
E2C7259B-02FE-4FAD-B3F6-2BE5588ACD44, 2021-02-16T16:42:52, false
E2C7259B-02FE-4FAD-B3F6-2BE5588ACD44, 2021-02-16T16:43:52, false
E2C7259B-02FE-4FAD-B3F6-2BE5588ACD44, 2021-02-16T16:44:52, false
E2C7259B-02FE-4FAD-B3F6-2BE5588ACD44, 2021-02-16T16:45:52, false
E2C7259B-02FE-4FAD-B3F6-2BE5588ACD44, 2021-02-16T16:46:52, false
E2C7259B-02FE-4FAD-B3F6-2BE5588ACD44, 2021-02-16T16:47:52, false
E2C7259B-02FE-4FAD-B3F6-2BE5588ACD44, 2021-02-16T16:48:52, false
E2C7259B-02FE-4FAD-B3F6-2BE5588ACD44, 2021-02-16T16:49:52, false
E2C7259B-02FE-4FAD-B3F6-2BE5588ACD44, 2021-02-16T16:50:52, false
E2C7259B-02FE-4FAD-B3F6-2BE5588ACD44, 2021-02-16T16:51:52, false
E2C7259B-02FE-4FAD-B3F6-2BE5588ACD44, 2021-02-16T16:52:52, false
E2C7259B-02FE-4FAD-B3F6-2BE5588ACD44, 2021-02-16T16:53:52, false
E2C7259B-02FE-4FAD-B3F6-2BE5588ACD44, 2021-02-16T16:54:52, false
E2C7259B-02FE-4FAD-B3F6-2BE5588ACD44, 2021-02-16T16:55:52, false
E2C7259B-02FE-4FAD-B3F6-2BE5588ACD44, 2021-02-16T16:56:52, false
E2C7259B-02FE-4FAD-B3F6-2BE5588ACD44, 2021-02-16T16:57:52, false
E2C7259B-02FE-4FAD-B3F6-2BE5588ACD44, 2021-02-16T16:58:52, false
E2C7259B-02FE-4FAD-B3F6-2BE5588ACD44, 2021-02-16T16:59:52, false
E2C7259B-02FE-4FAD-B3F6-2BE5588ACD44, 2021-02-16T17:00:52, false
E2C7259B-02FE-4FAD-B3F6-2BE5588ACD44, 2021-02-16T17:01:52, false
E2C7259B-02FE-4FAD-B3F6-2BE5588ACD44, 2021-02-16T17:02:52, false
E2C7259B-02FE-4FAD-B3F6-2BE5588ACD44, 2021-02-16T17:03:52, false
E2C7259B-02FE-4FAD-B3F6-2BE5588ACD44, 2021-02-16T17:04:52, false
E2C7259B-02FE-4FAD-B3F6-2BE5588ACD44, 2021-02-16T17:05:52, false
E2C7259B-02FE-4FAD-B3F6-2BE5588ACD44, 2021-02-16T17:06:52, false
E2C7259B-02FE-4FAD-B3F6-2BE5588ACD44, 2021-02-16T17:07:52, false
E2C7259B-02FE-4FAD-B3F6-2BE5588ACD44, 2021-02-16T17:08:52, false
E2C7259B-02FE-4FAD-B3F6-2BE5588ACD44, 2021-02-16T17:09:52, false
E2C7259B-02FE-4FAD-B3F6-2BE5588ACD44, 2021-02-16T17:10:52, false
E2C7259B-02FE-4FAD-B3F6-2BE5588ACD44, 2021-02-16T17:11:52, false
E2C7259B-02FE-4FAD-B3F6-2BE5588ACD44, 2021-02-16T17:12:52, false
E2C7259B-02FE-4FAD-B3F6-2BE5588ACD44, 2021-02-16T17:13:52, false
E2C7259B-02FE-4FAD-B3F6-2BE5588ACD44, 2021-02-16T17:14:52, false
E2C7259B-02FE-4FAD-B3F6-2BE5588ACD44, 2021-02-16T17:15:52, false
E2C7259B-02FE-4FAD-B3F6-2BE5588ACD44, 2021-02-16T17:16:52, false
E2C7259B-02FE-4FAD-B3F6-2BE5588ACD44, 2021-02-16T17:17:52, false
E2C7259B-02FE-4FAD-B3F6-2BE5588ACD44, 2021-02-16T17:18:52, false
E2C7259B-02FE-4FAD-B3F6-2BE5588ACD44, 2021-02-16T17:19:52, false
E2C7259B-02FE-4FAD-B3F6-2BE5588ACD44, 2021-02-16T17:20:52, false
E2C7259B-02FE-4FAD-B3F6-2BE5588ACD44, 2021-02-16T17:21:52, false
E2C7259B-02FE-4FAD-B3F6-2BE5588ACD44, 2021-02-16T17:22:52, false
E2C7259B-02FE-4FAD-B3F6-2BE5588ACD44, 2021-02-16T17:23:52, false
E2C7259B-02FE-4FAD-B3F6-2BE5588ACD44, 2021-02-16T17:24:52, false
E2C7259B-02FE-4FAD-B3F6-2BE5588ACD44, 2021-02-16T17:25:52, false
E2C7259B-02FE-4FAD-B3F6-2BE5588ACD44, 2021-02-16T17:26:52, false
E2C7259B-02FE-4FAD-B3F6-2BE5588ACD44, 2021-02-16T17:27:52, false
E2C7259B-02FE-4FAD-B3F6-2BE5588ACD44, 2021-02-16T17:28:52, false
E2C7259B-02FE-4FAD-B3F6-2BE5588ACD44, 2021-02-16T17:29:52, false
E2C7259B-02FE-4FAD-B3F6-2BE5588ACD44, 2021-02-16T17:30:52, false
E2C7259B-02FE-4FAD-B3F6-2BE5588ACD44, 2021-02-16T17:31:52, false
E2C7259B-02FE-4FAD-B3F6-2BE5588ACD44, 2021-02-16T17:32:52, false
E2C7259B-02FE-4FAD-B3F6-2BE5588ACD44, 2021-02-16T17:33:52, false
E2C7259B-02FE-4FAD-B3F6-2BE5588ACD44, 2021-02-16T17:34:52, false
E2C7259B-02FE-4FAD-B3F6-2BE5588ACD44, 2021-02-16T17:35:52, false
E2C7259B-02FE-4FAD-B3F6-2BE5588ACD44, 2021-02-16T17:36:52, false
E2C7259B-02FE-4FAD-B3F6-2BE5588ACD44, 2021-02-16T17:37:52, false
E2C7259B-02FE-4FAD-B3F6-2BE5588ACD44, 2021-02-16T17:38:52, false
E2C7259B-02FE-4FAD-B3F6-2BE5588ACD44, 2021-02-16T17:39:52, false
E2C7259B-02FE-4FAD-B3F6-2BE5588ACD44, 2021-02-16T17:40:52, false
E2C7259B-02FE-4FAD-B3F6-2BE5588ACD44, 2021-02-16T17:41:52, false
E2C7259B-02FE-4FAD-B3F6-2BE5588ACD44, 2021-02-16T17:42:52, false
E2C7259B-02FE-4FAD-B3F6-2BE5588ACD44, 2021-02-16T17:43:52, false
E2C7259B-02FE-4FAD-B3F6-2BE5588ACD44, 2021-02-16T17:44:52, false
E2C7259B-02FE-4FAD-B3F6-2BE5588ACD44, 2021-02-16T17:45:52, false
E2C7259B-02FE-4FAD-B3F6-2BE5588ACD44, 2021-02-16T17:46:52, false
E2C7259B-02FE-4FAD-B3F6-2BE5588ACD44, 2021-02-16T17:47:52, false
E2C7259B-02FE-4FAD-B3F6-2BE5588ACD44, 2021-02-16T17:48:52, false
E2C7259B-02FE-4FAD-B3F6-2BE5588ACD44, 2021-02-16T17:49:52, false
E2C7259B-02FE-4FAD-B3F6-2BE5588ACD44, 2021-02-16T17:50:52, false
E2C7259B-02FE-4FAD-B3F6-2BE5588ACD44, 2021-02-16T17:51:52, false
E2C7259B-02FE-4FAD-B3F6-2BE5588ACD44, 2021-02-16T17:52:52, false
E2C7259B-02FE-4FAD-B3F6-2BE5588ACD44, 2021-02-16T17:53:52, false
E2C7259B-02FE-4FAD-B3F6-2BE5588ACD44, 2021-02-16T17:54:52, false
E2C7259B-02FE-4FAD-B3F6-2BE5588ACD44, 2021-02-16T17:55:52, false
E2C7259B-02FE-4FAD-B3F6-2BE5588ACD44, 2021-02-16T17:56:52, false
E2C7259B-02FE-4FAD-B3F6-2BE5588ACD44, 2021-02-16T17:57:52, false
E2C7259B-02FE-4FAD-B3F6-2BE5588ACD44, 2021-02-16T17:58:52, false
E2C7259B-02FE-4FAD-B3F6-2BE5588ACD44, 2021-02-16T17:59:52, false
E2C7259B-02FE-4FAD-B3F6-2BE5588ACD44, 2021-02-16T18:00:52, false
E2C7259B-02FE-4FAD-B3F6-2BE5588ACD44, 2021-02-16T18:01:52, false
E2C7259B-02FE-4FAD-B3F6-2BE5588ACD44, 2021-02-16T18:02:52, false
E2C7259B-02FE-4FAD-B3F6-2BE5588ACD44, 2021-02-16T18:03:52, false
E2C7259B-02FE-4FAD-B3F6-2BE5588ACD44, 2021-02-16T18:04:52, false
E2C7259B-02FE-4FAD-B3F6-2BE5588ACD44, 2021-02-16T18:05:52, false
E2C7259B-02FE-4FAD-B3F6-2BE5588ACD44, 2021-02-16T18:06:52, false
E2C7259B-02FE-4FAD-B3F6-2BE5588ACD44, 2021-02-16T18:07:52, false
E2C7259B-02FE-4FAD-B3F6-2BE5588ACD44, 2021-02-16T18:08:52, false
E2C7259B-02FE-4FAD-B3F6-2BE5588ACD44, 2021-02-16T18:09:52, false
E2C7259B-02FE-4FAD-B3F6-2BE5588ACD44, 2021-02-16T18:10:52, false
E2C7259B-02FE-4FAD-B3F6-2BE5588ACD44, 2021-02-16T18:11:52, false
E2C7259B-02FE-4FAD-B3F6-2BE5588ACD44, 2021-02-16T18:12:52, false
E2C7259B-02FE-4FAD-B3F6-2BE5588ACD44, 2021-02-16T18:13:52, false
E2C7259B-02FE-4FAD-B3F6-2BE5588ACD44, 2021-02-16T18:14:52, false
E2C7259B-02FE-4FAD-B3F6-2BE5588ACD44, 2021-02-16T18:15:52, false
E2C7259B-02FE-4FAD-B3F6-2BE5588ACD44, 2021-02-16T18:16:52, false
E2C7259B-02FE-4FAD-B3F6-2BE5588ACD44, 2021-02-16T18:17:52, false
E2C7259B-02FE-4FAD-B3F6-2BE5588ACD44, 2021-02-16T18:18:52, false
E2C7259B-02FE-4FAD-B3F6-2BE5588ACD44, 2021-02-16T18:19:52, false
E2C7259B-02FE-4FAD-B3F6-2BE5588ACD44, 2021-02-16T18:20:52, false
E2C7259B-02FE-4FAD-B3F6-2BE5588ACD44, 2021-02-16T18:21:52, false
E2C7259B-02FE-4FAD-B3F6-2BE5588ACD44, 2021-02-16T18:22:52, false
E2C7259B-02FE-4FAD-B3F6-2BE5588ACD44, 2021-02-16T18:23:52, false
E2C7259B-02FE-4FAD-B3F6-2BE5588ACD44, 2021-02-16T18:24:52, false
E2C7259B-02FE-4FAD-B3F6-2BE5588ACD44, 2021-02-16T18:25:52, false
E2C7259B-02FE-4FAD-B3F6-2BE5588ACD44, 2021-02-16T18:26:52, false
E2C7259B-02FE-4FAD-B3F6-2BE5588ACD44, 2021-02-16T18:27:52, false
E2C7259B-02FE-4FAD-B3F6-2BE5588ACD44, 2021-02-16T18:28:52, false
E2C7259B-02FE-4FAD-B3F6-2BE5588ACD44, 2021-02-16T18:29:52, false
E2C7259B-02FE-4FAD-B3F6-2BE5588ACD44, 2021-02-16T18:30:52, false
E2C7259B-02FE-4FAD-B3F6-2BE5588ACD44, 2021-02-16T18:31:52, false
E2C7259B-02FE-4FAD-B3F6-2BE5588ACD44, 2021-02-16T18:32:52, false
E2C7259B-02FE-4FAD-B3F6-2BE5588ACD44, 2021-02-16T18:33:52, false
E2C7259B-02FE-4FAD-B3F6-2BE5588ACD44, 2021-02-16T18:34:52, false
E2C7259B-02FE-4FAD-B3F6-2BE5588ACD44, 2021-02-16T18:35:52, false
E2C7259B-02FE-4FAD-B3F6-2BE5588ACD44, 2021-02-16T18:36:52, false
E2C7259B-02FE-4FAD-B3F6-2BE5588ACD44, 2021-02-16T18:37:52, false
E2C7259B-02FE-4FAD-B3F6-2BE5588ACD44, 2021-02-16T18:38:52, false
E2C7259B-02FE-4FAD-B3F6-2BE5588ACD44, 2021-02-16T18:39:52, false
E2C7259B-02FE-4FAD-B3F6-2BE5588ACD44, 2021-02-16T18:40:52, false
E2C7259B-02FE-4FAD-B3F6-2BE5588ACD44, 2021-02-16T18:41:52, false
E2C7259B-02FE-4FAD-B3F6-2BE5588ACD44, 2021-02-16T18:42:52, false
E2C7259B-02FE-4FAD-B3F6-2BE5588ACD44, 2021-02-16T18:43:52, false
E2C7259B-02FE-4FAD-B3F6-2BE5588ACD44, 2021-02-16T18:44:52, false
E2C7259B-02FE-4FAD-B3F6-2BE5588ACD44, 2021-02-16T18:45:52, false
E2C7259B-02FE-4FAD-B3F6-2BE5588ACD44, 2021-02-16T18:46:52, false
E2C7259B-02FE-4FAD-B3F6-2BE5588ACD44, 2021-02-16T18:47:52, false
E2C7259B-02FE-4FAD-B3F6-2BE5588ACD44, 2021-02-16T18:48:52, false
E2C7259B-02FE-4FAD-B3F6-2BE5588ACD44, 2021-02-16T18:49:52, false
E2C7259B-02FE-4FAD-B3F6-2BE5588ACD44, 2021-02-16T18:50:52, false
E2C7259B-02FE-4FAD-B3F6-2BE5588ACD44, 2021-02-16T18:51:52, false
E2C7259B-02FE-4FAD-B3F6-2BE5588ACD44, 2021-02-16T18:52:52, false
E2C7259B-02FE-4FAD-B3F6-2BE5588ACD44, 2021-02-16T18:53:52, false
E2C7259B-02FE-4FAD-B3F6-2BE5588ACD44, 2021-02-16T18:54:52, false
E2C7259B-02FE-4FAD-B3F6-2BE5588ACD44, 2021-02-16T18:55:52, false
E2C7259B-02FE-4FAD-B3F6-2BE5588ACD44, 2021-02-16T18:56:52, false
E2C7259B-02FE-4FAD-B3F6-2BE5588ACD44, 2021-02-16T18:57:52, false
E2C7259B-02FE-4FAD-B3F6-2BE5588ACD44, 2021-02-16T18:58:52, false
E2C7259B-02FE-4FAD-B3F6-2BE5588ACD44, 2021-02-16T18:59:52, false
E2C7259B-02FE-4FAD-B3F6-2BE5588ACD44, 2021-02-16T19:00:52, false
E2C7259B-02FE-4FAD-B3F6-2BE5588ACD44, 2021-02-16T19:01:52, false
E2C7259B-02FE-4FAD-B3F6-2BE5588ACD44, 2021-02-16T19:02:52, false
E2C7259B-02FE-4FAD-B3F6-2BE5588ACD44, 2021-02-16T19:03:52, false
E2C7259B-02FE-4FAD-B3F6-2BE5588ACD44, 2021-02-16T19:04:52, false
E2C7259B-02FE-4FAD-B3F6-2BE5588ACD44, 2021-02-16T19:05:52, false
E2C7259B-02FE-4FAD-B3F6-2BE5588ACD44, 2021-02-16T19:06:52, false
E2C7259B-02FE-4FAD-B3F6-2BE5588ACD44, 2021-02-16T19:07:52, false
E2C7259B-02FE-4FAD-B3F6-2BE5588ACD44, 2021-02-16T19:08:52, false
E2C7259B-02FE-4FAD-B3F6-2BE5588ACD44, 2021-02-16T19:09:52, false
E2C7259B-02FE-4FAD-B3F6-2BE5588ACD44, 2021-02-16T19:10:52, false
E2C7259B-02FE-4FAD-B3F6-2BE5588ACD44, 2021-02-16T19:11:52, false
E2C7259B-02FE-4FAD-B3F6-2BE5588ACD44, 2021-02-16T19:12:52, false
E2C7259B-02FE-4FAD-B3F6-2BE5588ACD44, 2021-02-16T19:13:52, false
E2C7259B-02FE-4FAD-B3F6-2BE5588ACD44, 2021-02-16T19:14:52, false
E2C7259B-02FE-4FAD-B3F6-2BE5588ACD44, 2021-02-16T19:15:52, false
E2C7259B-02FE-4FAD-B3F6-2BE5588ACD44, 2021-02-16T19:16:52, false
E2C7259B-02FE-4FAD-B3F6-2BE5588ACD44, 2021-02-16T19:17:52, false
E2C7259B-02FE-4FAD-B3F6-2BE5588ACD44, 2021-02-16T19:18:52, false
E2C7259B-02FE-4FAD-B3F6-2BE5588ACD44, 2021-02-16T19:19:52, false
E2C7259B-02FE-4FAD-B3F6-2BE5588ACD44, 2021-02-16T19:20:52, false
E2C7259B-02FE-4FAD-B3F6-2BE5588ACD44, 2021-02-16T19:21:52, false
E2C7259B-02FE-4FAD-B3F6-2BE5588ACD44, 2021-02-16T19:22:52, false
E2C7259B-02FE-4FAD-B3F6-2BE5588ACD44, 2021-02-16T19:23:52, false
E2C7259B-02FE-4FAD-B3F6-2BE5588ACD44, 2021-02-16T19:24:52, false
E2C7259B-02FE-4FAD-B3F6-2BE5588ACD44, 2021-02-16T19:25:52, false
E2C7259B-02FE-4FAD-B3F6-2BE5588ACD44, 2021-02-16T19:26:52, false
E2C7259B-02FE-4FAD-B3F6-2BE5588ACD44, 2021-02-16T19:27:52, false
E2C7259B-02FE-4FAD-B3F6-2BE5588ACD44, 2021-02-16T19:28:52, false
E2C7259B-02FE-4FAD-B3F6-2BE5588ACD44, 2021-02-16T19:29:52, false
E2C7259B-02FE-4FAD-B3F6-2BE5588ACD44, 2021-02-16T19:30:52, false
E2C7259B-02FE-4FAD-B3F6-2BE5588ACD44, 2021-02-16T19:31:52, false
E2C7259B-02FE-4FAD-B3F6-2BE5588ACD44, 2021-02-16T19:32:52, false
E2C7259B-02FE-4FAD-B3F6-2BE5588ACD44, 2021-02-16T19:33:52, false
E2C7259B-02FE-4FAD-B3F6-2BE5588ACD44, 2021-02-16T19:34:52, false
E2C7259B-02FE-4FAD-B3F6-2BE5588ACD44, 2021-02-16T19:35:52, false
E2C7259B-02FE-4FAD-B3F6-2BE5588ACD44, 2021-02-16T19:36:52, false
E2C7259B-02FE-4FAD-B3F6-2BE5588ACD44, 2021-02-16T19:37:52, false
E2C7259B-02FE-4FAD-B3F6-2BE5588ACD44, 2021-02-16T19:38:52, false
E2C7259B-02FE-4FAD-B3F6-2BE5588ACD44, 2021-02-16T19:39:52, false
E2C7259B-02FE-4FAD-B3F6-2BE5588ACD44, 2021-02-16T19:40:52, false
E2C7259B-02FE-4FAD-B3F6-2BE5588ACD44, 2021-02-16T19:41:52, false
E2C7259B-02FE-4FAD-B3F6-2BE5588ACD44, 2021-02-16T19:42:52, false
E2C7259B-02FE-4FAD-B3F6-2BE5588ACD44, 2021-02-16T19:43:52, false
E2C7259B-02FE-4FAD-B3F6-2BE5588ACD44, 2021-02-16T19:44:52, false
E2C7259B-02FE-4FAD-B3F6-2BE5588ACD44, 2021-02-16T19:45:52, false
E2C7259B-02FE-4FAD-B3F6-2BE5588ACD44, 2021-02-16T19:46:52, false
E2C7259B-02FE-4FAD-B3F6-2BE5588ACD44, 2021-02-16T19:47:52, false
E2C7259B-02FE-4FAD-B3F6-2BE5588ACD44, 2021-02-16T19:48:52, false
E2C7259B-02FE-4FAD-B3F6-2BE5588ACD44, 2021-02-16T19:49:52, false
E2C7259B-02FE-4FAD-B3F6-2BE5588ACD44, 2021-02-16T19:50:52, false
E2C7259B-02FE-4FAD-B3F6-2BE5588ACD44, 2021-02-16T19:51:52, false
E2C7259B-02FE-4FAD-B3F6-2BE5588ACD44, 2021-02-16T19:52:52, false
E2C7259B-02FE-4FAD-B3F6-2BE5588ACD44, 2021-02-16T19:53:52, false
E2C7259B-02FE-4FAD-B3F6-2BE5588ACD44, 2021-02-16T19:54:52, false
E2C7259B-02FE-4FAD-B3F6-2BE5588ACD44, 2021-02-16T19:55:52, false
E2C7259B-02FE-4FAD-B3F6-2BE5588ACD44, 2021-02-16T19:56:52, false
E2C7259B-02FE-4FAD-B3F6-2BE5588ACD44, 2021-02-16T19:57:52, false
E2C7259B-02FE-4FAD-B3F6-2BE5588ACD44, 2021-02-16T19:58:52, false
E2C7259B-02FE-4FAD-B3F6-2BE5588ACD44, 2021-02-16T19:59:52, false
E2C7259B-02FE-4FAD-B3F6-2BE5588ACD44, 2021-02-16T20:00:52, false
E2C7259B-02FE-4FAD-B3F6-2BE5588ACD44, 2021-02-16T20:01:52, false
E2C7259B-02FE-4FAD-B3F6-2BE5588ACD44, 2021-02-16T20:02:52, false
E2C7259B-02FE-4FAD-B3F6-2BE5588ACD44, 2021-02-16T20:03:52, false
E2C7259B-02FE-4FAD-B3F6-2BE5588ACD44, 2021-02-16T20:04:52, false
E2C7259B-02FE-4FAD-B3F6-2BE5588ACD44, 2021-02-16T20:05:52, false
E2C7259B-02FE-4FAD-B3F6-2BE5588ACD44, 2021-02-16T20:06:52, false
E2C7259B-02FE-4FAD-B3F6-2BE5588ACD44, 2021-02-16T20:07:52, false
E2C7259B-02FE-4FAD-B3F6-2BE5588ACD44, 2021-02-16T20:08:52, false
E2C7259B-02FE-4FAD-B3F6-2BE5588ACD44, 2021-02-16T20:09:52, false
E2C7259B-02FE-4FAD-B3F6-2BE5588ACD44, 2021-02-16T20:10:52, false
E2C7259B-02FE-4FAD-B3F6-2BE5588ACD44, 2021-02-16T20:11:52, false
E2C7259B-02FE-4FAD-B3F6-2BE5588ACD44, 2021-02-16T20:12:52, false
E2C7259B-02FE-4FAD-B3F6-2BE5588ACD44, 2021-02-16T20:13:52, false
E2C7259B-02FE-4FAD-B3F6-2BE5588ACD44, 2021-02-16T20:14:52, false
E2C7259B-02FE-4FAD-B3F6-2BE5588ACD44, 2021-02-16T20:15:52, false
E2C7259B-02FE-4FAD-B3F6-2BE5588ACD44, 2021-02-16T20:16:52, false
E2C7259B-02FE-4FAD-B3F6-2BE5588ACD44, 2021-02-16T20:17:52, false
E2C7259B-02FE-4FAD-B3F6-2BE5588ACD44, 2021-02-16T20:18:52, false
E2C7259B-02FE-4FAD-B3F6-2BE5588ACD44, 2021-02-16T20:19:52, false
E2C7259B-02FE-4FAD-B3F6-2BE5588ACD44, 2021-02-16T20:20:52, false
E2C7259B-02FE-4FAD-B3F6-2BE5588ACD44, 2021-02-16T20:21:52, false
E2C7259B-02FE-4FAD-B3F6-2BE5588ACD44, 2021-02-16T20:22:52, false
E2C7259B-02FE-4FAD-B3F6-2BE5588ACD44, 2021-02-16T20:23:52, false
E2C7259B-02FE-4FAD-B3F6-2BE5588ACD44, 2021-02-16T20:24:52, false
E2C7259B-02FE-4FAD-B3F6-2BE5588ACD44, 2021-02-16T20:25:52, false
E2C7259B-02FE-4FAD-B3F6-2BE5588ACD44, 2021-02-16T20:26:52, false
E2C7259B-02FE-4FAD-B3F6-2BE5588ACD44, 2021-02-16T20:27:52, false
E2C7259B-02FE-4FAD-B3F6-2BE5588ACD44, 2021-02-16T20:28:52, false
E2C7259B-02FE-4FAD-B3F6-2BE5588ACD44, 2021-02-16T20:29:52, false
E2C7259B-02FE-4FAD-B3F6-2BE5588ACD44, 2021-02-16T20:30:52, false
E2C7259B-02FE-4FAD-B3F6-2BE5588ACD44, 2021-02-16T20:31:52, false
E2C7259B-02FE-4FAD-B3F6-2BE5588ACD44, 2021-02-16T20:32:52, false
E2C7259B-02FE-4FAD-B3F6-2BE5588ACD44, 2021-02-16T20:33:52, false
E2C7259B-02FE-4FAD-B3F6-2BE5588ACD44, 2021-02-16T20:34:52, false
E2C7259B-02FE-4FAD-B3F6-2BE5588ACD44, 2021-02-16T20:35:52, false
E2C7259B-02FE-4FAD-B3F6-2BE5588ACD44, 2021-02-16T20:36:52, false
E2C7259B-02FE-4FAD-B3F6-2BE5588ACD44, 2021-02-16T20:37:52, false
E2C7259B-02FE-4FAD-B3F6-2BE5588ACD44, 2021-02-16T20:38:52, false
E2C7259B-02FE-4FAD-B3F6-2BE5588ACD44, 2021-02-16T20:39:52, false
E2C7259B-02FE-4FAD-B3F6-2BE5588ACD44, 2021-02-16T20:40:52, false
E2C7259B-02FE-4FAD-B3F6-2BE5588ACD44, 2021-02-16T20:41:52, false
E2C7259B-02FE-4FAD-B3F6-2BE5588ACD44, 2021-02-16T20:42:52, false
E2C7259B-02FE-4FAD-B3F6-2BE5588ACD44, 2021-02-16T20:43:52, false
E2C7259B-02FE-4FAD-B3F6-2BE5588ACD44, 2021-02-16T20:44:52, false
E2C7259B-02FE-4FAD-B3F6-2BE5588ACD44, 2021-02-16T20:45:52, false
E2C7259B-02FE-4FAD-B3F6-2BE5588ACD44, 2021-02-16T20:46:52, false
E2C7259B-02FE-4FAD-B3F6-2BE5588ACD44, 2021-02-16T20:47:52, false
E2C7259B-02FE-4FAD-B3F6-2BE5588ACD44, 2021-02-16T20:48:52, false
E2C7259B-02FE-4FAD-B3F6-2BE5588ACD44, 2021-02-16T20:49:52, false
E2C7259B-02FE-4FAD-B3F6-2BE5588ACD44, 2021-02-16T20:50:52, false
E2C7259B-02FE-4FAD-B3F6-2BE5588ACD44, 2021-02-16T20:51:52, false
E2C7259B-02FE-4FAD-B3F6-2BE5588ACD44, 2021-02-16T20:52:52, false
E2C7259B-02FE-4FAD-B3F6-2BE5588ACD44, 2021-02-16T20:53:52, false
E2C7259B-02FE-4FAD-B3F6-2BE5588ACD44, 2021-02-16T20:54:52, false
E2C7259B-02FE-4FAD-B3F6-2BE5588ACD44, 2021-02-16T20:55:52, false
E2C7259B-02FE-4FAD-B3F6-2BE5588ACD44, 2021-02-16T20:56:52, false
E2C7259B-02FE-4FAD-B3F6-2BE5588ACD44, 2021-02-16T20:57:52, false
E2C7259B-02FE-4FAD-B3F6-2BE5588ACD44, 2021-02-16T20:58:52, false
E2C7259B-02FE-4FAD-B3F6-2BE5588ACD44, 2021-02-16T20:59:52, false
E2C7259B-02FE-4FAD-B3F6-2BE5588ACD44, 2021-02-16T21:00:52, false
E2C7259B-02FE-4FAD-B3F6-2BE5588ACD44, 2021-02-16T21:01:52, false
E2C7259B-02FE-4FAD-B3F6-2BE5588ACD44, 2021-02-16T21:02:52, false
E2C7259B-02FE-4FAD-B3F6-2BE5588ACD44, 2021-02-16T21:03:52, false
E2C7259B-02FE-4FAD-B3F6-2BE5588ACD44, 2021-02-16T21:04:52, false
E2C7259B-02FE-4FAD-B3F6-2BE5588ACD44, 2021-02-16T21:05:52, false
E2C7259B-02FE-4FAD-B3F6-2BE5588ACD44, 2021-02-16T21:06:52, false
E2C7259B-02FE-4FAD-B3F6-2BE5588ACD44, 2021-02-16T21:07:52, false
E2C7259B-02FE-4FAD-B3F6-2BE5588ACD44, 2021-02-16T21:08:52, false
E2C7259B-02FE-4FAD-B3F6-2BE5588ACD44, 2021-02-16T21:09:52, false
E2C7259B-02FE-4FAD-B3F6-2BE5588ACD44, 2021-02-16T21:10:52, false
E2C7259B-02FE-4FAD-B3F6-2BE5588ACD44, 2021-02-16T21:11:52, false
E2C7259B-02FE-4FAD-B3F6-2BE5588ACD44, 2021-02-16T21:12:52, false
E2C7259B-02FE-4FAD-B3F6-2BE5588ACD44, 2021-02-16T21:13:52, false
E2C7259B-02FE-4FAD-B3F6-2BE5588ACD44, 2021-02-16T21:14:52, false
E2C7259B-02FE-4FAD-B3F6-2BE5588ACD44, 2021-02-16T21:15:52, false
E2C7259B-02FE-4FAD-B3F6-2BE5588ACD44, 2021-02-16T21:16:52, false
E2C7259B-02FE-4FAD-B3F6-2BE5588ACD44, 2021-02-16T21:17:52, false
E2C7259B-02FE-4FAD-B3F6-2BE5588ACD44, 2021-02-16T21:18:52, false
E2C7259B-02FE-4FAD-B3F6-2BE5588ACD44, 2021-02-16T21:19:52, false
E2C7259B-02FE-4FAD-B3F6-2BE5588ACD44, 2021-02-16T21:20:52, false
E2C7259B-02FE-4FAD-B3F6-2BE5588ACD44, 2021-02-16T21:21:52, false
E2C7259B-02FE-4FAD-B3F6-2BE5588ACD44, 2021-02-16T21:22:52, false
E2C7259B-02FE-4FAD-B3F6-2BE5588ACD44, 2021-02-16T21:23:52, false
E2C7259B-02FE-4FAD-B3F6-2BE5588ACD44, 2021-02-16T21:24:52, false
E2C7259B-02FE-4FAD-B3F6-2BE5588ACD44, 2021-02-16T21:25:52, false
E2C7259B-02FE-4FAD-B3F6-2BE5588ACD44, 2021-02-16T21:26:52, false
E2C7259B-02FE-4FAD-B3F6-2BE5588ACD44, 2021-02-16T21:27:52, false
E2C7259B-02FE-4FAD-B3F6-2BE5588ACD44, 2021-02-16T21:28:52, false
E2C7259B-02FE-4FAD-B3F6-2BE5588ACD44, 2021-02-16T21:29:52, false
E2C7259B-02FE-4FAD-B3F6-2BE5588ACD44, 2021-02-16T21:30:52, false
E2C7259B-02FE-4FAD-B3F6-2BE5588ACD44, 2021-02-16T21:31:52, false
E2C7259B-02FE-4FAD-B3F6-2BE5588ACD44, 2021-02-16T21:32:52, false
E2C7259B-02FE-4FAD-B3F6-2BE5588ACD44, 2021-02-16T21:33:52, false
E2C7259B-02FE-4FAD-B3F6-2BE5588ACD44, 2021-02-16T21:34:52, false
E2C7259B-02FE-4FAD-B3F6-2BE5588ACD44, 2021-02-16T21:35:52, false
E2C7259B-02FE-4FAD-B3F6-2BE5588ACD44, 2021-02-16T21:36:52, false
E2C7259B-02FE-4FAD-B3F6-2BE5588ACD44, 2021-02-16T21:37:52, false
E2C7259B-02FE-4FAD-B3F6-2BE5588ACD44, 2021-02-16T21:38:52, false
E2C7259B-02FE-4FAD-B3F6-2BE5588ACD44, 2021-02-16T21:39:52, false
E2C7259B-02FE-4FAD-B3F6-2BE5588ACD44, 2021-02-16T21:40:52, false
E2C7259B-02FE-4FAD-B3F6-2BE5588ACD44, 2021-02-16T21:41:52, false
E2C7259B-02FE-4FAD-B3F6-2BE5588ACD44, 2021-02-16T21:42:52, false
E2C7259B-02FE-4FAD-B3F6-2BE5588ACD44, 2021-02-16T21:43:52, false
E2C7259B-02FE-4FAD-B3F6-2BE5588ACD44, 2021-02-16T21:44:52, false
E2C7259B-02FE-4FAD-B3F6-2BE5588ACD44, 2021-02-16T21:45:52, false
E2C7259B-02FE-4FAD-B3F6-2BE5588ACD44, 2021-02-16T21:46:52, false
E2C7259B-02FE-4FAD-B3F6-2BE5588ACD44, 2021-02-16T21:47:52, false
E2C7259B-02FE-4FAD-B3F6-2BE5588ACD44, 2021-02-16T21:48:52, false
E2C7259B-02FE-4FAD-B3F6-2BE5588ACD44, 2021-02-16T21:49:52, false
E2C7259B-02FE-4FAD-B3F6-2BE5588ACD44, 2021-02-16T21:50:52, false
E2C7259B-02FE-4FAD-B3F6-2BE5588ACD44, 2021-02-16T21:51:52, false
E2C7259B-02FE-4FAD-B3F6-2BE5588ACD44, 2021-02-16T21:52:52, false
E2C7259B-02FE-4FAD-B3F6-2BE5588ACD44, 2021-02-16T21:53:52, false
E2C7259B-02FE-4FAD-B3F6-2BE5588ACD44, 2021-02-16T21:54:52, false
E2C7259B-02FE-4FAD-B3F6-2BE5588ACD44, 2021-02-16T21:55:52, false
E2C7259B-02FE-4FAD-B3F6-2BE5588ACD44, 2021-02-16T21:56:52, false
E2C7259B-02FE-4FAD-B3F6-2BE5588ACD44, 2021-02-16T21:57:52, false
E2C7259B-02FE-4FAD-B3F6-2BE5588ACD44, 2021-02-16T21:58:52, false
E2C7259B-02FE-4FAD-B3F6-2BE5588ACD44, 2021-02-16T21:59:52, false
E2C7259B-02FE-4FAD-B3F6-2BE5588ACD44, 2021-02-16T22:00:52, false
E2C7259B-02FE-4FAD-B3F6-2BE5588ACD44, 2021-02-16T22:01:52, false
E2C7259B-02FE-4FAD-B3F6-2BE5588ACD44, 2021-02-16T22:02:52, false
E2C7259B-02FE-4FAD-B3F6-2BE5588ACD44, 2021-02-16T22:03:52, false
E2C7259B-02FE-4FAD-B3F6-2BE5588ACD44, 2021-02-16T22:04:52, false
E2C7259B-02FE-4FAD-B3F6-2BE5588ACD44, 2021-02-16T22:05:52, false
E2C7259B-02FE-4FAD-B3F6-2BE5588ACD44, 2021-02-16T22:06:52, false
E2C7259B-02FE-4FAD-B3F6-2BE5588ACD44, 2021-02-16T22:07:52, false
E2C7259B-02FE-4FAD-B3F6-2BE5588ACD44, 2021-02-16T22:08:52, false
E2C7259B-02FE-4FAD-B3F6-2BE5588ACD44, 2021-02-16T22:09:52, false
E2C7259B-02FE-4FAD-B3F6-2BE5588ACD44, 2021-02-16T22:10:52, false
E2C7259B-02FE-4FAD-B3F6-2BE5588ACD44, 2021-02-16T22:11:52, false
E2C7259B-02FE-4FAD-B3F6-2BE5588ACD44, 2021-02-16T22:12:52, false
E2C7259B-02FE-4FAD-B3F6-2BE5588ACD44, 2021-02-16T22:13:52, false
E2C7259B-02FE-4FAD-B3F6-2BE5588ACD44, 2021-02-16T22:14:52, false
E2C7259B-02FE-4FAD-B3F6-2BE5588ACD44, 2021-02-16T22:15:52, false
E2C7259B-02FE-4FAD-B3F6-2BE5588ACD44, 2021-02-16T22:16:52, false
E2C7259B-02FE-4FAD-B3F6-2BE5588ACD44, 2021-02-16T22:17:52, false
E2C7259B-02FE-4FAD-B3F6-2BE5588ACD44, 2021-02-16T22:18:52, false
E2C7259B-02FE-4FAD-B3F6-2BE5588ACD44, 2021-02-16T22:19:52, false
E2C7259B-02FE-4FAD-B3F6-2BE5588ACD44, 2021-02-16T22:20:52, false
E2C7259B-02FE-4FAD-B3F6-2BE5588ACD44, 2021-02-16T22:21:52, false
E2C7259B-02FE-4FAD-B3F6-2BE5588ACD44, 2021-02-16T22:22:52, false
E2C7259B-02FE-4FAD-B3F6-2BE5588ACD44, 2021-02-16T22:23:52, false
E2C7259B-02FE-4FAD-B3F6-2BE5588ACD44, 2021-02-16T22:24:52, false
E2C7259B-02FE-4FAD-B3F6-2BE5588ACD44, 2021-02-16T22:25:52, false
E2C7259B-02FE-4FAD-B3F6-2BE5588ACD44, 2021-02-16T22:26:52, false
E2C7259B-02FE-4FAD-B3F6-2BE5588ACD44, 2021-02-16T22:27:52, false
E2C7259B-02FE-4FAD-B3F6-2BE5588ACD44, 2021-02-16T22:28:52, false
E2C7259B-02FE-4FAD-B3F6-2BE5588ACD44, 2021-02-16T22:29:52, false
E2C7259B-02FE-4FAD-B3F6-2BE5588ACD44, 2021-02-16T22:30:52, false
E2C7259B-02FE-4FAD-B3F6-2BE5588ACD44, 2021-02-16T22:31:52, false
E2C7259B-02FE-4FAD-B3F6-2BE5588ACD44, 2021-02-16T22:32:52, false
E2C7259B-02FE-4FAD-B3F6-2BE5588ACD44, 2021-02-16T22:33:52, false
E2C7259B-02FE-4FAD-B3F6-2BE5588ACD44, 2021-02-16T22:34:52, false
E2C7259B-02FE-4FAD-B3F6-2BE5588ACD44, 2021-02-16T22:35:52, false
E2C7259B-02FE-4FAD-B3F6-2BE5588ACD44, 2021-02-16T22:36:52, false
E2C7259B-02FE-4FAD-B3F6-2BE5588ACD44, 2021-02-16T22:37:52, false
E2C7259B-02FE-4FAD-B3F6-2BE5588ACD44, 2021-02-16T22:38:52, false
E2C7259B-02FE-4FAD-B3F6-2BE5588ACD44, 2021-02-16T22:39:52, false
E2C7259B-02FE-4FAD-B3F6-2BE5588ACD44, 2021-02-16T22:40:52, false
E2C7259B-02FE-4FAD-B3F6-2BE5588ACD44, 2021-02-16T22:41:52, false
E2C7259B-02FE-4FAD-B3F6-2BE5588ACD44, 2021-02-16T22:42:52, false
E2C7259B-02FE-4FAD-B3F6-2BE5588ACD44, 2021-02-16T22:43:52, false
E2C7259B-02FE-4FAD-B3F6-2BE5588ACD44, 2021-02-16T22:44:52, false
E2C7259B-02FE-4FAD-B3F6-2BE5588ACD44, 2021-02-16T22:45:52, false
E2C7259B-02FE-4FAD-B3F6-2BE5588ACD44, 2021-02-16T22:46:52, false
E2C7259B-02FE-4FAD-B3F6-2BE5588ACD44, 2021-02-16T22:47:52, false
E2C7259B-02FE-4FAD-B3F6-2BE5588ACD44, 2021-02-16T22:48:52, false
E2C7259B-02FE-4FAD-B3F6-2BE5588ACD44, 2021-02-16T22:49:52, false
E2C7259B-02FE-4FAD-B3F6-2BE5588ACD44, 2021-02-16T22:50:52, false
E2C7259B-02FE-4FAD-B3F6-2BE5588ACD44, 2021-02-16T22:51:52, false
E2C7259B-02FE-4FAD-B3F6-2BE5588ACD44, 2021-02-16T22:52:52, false
E2C7259B-02FE-4FAD-B3F6-2BE5588ACD44, 2021-02-16T22:53:52, false
E2C7259B-02FE-4FAD-B3F6-2BE5588ACD44, 2021-02-16T22:54:52, false
E2C7259B-02FE-4FAD-B3F6-2BE5588ACD44, 2021-02-16T22:55:52, false
E2C7259B-02FE-4FAD-B3F6-2BE5588ACD44, 2021-02-16T22:56:52, false
E2C7259B-02FE-4FAD-B3F6-2BE5588ACD44, 2021-02-16T22:57:52, false
E2C7259B-02FE-4FAD-B3F6-2BE5588ACD44, 2021-02-16T22:58:52, false
E2C7259B-02FE-4FAD-B3F6-2BE5588ACD44, 2021-02-16T22:59:52, false
E2C7259B-02FE-4FAD-B3F6-2BE5588ACD44, 2021-02-16T23:00:52, false
E2C7259B-02FE-4FAD-B3F6-2BE5588ACD44, 2021-02-16T23:01:52, false
E2C7259B-02FE-4FAD-B3F6-2BE5588ACD44, 2021-02-16T23:02:52, false
E2C7259B-02FE-4FAD-B3F6-2BE5588ACD44, 2021-02-16T23:03:52, false
E2C7259B-02FE-4FAD-B3F6-2BE5588ACD44, 2021-02-16T23:04:52, false
E2C7259B-02FE-4FAD-B3F6-2BE5588ACD44, 2021-02-16T23:05:52, false
E2C7259B-02FE-4FAD-B3F6-2BE5588ACD44, 2021-02-16T23:06:52, false
E2C7259B-02FE-4FAD-B3F6-2BE5588ACD44, 2021-02-16T23:07:52, false
E2C7259B-02FE-4FAD-B3F6-2BE5588ACD44, 2021-02-16T23:08:52, false
E2C7259B-02FE-4FAD-B3F6-2BE5588ACD44, 2021-02-16T23:09:52, false
E2C7259B-02FE-4FAD-B3F6-2BE5588ACD44, 2021-02-16T23:10:52, false
E2C7259B-02FE-4FAD-B3F6-2BE5588ACD44, 2021-02-16T23:11:52, false
E2C7259B-02FE-4FAD-B3F6-2BE5588ACD44, 2021-02-16T23:12:52, false
E2C7259B-02FE-4FAD-B3F6-2BE5588ACD44, 2021-02-16T23:13:52, false
E2C7259B-02FE-4FAD-B3F6-2BE5588ACD44, 2021-02-16T23:14:52, false
E2C7259B-02FE-4FAD-B3F6-2BE5588ACD44, 2021-02-16T23:15:52, false
E2C7259B-02FE-4FAD-B3F6-2BE5588ACD44, 2021-02-16T23:16:52, false
E2C7259B-02FE-4FAD-B3F6-2BE5588ACD44, 2021-02-16T23:17:52, false
E2C7259B-02FE-4FAD-B3F6-2BE5588ACD44, 2021-02-16T23:18:52, false
E2C7259B-02FE-4FAD-B3F6-2BE5588ACD44, 2021-02-16T23:19:52, false
E2C7259B-02FE-4FAD-B3F6-2BE5588ACD44, 2021-02-16T23:20:52, false
E2C7259B-02FE-4FAD-B3F6-2BE5588ACD44, 2021-02-16T23:21:52, false
E2C7259B-02FE-4FAD-B3F6-2BE5588ACD44, 2021-02-16T23:22:52, false
E2C7259B-02FE-4FAD-B3F6-2BE5588ACD44, 2021-02-16T23:23:52, false
E2C7259B-02FE-4FAD-B3F6-2BE5588ACD44, 2021-02-16T23:24:52, false
E2C7259B-02FE-4FAD-B3F6-2BE5588ACD44, 2021-02-16T23:25:52, false
E2C7259B-02FE-4FAD-B3F6-2BE5588ACD44, 2021-02-16T23:26:52, false
E2C7259B-02FE-4FAD-B3F6-2BE5588ACD44, 2021-02-16T23:27:52, false
E2C7259B-02FE-4FAD-B3F6-2BE5588ACD44, 2021-02-16T23:28:52, false
E2C7259B-02FE-4FAD-B3F6-2BE5588ACD44, 2021-02-16T23:29:52, false
E2C7259B-02FE-4FAD-B3F6-2BE5588ACD44, 2021-02-16T23:30:52, false
E2C7259B-02FE-4FAD-B3F6-2BE5588ACD44, 2021-02-16T23:31:52, false
E2C7259B-02FE-4FAD-B3F6-2BE5588ACD44, 2021-02-16T23:32:52, false
E2C7259B-02FE-4FAD-B3F6-2BE5588ACD44, 2021-02-16T23:33:52, false
E2C7259B-02FE-4FAD-B3F6-2BE5588ACD44, 2021-02-16T23:34:52, false
E2C7259B-02FE-4FAD-B3F6-2BE5588ACD44, 2021-02-16T23:35:52, false
E2C7259B-02FE-4FAD-B3F6-2BE5588ACD44, 2021-02-16T23:36:52, false
E2C7259B-02FE-4FAD-B3F6-2BE5588ACD44, 2021-02-16T23:37:52, false
E2C7259B-02FE-4FAD-B3F6-2BE5588ACD44, 2021-02-16T23:38:52, false
E2C7259B-02FE-4FAD-B3F6-2BE5588ACD44, 2021-02-16T23:39:52, false
E2C7259B-02FE-4FAD-B3F6-2BE5588ACD44, 2021-02-16T23:40:52, false
E2C7259B-02FE-4FAD-B3F6-2BE5588ACD44, 2021-02-16T23:41:52, false
E2C7259B-02FE-4FAD-B3F6-2BE5588ACD44, 2021-02-16T23:42:52, false
E2C7259B-02FE-4FAD-B3F6-2BE5588ACD44, 2021-02-16T23:43:52, false
E2C7259B-02FE-4FAD-B3F6-2BE5588ACD44, 2021-02-16T23:44:52, false
E2C7259B-02FE-4FAD-B3F6-2BE5588ACD44, 2021-02-16T23:45:52, false
E2C7259B-02FE-4FAD-B3F6-2BE5588ACD44, 2021-02-16T23:46:52, false
E2C7259B-02FE-4FAD-B3F6-2BE5588ACD44, 2021-02-16T23:47:52, false
E2C7259B-02FE-4FAD-B3F6-2BE5588ACD44, 2021-02-16T23:48:52, false
E2C7259B-02FE-4FAD-B3F6-2BE5588ACD44, 2021-02-16T23:49:52, false
E2C7259B-02FE-4FAD-B3F6-2BE5588ACD44, 2021-02-16T23:50:52, false
E2C7259B-02FE-4FAD-B3F6-2BE5588ACD44, 2021-02-16T23:51:52, false
E2C7259B-02FE-4FAD-B3F6-2BE5588ACD44, 2021-02-16T23:52:52, false
E2C7259B-02FE-4FAD-B3F6-2BE5588ACD44, 2021-02-16T23:53:52, false
E2C7259B-02FE-4FAD-B3F6-2BE5588ACD44, 2021-02-16T23:54:52, false
E2C7259B-02FE-4FAD-B3F6-2BE5588ACD44, 2021-02-16T23:55:52, false
E2C7259B-02FE-4FAD-B3F6-2BE5588ACD44, 2021-02-16T23:56:52, false
E2C7259B-02FE-4FAD-B3F6-2BE5588ACD44, 2021-02-16T23:57:52, false
E2C7259B-02FE-4FAD-B3F6-2BE5588ACD44, 2021-02-16T23:58:52, false
E2C7259B-02FE-4FAD-B3F6-2BE5588ACD44, 2021-02-16T23:59:52, false
