Device, Measure Date Time, Exist
E2C7259B-02FE-4FAD-B3F6-2BE5588ACD44, 2021-01-30T00:00:27, true
E2C7259B-02FE-4FAD-B3F6-2BE5588ACD44, 2021-01-30T00:01:31, true
E2C7259B-02FE-4FAD-B3F6-2BE5588ACD44, 2021-01-30T00:02:35, true
E2C7259B-02FE-4FAD-B3F6-2BE5588ACD44, 2021-01-30T00:03:43, true
E2C7259B-02FE-4FAD-B3F6-2BE5588ACD44, 2021-01-30T00:04:48, true
E2C7259B-02FE-4FAD-B3F6-2BE5588ACD44, 2021-01-30T00:05:56, true
E2C7259B-02FE-4FAD-B3F6-2BE5588ACD44, 2021-01-30T00:07:00, true
E2C7259B-02FE-4FAD-B3F6-2BE5588ACD44, 2021-01-30T00:08:11, true
E2C7259B-02FE-4FAD-B3F6-2BE5588ACD44, 2021-01-30T00:09:17, true
E2C7259B-02FE-4FAD-B3F6-2BE5588ACD44, 2021-01-30T00:10:24, true
E2C7259B-02FE-4FAD-B3F6-2BE5588ACD44, 2021-01-30T00:11:30, true
E2C7259B-02FE-4FAD-B3F6-2BE5588ACD44, 2021-01-30T00:12:41, true
E2C7259B-02FE-4FAD-B3F6-2BE5588ACD44, 2021-01-30T00:13:44, true
E2C7259B-02FE-4FAD-B3F6-2BE5588ACD44, 2021-01-30T00:14:51, true
E2C7259B-02FE-4FAD-B3F6-2BE5588ACD44, 2021-01-30T00:15:57, true
E2C7259B-02FE-4FAD-B3F6-2BE5588ACD44, 2021-01-30T00:17:03, true
E2C7259B-02FE-4FAD-B3F6-2BE5588ACD44, 2021-01-30T00:18:08, true
E2C7259B-02FE-4FAD-B3F6-2BE5588ACD44, 2021-01-30T00:19:17, true
E2C7259B-02FE-4FAD-B3F6-2BE5588ACD44, 2021-01-30T00:20:20, true
E2C7259B-02FE-4FAD-B3F6-2BE5588ACD44, 2021-01-30T00:21:27, true
E2C7259B-02FE-4FAD-B3F6-2BE5588ACD44, 2021-01-30T00:22:33, true
E2C7259B-02FE-4FAD-B3F6-2BE5588ACD44, 2021-01-30T00:23:39, true
E2C7259B-02FE-4FAD-B3F6-2BE5588ACD44, 2021-01-30T00:24:45, true
E2C7259B-02FE-4FAD-B3F6-2BE5588ACD44, 2021-01-30T00:25:51, true
E2C7259B-02FE-4FAD-B3F6-2BE5588ACD44, 2021-01-30T00:27:01, true
E2C7259B-02FE-4FAD-B3F6-2BE5588ACD44, 2021-01-30T00:28:09, true
E2C7259B-02FE-4FAD-B3F6-2BE5588ACD44, 2021-01-30T00:29:15, true
E2C7259B-02FE-4FAD-B3F6-2BE5588ACD44, 2021-01-30T00:30:22, true
E2C7259B-02FE-4FAD-B3F6-2BE5588ACD44, 2021-01-30T00:31:29, true
E2C7259B-02FE-4FAD-B3F6-2BE5588ACD44, 2021-01-30T00:32:33, true
E2C7259B-02FE-4FAD-B3F6-2BE5588ACD44, 2021-01-30T00:33:38, true
E2C7259B-02FE-4FAD-B3F6-2BE5588ACD44, 2021-01-30T00:34:46, true
E2C7259B-02FE-4FAD-B3F6-2BE5588ACD44, 2021-01-30T00:35:55, true
E2C7259B-02FE-4FAD-B3F6-2BE5588ACD44, 2021-01-30T00:37:01, true
E2C7259B-02FE-4FAD-B3F6-2BE5588ACD44, 2021-01-30T00:38:08, true
E2C7259B-02FE-4FAD-B3F6-2BE5588ACD44, 2021-01-30T00:39:14, true
E2C7259B-02FE-4FAD-B3F6-2BE5588ACD44, 2021-01-30T00:40:20, true
E2C7259B-02FE-4FAD-B3F6-2BE5588ACD44, 2021-01-30T00:41:29, true
E2C7259B-02FE-4FAD-B3F6-2BE5588ACD44, 2021-01-30T00:42:35, true
E2C7259B-02FE-4FAD-B3F6-2BE5588ACD44, 2021-01-30T00:43:41, true
E2C7259B-02FE-4FAD-B3F6-2BE5588ACD44, 2021-01-30T00:44:47, true
E2C7259B-02FE-4FAD-B3F6-2BE5588ACD44, 2021-01-30T00:45:56, true
E2C7259B-02FE-4FAD-B3F6-2BE5588ACD44, 2021-01-30T00:47:05, true
E2C7259B-02FE-4FAD-B3F6-2BE5588ACD44, 2021-01-30T00:48:09, true
E2C7259B-02FE-4FAD-B3F6-2BE5588ACD44, 2021-01-30T00:49:17, true
E2C7259B-02FE-4FAD-B3F6-2BE5588ACD44, 2021-01-30T00:50:22, true
E2C7259B-02FE-4FAD-B3F6-2BE5588ACD44, 2021-01-30T00:51:31, true
E2C7259B-02FE-4FAD-B3F6-2BE5588ACD44, 2021-01-30T00:52:39, true
E2C7259B-02FE-4FAD-B3F6-2BE5588ACD44, 2021-01-30T00:53:45, true
E2C7259B-02FE-4FAD-B3F6-2BE5588ACD44, 2021-01-30T00:54:52, true
E2C7259B-02FE-4FAD-B3F6-2BE5588ACD44, 2021-01-30T00:55:57, true
E2C7259B-02FE-4FAD-B3F6-2BE5588ACD44, 2021-01-30T00:57:03, true
E2C7259B-02FE-4FAD-B3F6-2BE5588ACD44, 2021-01-30T00:58:10, true
E2C7259B-02FE-4FAD-B3F6-2BE5588ACD44, 2021-01-30T00:59:13, true
E2C7259B-02FE-4FAD-B3F6-2BE5588ACD44, 2021-01-30T01:00:19, true
E2C7259B-02FE-4FAD-B3F6-2BE5588ACD44, 2021-01-30T01:01:30, true
E2C7259B-02FE-4FAD-B3F6-2BE5588ACD44, 2021-01-30T01:02:30, true
E2C7259B-02FE-4FAD-B3F6-2BE5588ACD44, 2021-01-30T01:03:37, true
E2C7259B-02FE-4FAD-B3F6-2BE5588ACD44, 2021-01-30T01:04:45, true
E2C7259B-02FE-4FAD-B3F6-2BE5588ACD44, 2021-01-30T01:05:50, true
E2C7259B-02FE-4FAD-B3F6-2BE5588ACD44, 2021-01-30T01:06:57, true
E2C7259B-02FE-4FAD-B3F6-2BE5588ACD44, 2021-01-30T01:08:02, true
E2C7259B-02FE-4FAD-B3F6-2BE5588ACD44, 2021-01-30T01:09:02, true
E2C7259B-02FE-4FAD-B3F6-2BE5588ACD44, 2021-01-30T01:10:08, true
E2C7259B-02FE-4FAD-B3F6-2BE5588ACD44, 2021-01-30T01:11:09, true
E2C7259B-02FE-4FAD-B3F6-2BE5588ACD44, 2021-01-30T01:12:14, true
E2C7259B-02FE-4FAD-B3F6-2BE5588ACD44, 2021-01-30T01:13:18, true
E2C7259B-02FE-4FAD-B3F6-2BE5588ACD44, 2021-01-30T01:14:23, true
E2C7259B-02FE-4FAD-B3F6-2BE5588ACD44, 2021-01-30T01:15:33, true
E2C7259B-02FE-4FAD-B3F6-2BE5588ACD44, 2021-01-30T01:16:38, true
E2C7259B-02FE-4FAD-B3F6-2BE5588ACD44, 2021-01-30T01:17:44, true
E2C7259B-02FE-4FAD-B3F6-2BE5588ACD44, 2021-01-30T01:18:47, true
E2C7259B-02FE-4FAD-B3F6-2BE5588ACD44, 2021-01-30T01:19:55, true
E2C7259B-02FE-4FAD-B3F6-2BE5588ACD44, 2021-01-30T01:21:02, true
E2C7259B-02FE-4FAD-B3F6-2BE5588ACD44, 2021-01-30T01:22:05, true
E2C7259B-02FE-4FAD-B3F6-2BE5588ACD44, 2021-01-30T01:23:05, true
E2C7259B-02FE-4FAD-B3F6-2BE5588ACD44, 2021-01-30T01:24:13, true
E2C7259B-02FE-4FAD-B3F6-2BE5588ACD44, 2021-01-30T01:25:17, true
E2C7259B-02FE-4FAD-B3F6-2BE5588ACD44, 2021-01-30T01:26:23, true
E2C7259B-02FE-4FAD-B3F6-2BE5588ACD44, 2021-01-30T01:27:24, true
E2C7259B-02FE-4FAD-B3F6-2BE5588ACD44, 2021-01-30T01:28:32, true
E2C7259B-02FE-4FAD-B3F6-2BE5588ACD44, 2021-01-30T01:29:36, true
E2C7259B-02FE-4FAD-B3F6-2BE5588ACD44, 2021-01-30T01:30:42, true
E2C7259B-02FE-4FAD-B3F6-2BE5588ACD44, 2021-01-30T01:31:53, true
E2C7259B-02FE-4FAD-B3F6-2BE5588ACD44, 2021-01-30T01:33:01, true
E2C7259B-02FE-4FAD-B3F6-2BE5588ACD44, 2021-01-30T01:34:03, true
E2C7259B-02FE-4FAD-B3F6-2BE5588ACD44, 2021-01-30T01:35:07, true
E2C7259B-02FE-4FAD-B3F6-2BE5588ACD44, 2021-01-30T01:36:17, true
E2C7259B-02FE-4FAD-B3F6-2BE5588ACD44, 2021-01-30T01:37:21, true
E2C7259B-02FE-4FAD-B3F6-2BE5588ACD44, 2021-01-30T01:38:26, true
E2C7259B-02FE-4FAD-B3F6-2BE5588ACD44, 2021-01-30T01:39:32, true
E2C7259B-02FE-4FAD-B3F6-2BE5588ACD44, 2021-01-30T01:40:38, true
E2C7259B-02FE-4FAD-B3F6-2BE5588ACD44, 2021-01-30T01:41:41, true
E2C7259B-02FE-4FAD-B3F6-2BE5588ACD44, 2021-01-30T01:42:46, true
E2C7259B-02FE-4FAD-B3F6-2BE5588ACD44, 2021-01-30T01:43:52, true
E2C7259B-02FE-4FAD-B3F6-2BE5588ACD44, 2021-01-30T01:44:58, true
E2C7259B-02FE-4FAD-B3F6-2BE5588ACD44, 2021-01-30T01:45:59, true
E2C7259B-02FE-4FAD-B3F6-2BE5588ACD44, 2021-01-30T01:47:07, true
E2C7259B-02FE-4FAD-B3F6-2BE5588ACD44, 2021-01-30T01:48:10, true
E2C7259B-02FE-4FAD-B3F6-2BE5588ACD44, 2021-01-30T01:49:16, true
E2C7259B-02FE-4FAD-B3F6-2BE5588ACD44, 2021-01-30T01:50:23, true
E2C7259B-02FE-4FAD-B3F6-2BE5588ACD44, 2021-01-30T01:51:28, true
E2C7259B-02FE-4FAD-B3F6-2BE5588ACD44, 2021-01-30T01:52:41, true
E2C7259B-02FE-4FAD-B3F6-2BE5588ACD44, 2021-01-30T01:53:49, true
E2C7259B-02FE-4FAD-B3F6-2BE5588ACD44, 2021-01-30T01:54:55, true
E2C7259B-02FE-4FAD-B3F6-2BE5588ACD44, 2021-01-30T01:55:55, true
E2C7259B-02FE-4FAD-B3F6-2BE5588ACD44, 2021-01-30T01:57:00, true
E2C7259B-02FE-4FAD-B3F6-2BE5588ACD44, 2021-01-30T01:58:07, true
E2C7259B-02FE-4FAD-B3F6-2BE5588ACD44, 2021-01-30T01:59:12, true
E2C7259B-02FE-4FAD-B3F6-2BE5588ACD44, 2021-01-30T02:00:18, true
E2C7259B-02FE-4FAD-B3F6-2BE5588ACD44, 2021-01-30T02:01:29, true
E2C7259B-02FE-4FAD-B3F6-2BE5588ACD44, 2021-01-30T02:02:35, true
E2C7259B-02FE-4FAD-B3F6-2BE5588ACD44, 2021-01-30T02:03:44, true
E2C7259B-02FE-4FAD-B3F6-2BE5588ACD44, 2021-01-30T02:04:49, true
E2C7259B-02FE-4FAD-B3F6-2BE5588ACD44, 2021-01-30T02:05:55, true
E2C7259B-02FE-4FAD-B3F6-2BE5588ACD44, 2021-01-30T02:07:02, true
E2C7259B-02FE-4FAD-B3F6-2BE5588ACD44, 2021-01-30T02:08:07, true
E2C7259B-02FE-4FAD-B3F6-2BE5588ACD44, 2021-01-30T02:09:13, true
E2C7259B-02FE-4FAD-B3F6-2BE5588ACD44, 2021-01-30T02:10:20, true
E2C7259B-02FE-4FAD-B3F6-2BE5588ACD44, 2021-01-30T02:11:23, true
E2C7259B-02FE-4FAD-B3F6-2BE5588ACD44, 2021-01-30T02:12:31, true
E2C7259B-02FE-4FAD-B3F6-2BE5588ACD44, 2021-01-30T02:13:38, true
E2C7259B-02FE-4FAD-B3F6-2BE5588ACD44, 2021-01-30T02:14:38, true
E2C7259B-02FE-4FAD-B3F6-2BE5588ACD44, 2021-01-30T02:15:44, true
E2C7259B-02FE-4FAD-B3F6-2BE5588ACD44, 2021-01-30T02:16:50, true
E2C7259B-02FE-4FAD-B3F6-2BE5588ACD44, 2021-01-30T02:17:57, true
E2C7259B-02FE-4FAD-B3F6-2BE5588ACD44, 2021-01-30T02:19:06, true
E2C7259B-02FE-4FAD-B3F6-2BE5588ACD44, 2021-01-30T02:20:12, true
E2C7259B-02FE-4FAD-B3F6-2BE5588ACD44, 2021-01-30T02:21:18, true
E2C7259B-02FE-4FAD-B3F6-2BE5588ACD44, 2021-01-30T02:22:23, true
E2C7259B-02FE-4FAD-B3F6-2BE5588ACD44, 2021-01-30T02:23:31, true
E2C7259B-02FE-4FAD-B3F6-2BE5588ACD44, 2021-01-30T02:24:35, true
E2C7259B-02FE-4FAD-B3F6-2BE5588ACD44, 2021-01-30T02:25:41, true
E2C7259B-02FE-4FAD-B3F6-2BE5588ACD44, 2021-01-30T02:26:43, true
E2C7259B-02FE-4FAD-B3F6-2BE5588ACD44, 2021-01-30T02:27:48, true
E2C7259B-02FE-4FAD-B3F6-2BE5588ACD44, 2021-01-30T02:28:54, true
E2C7259B-02FE-4FAD-B3F6-2BE5588ACD44, 2021-01-30T02:29:57, true
E2C7259B-02FE-4FAD-B3F6-2BE5588ACD44, 2021-01-30T02:31:07, true
E2C7259B-02FE-4FAD-B3F6-2BE5588ACD44, 2021-01-30T02:32:08, true
E2C7259B-02FE-4FAD-B3F6-2BE5588ACD44, 2021-01-30T02:33:09, true
E2C7259B-02FE-4FAD-B3F6-2BE5588ACD44, 2021-01-30T02:34:13, true
E2C7259B-02FE-4FAD-B3F6-2BE5588ACD44, 2021-01-30T02:35:19, true
E2C7259B-02FE-4FAD-B3F6-2BE5588ACD44, 2021-01-30T02:36:24, true
E2C7259B-02FE-4FAD-B3F6-2BE5588ACD44, 2021-01-30T02:37:25, true
E2C7259B-02FE-4FAD-B3F6-2BE5588ACD44, 2021-01-30T02:38:31, true
E2C7259B-02FE-4FAD-B3F6-2BE5588ACD44, 2021-01-30T02:39:36, true
E2C7259B-02FE-4FAD-B3F6-2BE5588ACD44, 2021-01-30T02:40:44, true
E2C7259B-02FE-4FAD-B3F6-2BE5588ACD44, 2021-01-30T02:41:49, true
E2C7259B-02FE-4FAD-B3F6-2BE5588ACD44, 2021-01-30T02:42:55, true
E2C7259B-02FE-4FAD-B3F6-2BE5588ACD44, 2021-01-30T02:44:01, true
E2C7259B-02FE-4FAD-B3F6-2BE5588ACD44, 2021-01-30T02:45:07, true
E2C7259B-02FE-4FAD-B3F6-2BE5588ACD44, 2021-01-30T02:46:08, true
E2C7259B-02FE-4FAD-B3F6-2BE5588ACD44, 2021-01-30T02:47:14, true
E2C7259B-02FE-4FAD-B3F6-2BE5588ACD44, 2021-01-30T02:48:20, true
E2C7259B-02FE-4FAD-B3F6-2BE5588ACD44, 2021-01-30T02:49:25, true
E2C7259B-02FE-4FAD-B3F6-2BE5588ACD44, 2021-01-30T02:50:33, true
E2C7259B-02FE-4FAD-B3F6-2BE5588ACD44, 2021-01-30T02:51:42, true
E2C7259B-02FE-4FAD-B3F6-2BE5588ACD44, 2021-01-30T02:52:49, true
E2C7259B-02FE-4FAD-B3F6-2BE5588ACD44, 2021-01-30T02:53:49, true
E2C7259B-02FE-4FAD-B3F6-2BE5588ACD44, 2021-01-30T02:54:49, true
E2C7259B-02FE-4FAD-B3F6-2BE5588ACD44, 2021-01-30T02:55:50, true
E2C7259B-02FE-4FAD-B3F6-2BE5588ACD44, 2021-01-30T02:56:55, true
E2C7259B-02FE-4FAD-B3F6-2BE5588ACD44, 2021-01-30T02:58:01, true
E2C7259B-02FE-4FAD-B3F6-2BE5588ACD44, 2021-01-30T02:59:07, true
E2C7259B-02FE-4FAD-B3F6-2BE5588ACD44, 2021-01-30T03:00:14, true
E2C7259B-02FE-4FAD-B3F6-2BE5588ACD44, 2021-01-30T03:01:18, true
E2C7259B-02FE-4FAD-B3F6-2BE5588ACD44, 2021-01-30T03:02:24, true
E2C7259B-02FE-4FAD-B3F6-2BE5588ACD44, 2021-01-30T03:03:30, true
E2C7259B-02FE-4FAD-B3F6-2BE5588ACD44, 2021-01-30T03:04:37, true
E2C7259B-02FE-4FAD-B3F6-2BE5588ACD44, 2021-01-30T03:05:45, true
E2C7259B-02FE-4FAD-B3F6-2BE5588ACD44, 2021-01-30T03:06:53, true
E2C7259B-02FE-4FAD-B3F6-2BE5588ACD44, 2021-01-30T03:07:59, true
E2C7259B-02FE-4FAD-B3F6-2BE5588ACD44, 2021-01-30T03:09:05, true
E2C7259B-02FE-4FAD-B3F6-2BE5588ACD44, 2021-01-30T03:10:11, true
E2C7259B-02FE-4FAD-B3F6-2BE5588ACD44, 2021-01-30T03:11:17, true
E2C7259B-02FE-4FAD-B3F6-2BE5588ACD44, 2021-01-30T03:12:20, true
E2C7259B-02FE-4FAD-B3F6-2BE5588ACD44, 2021-01-30T03:13:27, true
E2C7259B-02FE-4FAD-B3F6-2BE5588ACD44, 2021-01-30T03:14:34, true
E2C7259B-02FE-4FAD-B3F6-2BE5588ACD44, 2021-01-30T03:15:40, true
E2C7259B-02FE-4FAD-B3F6-2BE5588ACD44, 2021-01-30T03:16:46, true
E2C7259B-02FE-4FAD-B3F6-2BE5588ACD44, 2021-01-30T03:17:48, true
E2C7259B-02FE-4FAD-B3F6-2BE5588ACD44, 2021-01-30T03:18:54, true
E2C7259B-02FE-4FAD-B3F6-2BE5588ACD44, 2021-01-30T03:19:54, true
E2C7259B-02FE-4FAD-B3F6-2BE5588ACD44, 2021-01-30T03:21:01, true
E2C7259B-02FE-4FAD-B3F6-2BE5588ACD44, 2021-01-30T03:22:01, true
E2C7259B-02FE-4FAD-B3F6-2BE5588ACD44, 2021-01-30T03:23:07, true
E2C7259B-02FE-4FAD-B3F6-2BE5588ACD44, 2021-01-30T03:24:14, true
E2C7259B-02FE-4FAD-B3F6-2BE5588ACD44, 2021-01-30T03:25:18, true
E2C7259B-02FE-4FAD-B3F6-2BE5588ACD44, 2021-01-30T03:26:24, true
E2C7259B-02FE-4FAD-B3F6-2BE5588ACD44, 2021-01-30T03:27:25, true
E2C7259B-02FE-4FAD-B3F6-2BE5588ACD44, 2021-01-30T03:28:32, true
E2C7259B-02FE-4FAD-B3F6-2BE5588ACD44, 2021-01-30T03:29:36, true
E2C7259B-02FE-4FAD-B3F6-2BE5588ACD44, 2021-01-30T03:30:44, true
E2C7259B-02FE-4FAD-B3F6-2BE5588ACD44, 2021-01-30T03:31:51, true
E2C7259B-02FE-4FAD-B3F6-2BE5588ACD44, 2021-01-30T03:32:59, true
E2C7259B-02FE-4FAD-B3F6-2BE5588ACD44, 2021-01-30T03:34:03, true
E2C7259B-02FE-4FAD-B3F6-2BE5588ACD44, 2021-01-30T03:35:10, true
E2C7259B-02FE-4FAD-B3F6-2BE5588ACD44, 2021-01-30T03:36:16, true
E2C7259B-02FE-4FAD-B3F6-2BE5588ACD44, 2021-01-30T03:37:22, true
E2C7259B-02FE-4FAD-B3F6-2BE5588ACD44, 2021-01-30T03:38:28, true
E2C7259B-02FE-4FAD-B3F6-2BE5588ACD44, 2021-01-30T03:39:34, true
E2C7259B-02FE-4FAD-B3F6-2BE5588ACD44, 2021-01-30T03:40:41, true
E2C7259B-02FE-4FAD-B3F6-2BE5588ACD44, 2021-01-30T03:41:47, true
E2C7259B-02FE-4FAD-B3F6-2BE5588ACD44, 2021-01-30T03:42:55, true
E2C7259B-02FE-4FAD-B3F6-2BE5588ACD44, 2021-01-30T03:44:04, true
E2C7259B-02FE-4FAD-B3F6-2BE5588ACD44, 2021-01-30T03:45:14, true
E2C7259B-02FE-4FAD-B3F6-2BE5588ACD44, 2021-01-30T03:46:15, true
E2C7259B-02FE-4FAD-B3F6-2BE5588ACD44, 2021-01-30T03:47:20, true
E2C7259B-02FE-4FAD-B3F6-2BE5588ACD44, 2021-01-30T03:48:28, true
E2C7259B-02FE-4FAD-B3F6-2BE5588ACD44, 2021-01-30T03:49:29, true
E2C7259B-02FE-4FAD-B3F6-2BE5588ACD44, 2021-01-30T03:50:33, true
E2C7259B-02FE-4FAD-B3F6-2BE5588ACD44, 2021-01-30T03:51:35, true
E2C7259B-02FE-4FAD-B3F6-2BE5588ACD44, 2021-01-30T03:52:41, true
E2C7259B-02FE-4FAD-B3F6-2BE5588ACD44, 2021-01-30T03:53:47, true
E2C7259B-02FE-4FAD-B3F6-2BE5588ACD44, 2021-01-30T03:54:55, true
E2C7259B-02FE-4FAD-B3F6-2BE5588ACD44, 2021-01-30T03:56:01, true
E2C7259B-02FE-4FAD-B3F6-2BE5588ACD44, 2021-01-30T03:57:07, true
E2C7259B-02FE-4FAD-B3F6-2BE5588ACD44, 2021-01-30T03:58:13, true
E2C7259B-02FE-4FAD-B3F6-2BE5588ACD44, 2021-01-30T03:59:20, true
E2C7259B-02FE-4FAD-B3F6-2BE5588ACD44, 2021-01-30T04:00:24, true
E2C7259B-02FE-4FAD-B3F6-2BE5588ACD44, 2021-01-30T04:01:30, true
E2C7259B-02FE-4FAD-B3F6-2BE5588ACD44, 2021-01-30T04:02:36, true
E2C7259B-02FE-4FAD-B3F6-2BE5588ACD44, 2021-01-30T04:03:48, true
E2C7259B-02FE-4FAD-B3F6-2BE5588ACD44, 2021-01-30T04:04:53, true
E2C7259B-02FE-4FAD-B3F6-2BE5588ACD44, 2021-01-30T04:05:59, true
E2C7259B-02FE-4FAD-B3F6-2BE5588ACD44, 2021-01-30T04:07:07, true
E2C7259B-02FE-4FAD-B3F6-2BE5588ACD44, 2021-01-30T04:08:16, true
E2C7259B-02FE-4FAD-B3F6-2BE5588ACD44, 2021-01-30T04:09:17, true
E2C7259B-02FE-4FAD-B3F6-2BE5588ACD44, 2021-01-30T04:10:22, true
E2C7259B-02FE-4FAD-B3F6-2BE5588ACD44, 2021-01-30T04:11:28, true
E2C7259B-02FE-4FAD-B3F6-2BE5588ACD44, 2021-01-30T04:12:33, true
E2C7259B-02FE-4FAD-B3F6-2BE5588ACD44, 2021-01-30T04:13:44, true
E2C7259B-02FE-4FAD-B3F6-2BE5588ACD44, 2021-01-30T04:14:50, true
E2C7259B-02FE-4FAD-B3F6-2BE5588ACD44, 2021-01-30T04:15:51, true
E2C7259B-02FE-4FAD-B3F6-2BE5588ACD44, 2021-01-30T04:16:57, true
E2C7259B-02FE-4FAD-B3F6-2BE5588ACD44, 2021-01-30T04:18:02, true
E2C7259B-02FE-4FAD-B3F6-2BE5588ACD44, 2021-01-30T04:19:08, true
E2C7259B-02FE-4FAD-B3F6-2BE5588ACD44, 2021-01-30T04:20:14, true
E2C7259B-02FE-4FAD-B3F6-2BE5588ACD44, 2021-01-30T04:21:20, true
E2C7259B-02FE-4FAD-B3F6-2BE5588ACD44, 2021-01-30T04:22:26, true
E2C7259B-02FE-4FAD-B3F6-2BE5588ACD44, 2021-01-30T04:23:32, true
E2C7259B-02FE-4FAD-B3F6-2BE5588ACD44, 2021-01-30T04:24:37, true
E2C7259B-02FE-4FAD-B3F6-2BE5588ACD44, 2021-01-30T04:25:43, true
E2C7259B-02FE-4FAD-B3F6-2BE5588ACD44, 2021-01-30T04:26:50, true
E2C7259B-02FE-4FAD-B3F6-2BE5588ACD44, 2021-01-30T04:27:54, true
E2C7259B-02FE-4FAD-B3F6-2BE5588ACD44, 2021-01-30T04:28:59, true
E2C7259B-02FE-4FAD-B3F6-2BE5588ACD44, 2021-01-30T04:30:11, true
E2C7259B-02FE-4FAD-B3F6-2BE5588ACD44, 2021-01-30T04:31:11, true
E2C7259B-02FE-4FAD-B3F6-2BE5588ACD44, 2021-01-30T04:32:14, true
E2C7259B-02FE-4FAD-B3F6-2BE5588ACD44, 2021-01-30T04:33:20, true
E2C7259B-02FE-4FAD-B3F6-2BE5588ACD44, 2021-01-30T04:34:21, true
E2C7259B-02FE-4FAD-B3F6-2BE5588ACD44, 2021-01-30T04:35:28, true
E2C7259B-02FE-4FAD-B3F6-2BE5588ACD44, 2021-01-30T04:36:32, true
E2C7259B-02FE-4FAD-B3F6-2BE5588ACD44, 2021-01-30T04:37:38, true
E2C7259B-02FE-4FAD-B3F6-2BE5588ACD44, 2021-01-30T04:38:46, true
E2C7259B-02FE-4FAD-B3F6-2BE5588ACD44, 2021-01-30T04:39:55, true
E2C7259B-02FE-4FAD-B3F6-2BE5588ACD44, 2021-01-30T04:41:01, true
E2C7259B-02FE-4FAD-B3F6-2BE5588ACD44, 2021-01-30T04:42:15, true
E2C7259B-02FE-4FAD-B3F6-2BE5588ACD44, 2021-01-30T04:43:18, true
E2C7259B-02FE-4FAD-B3F6-2BE5588ACD44, 2021-01-30T04:44:28, true
E2C7259B-02FE-4FAD-B3F6-2BE5588ACD44, 2021-01-30T04:45:33, true
E2C7259B-02FE-4FAD-B3F6-2BE5588ACD44, 2021-01-30T04:46:34, true
E2C7259B-02FE-4FAD-B3F6-2BE5588ACD44, 2021-01-30T04:47:40, true
E2C7259B-02FE-4FAD-B3F6-2BE5588ACD44, 2021-01-30T04:48:41, true
E2C7259B-02FE-4FAD-B3F6-2BE5588ACD44, 2021-01-30T04:49:47, true
E2C7259B-02FE-4FAD-B3F6-2BE5588ACD44, 2021-01-30T04:50:54, true
E2C7259B-02FE-4FAD-B3F6-2BE5588ACD44, 2021-01-30T04:52:03, true
E2C7259B-02FE-4FAD-B3F6-2BE5588ACD44, 2021-01-30T04:53:06, true
E2C7259B-02FE-4FAD-B3F6-2BE5588ACD44, 2021-01-30T04:54:18, true
E2C7259B-02FE-4FAD-B3F6-2BE5588ACD44, 2021-01-30T04:55:19, true
E2C7259B-02FE-4FAD-B3F6-2BE5588ACD44, 2021-01-30T04:56:19, true
E2C7259B-02FE-4FAD-B3F6-2BE5588ACD44, 2021-01-30T04:57:24, true
E2C7259B-02FE-4FAD-B3F6-2BE5588ACD44, 2021-01-30T04:58:30, true
E2C7259B-02FE-4FAD-B3F6-2BE5588ACD44, 2021-01-30T04:59:36, true
E2C7259B-02FE-4FAD-B3F6-2BE5588ACD44, 2021-01-30T05:00:38, true
E2C7259B-02FE-4FAD-B3F6-2BE5588ACD44, 2021-01-30T05:01:44, true
E2C7259B-02FE-4FAD-B3F6-2BE5588ACD44, 2021-01-30T05:02:49, true
E2C7259B-02FE-4FAD-B3F6-2BE5588ACD44, 2021-01-30T05:03:50, true
E2C7259B-02FE-4FAD-B3F6-2BE5588ACD44, 2021-01-30T05:04:56, true
E2C7259B-02FE-4FAD-B3F6-2BE5588ACD44, 2021-01-30T05:06:02, true
E2C7259B-02FE-4FAD-B3F6-2BE5588ACD44, 2021-01-30T05:07:04, true
E2C7259B-02FE-4FAD-B3F6-2BE5588ACD44, 2021-01-30T05:08:08, true
E2C7259B-02FE-4FAD-B3F6-2BE5588ACD44, 2021-01-30T05:09:14, true
E2C7259B-02FE-4FAD-B3F6-2BE5588ACD44, 2021-01-30T05:10:20, true
E2C7259B-02FE-4FAD-B3F6-2BE5588ACD44, 2021-01-30T05:11:32, true
E2C7259B-02FE-4FAD-B3F6-2BE5588ACD44, 2021-01-30T05:12:42, true
E2C7259B-02FE-4FAD-B3F6-2BE5588ACD44, 2021-01-30T05:13:47, true
E2C7259B-02FE-4FAD-B3F6-2BE5588ACD44, 2021-01-30T05:14:52, true
E2C7259B-02FE-4FAD-B3F6-2BE5588ACD44, 2021-01-30T05:15:59, true
E2C7259B-02FE-4FAD-B3F6-2BE5588ACD44, 2021-01-30T05:17:03, true
E2C7259B-02FE-4FAD-B3F6-2BE5588ACD44, 2021-01-30T05:18:09, true
E2C7259B-02FE-4FAD-B3F6-2BE5588ACD44, 2021-01-30T05:19:14, true
E2C7259B-02FE-4FAD-B3F6-2BE5588ACD44, 2021-01-30T05:20:17, true
E2C7259B-02FE-4FAD-B3F6-2BE5588ACD44, 2021-01-30T05:21:20, true
E2C7259B-02FE-4FAD-B3F6-2BE5588ACD44, 2021-01-30T05:22:27, true
E2C7259B-02FE-4FAD-B3F6-2BE5588ACD44, 2021-01-30T05:23:34, true
E2C7259B-02FE-4FAD-B3F6-2BE5588ACD44, 2021-01-30T05:24:37, true
E2C7259B-02FE-4FAD-B3F6-2BE5588ACD44, 2021-01-30T05:25:39, true
E2C7259B-02FE-4FAD-B3F6-2BE5588ACD44, 2021-01-30T05:26:44, true
E2C7259B-02FE-4FAD-B3F6-2BE5588ACD44, 2021-01-30T05:27:50, true
E2C7259B-02FE-4FAD-B3F6-2BE5588ACD44, 2021-01-30T05:28:56, true
E2C7259B-02FE-4FAD-B3F6-2BE5588ACD44, 2021-01-30T05:30:10, true
E2C7259B-02FE-4FAD-B3F6-2BE5588ACD44, 2021-01-30T05:31:15, true
E2C7259B-02FE-4FAD-B3F6-2BE5588ACD44, 2021-01-30T05:32:20, true
E2C7259B-02FE-4FAD-B3F6-2BE5588ACD44, 2021-01-30T05:33:20, true
E2C7259B-02FE-4FAD-B3F6-2BE5588ACD44, 2021-01-30T05:34:26, true
E2C7259B-02FE-4FAD-B3F6-2BE5588ACD44, 2021-01-30T05:35:31, true
E2C7259B-02FE-4FAD-B3F6-2BE5588ACD44, 2021-01-30T05:36:39, true
E2C7259B-02FE-4FAD-B3F6-2BE5588ACD44, 2021-01-30T05:37:42, true
E2C7259B-02FE-4FAD-B3F6-2BE5588ACD44, 2021-01-30T05:38:43, true
E2C7259B-02FE-4FAD-B3F6-2BE5588ACD44, 2021-01-30T05:39:49, true
E2C7259B-02FE-4FAD-B3F6-2BE5588ACD44, 2021-01-30T05:41:03, true
E2C7259B-02FE-4FAD-B3F6-2BE5588ACD44, 2021-01-30T05:42:06, true
E2C7259B-02FE-4FAD-B3F6-2BE5588ACD44, 2021-01-30T05:43:12, true
E2C7259B-02FE-4FAD-B3F6-2BE5588ACD44, 2021-01-30T05:44:17, true
E2C7259B-02FE-4FAD-B3F6-2BE5588ACD44, 2021-01-30T05:45:18, true
E2C7259B-02FE-4FAD-B3F6-2BE5588ACD44, 2021-01-30T05:46:24, true
E2C7259B-02FE-4FAD-B3F6-2BE5588ACD44, 2021-01-30T05:47:30, true
E2C7259B-02FE-4FAD-B3F6-2BE5588ACD44, 2021-01-30T05:48:37, true
E2C7259B-02FE-4FAD-B3F6-2BE5588ACD44, 2021-01-30T05:49:43, true
E2C7259B-02FE-4FAD-B3F6-2BE5588ACD44, 2021-01-30T05:50:48, true
E2C7259B-02FE-4FAD-B3F6-2BE5588ACD44, 2021-01-30T05:51:56, true
E2C7259B-02FE-4FAD-B3F6-2BE5588ACD44, 2021-01-30T05:52:58, true
E2C7259B-02FE-4FAD-B3F6-2BE5588ACD44, 2021-01-30T05:54:04, true
E2C7259B-02FE-4FAD-B3F6-2BE5588ACD44, 2021-01-30T05:55:12, true
E2C7259B-02FE-4FAD-B3F6-2BE5588ACD44, 2021-01-30T05:56:15, true
E2C7259B-02FE-4FAD-B3F6-2BE5588ACD44, 2021-01-30T05:57:21, true
E2C7259B-02FE-4FAD-B3F6-2BE5588ACD44, 2021-01-30T05:58:27, true
E2C7259B-02FE-4FAD-B3F6-2BE5588ACD44, 2021-01-30T05:59:33, true
E2C7259B-02FE-4FAD-B3F6-2BE5588ACD44, 2021-01-30T06:00:38, true
E2C7259B-02FE-4FAD-B3F6-2BE5588ACD44, 2021-01-30T06:01:44, true
E2C7259B-02FE-4FAD-B3F6-2BE5588ACD44, 2021-01-30T06:02:45, true
E2C7259B-02FE-4FAD-B3F6-2BE5588ACD44, 2021-01-30T06:03:51, true
E2C7259B-02FE-4FAD-B3F6-2BE5588ACD44, 2021-01-30T06:04:58, true
E2C7259B-02FE-4FAD-B3F6-2BE5588ACD44, 2021-01-30T06:06:02, true
E2C7259B-02FE-4FAD-B3F6-2BE5588ACD44, 2021-01-30T06:07:02, true
E2C7259B-02FE-4FAD-B3F6-2BE5588ACD44, 2021-01-30T06:08:08, true
E2C7259B-02FE-4FAD-B3F6-2BE5588ACD44, 2021-01-30T06:09:14, true
E2C7259B-02FE-4FAD-B3F6-2BE5588ACD44, 2021-01-30T06:10:20, true
E2C7259B-02FE-4FAD-B3F6-2BE5588ACD44, 2021-01-30T06:11:26, true
E2C7259B-02FE-4FAD-B3F6-2BE5588ACD44, 2021-01-30T06:12:33, true
E2C7259B-02FE-4FAD-B3F6-2BE5588ACD44, 2021-01-30T06:13:34, true
E2C7259B-02FE-4FAD-B3F6-2BE5588ACD44, 2021-01-30T06:14:40, true
E2C7259B-02FE-4FAD-B3F6-2BE5588ACD44, 2021-01-30T06:15:46, true
E2C7259B-02FE-4FAD-B3F6-2BE5588ACD44, 2021-01-30T06:16:52, true
E2C7259B-02FE-4FAD-B3F6-2BE5588ACD44, 2021-01-30T06:17:57, true
E2C7259B-02FE-4FAD-B3F6-2BE5588ACD44, 2021-01-30T06:18:58, true
E2C7259B-02FE-4FAD-B3F6-2BE5588ACD44, 2021-01-30T06:20:08, true
E2C7259B-02FE-4FAD-B3F6-2BE5588ACD44, 2021-01-30T06:21:17, true
E2C7259B-02FE-4FAD-B3F6-2BE5588ACD44, 2021-01-30T06:22:25, true
E2C7259B-02FE-4FAD-B3F6-2BE5588ACD44, 2021-01-30T06:23:25, true
E2C7259B-02FE-4FAD-B3F6-2BE5588ACD44, 2021-01-30T06:24:31, true
E2C7259B-02FE-4FAD-B3F6-2BE5588ACD44, 2021-01-30T06:25:37, true
E2C7259B-02FE-4FAD-B3F6-2BE5588ACD44, 2021-01-30T06:26:43, true
E2C7259B-02FE-4FAD-B3F6-2BE5588ACD44, 2021-01-30T06:27:48, true
E2C7259B-02FE-4FAD-B3F6-2BE5588ACD44, 2021-01-30T06:28:53, true
E2C7259B-02FE-4FAD-B3F6-2BE5588ACD44, 2021-01-30T06:30:01, true
E2C7259B-02FE-4FAD-B3F6-2BE5588ACD44, 2021-01-30T06:31:04, true
E2C7259B-02FE-4FAD-B3F6-2BE5588ACD44, 2021-01-30T06:32:05, true
E2C7259B-02FE-4FAD-B3F6-2BE5588ACD44, 2021-01-30T06:33:06, true
E2C7259B-02FE-4FAD-B3F6-2BE5588ACD44, 2021-01-30T06:34:13, true
E2C7259B-02FE-4FAD-B3F6-2BE5588ACD44, 2021-01-30T06:35:14, true
E2C7259B-02FE-4FAD-B3F6-2BE5588ACD44, 2021-01-30T06:36:25, true
E2C7259B-02FE-4FAD-B3F6-2BE5588ACD44, 2021-01-30T06:37:25, true
E2C7259B-02FE-4FAD-B3F6-2BE5588ACD44, 2021-01-30T06:38:34, true
E2C7259B-02FE-4FAD-B3F6-2BE5588ACD44, 2021-01-30T06:39:37, true
E2C7259B-02FE-4FAD-B3F6-2BE5588ACD44, 2021-01-30T06:40:43, true
E2C7259B-02FE-4FAD-B3F6-2BE5588ACD44, 2021-01-30T06:41:52, true
E2C7259B-02FE-4FAD-B3F6-2BE5588ACD44, 2021-01-30T06:42:58, true
E2C7259B-02FE-4FAD-B3F6-2BE5588ACD44, 2021-01-30T06:44:04, true
E2C7259B-02FE-4FAD-B3F6-2BE5588ACD44, 2021-01-30T06:45:09, true
E2C7259B-02FE-4FAD-B3F6-2BE5588ACD44, 2021-01-30T06:46:15, true
E2C7259B-02FE-4FAD-B3F6-2BE5588ACD44, 2021-01-30T06:47:21, true
E2C7259B-02FE-4FAD-B3F6-2BE5588ACD44, 2021-01-30T06:48:26, true
E2C7259B-02FE-4FAD-B3F6-2BE5588ACD44, 2021-01-30T06:49:33, true
E2C7259B-02FE-4FAD-B3F6-2BE5588ACD44, 2021-01-30T06:50:38, true
E2C7259B-02FE-4FAD-B3F6-2BE5588ACD44, 2021-01-30T06:51:44, true
E2C7259B-02FE-4FAD-B3F6-2BE5588ACD44, 2021-01-30T06:52:57, true
E2C7259B-02FE-4FAD-B3F6-2BE5588ACD44, 2021-01-30T06:54:02, true
E2C7259B-02FE-4FAD-B3F6-2BE5588ACD44, 2021-01-30T06:55:07, true
E2C7259B-02FE-4FAD-B3F6-2BE5588ACD44, 2021-01-30T06:56:19, true
E2C7259B-02FE-4FAD-B3F6-2BE5588ACD44, 2021-01-30T06:57:25, true
E2C7259B-02FE-4FAD-B3F6-2BE5588ACD44, 2021-01-30T06:58:32, true
E2C7259B-02FE-4FAD-B3F6-2BE5588ACD44, 2021-01-30T06:59:40, true
E2C7259B-02FE-4FAD-B3F6-2BE5588ACD44, 2021-01-30T07:00:43, true
E2C7259B-02FE-4FAD-B3F6-2BE5588ACD44, 2021-01-30T07:01:49, true
E2C7259B-02FE-4FAD-B3F6-2BE5588ACD44, 2021-01-30T07:02:49, true
E2C7259B-02FE-4FAD-B3F6-2BE5588ACD44, 2021-01-30T07:03:56, true
E2C7259B-02FE-4FAD-B3F6-2BE5588ACD44, 2021-01-30T07:05:01, true
E2C7259B-02FE-4FAD-B3F6-2BE5588ACD44, 2021-01-30T07:06:12, true
E2C7259B-02FE-4FAD-B3F6-2BE5588ACD44, 2021-01-30T07:07:19, true
E2C7259B-02FE-4FAD-B3F6-2BE5588ACD44, 2021-01-30T07:08:30, true
E2C7259B-02FE-4FAD-B3F6-2BE5588ACD44, 2021-01-30T07:09:35, true
E2C7259B-02FE-4FAD-B3F6-2BE5588ACD44, 2021-01-30T07:10:43, true
E2C7259B-02FE-4FAD-B3F6-2BE5588ACD44, 2021-01-30T07:11:52, true
E2C7259B-02FE-4FAD-B3F6-2BE5588ACD44, 2021-01-30T07:12:58, true
E2C7259B-02FE-4FAD-B3F6-2BE5588ACD44, 2021-01-30T07:14:04, true
E2C7259B-02FE-4FAD-B3F6-2BE5588ACD44, 2021-01-30T07:15:10, true
E2C7259B-02FE-4FAD-B3F6-2BE5588ACD44, 2021-01-30T07:16:21, true
E2C7259B-02FE-4FAD-B3F6-2BE5588ACD44, 2021-01-30T07:17:26, true
E2C7259B-02FE-4FAD-B3F6-2BE5588ACD44, 2021-01-30T07:18:32, true
E2C7259B-02FE-4FAD-B3F6-2BE5588ACD44, 2021-01-30T07:19:38, true
E2C7259B-02FE-4FAD-B3F6-2BE5588ACD44, 2021-01-30T07:20:43, true
E2C7259B-02FE-4FAD-B3F6-2BE5588ACD44, 2021-01-30T07:21:49, true
E2C7259B-02FE-4FAD-B3F6-2BE5588ACD44, 2021-01-30T07:22:53, true
E2C7259B-02FE-4FAD-B3F6-2BE5588ACD44, 2021-01-30T07:23:59, true
E2C7259B-02FE-4FAD-B3F6-2BE5588ACD44, 2021-01-30T07:25:07, true
E2C7259B-02FE-4FAD-B3F6-2BE5588ACD44, 2021-01-30T07:26:16, true
E2C7259B-02FE-4FAD-B3F6-2BE5588ACD44, 2021-01-30T07:27:21, true
E2C7259B-02FE-4FAD-B3F6-2BE5588ACD44, 2021-01-30T07:28:33, true
E2C7259B-02FE-4FAD-B3F6-2BE5588ACD44, 2021-01-30T07:29:39, true
E2C7259B-02FE-4FAD-B3F6-2BE5588ACD44, 2021-01-30T07:30:43, true
E2C7259B-02FE-4FAD-B3F6-2BE5588ACD44, 2021-01-30T07:31:44, true
E2C7259B-02FE-4FAD-B3F6-2BE5588ACD44, 2021-01-30T07:32:54, true
E2C7259B-02FE-4FAD-B3F6-2BE5588ACD44, 2021-01-30T07:34:01, true
E2C7259B-02FE-4FAD-B3F6-2BE5588ACD44, 2021-01-30T07:35:05, true
E2C7259B-02FE-4FAD-B3F6-2BE5588ACD44, 2021-01-30T07:36:13, true
E2C7259B-02FE-4FAD-B3F6-2BE5588ACD44, 2021-01-30T07:37:16, true
E2C7259B-02FE-4FAD-B3F6-2BE5588ACD44, 2021-01-30T07:38:18, true
E2C7259B-02FE-4FAD-B3F6-2BE5588ACD44, 2021-01-30T07:39:28, true
E2C7259B-02FE-4FAD-B3F6-2BE5588ACD44, 2021-01-30T07:40:37, true
E2C7259B-02FE-4FAD-B3F6-2BE5588ACD44, 2021-01-30T07:41:41, true
E2C7259B-02FE-4FAD-B3F6-2BE5588ACD44, 2021-01-30T07:42:48, true
E2C7259B-02FE-4FAD-B3F6-2BE5588ACD44, 2021-01-30T07:43:58, true
E2C7259B-02FE-4FAD-B3F6-2BE5588ACD44, 2021-01-30T07:45:05, true
E2C7259B-02FE-4FAD-B3F6-2BE5588ACD44, 2021-01-30T07:46:14, true
E2C7259B-02FE-4FAD-B3F6-2BE5588ACD44, 2021-01-30T07:47:24, true
E2C7259B-02FE-4FAD-B3F6-2BE5588ACD44, 2021-01-30T07:48:30, true
E2C7259B-02FE-4FAD-B3F6-2BE5588ACD44, 2021-01-30T07:49:32, true
E2C7259B-02FE-4FAD-B3F6-2BE5588ACD44, 2021-01-30T07:50:36, true
E2C7259B-02FE-4FAD-B3F6-2BE5588ACD44, 2021-01-30T07:51:42, true
E2C7259B-02FE-4FAD-B3F6-2BE5588ACD44, 2021-01-30T07:52:49, true
E2C7259B-02FE-4FAD-B3F6-2BE5588ACD44, 2021-01-30T07:53:55, true
E2C7259B-02FE-4FAD-B3F6-2BE5588ACD44, 2021-01-30T07:54:57, true
E2C7259B-02FE-4FAD-B3F6-2BE5588ACD44, 2021-01-30T07:56:02, true
E2C7259B-02FE-4FAD-B3F6-2BE5588ACD44, 2021-01-30T07:57:08, true
E2C7259B-02FE-4FAD-B3F6-2BE5588ACD44, 2021-01-30T07:58:13, true
E2C7259B-02FE-4FAD-B3F6-2BE5588ACD44, 2021-01-30T07:59:15, true
E2C7259B-02FE-4FAD-B3F6-2BE5588ACD44, 2021-01-30T08:00:23, true
E2C7259B-02FE-4FAD-B3F6-2BE5588ACD44, 2021-01-30T08:01:26, true
E2C7259B-02FE-4FAD-B3F6-2BE5588ACD44, 2021-01-30T08:02:31, true
E2C7259B-02FE-4FAD-B3F6-2BE5588ACD44, 2021-01-30T08:03:37, true
E2C7259B-02FE-4FAD-B3F6-2BE5588ACD44, 2021-01-30T08:04:45, true
E2C7259B-02FE-4FAD-B3F6-2BE5588ACD44, 2021-01-30T08:05:58, true
E2C7259B-02FE-4FAD-B3F6-2BE5588ACD44, 2021-01-30T08:07:02, true
E2C7259B-02FE-4FAD-B3F6-2BE5588ACD44, 2021-01-30T08:08:06, true
E2C7259B-02FE-4FAD-B3F6-2BE5588ACD44, 2021-01-30T08:09:10, true
E2C7259B-02FE-4FAD-B3F6-2BE5588ACD44, 2021-01-30T08:10:16, true
E2C7259B-02FE-4FAD-B3F6-2BE5588ACD44, 2021-01-30T08:11:16, false
E2C7259B-02FE-4FAD-B3F6-2BE5588ACD44, 2021-01-30T08:12:16, false
E2C7259B-02FE-4FAD-B3F6-2BE5588ACD44, 2021-01-30T08:13:26, true
E2C7259B-02FE-4FAD-B3F6-2BE5588ACD44, 2021-01-30T08:14:26, false
E2C7259B-02FE-4FAD-B3F6-2BE5588ACD44, 2021-01-30T08:14:58, true
E2C7259B-02FE-4FAD-B3F6-2BE5588ACD44, 2021-01-30T08:16:02, true
E2C7259B-02FE-4FAD-B3F6-2BE5588ACD44, 2021-01-30T08:17:02, false
E2C7259B-02FE-4FAD-B3F6-2BE5588ACD44, 2021-01-30T08:18:17, true
E2C7259B-02FE-4FAD-B3F6-2BE5588ACD44, 2021-01-30T08:19:17, false
E2C7259B-02FE-4FAD-B3F6-2BE5588ACD44, 2021-01-30T08:20:46, true
E2C7259B-02FE-4FAD-B3F6-2BE5588ACD44, 2021-01-30T08:21:58, true
E2C7259B-02FE-4FAD-B3F6-2BE5588ACD44, 2021-01-30T08:23:21, true
E2C7259B-02FE-4FAD-B3F6-2BE5588ACD44, 2021-01-30T08:24:21, false
E2C7259B-02FE-4FAD-B3F6-2BE5588ACD44, 2021-01-30T08:25:21, false
E2C7259B-02FE-4FAD-B3F6-2BE5588ACD44, 2021-01-30T08:26:21, false
E2C7259B-02FE-4FAD-B3F6-2BE5588ACD44, 2021-01-30T08:27:09, true
E2C7259B-02FE-4FAD-B3F6-2BE5588ACD44, 2021-01-30T08:28:09, false
E2C7259B-02FE-4FAD-B3F6-2BE5588ACD44, 2021-01-30T08:29:21, true
E2C7259B-02FE-4FAD-B3F6-2BE5588ACD44, 2021-01-30T08:30:31, true
E2C7259B-02FE-4FAD-B3F6-2BE5588ACD44, 2021-01-30T08:31:59, true
E2C7259B-02FE-4FAD-B3F6-2BE5588ACD44, 2021-01-30T08:33:03, true
E2C7259B-02FE-4FAD-B3F6-2BE5588ACD44, 2021-01-30T08:34:12, true
E2C7259B-02FE-4FAD-B3F6-2BE5588ACD44, 2021-01-30T08:35:12, true
E2C7259B-02FE-4FAD-B3F6-2BE5588ACD44, 2021-01-30T08:36:17, true
E2C7259B-02FE-4FAD-B3F6-2BE5588ACD44, 2021-01-30T08:37:23, true
E2C7259B-02FE-4FAD-B3F6-2BE5588ACD44, 2021-01-30T08:38:29, true
E2C7259B-02FE-4FAD-B3F6-2BE5588ACD44, 2021-01-30T08:39:34, true
E2C7259B-02FE-4FAD-B3F6-2BE5588ACD44, 2021-01-30T08:40:36, true
E2C7259B-02FE-4FAD-B3F6-2BE5588ACD44, 2021-01-30T08:41:48, true
E2C7259B-02FE-4FAD-B3F6-2BE5588ACD44, 2021-01-30T08:42:55, true
E2C7259B-02FE-4FAD-B3F6-2BE5588ACD44, 2021-01-30T08:44:00, true
E2C7259B-02FE-4FAD-B3F6-2BE5588ACD44, 2021-01-30T08:45:08, true
E2C7259B-02FE-4FAD-B3F6-2BE5588ACD44, 2021-01-30T08:46:12, true
E2C7259B-02FE-4FAD-B3F6-2BE5588ACD44, 2021-01-30T08:47:16, true
E2C7259B-02FE-4FAD-B3F6-2BE5588ACD44, 2021-01-30T08:48:16, false
E2C7259B-02FE-4FAD-B3F6-2BE5588ACD44, 2021-01-30T08:49:16, false
E2C7259B-02FE-4FAD-B3F6-2BE5588ACD44, 2021-01-30T08:50:16, false
E2C7259B-02FE-4FAD-B3F6-2BE5588ACD44, 2021-01-30T08:51:30, true
E2C7259B-02FE-4FAD-B3F6-2BE5588ACD44, 2021-01-30T08:52:30, false
E2C7259B-02FE-4FAD-B3F6-2BE5588ACD44, 2021-01-30T08:53:30, false
E2C7259B-02FE-4FAD-B3F6-2BE5588ACD44, 2021-01-30T08:54:30, false
E2C7259B-02FE-4FAD-B3F6-2BE5588ACD44, 2021-01-30T08:55:00, true
E2C7259B-02FE-4FAD-B3F6-2BE5588ACD44, 2021-01-30T08:56:24, true
E2C7259B-02FE-4FAD-B3F6-2BE5588ACD44, 2021-01-30T08:57:33, true
E2C7259B-02FE-4FAD-B3F6-2BE5588ACD44, 2021-01-30T08:58:33, false
E2C7259B-02FE-4FAD-B3F6-2BE5588ACD44, 2021-01-30T08:59:33, false
E2C7259B-02FE-4FAD-B3F6-2BE5588ACD44, 2021-01-30T09:00:33, false
E2C7259B-02FE-4FAD-B3F6-2BE5588ACD44, 2021-01-30T09:01:17, true
E2C7259B-02FE-4FAD-B3F6-2BE5588ACD44, 2021-01-30T09:02:17, false
E2C7259B-02FE-4FAD-B3F6-2BE5588ACD44, 2021-01-30T09:03:17, false
E2C7259B-02FE-4FAD-B3F6-2BE5588ACD44, 2021-01-30T09:04:17, false
E2C7259B-02FE-4FAD-B3F6-2BE5588ACD44, 2021-01-30T09:05:17, false
E2C7259B-02FE-4FAD-B3F6-2BE5588ACD44, 2021-01-30T09:06:17, false
E2C7259B-02FE-4FAD-B3F6-2BE5588ACD44, 2021-01-30T09:07:10, true
E2C7259B-02FE-4FAD-B3F6-2BE5588ACD44, 2021-01-30T09:08:10, false
E2C7259B-02FE-4FAD-B3F6-2BE5588ACD44, 2021-01-30T09:09:10, false
E2C7259B-02FE-4FAD-B3F6-2BE5588ACD44, 2021-01-30T09:10:33, true
E2C7259B-02FE-4FAD-B3F6-2BE5588ACD44, 2021-01-30T09:11:33, false
E2C7259B-02FE-4FAD-B3F6-2BE5588ACD44, 2021-01-30T09:12:38, true
E2C7259B-02FE-4FAD-B3F6-2BE5588ACD44, 2021-01-30T09:13:53, true
E2C7259B-02FE-4FAD-B3F6-2BE5588ACD44, 2021-01-30T09:15:05, true
E2C7259B-02FE-4FAD-B3F6-2BE5588ACD44, 2021-01-30T09:16:05, false
E2C7259B-02FE-4FAD-B3F6-2BE5588ACD44, 2021-01-30T09:16:54, true
E2C7259B-02FE-4FAD-B3F6-2BE5588ACD44, 2021-01-30T09:17:54, false
E2C7259B-02FE-4FAD-B3F6-2BE5588ACD44, 2021-01-30T09:18:54, false
E2C7259B-02FE-4FAD-B3F6-2BE5588ACD44, 2021-01-30T09:19:54, false
E2C7259B-02FE-4FAD-B3F6-2BE5588ACD44, 2021-01-30T09:20:58, true
E2C7259B-02FE-4FAD-B3F6-2BE5588ACD44, 2021-01-30T09:22:12, true
E2C7259B-02FE-4FAD-B3F6-2BE5588ACD44, 2021-01-30T09:23:29, true
E2C7259B-02FE-4FAD-B3F6-2BE5588ACD44, 2021-01-30T09:24:29, false
E2C7259B-02FE-4FAD-B3F6-2BE5588ACD44, 2021-01-30T09:25:29, false
E2C7259B-02FE-4FAD-B3F6-2BE5588ACD44, 2021-01-30T09:26:29, false
E2C7259B-02FE-4FAD-B3F6-2BE5588ACD44, 2021-01-30T09:27:10, true
E2C7259B-02FE-4FAD-B3F6-2BE5588ACD44, 2021-01-30T09:28:18, true
E2C7259B-02FE-4FAD-B3F6-2BE5588ACD44, 2021-01-30T09:29:19, true
E2C7259B-02FE-4FAD-B3F6-2BE5588ACD44, 2021-01-30T09:30:25, true
E2C7259B-02FE-4FAD-B3F6-2BE5588ACD44, 2021-01-30T09:31:45, true
E2C7259B-02FE-4FAD-B3F6-2BE5588ACD44, 2021-01-30T09:32:52, true
E2C7259B-02FE-4FAD-B3F6-2BE5588ACD44, 2021-01-30T09:33:55, true
E2C7259B-02FE-4FAD-B3F6-2BE5588ACD44, 2021-01-30T09:34:55, false
E2C7259B-02FE-4FAD-B3F6-2BE5588ACD44, 2021-01-30T09:35:55, false
E2C7259B-02FE-4FAD-B3F6-2BE5588ACD44, 2021-01-30T09:36:55, false
E2C7259B-02FE-4FAD-B3F6-2BE5588ACD44, 2021-01-30T09:37:55, false
E2C7259B-02FE-4FAD-B3F6-2BE5588ACD44, 2021-01-30T09:38:55, false
E2C7259B-02FE-4FAD-B3F6-2BE5588ACD44, 2021-01-30T09:39:55, false
E2C7259B-02FE-4FAD-B3F6-2BE5588ACD44, 2021-01-30T09:40:55, false
E2C7259B-02FE-4FAD-B3F6-2BE5588ACD44, 2021-01-30T09:41:55, false
E2C7259B-02FE-4FAD-B3F6-2BE5588ACD44, 2021-01-30T09:42:55, false
E2C7259B-02FE-4FAD-B3F6-2BE5588ACD44, 2021-01-30T09:43:55, false
E2C7259B-02FE-4FAD-B3F6-2BE5588ACD44, 2021-01-30T09:44:55, false
E2C7259B-02FE-4FAD-B3F6-2BE5588ACD44, 2021-01-30T09:45:55, false
E2C7259B-02FE-4FAD-B3F6-2BE5588ACD44, 2021-01-30T09:46:55, false
E2C7259B-02FE-4FAD-B3F6-2BE5588ACD44, 2021-01-30T09:47:55, false
E2C7259B-02FE-4FAD-B3F6-2BE5588ACD44, 2021-01-30T09:48:55, false
E2C7259B-02FE-4FAD-B3F6-2BE5588ACD44, 2021-01-30T09:49:55, false
E2C7259B-02FE-4FAD-B3F6-2BE5588ACD44, 2021-01-30T09:50:55, false
E2C7259B-02FE-4FAD-B3F6-2BE5588ACD44, 2021-01-30T09:51:55, false
E2C7259B-02FE-4FAD-B3F6-2BE5588ACD44, 2021-01-30T09:52:55, false
E2C7259B-02FE-4FAD-B3F6-2BE5588ACD44, 2021-01-30T09:53:55, false
E2C7259B-02FE-4FAD-B3F6-2BE5588ACD44, 2021-01-30T09:54:55, false
E2C7259B-02FE-4FAD-B3F6-2BE5588ACD44, 2021-01-30T09:55:55, false
E2C7259B-02FE-4FAD-B3F6-2BE5588ACD44, 2021-01-30T09:56:55, false
E2C7259B-02FE-4FAD-B3F6-2BE5588ACD44, 2021-01-30T09:57:55, false
E2C7259B-02FE-4FAD-B3F6-2BE5588ACD44, 2021-01-30T09:58:55, false
E2C7259B-02FE-4FAD-B3F6-2BE5588ACD44, 2021-01-30T09:59:55, false
E2C7259B-02FE-4FAD-B3F6-2BE5588ACD44, 2021-01-30T10:00:55, false
E2C7259B-02FE-4FAD-B3F6-2BE5588ACD44, 2021-01-30T10:01:55, false
E2C7259B-02FE-4FAD-B3F6-2BE5588ACD44, 2021-01-30T10:02:55, false
E2C7259B-02FE-4FAD-B3F6-2BE5588ACD44, 2021-01-30T10:03:55, false
E2C7259B-02FE-4FAD-B3F6-2BE5588ACD44, 2021-01-30T10:04:55, false
E2C7259B-02FE-4FAD-B3F6-2BE5588ACD44, 2021-01-30T10:05:55, false
E2C7259B-02FE-4FAD-B3F6-2BE5588ACD44, 2021-01-30T10:06:55, false
E2C7259B-02FE-4FAD-B3F6-2BE5588ACD44, 2021-01-30T10:07:55, false
E2C7259B-02FE-4FAD-B3F6-2BE5588ACD44, 2021-01-30T10:08:55, false
E2C7259B-02FE-4FAD-B3F6-2BE5588ACD44, 2021-01-30T10:09:55, false
E2C7259B-02FE-4FAD-B3F6-2BE5588ACD44, 2021-01-30T10:10:55, false
E2C7259B-02FE-4FAD-B3F6-2BE5588ACD44, 2021-01-30T10:11:55, false
E2C7259B-02FE-4FAD-B3F6-2BE5588ACD44, 2021-01-30T10:12:55, false
E2C7259B-02FE-4FAD-B3F6-2BE5588ACD44, 2021-01-30T10:13:55, false
E2C7259B-02FE-4FAD-B3F6-2BE5588ACD44, 2021-01-30T10:14:55, false
E2C7259B-02FE-4FAD-B3F6-2BE5588ACD44, 2021-01-30T10:15:55, false
E2C7259B-02FE-4FAD-B3F6-2BE5588ACD44, 2021-01-30T10:16:55, false
E2C7259B-02FE-4FAD-B3F6-2BE5588ACD44, 2021-01-30T10:17:55, false
E2C7259B-02FE-4FAD-B3F6-2BE5588ACD44, 2021-01-30T10:18:55, false
E2C7259B-02FE-4FAD-B3F6-2BE5588ACD44, 2021-01-30T10:19:55, false
E2C7259B-02FE-4FAD-B3F6-2BE5588ACD44, 2021-01-30T10:20:55, false
E2C7259B-02FE-4FAD-B3F6-2BE5588ACD44, 2021-01-30T10:21:55, false
E2C7259B-02FE-4FAD-B3F6-2BE5588ACD44, 2021-01-30T10:22:53, true
E2C7259B-02FE-4FAD-B3F6-2BE5588ACD44, 2021-01-30T10:23:59, true
E2C7259B-02FE-4FAD-B3F6-2BE5588ACD44, 2021-01-30T10:25:27, true
E2C7259B-02FE-4FAD-B3F6-2BE5588ACD44, 2021-01-30T10:26:27, false
E2C7259B-02FE-4FAD-B3F6-2BE5588ACD44, 2021-01-30T10:27:27, true
E2C7259B-02FE-4FAD-B3F6-2BE5588ACD44, 2021-01-30T10:28:27, true
E2C7259B-02FE-4FAD-B3F6-2BE5588ACD44, 2021-01-30T10:29:34, true
E2C7259B-02FE-4FAD-B3F6-2BE5588ACD44, 2021-01-30T10:30:35, true
E2C7259B-02FE-4FAD-B3F6-2BE5588ACD44, 2021-01-30T10:31:41, true
E2C7259B-02FE-4FAD-B3F6-2BE5588ACD44, 2021-01-30T10:33:00, true
E2C7259B-02FE-4FAD-B3F6-2BE5588ACD44, 2021-01-30T10:34:03, true
E2C7259B-02FE-4FAD-B3F6-2BE5588ACD44, 2021-01-30T10:35:09, true
E2C7259B-02FE-4FAD-B3F6-2BE5588ACD44, 2021-01-30T10:36:15, true
E2C7259B-02FE-4FAD-B3F6-2BE5588ACD44, 2021-01-30T10:37:17, true
E2C7259B-02FE-4FAD-B3F6-2BE5588ACD44, 2021-01-30T10:38:27, true
E2C7259B-02FE-4FAD-B3F6-2BE5588ACD44, 2021-01-30T10:39:40, true
E2C7259B-02FE-4FAD-B3F6-2BE5588ACD44, 2021-01-30T10:40:47, true
E2C7259B-02FE-4FAD-B3F6-2BE5588ACD44, 2021-01-30T10:41:53, true
E2C7259B-02FE-4FAD-B3F6-2BE5588ACD44, 2021-01-30T10:43:02, true
E2C7259B-02FE-4FAD-B3F6-2BE5588ACD44, 2021-01-30T10:44:11, true
E2C7259B-02FE-4FAD-B3F6-2BE5588ACD44, 2021-01-30T10:45:18, true
E2C7259B-02FE-4FAD-B3F6-2BE5588ACD44, 2021-01-30T10:46:24, true
E2C7259B-02FE-4FAD-B3F6-2BE5588ACD44, 2021-01-30T10:47:30, true
E2C7259B-02FE-4FAD-B3F6-2BE5588ACD44, 2021-01-30T10:48:36, true
E2C7259B-02FE-4FAD-B3F6-2BE5588ACD44, 2021-01-30T10:49:48, true
E2C7259B-02FE-4FAD-B3F6-2BE5588ACD44, 2021-01-30T10:50:54, true
E2C7259B-02FE-4FAD-B3F6-2BE5588ACD44, 2021-01-30T10:51:55, true
E2C7259B-02FE-4FAD-B3F6-2BE5588ACD44, 2021-01-30T10:53:03, true
E2C7259B-02FE-4FAD-B3F6-2BE5588ACD44, 2021-01-30T10:54:04, true
E2C7259B-02FE-4FAD-B3F6-2BE5588ACD44, 2021-01-30T10:55:08, true
E2C7259B-02FE-4FAD-B3F6-2BE5588ACD44, 2021-01-30T10:56:13, true
E2C7259B-02FE-4FAD-B3F6-2BE5588ACD44, 2021-01-30T10:57:13, true
E2C7259B-02FE-4FAD-B3F6-2BE5588ACD44, 2021-01-30T10:58:23, true
E2C7259B-02FE-4FAD-B3F6-2BE5588ACD44, 2021-01-30T10:59:31, true
E2C7259B-02FE-4FAD-B3F6-2BE5588ACD44, 2021-01-30T11:00:36, true
E2C7259B-02FE-4FAD-B3F6-2BE5588ACD44, 2021-01-30T11:01:37, true
E2C7259B-02FE-4FAD-B3F6-2BE5588ACD44, 2021-01-30T11:02:48, true
E2C7259B-02FE-4FAD-B3F6-2BE5588ACD44, 2021-01-30T11:03:54, true
E2C7259B-02FE-4FAD-B3F6-2BE5588ACD44, 2021-01-30T11:05:06, true
E2C7259B-02FE-4FAD-B3F6-2BE5588ACD44, 2021-01-30T11:06:09, true
E2C7259B-02FE-4FAD-B3F6-2BE5588ACD44, 2021-01-30T11:07:11, true
E2C7259B-02FE-4FAD-B3F6-2BE5588ACD44, 2021-01-30T11:08:13, true
E2C7259B-02FE-4FAD-B3F6-2BE5588ACD44, 2021-01-30T11:09:13, false
E2C7259B-02FE-4FAD-B3F6-2BE5588ACD44, 2021-01-30T11:10:35, true
E2C7259B-02FE-4FAD-B3F6-2BE5588ACD44, 2021-01-30T11:11:47, true
E2C7259B-02FE-4FAD-B3F6-2BE5588ACD44, 2021-01-30T11:12:57, true
E2C7259B-02FE-4FAD-B3F6-2BE5588ACD44, 2021-01-30T11:14:00, true
E2C7259B-02FE-4FAD-B3F6-2BE5588ACD44, 2021-01-30T11:15:01, true
E2C7259B-02FE-4FAD-B3F6-2BE5588ACD44, 2021-01-30T11:16:04, true
E2C7259B-02FE-4FAD-B3F6-2BE5588ACD44, 2021-01-30T11:17:09, true
E2C7259B-02FE-4FAD-B3F6-2BE5588ACD44, 2021-01-30T11:18:14, true
E2C7259B-02FE-4FAD-B3F6-2BE5588ACD44, 2021-01-30T11:19:20, true
E2C7259B-02FE-4FAD-B3F6-2BE5588ACD44, 2021-01-30T11:20:27, true
E2C7259B-02FE-4FAD-B3F6-2BE5588ACD44, 2021-01-30T11:21:32, true
E2C7259B-02FE-4FAD-B3F6-2BE5588ACD44, 2021-01-30T11:22:38, true
E2C7259B-02FE-4FAD-B3F6-2BE5588ACD44, 2021-01-30T11:23:45, true
E2C7259B-02FE-4FAD-B3F6-2BE5588ACD44, 2021-01-30T11:25:00, true
E2C7259B-02FE-4FAD-B3F6-2BE5588ACD44, 2021-01-30T11:26:03, true
E2C7259B-02FE-4FAD-B3F6-2BE5588ACD44, 2021-01-30T11:27:03, false
E2C7259B-02FE-4FAD-B3F6-2BE5588ACD44, 2021-01-30T11:28:03, false
E2C7259B-02FE-4FAD-B3F6-2BE5588ACD44, 2021-01-30T11:29:03, false
E2C7259B-02FE-4FAD-B3F6-2BE5588ACD44, 2021-01-30T11:30:03, false
E2C7259B-02FE-4FAD-B3F6-2BE5588ACD44, 2021-01-30T11:30:39, true
E2C7259B-02FE-4FAD-B3F6-2BE5588ACD44, 2021-01-30T11:31:42, true
E2C7259B-02FE-4FAD-B3F6-2BE5588ACD44, 2021-01-30T11:32:42, false
E2C7259B-02FE-4FAD-B3F6-2BE5588ACD44, 2021-01-30T11:33:23, true
E2C7259B-02FE-4FAD-B3F6-2BE5588ACD44, 2021-01-30T11:34:37, true
E2C7259B-02FE-4FAD-B3F6-2BE5588ACD44, 2021-01-30T11:35:38, true
E2C7259B-02FE-4FAD-B3F6-2BE5588ACD44, 2021-01-30T11:36:50, true
E2C7259B-02FE-4FAD-B3F6-2BE5588ACD44, 2021-01-30T11:38:04, true
E2C7259B-02FE-4FAD-B3F6-2BE5588ACD44, 2021-01-30T11:39:04, false
E2C7259B-02FE-4FAD-B3F6-2BE5588ACD44, 2021-01-30T11:40:08, true
E2C7259B-02FE-4FAD-B3F6-2BE5588ACD44, 2021-01-30T11:41:08, false
E2C7259B-02FE-4FAD-B3F6-2BE5588ACD44, 2021-01-30T11:42:08, false
E2C7259B-02FE-4FAD-B3F6-2BE5588ACD44, 2021-01-30T11:42:43, true
E2C7259B-02FE-4FAD-B3F6-2BE5588ACD44, 2021-01-30T11:43:47, true
E2C7259B-02FE-4FAD-B3F6-2BE5588ACD44, 2021-01-30T11:44:53, true
E2C7259B-02FE-4FAD-B3F6-2BE5588ACD44, 2021-01-30T11:45:53, false
E2C7259B-02FE-4FAD-B3F6-2BE5588ACD44, 2021-01-30T11:46:55, true
E2C7259B-02FE-4FAD-B3F6-2BE5588ACD44, 2021-01-30T11:48:16, true
E2C7259B-02FE-4FAD-B3F6-2BE5588ACD44, 2021-01-30T11:49:16, false
E2C7259B-02FE-4FAD-B3F6-2BE5588ACD44, 2021-01-30T11:49:59, true
E2C7259B-02FE-4FAD-B3F6-2BE5588ACD44, 2021-01-30T11:50:59, false
E2C7259B-02FE-4FAD-B3F6-2BE5588ACD44, 2021-01-30T11:51:40, true
E2C7259B-02FE-4FAD-B3F6-2BE5588ACD44, 2021-01-30T11:53:00, true
E2C7259B-02FE-4FAD-B3F6-2BE5588ACD44, 2021-01-30T11:54:00, true
E2C7259B-02FE-4FAD-B3F6-2BE5588ACD44, 2021-01-30T11:55:08, true
E2C7259B-02FE-4FAD-B3F6-2BE5588ACD44, 2021-01-30T11:56:22, true
E2C7259B-02FE-4FAD-B3F6-2BE5588ACD44, 2021-01-30T11:57:24, true
E2C7259B-02FE-4FAD-B3F6-2BE5588ACD44, 2021-01-30T11:58:28, true
E2C7259B-02FE-4FAD-B3F6-2BE5588ACD44, 2021-01-30T11:59:36, true
E2C7259B-02FE-4FAD-B3F6-2BE5588ACD44, 2021-01-30T12:00:37, true
E2C7259B-02FE-4FAD-B3F6-2BE5588ACD44, 2021-01-30T12:01:43, true
E2C7259B-02FE-4FAD-B3F6-2BE5588ACD44, 2021-01-30T12:02:48, true
E2C7259B-02FE-4FAD-B3F6-2BE5588ACD44, 2021-01-30T12:03:53, true
E2C7259B-02FE-4FAD-B3F6-2BE5588ACD44, 2021-01-30T12:04:57, true
E2C7259B-02FE-4FAD-B3F6-2BE5588ACD44, 2021-01-30T12:06:11, true
E2C7259B-02FE-4FAD-B3F6-2BE5588ACD44, 2021-01-30T12:07:22, true
E2C7259B-02FE-4FAD-B3F6-2BE5588ACD44, 2021-01-30T12:08:28, true
E2C7259B-02FE-4FAD-B3F6-2BE5588ACD44, 2021-01-30T12:09:33, true
E2C7259B-02FE-4FAD-B3F6-2BE5588ACD44, 2021-01-30T12:10:46, true
E2C7259B-02FE-4FAD-B3F6-2BE5588ACD44, 2021-01-30T12:11:53, true
E2C7259B-02FE-4FAD-B3F6-2BE5588ACD44, 2021-01-30T12:12:53, false
E2C7259B-02FE-4FAD-B3F6-2BE5588ACD44, 2021-01-30T12:13:53, false
E2C7259B-02FE-4FAD-B3F6-2BE5588ACD44, 2021-01-30T12:14:53, false
E2C7259B-02FE-4FAD-B3F6-2BE5588ACD44, 2021-01-30T12:15:53, false
E2C7259B-02FE-4FAD-B3F6-2BE5588ACD44, 2021-01-30T12:16:53, false
E2C7259B-02FE-4FAD-B3F6-2BE5588ACD44, 2021-01-30T12:17:53, false
E2C7259B-02FE-4FAD-B3F6-2BE5588ACD44, 2021-01-30T12:18:53, false
E2C7259B-02FE-4FAD-B3F6-2BE5588ACD44, 2021-01-30T12:19:53, false
E2C7259B-02FE-4FAD-B3F6-2BE5588ACD44, 2021-01-30T12:20:56, true
E2C7259B-02FE-4FAD-B3F6-2BE5588ACD44, 2021-01-30T12:22:01, true
E2C7259B-02FE-4FAD-B3F6-2BE5588ACD44, 2021-01-30T12:23:01, true
E2C7259B-02FE-4FAD-B3F6-2BE5588ACD44, 2021-01-30T12:24:30, true
E2C7259B-02FE-4FAD-B3F6-2BE5588ACD44, 2021-01-30T12:25:44, true
E2C7259B-02FE-4FAD-B3F6-2BE5588ACD44, 2021-01-30T12:27:07, true
E2C7259B-02FE-4FAD-B3F6-2BE5588ACD44, 2021-01-30T12:28:09, true
E2C7259B-02FE-4FAD-B3F6-2BE5588ACD44, 2021-01-30T12:29:09, false
E2C7259B-02FE-4FAD-B3F6-2BE5588ACD44, 2021-01-30T12:30:22, true
E2C7259B-02FE-4FAD-B3F6-2BE5588ACD44, 2021-01-30T12:31:22, false
E2C7259B-02FE-4FAD-B3F6-2BE5588ACD44, 2021-01-30T12:32:46, true
E2C7259B-02FE-4FAD-B3F6-2BE5588ACD44, 2021-01-30T12:33:54, true
E2C7259B-02FE-4FAD-B3F6-2BE5588ACD44, 2021-01-30T12:34:56, true
E2C7259B-02FE-4FAD-B3F6-2BE5588ACD44, 2021-01-30T12:35:57, true
E2C7259B-02FE-4FAD-B3F6-2BE5588ACD44, 2021-01-30T12:36:58, true
E2C7259B-02FE-4FAD-B3F6-2BE5588ACD44, 2021-01-30T12:38:09, true
E2C7259B-02FE-4FAD-B3F6-2BE5588ACD44, 2021-01-30T12:39:11, true
E2C7259B-02FE-4FAD-B3F6-2BE5588ACD44, 2021-01-30T12:40:17, true
E2C7259B-02FE-4FAD-B3F6-2BE5588ACD44, 2021-01-30T12:41:19, true
E2C7259B-02FE-4FAD-B3F6-2BE5588ACD44, 2021-01-30T12:42:30, true
E2C7259B-02FE-4FAD-B3F6-2BE5588ACD44, 2021-01-30T12:43:39, true
E2C7259B-02FE-4FAD-B3F6-2BE5588ACD44, 2021-01-30T12:44:45, true
E2C7259B-02FE-4FAD-B3F6-2BE5588ACD44, 2021-01-30T12:45:52, true
E2C7259B-02FE-4FAD-B3F6-2BE5588ACD44, 2021-01-30T12:46:59, true
E2C7259B-02FE-4FAD-B3F6-2BE5588ACD44, 2021-01-30T12:48:08, true
E2C7259B-02FE-4FAD-B3F6-2BE5588ACD44, 2021-01-30T12:49:19, true
E2C7259B-02FE-4FAD-B3F6-2BE5588ACD44, 2021-01-30T12:50:21, true
E2C7259B-02FE-4FAD-B3F6-2BE5588ACD44, 2021-01-30T12:51:22, true
E2C7259B-02FE-4FAD-B3F6-2BE5588ACD44, 2021-01-30T12:52:37, true
E2C7259B-02FE-4FAD-B3F6-2BE5588ACD44, 2021-01-30T12:53:47, true
E2C7259B-02FE-4FAD-B3F6-2BE5588ACD44, 2021-01-30T12:54:47, true
E2C7259B-02FE-4FAD-B3F6-2BE5588ACD44, 2021-01-30T12:55:55, true
E2C7259B-02FE-4FAD-B3F6-2BE5588ACD44, 2021-01-30T12:57:02, true
E2C7259B-02FE-4FAD-B3F6-2BE5588ACD44, 2021-01-30T12:58:10, true
E2C7259B-02FE-4FAD-B3F6-2BE5588ACD44, 2021-01-30T12:59:18, true
E2C7259B-02FE-4FAD-B3F6-2BE5588ACD44, 2021-01-30T13:00:19, true
E2C7259B-02FE-4FAD-B3F6-2BE5588ACD44, 2021-01-30T13:01:25, true
E2C7259B-02FE-4FAD-B3F6-2BE5588ACD44, 2021-01-30T13:02:28, true
E2C7259B-02FE-4FAD-B3F6-2BE5588ACD44, 2021-01-30T13:03:29, true
E2C7259B-02FE-4FAD-B3F6-2BE5588ACD44, 2021-01-30T13:04:37, true
E2C7259B-02FE-4FAD-B3F6-2BE5588ACD44, 2021-01-30T13:05:43, true
E2C7259B-02FE-4FAD-B3F6-2BE5588ACD44, 2021-01-30T13:06:46, true
E2C7259B-02FE-4FAD-B3F6-2BE5588ACD44, 2021-01-30T13:07:54, true
E2C7259B-02FE-4FAD-B3F6-2BE5588ACD44, 2021-01-30T13:09:01, true
E2C7259B-02FE-4FAD-B3F6-2BE5588ACD44, 2021-01-30T13:10:01, false
E2C7259B-02FE-4FAD-B3F6-2BE5588ACD44, 2021-01-30T13:11:01, false
E2C7259B-02FE-4FAD-B3F6-2BE5588ACD44, 2021-01-30T13:11:55, true
E2C7259B-02FE-4FAD-B3F6-2BE5588ACD44, 2021-01-30T13:13:01, true
E2C7259B-02FE-4FAD-B3F6-2BE5588ACD44, 2021-01-30T13:14:04, true
E2C7259B-02FE-4FAD-B3F6-2BE5588ACD44, 2021-01-30T13:15:06, true
E2C7259B-02FE-4FAD-B3F6-2BE5588ACD44, 2021-01-30T13:16:12, true
E2C7259B-02FE-4FAD-B3F6-2BE5588ACD44, 2021-01-30T13:17:16, true
E2C7259B-02FE-4FAD-B3F6-2BE5588ACD44, 2021-01-30T13:18:27, true
E2C7259B-02FE-4FAD-B3F6-2BE5588ACD44, 2021-01-30T13:19:44, true
E2C7259B-02FE-4FAD-B3F6-2BE5588ACD44, 2021-01-30T13:20:50, true
E2C7259B-02FE-4FAD-B3F6-2BE5588ACD44, 2021-01-30T13:22:00, true
E2C7259B-02FE-4FAD-B3F6-2BE5588ACD44, 2021-01-30T13:23:01, true
E2C7259B-02FE-4FAD-B3F6-2BE5588ACD44, 2021-01-30T13:24:01, true
E2C7259B-02FE-4FAD-B3F6-2BE5588ACD44, 2021-01-30T13:25:01, true
E2C7259B-02FE-4FAD-B3F6-2BE5588ACD44, 2021-01-30T13:26:04, true
E2C7259B-02FE-4FAD-B3F6-2BE5588ACD44, 2021-01-30T13:27:09, true
E2C7259B-02FE-4FAD-B3F6-2BE5588ACD44, 2021-01-30T13:28:16, true
E2C7259B-02FE-4FAD-B3F6-2BE5588ACD44, 2021-01-30T13:29:25, true
E2C7259B-02FE-4FAD-B3F6-2BE5588ACD44, 2021-01-30T13:30:31, true
E2C7259B-02FE-4FAD-B3F6-2BE5588ACD44, 2021-01-30T13:31:41, true
E2C7259B-02FE-4FAD-B3F6-2BE5588ACD44, 2021-01-30T13:32:50, true
E2C7259B-02FE-4FAD-B3F6-2BE5588ACD44, 2021-01-30T13:33:56, true
E2C7259B-02FE-4FAD-B3F6-2BE5588ACD44, 2021-01-30T13:34:57, true
E2C7259B-02FE-4FAD-B3F6-2BE5588ACD44, 2021-01-30T13:36:02, true
E2C7259B-02FE-4FAD-B3F6-2BE5588ACD44, 2021-01-30T13:37:10, true
E2C7259B-02FE-4FAD-B3F6-2BE5588ACD44, 2021-01-30T13:38:13, true
E2C7259B-02FE-4FAD-B3F6-2BE5588ACD44, 2021-01-30T13:39:19, true
E2C7259B-02FE-4FAD-B3F6-2BE5588ACD44, 2021-01-30T13:40:28, true
E2C7259B-02FE-4FAD-B3F6-2BE5588ACD44, 2021-01-30T13:41:38, true
E2C7259B-02FE-4FAD-B3F6-2BE5588ACD44, 2021-01-30T13:42:49, true
E2C7259B-02FE-4FAD-B3F6-2BE5588ACD44, 2021-01-30T13:43:54, true
E2C7259B-02FE-4FAD-B3F6-2BE5588ACD44, 2021-01-30T13:45:00, true
E2C7259B-02FE-4FAD-B3F6-2BE5588ACD44, 2021-01-30T13:46:05, true
E2C7259B-02FE-4FAD-B3F6-2BE5588ACD44, 2021-01-30T13:47:15, true
E2C7259B-02FE-4FAD-B3F6-2BE5588ACD44, 2021-01-30T13:48:20, true
E2C7259B-02FE-4FAD-B3F6-2BE5588ACD44, 2021-01-30T13:49:26, true
E2C7259B-02FE-4FAD-B3F6-2BE5588ACD44, 2021-01-30T13:50:30, true
E2C7259B-02FE-4FAD-B3F6-2BE5588ACD44, 2021-01-30T13:51:33, true
E2C7259B-02FE-4FAD-B3F6-2BE5588ACD44, 2021-01-30T13:52:33, false
E2C7259B-02FE-4FAD-B3F6-2BE5588ACD44, 2021-01-30T13:53:33, false
E2C7259B-02FE-4FAD-B3F6-2BE5588ACD44, 2021-01-30T13:54:33, false
E2C7259B-02FE-4FAD-B3F6-2BE5588ACD44, 2021-01-30T13:55:07, true
E2C7259B-02FE-4FAD-B3F6-2BE5588ACD44, 2021-01-30T13:56:12, true
E2C7259B-02FE-4FAD-B3F6-2BE5588ACD44, 2021-01-30T13:57:16, true
E2C7259B-02FE-4FAD-B3F6-2BE5588ACD44, 2021-01-30T13:58:17, true
E2C7259B-02FE-4FAD-B3F6-2BE5588ACD44, 2021-01-30T13:59:24, true
E2C7259B-02FE-4FAD-B3F6-2BE5588ACD44, 2021-01-30T14:00:29, true
E2C7259B-02FE-4FAD-B3F6-2BE5588ACD44, 2021-01-30T14:01:35, true
E2C7259B-02FE-4FAD-B3F6-2BE5588ACD44, 2021-01-30T14:02:41, true
E2C7259B-02FE-4FAD-B3F6-2BE5588ACD44, 2021-01-30T14:03:46, true
E2C7259B-02FE-4FAD-B3F6-2BE5588ACD44, 2021-01-30T14:04:47, true
E2C7259B-02FE-4FAD-B3F6-2BE5588ACD44, 2021-01-30T14:05:53, true
E2C7259B-02FE-4FAD-B3F6-2BE5588ACD44, 2021-01-30T14:07:00, true
E2C7259B-02FE-4FAD-B3F6-2BE5588ACD44, 2021-01-30T14:08:00, true
E2C7259B-02FE-4FAD-B3F6-2BE5588ACD44, 2021-01-30T14:09:07, true
E2C7259B-02FE-4FAD-B3F6-2BE5588ACD44, 2021-01-30T14:10:21, true
E2C7259B-02FE-4FAD-B3F6-2BE5588ACD44, 2021-01-30T14:11:33, true
E2C7259B-02FE-4FAD-B3F6-2BE5588ACD44, 2021-01-30T14:12:45, true
E2C7259B-02FE-4FAD-B3F6-2BE5588ACD44, 2021-01-30T14:13:47, true
E2C7259B-02FE-4FAD-B3F6-2BE5588ACD44, 2021-01-30T14:14:47, true
E2C7259B-02FE-4FAD-B3F6-2BE5588ACD44, 2021-01-30T14:15:54, true
E2C7259B-02FE-4FAD-B3F6-2BE5588ACD44, 2021-01-30T14:17:11, true
E2C7259B-02FE-4FAD-B3F6-2BE5588ACD44, 2021-01-30T14:18:11, false
E2C7259B-02FE-4FAD-B3F6-2BE5588ACD44, 2021-01-30T14:18:54, true
E2C7259B-02FE-4FAD-B3F6-2BE5588ACD44, 2021-01-30T14:20:04, true
E2C7259B-02FE-4FAD-B3F6-2BE5588ACD44, 2021-01-30T14:21:08, true
E2C7259B-02FE-4FAD-B3F6-2BE5588ACD44, 2021-01-30T14:22:16, true
E2C7259B-02FE-4FAD-B3F6-2BE5588ACD44, 2021-01-30T14:23:27, true
E2C7259B-02FE-4FAD-B3F6-2BE5588ACD44, 2021-01-30T14:24:32, true
E2C7259B-02FE-4FAD-B3F6-2BE5588ACD44, 2021-01-30T14:25:37, true
E2C7259B-02FE-4FAD-B3F6-2BE5588ACD44, 2021-01-30T14:26:38, true
E2C7259B-02FE-4FAD-B3F6-2BE5588ACD44, 2021-01-30T14:27:41, true
E2C7259B-02FE-4FAD-B3F6-2BE5588ACD44, 2021-01-30T14:28:46, true
E2C7259B-02FE-4FAD-B3F6-2BE5588ACD44, 2021-01-30T14:29:58, true
E2C7259B-02FE-4FAD-B3F6-2BE5588ACD44, 2021-01-30T14:31:10, true
E2C7259B-02FE-4FAD-B3F6-2BE5588ACD44, 2021-01-30T14:32:13, true
E2C7259B-02FE-4FAD-B3F6-2BE5588ACD44, 2021-01-30T14:33:22, true
E2C7259B-02FE-4FAD-B3F6-2BE5588ACD44, 2021-01-30T14:34:27, true
E2C7259B-02FE-4FAD-B3F6-2BE5588ACD44, 2021-01-30T14:35:28, true
E2C7259B-02FE-4FAD-B3F6-2BE5588ACD44, 2021-01-30T14:36:30, true
E2C7259B-02FE-4FAD-B3F6-2BE5588ACD44, 2021-01-30T14:37:47, true
E2C7259B-02FE-4FAD-B3F6-2BE5588ACD44, 2021-01-30T14:38:48, true
E2C7259B-02FE-4FAD-B3F6-2BE5588ACD44, 2021-01-30T14:39:59, true
E2C7259B-02FE-4FAD-B3F6-2BE5588ACD44, 2021-01-30T14:41:04, true
E2C7259B-02FE-4FAD-B3F6-2BE5588ACD44, 2021-01-30T14:42:15, true
E2C7259B-02FE-4FAD-B3F6-2BE5588ACD44, 2021-01-30T14:43:21, true
E2C7259B-02FE-4FAD-B3F6-2BE5588ACD44, 2021-01-30T14:44:21, true
E2C7259B-02FE-4FAD-B3F6-2BE5588ACD44, 2021-01-30T14:45:28, true
E2C7259B-02FE-4FAD-B3F6-2BE5588ACD44, 2021-01-30T14:46:34, true
E2C7259B-02FE-4FAD-B3F6-2BE5588ACD44, 2021-01-30T14:47:34, false
E2C7259B-02FE-4FAD-B3F6-2BE5588ACD44, 2021-01-30T14:48:28, true
E2C7259B-02FE-4FAD-B3F6-2BE5588ACD44, 2021-01-30T14:49:28, false
E2C7259B-02FE-4FAD-B3F6-2BE5588ACD44, 2021-01-30T14:50:00, true
E2C7259B-02FE-4FAD-B3F6-2BE5588ACD44, 2021-01-30T14:51:10, true
E2C7259B-02FE-4FAD-B3F6-2BE5588ACD44, 2021-01-30T14:52:18, true
E2C7259B-02FE-4FAD-B3F6-2BE5588ACD44, 2021-01-30T14:53:23, true
E2C7259B-02FE-4FAD-B3F6-2BE5588ACD44, 2021-01-30T14:54:24, true
E2C7259B-02FE-4FAD-B3F6-2BE5588ACD44, 2021-01-30T14:55:32, true
E2C7259B-02FE-4FAD-B3F6-2BE5588ACD44, 2021-01-30T14:56:32, false
E2C7259B-02FE-4FAD-B3F6-2BE5588ACD44, 2021-01-30T14:57:18, true
E2C7259B-02FE-4FAD-B3F6-2BE5588ACD44, 2021-01-30T14:58:18, false
E2C7259B-02FE-4FAD-B3F6-2BE5588ACD44, 2021-01-30T14:59:35, true
E2C7259B-02FE-4FAD-B3F6-2BE5588ACD44, 2021-01-30T15:00:46, true
E2C7259B-02FE-4FAD-B3F6-2BE5588ACD44, 2021-01-30T15:01:49, true
E2C7259B-02FE-4FAD-B3F6-2BE5588ACD44, 2021-01-30T15:02:54, true
E2C7259B-02FE-4FAD-B3F6-2BE5588ACD44, 2021-01-30T15:04:01, true
E2C7259B-02FE-4FAD-B3F6-2BE5588ACD44, 2021-01-30T15:05:06, true
E2C7259B-02FE-4FAD-B3F6-2BE5588ACD44, 2021-01-30T15:06:12, true
E2C7259B-02FE-4FAD-B3F6-2BE5588ACD44, 2021-01-30T15:07:17, true
E2C7259B-02FE-4FAD-B3F6-2BE5588ACD44, 2021-01-30T15:08:22, true
E2C7259B-02FE-4FAD-B3F6-2BE5588ACD44, 2021-01-30T15:09:25, true
E2C7259B-02FE-4FAD-B3F6-2BE5588ACD44, 2021-01-30T15:10:28, true
E2C7259B-02FE-4FAD-B3F6-2BE5588ACD44, 2021-01-30T15:11:34, true
E2C7259B-02FE-4FAD-B3F6-2BE5588ACD44, 2021-01-30T15:12:38, true
E2C7259B-02FE-4FAD-B3F6-2BE5588ACD44, 2021-01-30T15:13:48, true
E2C7259B-02FE-4FAD-B3F6-2BE5588ACD44, 2021-01-30T15:14:58, true
E2C7259B-02FE-4FAD-B3F6-2BE5588ACD44, 2021-01-30T15:16:09, true
E2C7259B-02FE-4FAD-B3F6-2BE5588ACD44, 2021-01-30T15:17:09, true
E2C7259B-02FE-4FAD-B3F6-2BE5588ACD44, 2021-01-30T15:18:10, true
E2C7259B-02FE-4FAD-B3F6-2BE5588ACD44, 2021-01-30T15:19:17, true
E2C7259B-02FE-4FAD-B3F6-2BE5588ACD44, 2021-01-30T15:20:27, true
E2C7259B-02FE-4FAD-B3F6-2BE5588ACD44, 2021-01-30T15:21:32, true
E2C7259B-02FE-4FAD-B3F6-2BE5588ACD44, 2021-01-30T15:22:39, true
E2C7259B-02FE-4FAD-B3F6-2BE5588ACD44, 2021-01-30T15:23:48, true
E2C7259B-02FE-4FAD-B3F6-2BE5588ACD44, 2021-01-30T15:24:56, true
E2C7259B-02FE-4FAD-B3F6-2BE5588ACD44, 2021-01-30T15:26:02, true
E2C7259B-02FE-4FAD-B3F6-2BE5588ACD44, 2021-01-30T15:27:11, true
E2C7259B-02FE-4FAD-B3F6-2BE5588ACD44, 2021-01-30T15:28:28, true
E2C7259B-02FE-4FAD-B3F6-2BE5588ACD44, 2021-01-30T15:29:33, true
E2C7259B-02FE-4FAD-B3F6-2BE5588ACD44, 2021-01-30T15:30:46, true
E2C7259B-02FE-4FAD-B3F6-2BE5588ACD44, 2021-01-30T15:31:53, true
E2C7259B-02FE-4FAD-B3F6-2BE5588ACD44, 2021-01-30T15:33:00, true
E2C7259B-02FE-4FAD-B3F6-2BE5588ACD44, 2021-01-30T15:34:13, true
E2C7259B-02FE-4FAD-B3F6-2BE5588ACD44, 2021-01-30T15:35:34, true
E2C7259B-02FE-4FAD-B3F6-2BE5588ACD44, 2021-01-30T15:37:02, true
E2C7259B-02FE-4FAD-B3F6-2BE5588ACD44, 2021-01-30T15:38:02, true
E2C7259B-02FE-4FAD-B3F6-2BE5588ACD44, 2021-01-30T15:39:05, true
E2C7259B-02FE-4FAD-B3F6-2BE5588ACD44, 2021-01-30T15:40:11, true
E2C7259B-02FE-4FAD-B3F6-2BE5588ACD44, 2021-01-30T15:41:18, true
E2C7259B-02FE-4FAD-B3F6-2BE5588ACD44, 2021-01-30T15:42:31, true
E2C7259B-02FE-4FAD-B3F6-2BE5588ACD44, 2021-01-30T15:43:39, true
E2C7259B-02FE-4FAD-B3F6-2BE5588ACD44, 2021-01-30T15:44:48, true
E2C7259B-02FE-4FAD-B3F6-2BE5588ACD44, 2021-01-30T15:45:55, true
E2C7259B-02FE-4FAD-B3F6-2BE5588ACD44, 2021-01-30T15:46:58, true
E2C7259B-02FE-4FAD-B3F6-2BE5588ACD44, 2021-01-30T15:48:04, true
E2C7259B-02FE-4FAD-B3F6-2BE5588ACD44, 2021-01-30T15:49:04, false
E2C7259B-02FE-4FAD-B3F6-2BE5588ACD44, 2021-01-30T15:49:55, true
E2C7259B-02FE-4FAD-B3F6-2BE5588ACD44, 2021-01-30T15:51:01, true
E2C7259B-02FE-4FAD-B3F6-2BE5588ACD44, 2021-01-30T15:52:06, true
E2C7259B-02FE-4FAD-B3F6-2BE5588ACD44, 2021-01-30T15:53:15, true
E2C7259B-02FE-4FAD-B3F6-2BE5588ACD44, 2021-01-30T15:54:33, true
E2C7259B-02FE-4FAD-B3F6-2BE5588ACD44, 2021-01-30T15:55:40, true
E2C7259B-02FE-4FAD-B3F6-2BE5588ACD44, 2021-01-30T15:56:46, true
E2C7259B-02FE-4FAD-B3F6-2BE5588ACD44, 2021-01-30T15:57:47, true
E2C7259B-02FE-4FAD-B3F6-2BE5588ACD44, 2021-01-30T15:58:47, false
E2C7259B-02FE-4FAD-B3F6-2BE5588ACD44, 2021-01-30T15:59:47, false
E2C7259B-02FE-4FAD-B3F6-2BE5588ACD44, 2021-01-30T16:00:47, false
E2C7259B-02FE-4FAD-B3F6-2BE5588ACD44, 2021-01-30T16:01:47, false
E2C7259B-02FE-4FAD-B3F6-2BE5588ACD44, 2021-01-30T16:02:47, false
E2C7259B-02FE-4FAD-B3F6-2BE5588ACD44, 2021-01-30T16:03:47, false
E2C7259B-02FE-4FAD-B3F6-2BE5588ACD44, 2021-01-30T16:04:58, true
E2C7259B-02FE-4FAD-B3F6-2BE5588ACD44, 2021-01-30T16:06:16, true
E2C7259B-02FE-4FAD-B3F6-2BE5588ACD44, 2021-01-30T16:07:20, true
E2C7259B-02FE-4FAD-B3F6-2BE5588ACD44, 2021-01-30T16:08:20, true
E2C7259B-02FE-4FAD-B3F6-2BE5588ACD44, 2021-01-30T16:09:20, true
E2C7259B-02FE-4FAD-B3F6-2BE5588ACD44, 2021-01-30T16:10:22, true
E2C7259B-02FE-4FAD-B3F6-2BE5588ACD44, 2021-01-30T16:11:31, true
E2C7259B-02FE-4FAD-B3F6-2BE5588ACD44, 2021-01-30T16:12:43, true
E2C7259B-02FE-4FAD-B3F6-2BE5588ACD44, 2021-01-30T16:13:45, true
E2C7259B-02FE-4FAD-B3F6-2BE5588ACD44, 2021-01-30T16:14:52, true
E2C7259B-02FE-4FAD-B3F6-2BE5588ACD44, 2021-01-30T16:15:57, true
E2C7259B-02FE-4FAD-B3F6-2BE5588ACD44, 2021-01-30T16:17:05, true
E2C7259B-02FE-4FAD-B3F6-2BE5588ACD44, 2021-01-30T16:18:08, true
E2C7259B-02FE-4FAD-B3F6-2BE5588ACD44, 2021-01-30T16:19:15, true
E2C7259B-02FE-4FAD-B3F6-2BE5588ACD44, 2021-01-30T16:20:29, true
E2C7259B-02FE-4FAD-B3F6-2BE5588ACD44, 2021-01-30T16:21:31, true
E2C7259B-02FE-4FAD-B3F6-2BE5588ACD44, 2021-01-30T16:22:36, true
E2C7259B-02FE-4FAD-B3F6-2BE5588ACD44, 2021-01-30T16:23:50, true
E2C7259B-02FE-4FAD-B3F6-2BE5588ACD44, 2021-01-30T16:24:50, true
E2C7259B-02FE-4FAD-B3F6-2BE5588ACD44, 2021-01-30T16:25:51, true
E2C7259B-02FE-4FAD-B3F6-2BE5588ACD44, 2021-01-30T16:26:58, true
E2C7259B-02FE-4FAD-B3F6-2BE5588ACD44, 2021-01-30T16:27:58, false
E2C7259B-02FE-4FAD-B3F6-2BE5588ACD44, 2021-01-30T16:28:58, false
E2C7259B-02FE-4FAD-B3F6-2BE5588ACD44, 2021-01-30T16:29:58, false
E2C7259B-02FE-4FAD-B3F6-2BE5588ACD44, 2021-01-30T16:30:58, false
E2C7259B-02FE-4FAD-B3F6-2BE5588ACD44, 2021-01-30T16:31:58, false
E2C7259B-02FE-4FAD-B3F6-2BE5588ACD44, 2021-01-30T16:32:58, false
E2C7259B-02FE-4FAD-B3F6-2BE5588ACD44, 2021-01-30T16:33:58, false
E2C7259B-02FE-4FAD-B3F6-2BE5588ACD44, 2021-01-30T16:34:58, false
E2C7259B-02FE-4FAD-B3F6-2BE5588ACD44, 2021-01-30T16:35:58, false
E2C7259B-02FE-4FAD-B3F6-2BE5588ACD44, 2021-01-30T16:36:58, false
E2C7259B-02FE-4FAD-B3F6-2BE5588ACD44, 2021-01-30T16:37:58, false
E2C7259B-02FE-4FAD-B3F6-2BE5588ACD44, 2021-01-30T16:38:58, false
E2C7259B-02FE-4FAD-B3F6-2BE5588ACD44, 2021-01-30T16:39:58, false
E2C7259B-02FE-4FAD-B3F6-2BE5588ACD44, 2021-01-30T16:40:58, false
E2C7259B-02FE-4FAD-B3F6-2BE5588ACD44, 2021-01-30T16:41:58, false
E2C7259B-02FE-4FAD-B3F6-2BE5588ACD44, 2021-01-30T16:42:58, false
E2C7259B-02FE-4FAD-B3F6-2BE5588ACD44, 2021-01-30T16:43:58, false
E2C7259B-02FE-4FAD-B3F6-2BE5588ACD44, 2021-01-30T16:44:58, false
E2C7259B-02FE-4FAD-B3F6-2BE5588ACD44, 2021-01-30T16:45:58, false
E2C7259B-02FE-4FAD-B3F6-2BE5588ACD44, 2021-01-30T16:46:58, false
E2C7259B-02FE-4FAD-B3F6-2BE5588ACD44, 2021-01-30T16:47:58, false
E2C7259B-02FE-4FAD-B3F6-2BE5588ACD44, 2021-01-30T16:48:58, false
E2C7259B-02FE-4FAD-B3F6-2BE5588ACD44, 2021-01-30T16:49:58, false
E2C7259B-02FE-4FAD-B3F6-2BE5588ACD44, 2021-01-30T16:51:22, true
E2C7259B-02FE-4FAD-B3F6-2BE5588ACD44, 2021-01-30T16:52:25, true
E2C7259B-02FE-4FAD-B3F6-2BE5588ACD44, 2021-01-30T16:53:47, true
E2C7259B-02FE-4FAD-B3F6-2BE5588ACD44, 2021-01-30T16:54:56, true
E2C7259B-02FE-4FAD-B3F6-2BE5588ACD44, 2021-01-30T16:56:01, true
E2C7259B-02FE-4FAD-B3F6-2BE5588ACD44, 2021-01-30T16:57:09, true
E2C7259B-02FE-4FAD-B3F6-2BE5588ACD44, 2021-01-30T16:58:17, true
E2C7259B-02FE-4FAD-B3F6-2BE5588ACD44, 2021-01-30T16:59:17, false
E2C7259B-02FE-4FAD-B3F6-2BE5588ACD44, 2021-01-30T17:00:02, true
E2C7259B-02FE-4FAD-B3F6-2BE5588ACD44, 2021-01-30T17:01:02, false
E2C7259B-02FE-4FAD-B3F6-2BE5588ACD44, 2021-01-30T17:02:18, true
E2C7259B-02FE-4FAD-B3F6-2BE5588ACD44, 2021-01-30T17:03:26, true
E2C7259B-02FE-4FAD-B3F6-2BE5588ACD44, 2021-01-30T17:04:33, true
E2C7259B-02FE-4FAD-B3F6-2BE5588ACD44, 2021-01-30T17:05:33, false
E2C7259B-02FE-4FAD-B3F6-2BE5588ACD44, 2021-01-30T17:06:16, true
E2C7259B-02FE-4FAD-B3F6-2BE5588ACD44, 2021-01-30T17:07:33, true
E2C7259B-02FE-4FAD-B3F6-2BE5588ACD44, 2021-01-30T17:08:36, true
E2C7259B-02FE-4FAD-B3F6-2BE5588ACD44, 2021-01-30T17:09:42, true
E2C7259B-02FE-4FAD-B3F6-2BE5588ACD44, 2021-01-30T17:10:42, true
E2C7259B-02FE-4FAD-B3F6-2BE5588ACD44, 2021-01-30T17:11:42, false
E2C7259B-02FE-4FAD-B3F6-2BE5588ACD44, 2021-01-30T17:12:16, true
E2C7259B-02FE-4FAD-B3F6-2BE5588ACD44, 2021-01-30T17:13:16, false
E2C7259B-02FE-4FAD-B3F6-2BE5588ACD44, 2021-01-30T17:14:16, false
E2C7259B-02FE-4FAD-B3F6-2BE5588ACD44, 2021-01-30T17:14:51, true
E2C7259B-02FE-4FAD-B3F6-2BE5588ACD44, 2021-01-30T17:16:02, true
E2C7259B-02FE-4FAD-B3F6-2BE5588ACD44, 2021-01-30T17:17:07, true
E2C7259B-02FE-4FAD-B3F6-2BE5588ACD44, 2021-01-30T17:18:09, true
E2C7259B-02FE-4FAD-B3F6-2BE5588ACD44, 2021-01-30T17:19:14, true
E2C7259B-02FE-4FAD-B3F6-2BE5588ACD44, 2021-01-30T17:20:31, true
E2C7259B-02FE-4FAD-B3F6-2BE5588ACD44, 2021-01-30T17:21:37, true
E2C7259B-02FE-4FAD-B3F6-2BE5588ACD44, 2021-01-30T17:22:39, true
E2C7259B-02FE-4FAD-B3F6-2BE5588ACD44, 2021-01-30T17:23:51, true
E2C7259B-02FE-4FAD-B3F6-2BE5588ACD44, 2021-01-30T17:25:01, true
E2C7259B-02FE-4FAD-B3F6-2BE5588ACD44, 2021-01-30T17:26:07, true
E2C7259B-02FE-4FAD-B3F6-2BE5588ACD44, 2021-01-30T17:27:20, true
E2C7259B-02FE-4FAD-B3F6-2BE5588ACD44, 2021-01-30T17:28:25, true
E2C7259B-02FE-4FAD-B3F6-2BE5588ACD44, 2021-01-30T17:29:31, true
E2C7259B-02FE-4FAD-B3F6-2BE5588ACD44, 2021-01-30T17:30:38, true
E2C7259B-02FE-4FAD-B3F6-2BE5588ACD44, 2021-01-30T17:31:46, true
E2C7259B-02FE-4FAD-B3F6-2BE5588ACD44, 2021-01-30T17:32:48, true
E2C7259B-02FE-4FAD-B3F6-2BE5588ACD44, 2021-01-30T17:33:51, true
E2C7259B-02FE-4FAD-B3F6-2BE5588ACD44, 2021-01-30T17:34:58, true
E2C7259B-02FE-4FAD-B3F6-2BE5588ACD44, 2021-01-30T17:36:01, true
E2C7259B-02FE-4FAD-B3F6-2BE5588ACD44, 2021-01-30T17:37:10, true
E2C7259B-02FE-4FAD-B3F6-2BE5588ACD44, 2021-01-30T17:38:38, true
E2C7259B-02FE-4FAD-B3F6-2BE5588ACD44, 2021-01-30T17:39:40, true
E2C7259B-02FE-4FAD-B3F6-2BE5588ACD44, 2021-01-30T17:40:47, true
E2C7259B-02FE-4FAD-B3F6-2BE5588ACD44, 2021-01-30T17:41:52, true
E2C7259B-02FE-4FAD-B3F6-2BE5588ACD44, 2021-01-30T17:42:52, false
E2C7259B-02FE-4FAD-B3F6-2BE5588ACD44, 2021-01-30T17:43:52, false
E2C7259B-02FE-4FAD-B3F6-2BE5588ACD44, 2021-01-30T17:44:52, false
E2C7259B-02FE-4FAD-B3F6-2BE5588ACD44, 2021-01-30T17:45:52, false
E2C7259B-02FE-4FAD-B3F6-2BE5588ACD44, 2021-01-30T17:46:52, false
E2C7259B-02FE-4FAD-B3F6-2BE5588ACD44, 2021-01-30T17:47:52, false
E2C7259B-02FE-4FAD-B3F6-2BE5588ACD44, 2021-01-30T17:48:52, false
E2C7259B-02FE-4FAD-B3F6-2BE5588ACD44, 2021-01-30T17:49:35, true
E2C7259B-02FE-4FAD-B3F6-2BE5588ACD44, 2021-01-30T17:50:40, true
E2C7259B-02FE-4FAD-B3F6-2BE5588ACD44, 2021-01-30T17:51:40, false
E2C7259B-02FE-4FAD-B3F6-2BE5588ACD44, 2021-01-30T17:52:17, true
E2C7259B-02FE-4FAD-B3F6-2BE5588ACD44, 2021-01-30T17:53:19, true
E2C7259B-02FE-4FAD-B3F6-2BE5588ACD44, 2021-01-30T17:54:20, true
E2C7259B-02FE-4FAD-B3F6-2BE5588ACD44, 2021-01-30T17:55:23, true
E2C7259B-02FE-4FAD-B3F6-2BE5588ACD44, 2021-01-30T17:56:25, true
E2C7259B-02FE-4FAD-B3F6-2BE5588ACD44, 2021-01-30T17:57:35, true
E2C7259B-02FE-4FAD-B3F6-2BE5588ACD44, 2021-01-30T17:58:47, true
E2C7259B-02FE-4FAD-B3F6-2BE5588ACD44, 2021-01-30T18:00:00, true
E2C7259B-02FE-4FAD-B3F6-2BE5588ACD44, 2021-01-30T18:01:13, true
E2C7259B-02FE-4FAD-B3F6-2BE5588ACD44, 2021-01-30T18:02:21, true
E2C7259B-02FE-4FAD-B3F6-2BE5588ACD44, 2021-01-30T18:03:29, true
E2C7259B-02FE-4FAD-B3F6-2BE5588ACD44, 2021-01-30T18:04:40, true
E2C7259B-02FE-4FAD-B3F6-2BE5588ACD44, 2021-01-30T18:05:46, true
E2C7259B-02FE-4FAD-B3F6-2BE5588ACD44, 2021-01-30T18:06:46, true
E2C7259B-02FE-4FAD-B3F6-2BE5588ACD44, 2021-01-30T18:07:49, true
E2C7259B-02FE-4FAD-B3F6-2BE5588ACD44, 2021-01-30T18:08:55, true
E2C7259B-02FE-4FAD-B3F6-2BE5588ACD44, 2021-01-30T18:10:03, true
E2C7259B-02FE-4FAD-B3F6-2BE5588ACD44, 2021-01-30T18:11:10, true
E2C7259B-02FE-4FAD-B3F6-2BE5588ACD44, 2021-01-30T18:12:24, true
E2C7259B-02FE-4FAD-B3F6-2BE5588ACD44, 2021-01-30T18:13:26, true
E2C7259B-02FE-4FAD-B3F6-2BE5588ACD44, 2021-01-30T18:14:32, true
E2C7259B-02FE-4FAD-B3F6-2BE5588ACD44, 2021-01-30T18:15:34, true
E2C7259B-02FE-4FAD-B3F6-2BE5588ACD44, 2021-01-30T18:16:40, true
E2C7259B-02FE-4FAD-B3F6-2BE5588ACD44, 2021-01-30T18:17:45, true
E2C7259B-02FE-4FAD-B3F6-2BE5588ACD44, 2021-01-30T18:18:52, true
E2C7259B-02FE-4FAD-B3F6-2BE5588ACD44, 2021-01-30T18:19:57, true
E2C7259B-02FE-4FAD-B3F6-2BE5588ACD44, 2021-01-30T18:21:08, true
E2C7259B-02FE-4FAD-B3F6-2BE5588ACD44, 2021-01-30T18:22:15, true
E2C7259B-02FE-4FAD-B3F6-2BE5588ACD44, 2021-01-30T18:23:15, true
E2C7259B-02FE-4FAD-B3F6-2BE5588ACD44, 2021-01-30T18:24:16, true
E2C7259B-02FE-4FAD-B3F6-2BE5588ACD44, 2021-01-30T18:25:24, true
E2C7259B-02FE-4FAD-B3F6-2BE5588ACD44, 2021-01-30T18:26:28, true
E2C7259B-02FE-4FAD-B3F6-2BE5588ACD44, 2021-01-30T18:27:34, true
E2C7259B-02FE-4FAD-B3F6-2BE5588ACD44, 2021-01-30T18:28:40, true
E2C7259B-02FE-4FAD-B3F6-2BE5588ACD44, 2021-01-30T18:29:46, true
E2C7259B-02FE-4FAD-B3F6-2BE5588ACD44, 2021-01-30T18:30:57, true
E2C7259B-02FE-4FAD-B3F6-2BE5588ACD44, 2021-01-30T18:32:09, true
E2C7259B-02FE-4FAD-B3F6-2BE5588ACD44, 2021-01-30T18:33:15, true
E2C7259B-02FE-4FAD-B3F6-2BE5588ACD44, 2021-01-30T18:34:21, true
E2C7259B-02FE-4FAD-B3F6-2BE5588ACD44, 2021-01-30T18:35:22, true
E2C7259B-02FE-4FAD-B3F6-2BE5588ACD44, 2021-01-30T18:36:29, true
E2C7259B-02FE-4FAD-B3F6-2BE5588ACD44, 2021-01-30T18:37:38, true
E2C7259B-02FE-4FAD-B3F6-2BE5588ACD44, 2021-01-30T18:38:44, true
E2C7259B-02FE-4FAD-B3F6-2BE5588ACD44, 2021-01-30T18:39:49, true
E2C7259B-02FE-4FAD-B3F6-2BE5588ACD44, 2021-01-30T18:40:56, true
E2C7259B-02FE-4FAD-B3F6-2BE5588ACD44, 2021-01-30T18:42:02, true
E2C7259B-02FE-4FAD-B3F6-2BE5588ACD44, 2021-01-30T18:43:07, true
E2C7259B-02FE-4FAD-B3F6-2BE5588ACD44, 2021-01-30T18:44:15, true
E2C7259B-02FE-4FAD-B3F6-2BE5588ACD44, 2021-01-30T18:45:22, true
E2C7259B-02FE-4FAD-B3F6-2BE5588ACD44, 2021-01-30T18:46:25, true
E2C7259B-02FE-4FAD-B3F6-2BE5588ACD44, 2021-01-30T18:47:25, true
E2C7259B-02FE-4FAD-B3F6-2BE5588ACD44, 2021-01-30T18:48:31, true
E2C7259B-02FE-4FAD-B3F6-2BE5588ACD44, 2021-01-30T18:49:37, true
E2C7259B-02FE-4FAD-B3F6-2BE5588ACD44, 2021-01-30T18:50:43, true
E2C7259B-02FE-4FAD-B3F6-2BE5588ACD44, 2021-01-30T18:51:51, true
E2C7259B-02FE-4FAD-B3F6-2BE5588ACD44, 2021-01-30T18:53:01, true
E2C7259B-02FE-4FAD-B3F6-2BE5588ACD44, 2021-01-30T18:54:07, true
E2C7259B-02FE-4FAD-B3F6-2BE5588ACD44, 2021-01-30T18:55:13, true
E2C7259B-02FE-4FAD-B3F6-2BE5588ACD44, 2021-01-30T18:56:19, true
E2C7259B-02FE-4FAD-B3F6-2BE5588ACD44, 2021-01-30T18:57:19, true
E2C7259B-02FE-4FAD-B3F6-2BE5588ACD44, 2021-01-30T18:58:27, true
E2C7259B-02FE-4FAD-B3F6-2BE5588ACD44, 2021-01-30T18:59:30, true
E2C7259B-02FE-4FAD-B3F6-2BE5588ACD44, 2021-01-30T19:00:34, true
E2C7259B-02FE-4FAD-B3F6-2BE5588ACD44, 2021-01-30T19:01:39, true
E2C7259B-02FE-4FAD-B3F6-2BE5588ACD44, 2021-01-30T19:02:40, true
E2C7259B-02FE-4FAD-B3F6-2BE5588ACD44, 2021-01-30T19:03:47, true
E2C7259B-02FE-4FAD-B3F6-2BE5588ACD44, 2021-01-30T19:04:55, true
E2C7259B-02FE-4FAD-B3F6-2BE5588ACD44, 2021-01-30T19:06:06, true
E2C7259B-02FE-4FAD-B3F6-2BE5588ACD44, 2021-01-30T19:07:12, true
E2C7259B-02FE-4FAD-B3F6-2BE5588ACD44, 2021-01-30T19:08:18, true
E2C7259B-02FE-4FAD-B3F6-2BE5588ACD44, 2021-01-30T19:09:25, true
E2C7259B-02FE-4FAD-B3F6-2BE5588ACD44, 2021-01-30T19:10:32, true
E2C7259B-02FE-4FAD-B3F6-2BE5588ACD44, 2021-01-30T19:11:38, true
E2C7259B-02FE-4FAD-B3F6-2BE5588ACD44, 2021-01-30T19:12:48, true
E2C7259B-02FE-4FAD-B3F6-2BE5588ACD44, 2021-01-30T19:13:49, true
E2C7259B-02FE-4FAD-B3F6-2BE5588ACD44, 2021-01-30T19:14:55, true
E2C7259B-02FE-4FAD-B3F6-2BE5588ACD44, 2021-01-30T19:15:58, true
E2C7259B-02FE-4FAD-B3F6-2BE5588ACD44, 2021-01-30T19:17:08, true
E2C7259B-02FE-4FAD-B3F6-2BE5588ACD44, 2021-01-30T19:18:14, true
E2C7259B-02FE-4FAD-B3F6-2BE5588ACD44, 2021-01-30T19:19:14, true
E2C7259B-02FE-4FAD-B3F6-2BE5588ACD44, 2021-01-30T19:20:15, true
E2C7259B-02FE-4FAD-B3F6-2BE5588ACD44, 2021-01-30T19:21:23, true
E2C7259B-02FE-4FAD-B3F6-2BE5588ACD44, 2021-01-30T19:22:29, true
E2C7259B-02FE-4FAD-B3F6-2BE5588ACD44, 2021-01-30T19:23:35, true
E2C7259B-02FE-4FAD-B3F6-2BE5588ACD44, 2021-01-30T19:24:42, true
E2C7259B-02FE-4FAD-B3F6-2BE5588ACD44, 2021-01-30T19:25:47, true
E2C7259B-02FE-4FAD-B3F6-2BE5588ACD44, 2021-01-30T19:26:52, true
E2C7259B-02FE-4FAD-B3F6-2BE5588ACD44, 2021-01-30T19:27:58, true
E2C7259B-02FE-4FAD-B3F6-2BE5588ACD44, 2021-01-30T19:29:04, true
E2C7259B-02FE-4FAD-B3F6-2BE5588ACD44, 2021-01-30T19:30:05, true
E2C7259B-02FE-4FAD-B3F6-2BE5588ACD44, 2021-01-30T19:31:08, true
E2C7259B-02FE-4FAD-B3F6-2BE5588ACD44, 2021-01-30T19:32:10, true
E2C7259B-02FE-4FAD-B3F6-2BE5588ACD44, 2021-01-30T19:33:10, true
E2C7259B-02FE-4FAD-B3F6-2BE5588ACD44, 2021-01-30T19:34:17, true
E2C7259B-02FE-4FAD-B3F6-2BE5588ACD44, 2021-01-30T19:35:24, true
E2C7259B-02FE-4FAD-B3F6-2BE5588ACD44, 2021-01-30T19:36:25, true
E2C7259B-02FE-4FAD-B3F6-2BE5588ACD44, 2021-01-30T19:37:31, true
E2C7259B-02FE-4FAD-B3F6-2BE5588ACD44, 2021-01-30T19:38:36, true
E2C7259B-02FE-4FAD-B3F6-2BE5588ACD44, 2021-01-30T19:39:40, true
E2C7259B-02FE-4FAD-B3F6-2BE5588ACD44, 2021-01-30T19:40:46, true
E2C7259B-02FE-4FAD-B3F6-2BE5588ACD44, 2021-01-30T19:41:52, true
E2C7259B-02FE-4FAD-B3F6-2BE5588ACD44, 2021-01-30T19:42:58, true
E2C7259B-02FE-4FAD-B3F6-2BE5588ACD44, 2021-01-30T19:44:04, true
E2C7259B-02FE-4FAD-B3F6-2BE5588ACD44, 2021-01-30T19:45:09, true
E2C7259B-02FE-4FAD-B3F6-2BE5588ACD44, 2021-01-30T19:46:15, true
E2C7259B-02FE-4FAD-B3F6-2BE5588ACD44, 2021-01-30T19:47:16, true
E2C7259B-02FE-4FAD-B3F6-2BE5588ACD44, 2021-01-30T19:48:21, true
E2C7259B-02FE-4FAD-B3F6-2BE5588ACD44, 2021-01-30T19:49:26, true
E2C7259B-02FE-4FAD-B3F6-2BE5588ACD44, 2021-01-30T19:50:32, true
E2C7259B-02FE-4FAD-B3F6-2BE5588ACD44, 2021-01-30T19:51:38, true
E2C7259B-02FE-4FAD-B3F6-2BE5588ACD44, 2021-01-30T19:52:39, true
E2C7259B-02FE-4FAD-B3F6-2BE5588ACD44, 2021-01-30T19:53:48, true
E2C7259B-02FE-4FAD-B3F6-2BE5588ACD44, 2021-01-30T19:54:54, true
E2C7259B-02FE-4FAD-B3F6-2BE5588ACD44, 2021-01-30T19:56:00, true
E2C7259B-02FE-4FAD-B3F6-2BE5588ACD44, 2021-01-30T19:57:06, true
E2C7259B-02FE-4FAD-B3F6-2BE5588ACD44, 2021-01-30T19:58:06, true
E2C7259B-02FE-4FAD-B3F6-2BE5588ACD44, 2021-01-30T19:59:17, true
E2C7259B-02FE-4FAD-B3F6-2BE5588ACD44, 2021-01-30T20:00:26, true
E2C7259B-02FE-4FAD-B3F6-2BE5588ACD44, 2021-01-30T20:01:33, true
E2C7259B-02FE-4FAD-B3F6-2BE5588ACD44, 2021-01-30T20:02:39, true
E2C7259B-02FE-4FAD-B3F6-2BE5588ACD44, 2021-01-30T20:03:42, true
E2C7259B-02FE-4FAD-B3F6-2BE5588ACD44, 2021-01-30T20:04:45, true
E2C7259B-02FE-4FAD-B3F6-2BE5588ACD44, 2021-01-30T20:05:50, true
E2C7259B-02FE-4FAD-B3F6-2BE5588ACD44, 2021-01-30T20:06:56, true
E2C7259B-02FE-4FAD-B3F6-2BE5588ACD44, 2021-01-30T20:08:01, true
E2C7259B-02FE-4FAD-B3F6-2BE5588ACD44, 2021-01-30T20:09:01, true
E2C7259B-02FE-4FAD-B3F6-2BE5588ACD44, 2021-01-30T20:10:07, true
E2C7259B-02FE-4FAD-B3F6-2BE5588ACD44, 2021-01-30T20:11:14, true
E2C7259B-02FE-4FAD-B3F6-2BE5588ACD44, 2021-01-30T20:12:16, true
E2C7259B-02FE-4FAD-B3F6-2BE5588ACD44, 2021-01-30T20:13:16, true
E2C7259B-02FE-4FAD-B3F6-2BE5588ACD44, 2021-01-30T20:14:24, true
E2C7259B-02FE-4FAD-B3F6-2BE5588ACD44, 2021-01-30T20:15:28, true
E2C7259B-02FE-4FAD-B3F6-2BE5588ACD44, 2021-01-30T20:16:34, true
E2C7259B-02FE-4FAD-B3F6-2BE5588ACD44, 2021-01-30T20:17:40, true
E2C7259B-02FE-4FAD-B3F6-2BE5588ACD44, 2021-01-30T20:18:46, true
E2C7259B-02FE-4FAD-B3F6-2BE5588ACD44, 2021-01-30T20:19:52, true
E2C7259B-02FE-4FAD-B3F6-2BE5588ACD44, 2021-01-30T20:20:53, true
E2C7259B-02FE-4FAD-B3F6-2BE5588ACD44, 2021-01-30T20:22:00, true
E2C7259B-02FE-4FAD-B3F6-2BE5588ACD44, 2021-01-30T20:23:01, true
E2C7259B-02FE-4FAD-B3F6-2BE5588ACD44, 2021-01-30T20:24:06, true
E2C7259B-02FE-4FAD-B3F6-2BE5588ACD44, 2021-01-30T20:25:17, true
E2C7259B-02FE-4FAD-B3F6-2BE5588ACD44, 2021-01-30T20:26:18, true
E2C7259B-02FE-4FAD-B3F6-2BE5588ACD44, 2021-01-30T20:27:25, true
E2C7259B-02FE-4FAD-B3F6-2BE5588ACD44, 2021-01-30T20:28:43, true
E2C7259B-02FE-4FAD-B3F6-2BE5588ACD44, 2021-01-30T20:29:48, true
E2C7259B-02FE-4FAD-B3F6-2BE5588ACD44, 2021-01-30T20:30:52, true
E2C7259B-02FE-4FAD-B3F6-2BE5588ACD44, 2021-01-30T20:32:08, true
E2C7259B-02FE-4FAD-B3F6-2BE5588ACD44, 2021-01-30T20:33:12, true
E2C7259B-02FE-4FAD-B3F6-2BE5588ACD44, 2021-01-30T20:34:20, true
E2C7259B-02FE-4FAD-B3F6-2BE5588ACD44, 2021-01-30T20:35:26, true
E2C7259B-02FE-4FAD-B3F6-2BE5588ACD44, 2021-01-30T20:36:31, true
E2C7259B-02FE-4FAD-B3F6-2BE5588ACD44, 2021-01-30T20:37:38, true
E2C7259B-02FE-4FAD-B3F6-2BE5588ACD44, 2021-01-30T20:38:42, true
E2C7259B-02FE-4FAD-B3F6-2BE5588ACD44, 2021-01-30T20:39:48, true
E2C7259B-02FE-4FAD-B3F6-2BE5588ACD44, 2021-01-30T20:41:02, true
E2C7259B-02FE-4FAD-B3F6-2BE5588ACD44, 2021-01-30T20:42:10, true
E2C7259B-02FE-4FAD-B3F6-2BE5588ACD44, 2021-01-30T20:43:19, true
E2C7259B-02FE-4FAD-B3F6-2BE5588ACD44, 2021-01-30T20:44:24, true
E2C7259B-02FE-4FAD-B3F6-2BE5588ACD44, 2021-01-30T20:45:30, true
E2C7259B-02FE-4FAD-B3F6-2BE5588ACD44, 2021-01-30T20:46:36, true
E2C7259B-02FE-4FAD-B3F6-2BE5588ACD44, 2021-01-30T20:47:41, true
E2C7259B-02FE-4FAD-B3F6-2BE5588ACD44, 2021-01-30T20:48:47, true
E2C7259B-02FE-4FAD-B3F6-2BE5588ACD44, 2021-01-30T20:49:54, true
E2C7259B-02FE-4FAD-B3F6-2BE5588ACD44, 2021-01-30T20:50:56, true
E2C7259B-02FE-4FAD-B3F6-2BE5588ACD44, 2021-01-30T20:52:08, true
E2C7259B-02FE-4FAD-B3F6-2BE5588ACD44, 2021-01-30T20:53:19, true
E2C7259B-02FE-4FAD-B3F6-2BE5588ACD44, 2021-01-30T20:54:21, true
E2C7259B-02FE-4FAD-B3F6-2BE5588ACD44, 2021-01-30T20:55:27, true
E2C7259B-02FE-4FAD-B3F6-2BE5588ACD44, 2021-01-30T20:56:35, true
E2C7259B-02FE-4FAD-B3F6-2BE5588ACD44, 2021-01-30T20:57:41, true
E2C7259B-02FE-4FAD-B3F6-2BE5588ACD44, 2021-01-30T20:58:47, true
E2C7259B-02FE-4FAD-B3F6-2BE5588ACD44, 2021-01-30T20:59:48, true
E2C7259B-02FE-4FAD-B3F6-2BE5588ACD44, 2021-01-30T21:00:55, true
E2C7259B-02FE-4FAD-B3F6-2BE5588ACD44, 2021-01-30T21:01:59, true
E2C7259B-02FE-4FAD-B3F6-2BE5588ACD44, 2021-01-30T21:03:09, true
E2C7259B-02FE-4FAD-B3F6-2BE5588ACD44, 2021-01-30T21:04:15, true
E2C7259B-02FE-4FAD-B3F6-2BE5588ACD44, 2021-01-30T21:05:22, true
E2C7259B-02FE-4FAD-B3F6-2BE5588ACD44, 2021-01-30T21:06:32, true
E2C7259B-02FE-4FAD-B3F6-2BE5588ACD44, 2021-01-30T21:07:38, true
E2C7259B-02FE-4FAD-B3F6-2BE5588ACD44, 2021-01-30T21:08:46, true
E2C7259B-02FE-4FAD-B3F6-2BE5588ACD44, 2021-01-30T21:09:50, true
E2C7259B-02FE-4FAD-B3F6-2BE5588ACD44, 2021-01-30T21:10:56, true
E2C7259B-02FE-4FAD-B3F6-2BE5588ACD44, 2021-01-30T21:12:09, true
E2C7259B-02FE-4FAD-B3F6-2BE5588ACD44, 2021-01-30T21:13:14, true
E2C7259B-02FE-4FAD-B3F6-2BE5588ACD44, 2021-01-30T21:14:18, true
E2C7259B-02FE-4FAD-B3F6-2BE5588ACD44, 2021-01-30T21:15:22, true
E2C7259B-02FE-4FAD-B3F6-2BE5588ACD44, 2021-01-30T21:16:34, true
E2C7259B-02FE-4FAD-B3F6-2BE5588ACD44, 2021-01-30T21:17:40, true
E2C7259B-02FE-4FAD-B3F6-2BE5588ACD44, 2021-01-30T21:18:46, true
E2C7259B-02FE-4FAD-B3F6-2BE5588ACD44, 2021-01-30T21:19:52, true
E2C7259B-02FE-4FAD-B3F6-2BE5588ACD44, 2021-01-30T21:20:58, true
E2C7259B-02FE-4FAD-B3F6-2BE5588ACD44, 2021-01-30T21:22:04, true
E2C7259B-02FE-4FAD-B3F6-2BE5588ACD44, 2021-01-30T21:23:10, true
E2C7259B-02FE-4FAD-B3F6-2BE5588ACD44, 2021-01-30T21:24:11, true
E2C7259B-02FE-4FAD-B3F6-2BE5588ACD44, 2021-01-30T21:25:12, true
E2C7259B-02FE-4FAD-B3F6-2BE5588ACD44, 2021-01-30T21:26:14, true
E2C7259B-02FE-4FAD-B3F6-2BE5588ACD44, 2021-01-30T21:27:21, true
E2C7259B-02FE-4FAD-B3F6-2BE5588ACD44, 2021-01-30T21:28:23, true
E2C7259B-02FE-4FAD-B3F6-2BE5588ACD44, 2021-01-30T21:29:27, true
E2C7259B-02FE-4FAD-B3F6-2BE5588ACD44, 2021-01-30T21:30:34, true
E2C7259B-02FE-4FAD-B3F6-2BE5588ACD44, 2021-01-30T21:31:34, true
E2C7259B-02FE-4FAD-B3F6-2BE5588ACD44, 2021-01-30T21:32:41, true
E2C7259B-02FE-4FAD-B3F6-2BE5588ACD44, 2021-01-30T21:33:47, true
E2C7259B-02FE-4FAD-B3F6-2BE5588ACD44, 2021-01-30T21:34:56, true
E2C7259B-02FE-4FAD-B3F6-2BE5588ACD44, 2021-01-30T21:36:03, true
E2C7259B-02FE-4FAD-B3F6-2BE5588ACD44, 2021-01-30T21:37:09, true
E2C7259B-02FE-4FAD-B3F6-2BE5588ACD44, 2021-01-30T21:38:14, true
E2C7259B-02FE-4FAD-B3F6-2BE5588ACD44, 2021-01-30T21:39:25, true
E2C7259B-02FE-4FAD-B3F6-2BE5588ACD44, 2021-01-30T21:40:31, true
E2C7259B-02FE-4FAD-B3F6-2BE5588ACD44, 2021-01-30T21:41:37, true
E2C7259B-02FE-4FAD-B3F6-2BE5588ACD44, 2021-01-30T21:42:42, true
E2C7259B-02FE-4FAD-B3F6-2BE5588ACD44, 2021-01-30T21:43:43, true
E2C7259B-02FE-4FAD-B3F6-2BE5588ACD44, 2021-01-30T21:44:49, true
E2C7259B-02FE-4FAD-B3F6-2BE5588ACD44, 2021-01-30T21:45:53, true
E2C7259B-02FE-4FAD-B3F6-2BE5588ACD44, 2021-01-30T21:46:57, true
E2C7259B-02FE-4FAD-B3F6-2BE5588ACD44, 2021-01-30T21:48:03, true
E2C7259B-02FE-4FAD-B3F6-2BE5588ACD44, 2021-01-30T21:49:09, true
E2C7259B-02FE-4FAD-B3F6-2BE5588ACD44, 2021-01-30T21:50:14, true
E2C7259B-02FE-4FAD-B3F6-2BE5588ACD44, 2021-01-30T21:51:20, true
E2C7259B-02FE-4FAD-B3F6-2BE5588ACD44, 2021-01-30T21:52:24, true
E2C7259B-02FE-4FAD-B3F6-2BE5588ACD44, 2021-01-30T21:53:29, true
E2C7259B-02FE-4FAD-B3F6-2BE5588ACD44, 2021-01-30T21:54:35, true
E2C7259B-02FE-4FAD-B3F6-2BE5588ACD44, 2021-01-30T21:55:41, true
E2C7259B-02FE-4FAD-B3F6-2BE5588ACD44, 2021-01-30T21:56:46, true
E2C7259B-02FE-4FAD-B3F6-2BE5588ACD44, 2021-01-30T21:57:53, true
E2C7259B-02FE-4FAD-B3F6-2BE5588ACD44, 2021-01-30T21:58:58, true
E2C7259B-02FE-4FAD-B3F6-2BE5588ACD44, 2021-01-30T22:00:04, true
E2C7259B-02FE-4FAD-B3F6-2BE5588ACD44, 2021-01-30T22:01:12, true
E2C7259B-02FE-4FAD-B3F6-2BE5588ACD44, 2021-01-30T22:02:16, true
E2C7259B-02FE-4FAD-B3F6-2BE5588ACD44, 2021-01-30T22:03:23, true
E2C7259B-02FE-4FAD-B3F6-2BE5588ACD44, 2021-01-30T22:04:26, true
E2C7259B-02FE-4FAD-B3F6-2BE5588ACD44, 2021-01-30T22:05:35, true
E2C7259B-02FE-4FAD-B3F6-2BE5588ACD44, 2021-01-30T22:06:43, true
E2C7259B-02FE-4FAD-B3F6-2BE5588ACD44, 2021-01-30T22:07:49, true
E2C7259B-02FE-4FAD-B3F6-2BE5588ACD44, 2021-01-30T22:08:55, true
E2C7259B-02FE-4FAD-B3F6-2BE5588ACD44, 2021-01-30T22:10:01, true
E2C7259B-02FE-4FAD-B3F6-2BE5588ACD44, 2021-01-30T22:11:08, true
E2C7259B-02FE-4FAD-B3F6-2BE5588ACD44, 2021-01-30T22:12:09, true
E2C7259B-02FE-4FAD-B3F6-2BE5588ACD44, 2021-01-30T22:13:09, true
E2C7259B-02FE-4FAD-B3F6-2BE5588ACD44, 2021-01-30T22:14:10, true
E2C7259B-02FE-4FAD-B3F6-2BE5588ACD44, 2021-01-30T22:15:15, true
E2C7259B-02FE-4FAD-B3F6-2BE5588ACD44, 2021-01-30T22:16:19, true
E2C7259B-02FE-4FAD-B3F6-2BE5588ACD44, 2021-01-30T22:17:26, true
E2C7259B-02FE-4FAD-B3F6-2BE5588ACD44, 2021-01-30T22:18:31, true
E2C7259B-02FE-4FAD-B3F6-2BE5588ACD44, 2021-01-30T22:19:37, true
E2C7259B-02FE-4FAD-B3F6-2BE5588ACD44, 2021-01-30T22:20:43, true
E2C7259B-02FE-4FAD-B3F6-2BE5588ACD44, 2021-01-30T22:21:55, true
E2C7259B-02FE-4FAD-B3F6-2BE5588ACD44, 2021-01-30T22:23:03, true
E2C7259B-02FE-4FAD-B3F6-2BE5588ACD44, 2021-01-30T22:24:09, true
E2C7259B-02FE-4FAD-B3F6-2BE5588ACD44, 2021-01-30T22:25:12, true
E2C7259B-02FE-4FAD-B3F6-2BE5588ACD44, 2021-01-30T22:26:18, true
E2C7259B-02FE-4FAD-B3F6-2BE5588ACD44, 2021-01-30T22:27:24, true
E2C7259B-02FE-4FAD-B3F6-2BE5588ACD44, 2021-01-30T22:28:35, true
E2C7259B-02FE-4FAD-B3F6-2BE5588ACD44, 2021-01-30T22:29:40, true
E2C7259B-02FE-4FAD-B3F6-2BE5588ACD44, 2021-01-30T22:30:46, true
E2C7259B-02FE-4FAD-B3F6-2BE5588ACD44, 2021-01-30T22:31:56, true
E2C7259B-02FE-4FAD-B3F6-2BE5588ACD44, 2021-01-30T22:33:00, true
E2C7259B-02FE-4FAD-B3F6-2BE5588ACD44, 2021-01-30T22:34:06, true
E2C7259B-02FE-4FAD-B3F6-2BE5588ACD44, 2021-01-30T22:35:12, true
E2C7259B-02FE-4FAD-B3F6-2BE5588ACD44, 2021-01-30T22:36:17, true
E2C7259B-02FE-4FAD-B3F6-2BE5588ACD44, 2021-01-30T22:37:24, true
E2C7259B-02FE-4FAD-B3F6-2BE5588ACD44, 2021-01-30T22:38:29, true
E2C7259B-02FE-4FAD-B3F6-2BE5588ACD44, 2021-01-30T22:39:36, true
E2C7259B-02FE-4FAD-B3F6-2BE5588ACD44, 2021-01-30T22:40:41, true
E2C7259B-02FE-4FAD-B3F6-2BE5588ACD44, 2021-01-30T22:41:54, true
E2C7259B-02FE-4FAD-B3F6-2BE5588ACD44, 2021-01-30T22:43:02, true
E2C7259B-02FE-4FAD-B3F6-2BE5588ACD44, 2021-01-30T22:44:07, true
E2C7259B-02FE-4FAD-B3F6-2BE5588ACD44, 2021-01-30T22:45:08, true
E2C7259B-02FE-4FAD-B3F6-2BE5588ACD44, 2021-01-30T22:46:14, true
E2C7259B-02FE-4FAD-B3F6-2BE5588ACD44, 2021-01-30T22:47:25, true
E2C7259B-02FE-4FAD-B3F6-2BE5588ACD44, 2021-01-30T22:48:37, true
E2C7259B-02FE-4FAD-B3F6-2BE5588ACD44, 2021-01-30T22:49:50, true
E2C7259B-02FE-4FAD-B3F6-2BE5588ACD44, 2021-01-30T22:50:53, true
E2C7259B-02FE-4FAD-B3F6-2BE5588ACD44, 2021-01-30T22:51:57, true
E2C7259B-02FE-4FAD-B3F6-2BE5588ACD44, 2021-01-30T22:53:03, true
E2C7259B-02FE-4FAD-B3F6-2BE5588ACD44, 2021-01-30T22:54:04, true
E2C7259B-02FE-4FAD-B3F6-2BE5588ACD44, 2021-01-30T22:55:04, true
E2C7259B-02FE-4FAD-B3F6-2BE5588ACD44, 2021-01-30T22:56:06, true
E2C7259B-02FE-4FAD-B3F6-2BE5588ACD44, 2021-01-30T22:57:10, true
E2C7259B-02FE-4FAD-B3F6-2BE5588ACD44, 2021-01-30T22:58:10, true
E2C7259B-02FE-4FAD-B3F6-2BE5588ACD44, 2021-01-30T22:59:16, true
E2C7259B-02FE-4FAD-B3F6-2BE5588ACD44, 2021-01-30T23:00:22, true
E2C7259B-02FE-4FAD-B3F6-2BE5588ACD44, 2021-01-30T23:01:28, true
E2C7259B-02FE-4FAD-B3F6-2BE5588ACD44, 2021-01-30T23:02:34, true
E2C7259B-02FE-4FAD-B3F6-2BE5588ACD44, 2021-01-30T23:03:40, true
E2C7259B-02FE-4FAD-B3F6-2BE5588ACD44, 2021-01-30T23:04:47, true
E2C7259B-02FE-4FAD-B3F6-2BE5588ACD44, 2021-01-30T23:05:52, true
E2C7259B-02FE-4FAD-B3F6-2BE5588ACD44, 2021-01-30T23:06:56, true
E2C7259B-02FE-4FAD-B3F6-2BE5588ACD44, 2021-01-30T23:08:02, true
E2C7259B-02FE-4FAD-B3F6-2BE5588ACD44, 2021-01-30T23:09:05, true
E2C7259B-02FE-4FAD-B3F6-2BE5588ACD44, 2021-01-30T23:10:16, true
E2C7259B-02FE-4FAD-B3F6-2BE5588ACD44, 2021-01-30T23:11:23, true
E2C7259B-02FE-4FAD-B3F6-2BE5588ACD44, 2021-01-30T23:12:30, true
E2C7259B-02FE-4FAD-B3F6-2BE5588ACD44, 2021-01-30T23:13:39, true
E2C7259B-02FE-4FAD-B3F6-2BE5588ACD44, 2021-01-30T23:14:40, true
E2C7259B-02FE-4FAD-B3F6-2BE5588ACD44, 2021-01-30T23:15:46, true
E2C7259B-02FE-4FAD-B3F6-2BE5588ACD44, 2021-01-30T23:16:47, true
E2C7259B-02FE-4FAD-B3F6-2BE5588ACD44, 2021-01-30T23:17:52, true
E2C7259B-02FE-4FAD-B3F6-2BE5588ACD44, 2021-01-30T23:18:57, true
E2C7259B-02FE-4FAD-B3F6-2BE5588ACD44, 2021-01-30T23:20:03, true
E2C7259B-02FE-4FAD-B3F6-2BE5588ACD44, 2021-01-30T23:21:15, true
E2C7259B-02FE-4FAD-B3F6-2BE5588ACD44, 2021-01-30T23:22:21, true
E2C7259B-02FE-4FAD-B3F6-2BE5588ACD44, 2021-01-30T23:23:25, true
E2C7259B-02FE-4FAD-B3F6-2BE5588ACD44, 2021-01-30T23:24:36, true
E2C7259B-02FE-4FAD-B3F6-2BE5588ACD44, 2021-01-30T23:25:46, true
E2C7259B-02FE-4FAD-B3F6-2BE5588ACD44, 2021-01-30T23:26:49, true
E2C7259B-02FE-4FAD-B3F6-2BE5588ACD44, 2021-01-30T23:27:57, true
E2C7259B-02FE-4FAD-B3F6-2BE5588ACD44, 2021-01-30T23:29:05, true
E2C7259B-02FE-4FAD-B3F6-2BE5588ACD44, 2021-01-30T23:30:11, true
E2C7259B-02FE-4FAD-B3F6-2BE5588ACD44, 2021-01-30T23:31:15, true
E2C7259B-02FE-4FAD-B3F6-2BE5588ACD44, 2021-01-30T23:32:26, true
E2C7259B-02FE-4FAD-B3F6-2BE5588ACD44, 2021-01-30T23:33:38, true
E2C7259B-02FE-4FAD-B3F6-2BE5588ACD44, 2021-01-30T23:34:44, true
E2C7259B-02FE-4FAD-B3F6-2BE5588ACD44, 2021-01-30T23:35:46, true
E2C7259B-02FE-4FAD-B3F6-2BE5588ACD44, 2021-01-30T23:36:50, true
E2C7259B-02FE-4FAD-B3F6-2BE5588ACD44, 2021-01-30T23:37:56, true
E2C7259B-02FE-4FAD-B3F6-2BE5588ACD44, 2021-01-30T23:39:05, true
E2C7259B-02FE-4FAD-B3F6-2BE5588ACD44, 2021-01-30T23:40:09, true
E2C7259B-02FE-4FAD-B3F6-2BE5588ACD44, 2021-01-30T23:41:15, true
E2C7259B-02FE-4FAD-B3F6-2BE5588ACD44, 2021-01-30T23:42:15, true
E2C7259B-02FE-4FAD-B3F6-2BE5588ACD44, 2021-01-30T23:43:16, true
E2C7259B-02FE-4FAD-B3F6-2BE5588ACD44, 2021-01-30T23:44:22, true
E2C7259B-02FE-4FAD-B3F6-2BE5588ACD44, 2021-01-30T23:45:25, true
E2C7259B-02FE-4FAD-B3F6-2BE5588ACD44, 2021-01-30T23:46:34, true
E2C7259B-02FE-4FAD-B3F6-2BE5588ACD44, 2021-01-30T23:47:40, true
E2C7259B-02FE-4FAD-B3F6-2BE5588ACD44, 2021-01-30T23:48:46, true
E2C7259B-02FE-4FAD-B3F6-2BE5588ACD44, 2021-01-30T23:49:53, true
E2C7259B-02FE-4FAD-B3F6-2BE5588ACD44, 2021-01-30T23:50:58, true
E2C7259B-02FE-4FAD-B3F6-2BE5588ACD44, 2021-01-30T23:52:10, true
E2C7259B-02FE-4FAD-B3F6-2BE5588ACD44, 2021-01-30T23:53:15, true
E2C7259B-02FE-4FAD-B3F6-2BE5588ACD44, 2021-01-30T23:54:19, true
E2C7259B-02FE-4FAD-B3F6-2BE5588ACD44, 2021-01-30T23:55:25, true
E2C7259B-02FE-4FAD-B3F6-2BE5588ACD44, 2021-01-30T23:56:30, true
E2C7259B-02FE-4FAD-B3F6-2BE5588ACD44, 2021-01-30T23:57:37, true
E2C7259B-02FE-4FAD-B3F6-2BE5588ACD44, 2021-01-30T23:58:49, true
E2C7259B-02FE-4FAD-B3F6-2BE5588ACD44, 2021-01-30T23:59:57, true
