Device, Measure Date Time, Exist
E2C7259B-02FE-4FAD-B3F6-2BE5588ACD44, 2021-02-15T00:00:50, true
E2C7259B-02FE-4FAD-B3F6-2BE5588ACD44, 2021-02-15T00:01:53, true
E2C7259B-02FE-4FAD-B3F6-2BE5588ACD44, 2021-02-15T00:02:56, true
E2C7259B-02FE-4FAD-B3F6-2BE5588ACD44, 2021-02-15T00:03:59, true
E2C7259B-02FE-4FAD-B3F6-2BE5588ACD44, 2021-02-15T00:04:59, true
E2C7259B-02FE-4FAD-B3F6-2BE5588ACD44, 2021-02-15T00:06:03, true
E2C7259B-02FE-4FAD-B3F6-2BE5588ACD44, 2021-02-15T00:07:11, true
E2C7259B-02FE-4FAD-B3F6-2BE5588ACD44, 2021-02-15T00:08:17, true
E2C7259B-02FE-4FAD-B3F6-2BE5588ACD44, 2021-02-15T00:09:23, true
E2C7259B-02FE-4FAD-B3F6-2BE5588ACD44, 2021-02-15T00:10:28, true
E2C7259B-02FE-4FAD-B3F6-2BE5588ACD44, 2021-02-15T00:11:34, true
E2C7259B-02FE-4FAD-B3F6-2BE5588ACD44, 2021-02-15T00:12:40, true
E2C7259B-02FE-4FAD-B3F6-2BE5588ACD44, 2021-02-15T00:13:45, true
E2C7259B-02FE-4FAD-B3F6-2BE5588ACD44, 2021-02-15T00:14:51, true
E2C7259B-02FE-4FAD-B3F6-2BE5588ACD44, 2021-02-15T00:15:52, true
E2C7259B-02FE-4FAD-B3F6-2BE5588ACD44, 2021-02-15T00:16:57, true
E2C7259B-02FE-4FAD-B3F6-2BE5588ACD44, 2021-02-15T00:17:57, true
E2C7259B-02FE-4FAD-B3F6-2BE5588ACD44, 2021-02-15T00:18:58, true
E2C7259B-02FE-4FAD-B3F6-2BE5588ACD44, 2021-02-15T00:20:04, true
E2C7259B-02FE-4FAD-B3F6-2BE5588ACD44, 2021-02-15T00:21:10, true
E2C7259B-02FE-4FAD-B3F6-2BE5588ACD44, 2021-02-15T00:22:16, true
E2C7259B-02FE-4FAD-B3F6-2BE5588ACD44, 2021-02-15T00:23:22, true
E2C7259B-02FE-4FAD-B3F6-2BE5588ACD44, 2021-02-15T00:24:28, true
E2C7259B-02FE-4FAD-B3F6-2BE5588ACD44, 2021-02-15T00:25:44, true
E2C7259B-02FE-4FAD-B3F6-2BE5588ACD44, 2021-02-15T00:26:57, true
E2C7259B-02FE-4FAD-B3F6-2BE5588ACD44, 2021-02-15T00:28:04, true
E2C7259B-02FE-4FAD-B3F6-2BE5588ACD44, 2021-02-15T00:29:08, true
E2C7259B-02FE-4FAD-B3F6-2BE5588ACD44, 2021-02-15T00:30:19, true
E2C7259B-02FE-4FAD-B3F6-2BE5588ACD44, 2021-02-15T00:31:26, true
E2C7259B-02FE-4FAD-B3F6-2BE5588ACD44, 2021-02-15T00:32:26, true
E2C7259B-02FE-4FAD-B3F6-2BE5588ACD44, 2021-02-15T00:33:32, true
E2C7259B-02FE-4FAD-B3F6-2BE5588ACD44, 2021-02-15T00:34:38, true
E2C7259B-02FE-4FAD-B3F6-2BE5588ACD44, 2021-02-15T00:35:44, true
E2C7259B-02FE-4FAD-B3F6-2BE5588ACD44, 2021-02-15T00:36:45, true
E2C7259B-02FE-4FAD-B3F6-2BE5588ACD44, 2021-02-15T00:37:51, true
E2C7259B-02FE-4FAD-B3F6-2BE5588ACD44, 2021-02-15T00:39:00, true
E2C7259B-02FE-4FAD-B3F6-2BE5588ACD44, 2021-02-15T00:40:07, true
E2C7259B-02FE-4FAD-B3F6-2BE5588ACD44, 2021-02-15T00:41:14, true
E2C7259B-02FE-4FAD-B3F6-2BE5588ACD44, 2021-02-15T00:42:20, true
E2C7259B-02FE-4FAD-B3F6-2BE5588ACD44, 2021-02-15T00:43:27, true
E2C7259B-02FE-4FAD-B3F6-2BE5588ACD44, 2021-02-15T00:44:33, true
E2C7259B-02FE-4FAD-B3F6-2BE5588ACD44, 2021-02-15T00:45:39, true
E2C7259B-02FE-4FAD-B3F6-2BE5588ACD44, 2021-02-15T00:46:46, true
E2C7259B-02FE-4FAD-B3F6-2BE5588ACD44, 2021-02-15T00:47:51, true
E2C7259B-02FE-4FAD-B3F6-2BE5588ACD44, 2021-02-15T00:49:00, true
E2C7259B-02FE-4FAD-B3F6-2BE5588ACD44, 2021-02-15T00:50:09, true
E2C7259B-02FE-4FAD-B3F6-2BE5588ACD44, 2021-02-15T00:51:16, true
E2C7259B-02FE-4FAD-B3F6-2BE5588ACD44, 2021-02-15T00:52:23, true
E2C7259B-02FE-4FAD-B3F6-2BE5588ACD44, 2021-02-15T00:53:26, true
E2C7259B-02FE-4FAD-B3F6-2BE5588ACD44, 2021-02-15T00:54:31, true
E2C7259B-02FE-4FAD-B3F6-2BE5588ACD44, 2021-02-15T00:55:38, true
E2C7259B-02FE-4FAD-B3F6-2BE5588ACD44, 2021-02-15T00:56:44, true
E2C7259B-02FE-4FAD-B3F6-2BE5588ACD44, 2021-02-15T00:57:50, true
E2C7259B-02FE-4FAD-B3F6-2BE5588ACD44, 2021-02-15T00:58:55, true
E2C7259B-02FE-4FAD-B3F6-2BE5588ACD44, 2021-02-15T01:00:01, true
E2C7259B-02FE-4FAD-B3F6-2BE5588ACD44, 2021-02-15T01:01:06, true
E2C7259B-02FE-4FAD-B3F6-2BE5588ACD44, 2021-02-15T01:02:12, true
E2C7259B-02FE-4FAD-B3F6-2BE5588ACD44, 2021-02-15T01:03:18, true
E2C7259B-02FE-4FAD-B3F6-2BE5588ACD44, 2021-02-15T01:04:24, true
E2C7259B-02FE-4FAD-B3F6-2BE5588ACD44, 2021-02-15T01:05:36, true
E2C7259B-02FE-4FAD-B3F6-2BE5588ACD44, 2021-02-15T01:06:39, true
E2C7259B-02FE-4FAD-B3F6-2BE5588ACD44, 2021-02-15T01:07:45, true
E2C7259B-02FE-4FAD-B3F6-2BE5588ACD44, 2021-02-15T01:08:51, true
E2C7259B-02FE-4FAD-B3F6-2BE5588ACD44, 2021-02-15T01:09:56, true
E2C7259B-02FE-4FAD-B3F6-2BE5588ACD44, 2021-02-15T01:11:02, true
E2C7259B-02FE-4FAD-B3F6-2BE5588ACD44, 2021-02-15T01:12:08, true
E2C7259B-02FE-4FAD-B3F6-2BE5588ACD44, 2021-02-15T01:13:17, true
E2C7259B-02FE-4FAD-B3F6-2BE5588ACD44, 2021-02-15T01:14:22, true
E2C7259B-02FE-4FAD-B3F6-2BE5588ACD44, 2021-02-15T01:15:27, true
E2C7259B-02FE-4FAD-B3F6-2BE5588ACD44, 2021-02-15T01:16:32, true
E2C7259B-02FE-4FAD-B3F6-2BE5588ACD44, 2021-02-15T01:17:43, true
E2C7259B-02FE-4FAD-B3F6-2BE5588ACD44, 2021-02-15T01:18:43, true
E2C7259B-02FE-4FAD-B3F6-2BE5588ACD44, 2021-02-15T01:19:46, true
E2C7259B-02FE-4FAD-B3F6-2BE5588ACD44, 2021-02-15T01:20:53, true
E2C7259B-02FE-4FAD-B3F6-2BE5588ACD44, 2021-02-15T01:21:58, true
E2C7259B-02FE-4FAD-B3F6-2BE5588ACD44, 2021-02-15T01:23:04, true
E2C7259B-02FE-4FAD-B3F6-2BE5588ACD44, 2021-02-15T01:24:13, true
E2C7259B-02FE-4FAD-B3F6-2BE5588ACD44, 2021-02-15T01:25:16, true
E2C7259B-02FE-4FAD-B3F6-2BE5588ACD44, 2021-02-15T01:26:19, true
E2C7259B-02FE-4FAD-B3F6-2BE5588ACD44, 2021-02-15T01:27:27, true
E2C7259B-02FE-4FAD-B3F6-2BE5588ACD44, 2021-02-15T01:28:27, true
E2C7259B-02FE-4FAD-B3F6-2BE5588ACD44, 2021-02-15T01:29:33, true
E2C7259B-02FE-4FAD-B3F6-2BE5588ACD44, 2021-02-15T01:30:33, true
E2C7259B-02FE-4FAD-B3F6-2BE5588ACD44, 2021-02-15T01:31:39, true
E2C7259B-02FE-4FAD-B3F6-2BE5588ACD44, 2021-02-15T01:32:40, true
E2C7259B-02FE-4FAD-B3F6-2BE5588ACD44, 2021-02-15T01:33:46, true
E2C7259B-02FE-4FAD-B3F6-2BE5588ACD44, 2021-02-15T01:34:52, true
E2C7259B-02FE-4FAD-B3F6-2BE5588ACD44, 2021-02-15T01:35:58, true
E2C7259B-02FE-4FAD-B3F6-2BE5588ACD44, 2021-02-15T01:37:06, true
E2C7259B-02FE-4FAD-B3F6-2BE5588ACD44, 2021-02-15T01:38:11, true
E2C7259B-02FE-4FAD-B3F6-2BE5588ACD44, 2021-02-15T01:39:16, true
E2C7259B-02FE-4FAD-B3F6-2BE5588ACD44, 2021-02-15T01:40:16, true
E2C7259B-02FE-4FAD-B3F6-2BE5588ACD44, 2021-02-15T01:41:23, true
E2C7259B-02FE-4FAD-B3F6-2BE5588ACD44, 2021-02-15T01:42:28, true
E2C7259B-02FE-4FAD-B3F6-2BE5588ACD44, 2021-02-15T01:43:34, true
E2C7259B-02FE-4FAD-B3F6-2BE5588ACD44, 2021-02-15T01:44:39, true
E2C7259B-02FE-4FAD-B3F6-2BE5588ACD44, 2021-02-15T01:45:44, true
E2C7259B-02FE-4FAD-B3F6-2BE5588ACD44, 2021-02-15T01:46:52, true
E2C7259B-02FE-4FAD-B3F6-2BE5588ACD44, 2021-02-15T01:47:53, true
E2C7259B-02FE-4FAD-B3F6-2BE5588ACD44, 2021-02-15T01:49:00, true
E2C7259B-02FE-4FAD-B3F6-2BE5588ACD44, 2021-02-15T01:50:08, true
E2C7259B-02FE-4FAD-B3F6-2BE5588ACD44, 2021-02-15T01:51:11, true
E2C7259B-02FE-4FAD-B3F6-2BE5588ACD44, 2021-02-15T01:52:19, true
E2C7259B-02FE-4FAD-B3F6-2BE5588ACD44, 2021-02-15T01:53:23, true
E2C7259B-02FE-4FAD-B3F6-2BE5588ACD44, 2021-02-15T01:54:27, true
E2C7259B-02FE-4FAD-B3F6-2BE5588ACD44, 2021-02-15T01:55:34, true
E2C7259B-02FE-4FAD-B3F6-2BE5588ACD44, 2021-02-15T01:56:41, true
E2C7259B-02FE-4FAD-B3F6-2BE5588ACD44, 2021-02-15T01:57:45, true
E2C7259B-02FE-4FAD-B3F6-2BE5588ACD44, 2021-02-15T01:58:51, true
E2C7259B-02FE-4FAD-B3F6-2BE5588ACD44, 2021-02-15T01:59:58, true
E2C7259B-02FE-4FAD-B3F6-2BE5588ACD44, 2021-02-15T02:01:03, true
E2C7259B-02FE-4FAD-B3F6-2BE5588ACD44, 2021-02-15T02:02:06, true
E2C7259B-02FE-4FAD-B3F6-2BE5588ACD44, 2021-02-15T02:03:12, true
E2C7259B-02FE-4FAD-B3F6-2BE5588ACD44, 2021-02-15T02:04:18, true
E2C7259B-02FE-4FAD-B3F6-2BE5588ACD44, 2021-02-15T02:05:18, true
E2C7259B-02FE-4FAD-B3F6-2BE5588ACD44, 2021-02-15T02:06:31, true
E2C7259B-02FE-4FAD-B3F6-2BE5588ACD44, 2021-02-15T02:07:39, true
E2C7259B-02FE-4FAD-B3F6-2BE5588ACD44, 2021-02-15T02:08:50, true
E2C7259B-02FE-4FAD-B3F6-2BE5588ACD44, 2021-02-15T02:09:52, true
E2C7259B-02FE-4FAD-B3F6-2BE5588ACD44, 2021-02-15T02:10:57, true
E2C7259B-02FE-4FAD-B3F6-2BE5588ACD44, 2021-02-15T02:12:04, true
E2C7259B-02FE-4FAD-B3F6-2BE5588ACD44, 2021-02-15T02:13:10, true
E2C7259B-02FE-4FAD-B3F6-2BE5588ACD44, 2021-02-15T02:14:13, true
E2C7259B-02FE-4FAD-B3F6-2BE5588ACD44, 2021-02-15T02:15:22, true
E2C7259B-02FE-4FAD-B3F6-2BE5588ACD44, 2021-02-15T02:16:28, true
E2C7259B-02FE-4FAD-B3F6-2BE5588ACD44, 2021-02-15T02:17:28, true
E2C7259B-02FE-4FAD-B3F6-2BE5588ACD44, 2021-02-15T02:18:36, true
E2C7259B-02FE-4FAD-B3F6-2BE5588ACD44, 2021-02-15T02:19:45, true
E2C7259B-02FE-4FAD-B3F6-2BE5588ACD44, 2021-02-15T02:20:48, true
E2C7259B-02FE-4FAD-B3F6-2BE5588ACD44, 2021-02-15T02:21:54, true
E2C7259B-02FE-4FAD-B3F6-2BE5588ACD44, 2021-02-15T02:23:04, true
E2C7259B-02FE-4FAD-B3F6-2BE5588ACD44, 2021-02-15T02:24:04, true
E2C7259B-02FE-4FAD-B3F6-2BE5588ACD44, 2021-02-15T02:25:10, true
E2C7259B-02FE-4FAD-B3F6-2BE5588ACD44, 2021-02-15T02:26:23, true
E2C7259B-02FE-4FAD-B3F6-2BE5588ACD44, 2021-02-15T02:27:31, true
E2C7259B-02FE-4FAD-B3F6-2BE5588ACD44, 2021-02-15T02:28:36, true
E2C7259B-02FE-4FAD-B3F6-2BE5588ACD44, 2021-02-15T02:29:41, true
E2C7259B-02FE-4FAD-B3F6-2BE5588ACD44, 2021-02-15T02:30:48, true
E2C7259B-02FE-4FAD-B3F6-2BE5588ACD44, 2021-02-15T02:31:58, true
E2C7259B-02FE-4FAD-B3F6-2BE5588ACD44, 2021-02-15T02:33:04, true
E2C7259B-02FE-4FAD-B3F6-2BE5588ACD44, 2021-02-15T02:34:06, true
E2C7259B-02FE-4FAD-B3F6-2BE5588ACD44, 2021-02-15T02:35:10, true
E2C7259B-02FE-4FAD-B3F6-2BE5588ACD44, 2021-02-15T02:36:16, true
E2C7259B-02FE-4FAD-B3F6-2BE5588ACD44, 2021-02-15T02:37:22, true
E2C7259B-02FE-4FAD-B3F6-2BE5588ACD44, 2021-02-15T02:38:27, true
E2C7259B-02FE-4FAD-B3F6-2BE5588ACD44, 2021-02-15T02:39:36, true
E2C7259B-02FE-4FAD-B3F6-2BE5588ACD44, 2021-02-15T02:40:45, true
E2C7259B-02FE-4FAD-B3F6-2BE5588ACD44, 2021-02-15T02:41:48, true
E2C7259B-02FE-4FAD-B3F6-2BE5588ACD44, 2021-02-15T02:42:54, true
E2C7259B-02FE-4FAD-B3F6-2BE5588ACD44, 2021-02-15T02:44:00, true
E2C7259B-02FE-4FAD-B3F6-2BE5588ACD44, 2021-02-15T02:45:06, true
E2C7259B-02FE-4FAD-B3F6-2BE5588ACD44, 2021-02-15T02:46:18, true
E2C7259B-02FE-4FAD-B3F6-2BE5588ACD44, 2021-02-15T02:47:23, true
E2C7259B-02FE-4FAD-B3F6-2BE5588ACD44, 2021-02-15T02:48:29, true
E2C7259B-02FE-4FAD-B3F6-2BE5588ACD44, 2021-02-15T02:49:38, true
E2C7259B-02FE-4FAD-B3F6-2BE5588ACD44, 2021-02-15T02:50:38, true
E2C7259B-02FE-4FAD-B3F6-2BE5588ACD44, 2021-02-15T02:51:42, true
E2C7259B-02FE-4FAD-B3F6-2BE5588ACD44, 2021-02-15T02:52:47, true
E2C7259B-02FE-4FAD-B3F6-2BE5588ACD44, 2021-02-15T02:53:50, true
E2C7259B-02FE-4FAD-B3F6-2BE5588ACD44, 2021-02-15T02:55:02, true
E2C7259B-02FE-4FAD-B3F6-2BE5588ACD44, 2021-02-15T02:56:11, true
E2C7259B-02FE-4FAD-B3F6-2BE5588ACD44, 2021-02-15T02:57:17, true
E2C7259B-02FE-4FAD-B3F6-2BE5588ACD44, 2021-02-15T02:58:23, true
E2C7259B-02FE-4FAD-B3F6-2BE5588ACD44, 2021-02-15T02:59:29, true
E2C7259B-02FE-4FAD-B3F6-2BE5588ACD44, 2021-02-15T03:00:35, true
E2C7259B-02FE-4FAD-B3F6-2BE5588ACD44, 2021-02-15T03:01:40, true
E2C7259B-02FE-4FAD-B3F6-2BE5588ACD44, 2021-02-15T03:02:42, true
E2C7259B-02FE-4FAD-B3F6-2BE5588ACD44, 2021-02-15T03:03:47, true
E2C7259B-02FE-4FAD-B3F6-2BE5588ACD44, 2021-02-15T03:04:53, true
E2C7259B-02FE-4FAD-B3F6-2BE5588ACD44, 2021-02-15T03:06:04, true
E2C7259B-02FE-4FAD-B3F6-2BE5588ACD44, 2021-02-15T03:07:12, true
E2C7259B-02FE-4FAD-B3F6-2BE5588ACD44, 2021-02-15T03:08:25, true
E2C7259B-02FE-4FAD-B3F6-2BE5588ACD44, 2021-02-15T03:09:34, true
E2C7259B-02FE-4FAD-B3F6-2BE5588ACD44, 2021-02-15T03:10:40, true
E2C7259B-02FE-4FAD-B3F6-2BE5588ACD44, 2021-02-15T03:11:41, true
E2C7259B-02FE-4FAD-B3F6-2BE5588ACD44, 2021-02-15T03:12:41, true
E2C7259B-02FE-4FAD-B3F6-2BE5588ACD44, 2021-02-15T03:13:48, true
E2C7259B-02FE-4FAD-B3F6-2BE5588ACD44, 2021-02-15T03:14:54, true
E2C7259B-02FE-4FAD-B3F6-2BE5588ACD44, 2021-02-15T03:16:02, true
E2C7259B-02FE-4FAD-B3F6-2BE5588ACD44, 2021-02-15T03:17:13, true
E2C7259B-02FE-4FAD-B3F6-2BE5588ACD44, 2021-02-15T03:18:17, true
E2C7259B-02FE-4FAD-B3F6-2BE5588ACD44, 2021-02-15T03:19:26, true
E2C7259B-02FE-4FAD-B3F6-2BE5588ACD44, 2021-02-15T03:20:29, true
E2C7259B-02FE-4FAD-B3F6-2BE5588ACD44, 2021-02-15T03:21:35, true
E2C7259B-02FE-4FAD-B3F6-2BE5588ACD44, 2021-02-15T03:22:43, true
E2C7259B-02FE-4FAD-B3F6-2BE5588ACD44, 2021-02-15T03:23:47, true
E2C7259B-02FE-4FAD-B3F6-2BE5588ACD44, 2021-02-15T03:24:47, true
E2C7259B-02FE-4FAD-B3F6-2BE5588ACD44, 2021-02-15T03:25:52, true
E2C7259B-02FE-4FAD-B3F6-2BE5588ACD44, 2021-02-15T03:26:56, true
E2C7259B-02FE-4FAD-B3F6-2BE5588ACD44, 2021-02-15T03:28:00, true
E2C7259B-02FE-4FAD-B3F6-2BE5588ACD44, 2021-02-15T03:29:06, true
E2C7259B-02FE-4FAD-B3F6-2BE5588ACD44, 2021-02-15T03:30:13, true
E2C7259B-02FE-4FAD-B3F6-2BE5588ACD44, 2021-02-15T03:31:14, true
E2C7259B-02FE-4FAD-B3F6-2BE5588ACD44, 2021-02-15T03:32:20, true
E2C7259B-02FE-4FAD-B3F6-2BE5588ACD44, 2021-02-15T03:33:25, true
E2C7259B-02FE-4FAD-B3F6-2BE5588ACD44, 2021-02-15T03:34:35, true
E2C7259B-02FE-4FAD-B3F6-2BE5588ACD44, 2021-02-15T03:35:41, true
E2C7259B-02FE-4FAD-B3F6-2BE5588ACD44, 2021-02-15T03:36:48, true
E2C7259B-02FE-4FAD-B3F6-2BE5588ACD44, 2021-02-15T03:37:49, true
E2C7259B-02FE-4FAD-B3F6-2BE5588ACD44, 2021-02-15T03:38:51, true
E2C7259B-02FE-4FAD-B3F6-2BE5588ACD44, 2021-02-15T03:39:55, true
E2C7259B-02FE-4FAD-B3F6-2BE5588ACD44, 2021-02-15T03:41:01, true
E2C7259B-02FE-4FAD-B3F6-2BE5588ACD44, 2021-02-15T03:42:06, true
E2C7259B-02FE-4FAD-B3F6-2BE5588ACD44, 2021-02-15T03:43:12, true
E2C7259B-02FE-4FAD-B3F6-2BE5588ACD44, 2021-02-15T03:44:18, true
E2C7259B-02FE-4FAD-B3F6-2BE5588ACD44, 2021-02-15T03:45:24, true
E2C7259B-02FE-4FAD-B3F6-2BE5588ACD44, 2021-02-15T03:46:32, true
E2C7259B-02FE-4FAD-B3F6-2BE5588ACD44, 2021-02-15T03:47:37, true
E2C7259B-02FE-4FAD-B3F6-2BE5588ACD44, 2021-02-15T03:48:46, true
E2C7259B-02FE-4FAD-B3F6-2BE5588ACD44, 2021-02-15T03:49:49, true
E2C7259B-02FE-4FAD-B3F6-2BE5588ACD44, 2021-02-15T03:50:55, true
E2C7259B-02FE-4FAD-B3F6-2BE5588ACD44, 2021-02-15T03:51:55, true
E2C7259B-02FE-4FAD-B3F6-2BE5588ACD44, 2021-02-15T03:53:01, true
E2C7259B-02FE-4FAD-B3F6-2BE5588ACD44, 2021-02-15T03:54:07, true
E2C7259B-02FE-4FAD-B3F6-2BE5588ACD44, 2021-02-15T03:55:13, true
E2C7259B-02FE-4FAD-B3F6-2BE5588ACD44, 2021-02-15T03:56:14, true
E2C7259B-02FE-4FAD-B3F6-2BE5588ACD44, 2021-02-15T03:57:20, true
E2C7259B-02FE-4FAD-B3F6-2BE5588ACD44, 2021-02-15T03:58:27, true
E2C7259B-02FE-4FAD-B3F6-2BE5588ACD44, 2021-02-15T03:59:34, true
E2C7259B-02FE-4FAD-B3F6-2BE5588ACD44, 2021-02-15T04:00:39, true
E2C7259B-02FE-4FAD-B3F6-2BE5588ACD44, 2021-02-15T04:01:49, true
E2C7259B-02FE-4FAD-B3F6-2BE5588ACD44, 2021-02-15T04:02:58, true
E2C7259B-02FE-4FAD-B3F6-2BE5588ACD44, 2021-02-15T04:04:03, true
E2C7259B-02FE-4FAD-B3F6-2BE5588ACD44, 2021-02-15T04:05:03, true
E2C7259B-02FE-4FAD-B3F6-2BE5588ACD44, 2021-02-15T04:06:14, true
E2C7259B-02FE-4FAD-B3F6-2BE5588ACD44, 2021-02-15T04:07:23, true
E2C7259B-02FE-4FAD-B3F6-2BE5588ACD44, 2021-02-15T04:08:31, true
E2C7259B-02FE-4FAD-B3F6-2BE5588ACD44, 2021-02-15T04:09:37, true
E2C7259B-02FE-4FAD-B3F6-2BE5588ACD44, 2021-02-15T04:10:41, true
E2C7259B-02FE-4FAD-B3F6-2BE5588ACD44, 2021-02-15T04:11:50, true
E2C7259B-02FE-4FAD-B3F6-2BE5588ACD44, 2021-02-15T04:12:58, true
E2C7259B-02FE-4FAD-B3F6-2BE5588ACD44, 2021-02-15T04:14:03, true
E2C7259B-02FE-4FAD-B3F6-2BE5588ACD44, 2021-02-15T04:15:09, true
E2C7259B-02FE-4FAD-B3F6-2BE5588ACD44, 2021-02-15T04:16:14, true
E2C7259B-02FE-4FAD-B3F6-2BE5588ACD44, 2021-02-15T04:17:26, true
E2C7259B-02FE-4FAD-B3F6-2BE5588ACD44, 2021-02-15T04:18:32, true
E2C7259B-02FE-4FAD-B3F6-2BE5588ACD44, 2021-02-15T04:19:43, true
E2C7259B-02FE-4FAD-B3F6-2BE5588ACD44, 2021-02-15T04:20:53, true
E2C7259B-02FE-4FAD-B3F6-2BE5588ACD44, 2021-02-15T04:22:01, true
E2C7259B-02FE-4FAD-B3F6-2BE5588ACD44, 2021-02-15T04:23:07, true
E2C7259B-02FE-4FAD-B3F6-2BE5588ACD44, 2021-02-15T04:24:21, true
E2C7259B-02FE-4FAD-B3F6-2BE5588ACD44, 2021-02-15T04:25:25, true
E2C7259B-02FE-4FAD-B3F6-2BE5588ACD44, 2021-02-15T04:26:33, true
E2C7259B-02FE-4FAD-B3F6-2BE5588ACD44, 2021-02-15T04:27:39, true
E2C7259B-02FE-4FAD-B3F6-2BE5588ACD44, 2021-02-15T04:28:40, true
E2C7259B-02FE-4FAD-B3F6-2BE5588ACD44, 2021-02-15T04:29:47, true
E2C7259B-02FE-4FAD-B3F6-2BE5588ACD44, 2021-02-15T04:30:53, true
E2C7259B-02FE-4FAD-B3F6-2BE5588ACD44, 2021-02-15T04:31:59, true
E2C7259B-02FE-4FAD-B3F6-2BE5588ACD44, 2021-02-15T04:33:04, true
E2C7259B-02FE-4FAD-B3F6-2BE5588ACD44, 2021-02-15T04:34:12, true
E2C7259B-02FE-4FAD-B3F6-2BE5588ACD44, 2021-02-15T04:35:15, true
E2C7259B-02FE-4FAD-B3F6-2BE5588ACD44, 2021-02-15T04:36:21, true
E2C7259B-02FE-4FAD-B3F6-2BE5588ACD44, 2021-02-15T04:37:28, true
E2C7259B-02FE-4FAD-B3F6-2BE5588ACD44, 2021-02-15T04:38:31, true
E2C7259B-02FE-4FAD-B3F6-2BE5588ACD44, 2021-02-15T04:39:36, true
E2C7259B-02FE-4FAD-B3F6-2BE5588ACD44, 2021-02-15T04:40:46, true
E2C7259B-02FE-4FAD-B3F6-2BE5588ACD44, 2021-02-15T04:41:54, true
E2C7259B-02FE-4FAD-B3F6-2BE5588ACD44, 2021-02-15T04:43:00, true
E2C7259B-02FE-4FAD-B3F6-2BE5588ACD44, 2021-02-15T04:44:06, true
E2C7259B-02FE-4FAD-B3F6-2BE5588ACD44, 2021-02-15T04:45:13, true
E2C7259B-02FE-4FAD-B3F6-2BE5588ACD44, 2021-02-15T04:46:19, true
E2C7259B-02FE-4FAD-B3F6-2BE5588ACD44, 2021-02-15T04:47:27, true
E2C7259B-02FE-4FAD-B3F6-2BE5588ACD44, 2021-02-15T04:48:33, true
E2C7259B-02FE-4FAD-B3F6-2BE5588ACD44, 2021-02-15T04:49:37, true
E2C7259B-02FE-4FAD-B3F6-2BE5588ACD44, 2021-02-15T04:50:44, true
E2C7259B-02FE-4FAD-B3F6-2BE5588ACD44, 2021-02-15T04:51:49, true
E2C7259B-02FE-4FAD-B3F6-2BE5588ACD44, 2021-02-15T04:53:02, true
E2C7259B-02FE-4FAD-B3F6-2BE5588ACD44, 2021-02-15T04:54:06, true
E2C7259B-02FE-4FAD-B3F6-2BE5588ACD44, 2021-02-15T04:55:12, true
E2C7259B-02FE-4FAD-B3F6-2BE5588ACD44, 2021-02-15T04:56:17, true
E2C7259B-02FE-4FAD-B3F6-2BE5588ACD44, 2021-02-15T04:57:24, true
E2C7259B-02FE-4FAD-B3F6-2BE5588ACD44, 2021-02-15T04:58:29, true
E2C7259B-02FE-4FAD-B3F6-2BE5588ACD44, 2021-02-15T04:59:40, true
E2C7259B-02FE-4FAD-B3F6-2BE5588ACD44, 2021-02-15T05:00:48, true
E2C7259B-02FE-4FAD-B3F6-2BE5588ACD44, 2021-02-15T05:01:52, true
E2C7259B-02FE-4FAD-B3F6-2BE5588ACD44, 2021-02-15T05:02:58, true
E2C7259B-02FE-4FAD-B3F6-2BE5588ACD44, 2021-02-15T05:04:03, true
E2C7259B-02FE-4FAD-B3F6-2BE5588ACD44, 2021-02-15T05:05:03, true
E2C7259B-02FE-4FAD-B3F6-2BE5588ACD44, 2021-02-15T05:06:08, true
E2C7259B-02FE-4FAD-B3F6-2BE5588ACD44, 2021-02-15T05:07:13, true
E2C7259B-02FE-4FAD-B3F6-2BE5588ACD44, 2021-02-15T05:08:21, true
E2C7259B-02FE-4FAD-B3F6-2BE5588ACD44, 2021-02-15T05:09:27, true
E2C7259B-02FE-4FAD-B3F6-2BE5588ACD44, 2021-02-15T05:10:33, true
E2C7259B-02FE-4FAD-B3F6-2BE5588ACD44, 2021-02-15T05:11:42, true
E2C7259B-02FE-4FAD-B3F6-2BE5588ACD44, 2021-02-15T05:12:50, true
E2C7259B-02FE-4FAD-B3F6-2BE5588ACD44, 2021-02-15T05:13:56, true
E2C7259B-02FE-4FAD-B3F6-2BE5588ACD44, 2021-02-15T05:15:04, true
E2C7259B-02FE-4FAD-B3F6-2BE5588ACD44, 2021-02-15T05:16:09, true
E2C7259B-02FE-4FAD-B3F6-2BE5588ACD44, 2021-02-15T05:17:15, true
E2C7259B-02FE-4FAD-B3F6-2BE5588ACD44, 2021-02-15T05:18:19, true
E2C7259B-02FE-4FAD-B3F6-2BE5588ACD44, 2021-02-15T05:19:25, true
E2C7259B-02FE-4FAD-B3F6-2BE5588ACD44, 2021-02-15T05:20:30, true
E2C7259B-02FE-4FAD-B3F6-2BE5588ACD44, 2021-02-15T05:21:35, true
E2C7259B-02FE-4FAD-B3F6-2BE5588ACD44, 2021-02-15T05:22:41, true
E2C7259B-02FE-4FAD-B3F6-2BE5588ACD44, 2021-02-15T05:23:47, true
E2C7259B-02FE-4FAD-B3F6-2BE5588ACD44, 2021-02-15T05:24:58, true
E2C7259B-02FE-4FAD-B3F6-2BE5588ACD44, 2021-02-15T05:26:06, true
E2C7259B-02FE-4FAD-B3F6-2BE5588ACD44, 2021-02-15T05:27:09, true
E2C7259B-02FE-4FAD-B3F6-2BE5588ACD44, 2021-02-15T05:28:18, true
E2C7259B-02FE-4FAD-B3F6-2BE5588ACD44, 2021-02-15T05:29:23, true
E2C7259B-02FE-4FAD-B3F6-2BE5588ACD44, 2021-02-15T05:30:29, true
E2C7259B-02FE-4FAD-B3F6-2BE5588ACD44, 2021-02-15T05:31:37, true
E2C7259B-02FE-4FAD-B3F6-2BE5588ACD44, 2021-02-15T05:32:43, true
E2C7259B-02FE-4FAD-B3F6-2BE5588ACD44, 2021-02-15T05:33:49, true
E2C7259B-02FE-4FAD-B3F6-2BE5588ACD44, 2021-02-15T05:34:56, true
E2C7259B-02FE-4FAD-B3F6-2BE5588ACD44, 2021-02-15T05:36:00, true
E2C7259B-02FE-4FAD-B3F6-2BE5588ACD44, 2021-02-15T05:37:11, true
E2C7259B-02FE-4FAD-B3F6-2BE5588ACD44, 2021-02-15T05:38:16, true
E2C7259B-02FE-4FAD-B3F6-2BE5588ACD44, 2021-02-15T05:39:22, true
E2C7259B-02FE-4FAD-B3F6-2BE5588ACD44, 2021-02-15T05:40:28, true
E2C7259B-02FE-4FAD-B3F6-2BE5588ACD44, 2021-02-15T05:41:36, true
E2C7259B-02FE-4FAD-B3F6-2BE5588ACD44, 2021-02-15T05:42:39, true
E2C7259B-02FE-4FAD-B3F6-2BE5588ACD44, 2021-02-15T05:43:40, true
E2C7259B-02FE-4FAD-B3F6-2BE5588ACD44, 2021-02-15T05:44:48, true
E2C7259B-02FE-4FAD-B3F6-2BE5588ACD44, 2021-02-15T05:45:52, true
E2C7259B-02FE-4FAD-B3F6-2BE5588ACD44, 2021-02-15T05:46:57, true
E2C7259B-02FE-4FAD-B3F6-2BE5588ACD44, 2021-02-15T05:48:05, true
E2C7259B-02FE-4FAD-B3F6-2BE5588ACD44, 2021-02-15T05:49:11, true
E2C7259B-02FE-4FAD-B3F6-2BE5588ACD44, 2021-02-15T05:50:17, true
E2C7259B-02FE-4FAD-B3F6-2BE5588ACD44, 2021-02-15T05:51:22, true
E2C7259B-02FE-4FAD-B3F6-2BE5588ACD44, 2021-02-15T05:52:28, true
E2C7259B-02FE-4FAD-B3F6-2BE5588ACD44, 2021-02-15T05:53:28, true
E2C7259B-02FE-4FAD-B3F6-2BE5588ACD44, 2021-02-15T05:54:34, true
E2C7259B-02FE-4FAD-B3F6-2BE5588ACD44, 2021-02-15T05:55:45, true
E2C7259B-02FE-4FAD-B3F6-2BE5588ACD44, 2021-02-15T05:56:49, true
E2C7259B-02FE-4FAD-B3F6-2BE5588ACD44, 2021-02-15T05:57:56, true
E2C7259B-02FE-4FAD-B3F6-2BE5588ACD44, 2021-02-15T05:59:01, true
E2C7259B-02FE-4FAD-B3F6-2BE5588ACD44, 2021-02-15T06:00:05, true
E2C7259B-02FE-4FAD-B3F6-2BE5588ACD44, 2021-02-15T06:01:11, true
E2C7259B-02FE-4FAD-B3F6-2BE5588ACD44, 2021-02-15T06:02:12, true
E2C7259B-02FE-4FAD-B3F6-2BE5588ACD44, 2021-02-15T06:03:18, true
E2C7259B-02FE-4FAD-B3F6-2BE5588ACD44, 2021-02-15T06:04:24, true
E2C7259B-02FE-4FAD-B3F6-2BE5588ACD44, 2021-02-15T06:05:24, true
E2C7259B-02FE-4FAD-B3F6-2BE5588ACD44, 2021-02-15T06:06:33, true
E2C7259B-02FE-4FAD-B3F6-2BE5588ACD44, 2021-02-15T06:07:40, true
E2C7259B-02FE-4FAD-B3F6-2BE5588ACD44, 2021-02-15T06:08:46, true
E2C7259B-02FE-4FAD-B3F6-2BE5588ACD44, 2021-02-15T06:09:51, true
E2C7259B-02FE-4FAD-B3F6-2BE5588ACD44, 2021-02-15T06:10:57, true
E2C7259B-02FE-4FAD-B3F6-2BE5588ACD44, 2021-02-15T06:11:59, true
E2C7259B-02FE-4FAD-B3F6-2BE5588ACD44, 2021-02-15T06:13:09, true
E2C7259B-02FE-4FAD-B3F6-2BE5588ACD44, 2021-02-15T06:14:15, true
E2C7259B-02FE-4FAD-B3F6-2BE5588ACD44, 2021-02-15T06:15:21, true
E2C7259B-02FE-4FAD-B3F6-2BE5588ACD44, 2021-02-15T06:16:28, true
E2C7259B-02FE-4FAD-B3F6-2BE5588ACD44, 2021-02-15T06:17:34, true
E2C7259B-02FE-4FAD-B3F6-2BE5588ACD44, 2021-02-15T06:18:38, true
E2C7259B-02FE-4FAD-B3F6-2BE5588ACD44, 2021-02-15T06:19:44, true
E2C7259B-02FE-4FAD-B3F6-2BE5588ACD44, 2021-02-15T06:20:45, true
E2C7259B-02FE-4FAD-B3F6-2BE5588ACD44, 2021-02-15T06:21:50, true
E2C7259B-02FE-4FAD-B3F6-2BE5588ACD44, 2021-02-15T06:22:51, true
E2C7259B-02FE-4FAD-B3F6-2BE5588ACD44, 2021-02-15T06:23:56, true
E2C7259B-02FE-4FAD-B3F6-2BE5588ACD44, 2021-02-15T06:25:03, true
E2C7259B-02FE-4FAD-B3F6-2BE5588ACD44, 2021-02-15T06:26:10, true
E2C7259B-02FE-4FAD-B3F6-2BE5588ACD44, 2021-02-15T06:27:17, true
E2C7259B-02FE-4FAD-B3F6-2BE5588ACD44, 2021-02-15T06:28:22, true
E2C7259B-02FE-4FAD-B3F6-2BE5588ACD44, 2021-02-15T06:29:24, true
E2C7259B-02FE-4FAD-B3F6-2BE5588ACD44, 2021-02-15T06:30:30, true
E2C7259B-02FE-4FAD-B3F6-2BE5588ACD44, 2021-02-15T06:31:37, true
E2C7259B-02FE-4FAD-B3F6-2BE5588ACD44, 2021-02-15T06:32:41, true
E2C7259B-02FE-4FAD-B3F6-2BE5588ACD44, 2021-02-15T06:33:52, true
E2C7259B-02FE-4FAD-B3F6-2BE5588ACD44, 2021-02-15T06:34:58, true
E2C7259B-02FE-4FAD-B3F6-2BE5588ACD44, 2021-02-15T06:36:05, true
E2C7259B-02FE-4FAD-B3F6-2BE5588ACD44, 2021-02-15T06:37:09, true
E2C7259B-02FE-4FAD-B3F6-2BE5588ACD44, 2021-02-15T06:38:16, true
E2C7259B-02FE-4FAD-B3F6-2BE5588ACD44, 2021-02-15T06:39:22, true
E2C7259B-02FE-4FAD-B3F6-2BE5588ACD44, 2021-02-15T06:40:28, true
E2C7259B-02FE-4FAD-B3F6-2BE5588ACD44, 2021-02-15T06:41:30, true
E2C7259B-02FE-4FAD-B3F6-2BE5588ACD44, 2021-02-15T06:42:35, true
E2C7259B-02FE-4FAD-B3F6-2BE5588ACD44, 2021-02-15T06:43:43, true
E2C7259B-02FE-4FAD-B3F6-2BE5588ACD44, 2021-02-15T06:44:47, true
E2C7259B-02FE-4FAD-B3F6-2BE5588ACD44, 2021-02-15T06:45:58, true
E2C7259B-02FE-4FAD-B3F6-2BE5588ACD44, 2021-02-15T06:47:07, true
E2C7259B-02FE-4FAD-B3F6-2BE5588ACD44, 2021-02-15T06:48:09, true
E2C7259B-02FE-4FAD-B3F6-2BE5588ACD44, 2021-02-15T06:49:16, true
E2C7259B-02FE-4FAD-B3F6-2BE5588ACD44, 2021-02-15T06:50:23, true
E2C7259B-02FE-4FAD-B3F6-2BE5588ACD44, 2021-02-15T06:51:23, true
E2C7259B-02FE-4FAD-B3F6-2BE5588ACD44, 2021-02-15T06:52:24, true
E2C7259B-02FE-4FAD-B3F6-2BE5588ACD44, 2021-02-15T06:53:28, true
E2C7259B-02FE-4FAD-B3F6-2BE5588ACD44, 2021-02-15T06:54:29, true
E2C7259B-02FE-4FAD-B3F6-2BE5588ACD44, 2021-02-15T06:55:35, true
E2C7259B-02FE-4FAD-B3F6-2BE5588ACD44, 2021-02-15T06:56:42, true
E2C7259B-02FE-4FAD-B3F6-2BE5588ACD44, 2021-02-15T06:57:50, true
E2C7259B-02FE-4FAD-B3F6-2BE5588ACD44, 2021-02-15T06:58:56, true
E2C7259B-02FE-4FAD-B3F6-2BE5588ACD44, 2021-02-15T07:00:03, true
E2C7259B-02FE-4FAD-B3F6-2BE5588ACD44, 2021-02-15T07:01:08, true
E2C7259B-02FE-4FAD-B3F6-2BE5588ACD44, 2021-02-15T07:02:14, true
E2C7259B-02FE-4FAD-B3F6-2BE5588ACD44, 2021-02-15T07:03:15, true
E2C7259B-02FE-4FAD-B3F6-2BE5588ACD44, 2021-02-15T07:04:15, true
E2C7259B-02FE-4FAD-B3F6-2BE5588ACD44, 2021-02-15T07:05:21, true
E2C7259B-02FE-4FAD-B3F6-2BE5588ACD44, 2021-02-15T07:06:32, true
E2C7259B-02FE-4FAD-B3F6-2BE5588ACD44, 2021-02-15T07:07:36, true
E2C7259B-02FE-4FAD-B3F6-2BE5588ACD44, 2021-02-15T07:08:42, true
E2C7259B-02FE-4FAD-B3F6-2BE5588ACD44, 2021-02-15T07:09:48, true
E2C7259B-02FE-4FAD-B3F6-2BE5588ACD44, 2021-02-15T07:10:55, true
E2C7259B-02FE-4FAD-B3F6-2BE5588ACD44, 2021-02-15T07:12:00, true
E2C7259B-02FE-4FAD-B3F6-2BE5588ACD44, 2021-02-15T07:13:07, true
E2C7259B-02FE-4FAD-B3F6-2BE5588ACD44, 2021-02-15T07:14:11, true
E2C7259B-02FE-4FAD-B3F6-2BE5588ACD44, 2021-02-15T07:15:17, true
E2C7259B-02FE-4FAD-B3F6-2BE5588ACD44, 2021-02-15T07:16:22, true
E2C7259B-02FE-4FAD-B3F6-2BE5588ACD44, 2021-02-15T07:17:28, true
E2C7259B-02FE-4FAD-B3F6-2BE5588ACD44, 2021-02-15T07:18:34, true
E2C7259B-02FE-4FAD-B3F6-2BE5588ACD44, 2021-02-15T07:19:45, true
E2C7259B-02FE-4FAD-B3F6-2BE5588ACD44, 2021-02-15T07:20:49, true
E2C7259B-02FE-4FAD-B3F6-2BE5588ACD44, 2021-02-15T07:21:51, true
E2C7259B-02FE-4FAD-B3F6-2BE5588ACD44, 2021-02-15T07:22:55, true
E2C7259B-02FE-4FAD-B3F6-2BE5588ACD44, 2021-02-15T07:24:02, true
E2C7259B-02FE-4FAD-B3F6-2BE5588ACD44, 2021-02-15T07:25:10, true
E2C7259B-02FE-4FAD-B3F6-2BE5588ACD44, 2021-02-15T07:26:14, true
E2C7259B-02FE-4FAD-B3F6-2BE5588ACD44, 2021-02-15T07:27:27, true
E2C7259B-02FE-4FAD-B3F6-2BE5588ACD44, 2021-02-15T07:28:32, true
E2C7259B-02FE-4FAD-B3F6-2BE5588ACD44, 2021-02-15T07:29:43, true
E2C7259B-02FE-4FAD-B3F6-2BE5588ACD44, 2021-02-15T07:30:48, true
E2C7259B-02FE-4FAD-B3F6-2BE5588ACD44, 2021-02-15T07:31:54, true
E2C7259B-02FE-4FAD-B3F6-2BE5588ACD44, 2021-02-15T07:32:57, true
E2C7259B-02FE-4FAD-B3F6-2BE5588ACD44, 2021-02-15T07:34:01, true
E2C7259B-02FE-4FAD-B3F6-2BE5588ACD44, 2021-02-15T07:35:07, true
E2C7259B-02FE-4FAD-B3F6-2BE5588ACD44, 2021-02-15T07:36:12, true
E2C7259B-02FE-4FAD-B3F6-2BE5588ACD44, 2021-02-15T07:37:18, true
E2C7259B-02FE-4FAD-B3F6-2BE5588ACD44, 2021-02-15T07:38:23, true
E2C7259B-02FE-4FAD-B3F6-2BE5588ACD44, 2021-02-15T07:39:23, true
E2C7259B-02FE-4FAD-B3F6-2BE5588ACD44, 2021-02-15T07:40:27, true
E2C7259B-02FE-4FAD-B3F6-2BE5588ACD44, 2021-02-15T07:41:34, true
E2C7259B-02FE-4FAD-B3F6-2BE5588ACD44, 2021-02-15T07:42:40, true
E2C7259B-02FE-4FAD-B3F6-2BE5588ACD44, 2021-02-15T07:43:46, true
E2C7259B-02FE-4FAD-B3F6-2BE5588ACD44, 2021-02-15T07:44:51, true
E2C7259B-02FE-4FAD-B3F6-2BE5588ACD44, 2021-02-15T07:45:57, true
E2C7259B-02FE-4FAD-B3F6-2BE5588ACD44, 2021-02-15T07:47:03, true
E2C7259B-02FE-4FAD-B3F6-2BE5588ACD44, 2021-02-15T07:48:03, true
E2C7259B-02FE-4FAD-B3F6-2BE5588ACD44, 2021-02-15T07:49:11, true
E2C7259B-02FE-4FAD-B3F6-2BE5588ACD44, 2021-02-15T07:50:22, true
E2C7259B-02FE-4FAD-B3F6-2BE5588ACD44, 2021-02-15T07:51:26, true
E2C7259B-02FE-4FAD-B3F6-2BE5588ACD44, 2021-02-15T07:52:32, true
E2C7259B-02FE-4FAD-B3F6-2BE5588ACD44, 2021-02-15T07:53:39, true
E2C7259B-02FE-4FAD-B3F6-2BE5588ACD44, 2021-02-15T07:54:46, true
E2C7259B-02FE-4FAD-B3F6-2BE5588ACD44, 2021-02-15T07:55:49, true
E2C7259B-02FE-4FAD-B3F6-2BE5588ACD44, 2021-02-15T07:56:49, true
E2C7259B-02FE-4FAD-B3F6-2BE5588ACD44, 2021-02-15T07:57:55, true
E2C7259B-02FE-4FAD-B3F6-2BE5588ACD44, 2021-02-15T07:58:56, true
E2C7259B-02FE-4FAD-B3F6-2BE5588ACD44, 2021-02-15T08:00:03, true
E2C7259B-02FE-4FAD-B3F6-2BE5588ACD44, 2021-02-15T08:01:08, true
E2C7259B-02FE-4FAD-B3F6-2BE5588ACD44, 2021-02-15T08:02:14, true
E2C7259B-02FE-4FAD-B3F6-2BE5588ACD44, 2021-02-15T08:03:15, true
E2C7259B-02FE-4FAD-B3F6-2BE5588ACD44, 2021-02-15T08:04:21, true
E2C7259B-02FE-4FAD-B3F6-2BE5588ACD44, 2021-02-15T08:05:27, true
E2C7259B-02FE-4FAD-B3F6-2BE5588ACD44, 2021-02-15T08:06:40, true
E2C7259B-02FE-4FAD-B3F6-2BE5588ACD44, 2021-02-15T08:07:43, true
E2C7259B-02FE-4FAD-B3F6-2BE5588ACD44, 2021-02-15T08:08:48, true
E2C7259B-02FE-4FAD-B3F6-2BE5588ACD44, 2021-02-15T08:09:54, true
E2C7259B-02FE-4FAD-B3F6-2BE5588ACD44, 2021-02-15T08:11:00, true
E2C7259B-02FE-4FAD-B3F6-2BE5588ACD44, 2021-02-15T08:12:07, true
E2C7259B-02FE-4FAD-B3F6-2BE5588ACD44, 2021-02-15T08:13:13, true
E2C7259B-02FE-4FAD-B3F6-2BE5588ACD44, 2021-02-15T08:14:27, true
E2C7259B-02FE-4FAD-B3F6-2BE5588ACD44, 2021-02-15T08:15:27, false
E2C7259B-02FE-4FAD-B3F6-2BE5588ACD44, 2021-02-15T08:16:14, true
E2C7259B-02FE-4FAD-B3F6-2BE5588ACD44, 2021-02-15T08:17:24, true
E2C7259B-02FE-4FAD-B3F6-2BE5588ACD44, 2021-02-15T08:18:24, true
E2C7259B-02FE-4FAD-B3F6-2BE5588ACD44, 2021-02-15T08:19:24, false
E2C7259B-02FE-4FAD-B3F6-2BE5588ACD44, 2021-02-15T08:20:24, false
E2C7259B-02FE-4FAD-B3F6-2BE5588ACD44, 2021-02-15T08:21:24, true
E2C7259B-02FE-4FAD-B3F6-2BE5588ACD44, 2021-02-15T08:22:44, true
E2C7259B-02FE-4FAD-B3F6-2BE5588ACD44, 2021-02-15T08:23:44, false
E2C7259B-02FE-4FAD-B3F6-2BE5588ACD44, 2021-02-15T08:24:49, true
E2C7259B-02FE-4FAD-B3F6-2BE5588ACD44, 2021-02-15T08:26:18, true
E2C7259B-02FE-4FAD-B3F6-2BE5588ACD44, 2021-02-15T08:27:25, true
E2C7259B-02FE-4FAD-B3F6-2BE5588ACD44, 2021-02-15T08:28:25, false
E2C7259B-02FE-4FAD-B3F6-2BE5588ACD44, 2021-02-15T08:29:53, true
E2C7259B-02FE-4FAD-B3F6-2BE5588ACD44, 2021-02-15T08:31:10, true
E2C7259B-02FE-4FAD-B3F6-2BE5588ACD44, 2021-02-15T08:32:25, true
E2C7259B-02FE-4FAD-B3F6-2BE5588ACD44, 2021-02-15T08:33:25, false
E2C7259B-02FE-4FAD-B3F6-2BE5588ACD44, 2021-02-15T08:34:22, true
E2C7259B-02FE-4FAD-B3F6-2BE5588ACD44, 2021-02-15T08:35:22, false
E2C7259B-02FE-4FAD-B3F6-2BE5588ACD44, 2021-02-15T08:36:22, false
E2C7259B-02FE-4FAD-B3F6-2BE5588ACD44, 2021-02-15T08:37:01, true
E2C7259B-02FE-4FAD-B3F6-2BE5588ACD44, 2021-02-15T08:38:19, true
E2C7259B-02FE-4FAD-B3F6-2BE5588ACD44, 2021-02-15T08:39:48, true
E2C7259B-02FE-4FAD-B3F6-2BE5588ACD44, 2021-02-15T08:40:52, true
E2C7259B-02FE-4FAD-B3F6-2BE5588ACD44, 2021-02-15T08:41:58, true
E2C7259B-02FE-4FAD-B3F6-2BE5588ACD44, 2021-02-15T08:43:00, true
E2C7259B-02FE-4FAD-B3F6-2BE5588ACD44, 2021-02-15T08:44:09, true
E2C7259B-02FE-4FAD-B3F6-2BE5588ACD44, 2021-02-15T08:45:19, true
E2C7259B-02FE-4FAD-B3F6-2BE5588ACD44, 2021-02-15T08:46:34, true
E2C7259B-02FE-4FAD-B3F6-2BE5588ACD44, 2021-02-15T08:47:50, true
E2C7259B-02FE-4FAD-B3F6-2BE5588ACD44, 2021-02-15T08:49:03, true
E2C7259B-02FE-4FAD-B3F6-2BE5588ACD44, 2021-02-15T08:50:12, true
E2C7259B-02FE-4FAD-B3F6-2BE5588ACD44, 2021-02-15T08:51:13, true
E2C7259B-02FE-4FAD-B3F6-2BE5588ACD44, 2021-02-15T08:52:13, false
E2C7259B-02FE-4FAD-B3F6-2BE5588ACD44, 2021-02-15T08:53:13, false
E2C7259B-02FE-4FAD-B3F6-2BE5588ACD44, 2021-02-15T08:54:13, false
E2C7259B-02FE-4FAD-B3F6-2BE5588ACD44, 2021-02-15T08:55:13, false
E2C7259B-02FE-4FAD-B3F6-2BE5588ACD44, 2021-02-15T08:56:13, false
E2C7259B-02FE-4FAD-B3F6-2BE5588ACD44, 2021-02-15T08:57:13, false
E2C7259B-02FE-4FAD-B3F6-2BE5588ACD44, 2021-02-15T08:58:13, false
E2C7259B-02FE-4FAD-B3F6-2BE5588ACD44, 2021-02-15T08:58:57, true
E2C7259B-02FE-4FAD-B3F6-2BE5588ACD44, 2021-02-15T09:00:04, true
E2C7259B-02FE-4FAD-B3F6-2BE5588ACD44, 2021-02-15T09:01:13, true
E2C7259B-02FE-4FAD-B3F6-2BE5588ACD44, 2021-02-15T09:02:22, true
E2C7259B-02FE-4FAD-B3F6-2BE5588ACD44, 2021-02-15T09:03:27, true
E2C7259B-02FE-4FAD-B3F6-2BE5588ACD44, 2021-02-15T09:04:33, true
E2C7259B-02FE-4FAD-B3F6-2BE5588ACD44, 2021-02-15T09:05:38, true
E2C7259B-02FE-4FAD-B3F6-2BE5588ACD44, 2021-02-15T09:06:49, true
E2C7259B-02FE-4FAD-B3F6-2BE5588ACD44, 2021-02-15T09:07:56, true
E2C7259B-02FE-4FAD-B3F6-2BE5588ACD44, 2021-02-15T09:09:05, true
E2C7259B-02FE-4FAD-B3F6-2BE5588ACD44, 2021-02-15T09:10:13, true
E2C7259B-02FE-4FAD-B3F6-2BE5588ACD44, 2021-02-15T09:11:16, true
E2C7259B-02FE-4FAD-B3F6-2BE5588ACD44, 2021-02-15T09:12:20, true
E2C7259B-02FE-4FAD-B3F6-2BE5588ACD44, 2021-02-15T09:13:23, true
E2C7259B-02FE-4FAD-B3F6-2BE5588ACD44, 2021-02-15T09:14:29, true
E2C7259B-02FE-4FAD-B3F6-2BE5588ACD44, 2021-02-15T09:15:35, true
E2C7259B-02FE-4FAD-B3F6-2BE5588ACD44, 2021-02-15T09:16:40, true
E2C7259B-02FE-4FAD-B3F6-2BE5588ACD44, 2021-02-15T09:17:52, true
E2C7259B-02FE-4FAD-B3F6-2BE5588ACD44, 2021-02-15T09:18:58, true
E2C7259B-02FE-4FAD-B3F6-2BE5588ACD44, 2021-02-15T09:20:04, true
E2C7259B-02FE-4FAD-B3F6-2BE5588ACD44, 2021-02-15T09:21:11, true
E2C7259B-02FE-4FAD-B3F6-2BE5588ACD44, 2021-02-15T09:22:15, true
E2C7259B-02FE-4FAD-B3F6-2BE5588ACD44, 2021-02-15T09:23:27, true
E2C7259B-02FE-4FAD-B3F6-2BE5588ACD44, 2021-02-15T09:24:34, true
E2C7259B-02FE-4FAD-B3F6-2BE5588ACD44, 2021-02-15T09:25:39, true
E2C7259B-02FE-4FAD-B3F6-2BE5588ACD44, 2021-02-15T09:27:05, true
E2C7259B-02FE-4FAD-B3F6-2BE5588ACD44, 2021-02-15T09:28:11, true
E2C7259B-02FE-4FAD-B3F6-2BE5588ACD44, 2021-02-15T09:29:25, true
E2C7259B-02FE-4FAD-B3F6-2BE5588ACD44, 2021-02-15T09:30:37, true
E2C7259B-02FE-4FAD-B3F6-2BE5588ACD44, 2021-02-15T09:31:40, true
E2C7259B-02FE-4FAD-B3F6-2BE5588ACD44, 2021-02-15T09:32:41, true
E2C7259B-02FE-4FAD-B3F6-2BE5588ACD44, 2021-02-15T09:33:47, true
E2C7259B-02FE-4FAD-B3F6-2BE5588ACD44, 2021-02-15T09:34:52, true
E2C7259B-02FE-4FAD-B3F6-2BE5588ACD44, 2021-02-15T09:35:58, true
E2C7259B-02FE-4FAD-B3F6-2BE5588ACD44, 2021-02-15T09:37:04, true
E2C7259B-02FE-4FAD-B3F6-2BE5588ACD44, 2021-02-15T09:38:12, true
E2C7259B-02FE-4FAD-B3F6-2BE5588ACD44, 2021-02-15T09:39:18, true
E2C7259B-02FE-4FAD-B3F6-2BE5588ACD44, 2021-02-15T09:40:24, true
E2C7259B-02FE-4FAD-B3F6-2BE5588ACD44, 2021-02-15T09:41:31, true
E2C7259B-02FE-4FAD-B3F6-2BE5588ACD44, 2021-02-15T09:42:37, true
E2C7259B-02FE-4FAD-B3F6-2BE5588ACD44, 2021-02-15T09:43:42, true
E2C7259B-02FE-4FAD-B3F6-2BE5588ACD44, 2021-02-15T09:44:48, true
E2C7259B-02FE-4FAD-B3F6-2BE5588ACD44, 2021-02-15T09:45:54, true
E2C7259B-02FE-4FAD-B3F6-2BE5588ACD44, 2021-02-15T09:46:57, true
E2C7259B-02FE-4FAD-B3F6-2BE5588ACD44, 2021-02-15T09:47:58, true
E2C7259B-02FE-4FAD-B3F6-2BE5588ACD44, 2021-02-15T09:49:03, true
E2C7259B-02FE-4FAD-B3F6-2BE5588ACD44, 2021-02-15T09:50:08, true
E2C7259B-02FE-4FAD-B3F6-2BE5588ACD44, 2021-02-15T09:51:09, true
E2C7259B-02FE-4FAD-B3F6-2BE5588ACD44, 2021-02-15T09:52:12, true
E2C7259B-02FE-4FAD-B3F6-2BE5588ACD44, 2021-02-15T09:53:15, true
E2C7259B-02FE-4FAD-B3F6-2BE5588ACD44, 2021-02-15T09:54:28, true
E2C7259B-02FE-4FAD-B3F6-2BE5588ACD44, 2021-02-15T09:55:28, false
E2C7259B-02FE-4FAD-B3F6-2BE5588ACD44, 2021-02-15T09:56:28, false
E2C7259B-02FE-4FAD-B3F6-2BE5588ACD44, 2021-02-15T09:57:28, false
E2C7259B-02FE-4FAD-B3F6-2BE5588ACD44, 2021-02-15T09:58:28, false
E2C7259B-02FE-4FAD-B3F6-2BE5588ACD44, 2021-02-15T09:59:28, false
E2C7259B-02FE-4FAD-B3F6-2BE5588ACD44, 2021-02-15T10:00:28, false
E2C7259B-02FE-4FAD-B3F6-2BE5588ACD44, 2021-02-15T10:01:28, false
E2C7259B-02FE-4FAD-B3F6-2BE5588ACD44, 2021-02-15T10:02:28, false
E2C7259B-02FE-4FAD-B3F6-2BE5588ACD44, 2021-02-15T10:03:28, false
E2C7259B-02FE-4FAD-B3F6-2BE5588ACD44, 2021-02-15T10:04:28, false
E2C7259B-02FE-4FAD-B3F6-2BE5588ACD44, 2021-02-15T10:05:28, false
E2C7259B-02FE-4FAD-B3F6-2BE5588ACD44, 2021-02-15T10:06:28, false
E2C7259B-02FE-4FAD-B3F6-2BE5588ACD44, 2021-02-15T10:07:28, false
E2C7259B-02FE-4FAD-B3F6-2BE5588ACD44, 2021-02-15T10:08:28, false
E2C7259B-02FE-4FAD-B3F6-2BE5588ACD44, 2021-02-15T10:09:28, false
E2C7259B-02FE-4FAD-B3F6-2BE5588ACD44, 2021-02-15T10:10:28, false
E2C7259B-02FE-4FAD-B3F6-2BE5588ACD44, 2021-02-15T10:11:28, false
E2C7259B-02FE-4FAD-B3F6-2BE5588ACD44, 2021-02-15T10:12:28, false
E2C7259B-02FE-4FAD-B3F6-2BE5588ACD44, 2021-02-15T10:13:28, false
E2C7259B-02FE-4FAD-B3F6-2BE5588ACD44, 2021-02-15T10:14:28, false
E2C7259B-02FE-4FAD-B3F6-2BE5588ACD44, 2021-02-15T10:15:28, false
E2C7259B-02FE-4FAD-B3F6-2BE5588ACD44, 2021-02-15T10:16:28, false
E2C7259B-02FE-4FAD-B3F6-2BE5588ACD44, 2021-02-15T10:17:28, false
E2C7259B-02FE-4FAD-B3F6-2BE5588ACD44, 2021-02-15T10:18:28, false
E2C7259B-02FE-4FAD-B3F6-2BE5588ACD44, 2021-02-15T10:19:28, false
E2C7259B-02FE-4FAD-B3F6-2BE5588ACD44, 2021-02-15T10:20:28, false
E2C7259B-02FE-4FAD-B3F6-2BE5588ACD44, 2021-02-15T10:21:28, false
E2C7259B-02FE-4FAD-B3F6-2BE5588ACD44, 2021-02-15T10:22:28, false
E2C7259B-02FE-4FAD-B3F6-2BE5588ACD44, 2021-02-15T10:23:28, false
E2C7259B-02FE-4FAD-B3F6-2BE5588ACD44, 2021-02-15T10:24:28, false
E2C7259B-02FE-4FAD-B3F6-2BE5588ACD44, 2021-02-15T10:25:28, false
E2C7259B-02FE-4FAD-B3F6-2BE5588ACD44, 2021-02-15T10:26:28, false
E2C7259B-02FE-4FAD-B3F6-2BE5588ACD44, 2021-02-15T10:27:28, false
E2C7259B-02FE-4FAD-B3F6-2BE5588ACD44, 2021-02-15T10:28:28, false
E2C7259B-02FE-4FAD-B3F6-2BE5588ACD44, 2021-02-15T10:29:28, false
E2C7259B-02FE-4FAD-B3F6-2BE5588ACD44, 2021-02-15T10:30:28, false
E2C7259B-02FE-4FAD-B3F6-2BE5588ACD44, 2021-02-15T10:31:28, false
E2C7259B-02FE-4FAD-B3F6-2BE5588ACD44, 2021-02-15T10:32:28, false
E2C7259B-02FE-4FAD-B3F6-2BE5588ACD44, 2021-02-15T10:33:28, false
E2C7259B-02FE-4FAD-B3F6-2BE5588ACD44, 2021-02-15T10:34:28, false
E2C7259B-02FE-4FAD-B3F6-2BE5588ACD44, 2021-02-15T10:35:28, false
E2C7259B-02FE-4FAD-B3F6-2BE5588ACD44, 2021-02-15T10:36:28, false
E2C7259B-02FE-4FAD-B3F6-2BE5588ACD44, 2021-02-15T10:37:28, false
E2C7259B-02FE-4FAD-B3F6-2BE5588ACD44, 2021-02-15T10:38:28, false
E2C7259B-02FE-4FAD-B3F6-2BE5588ACD44, 2021-02-15T10:39:28, false
E2C7259B-02FE-4FAD-B3F6-2BE5588ACD44, 2021-02-15T10:40:28, false
E2C7259B-02FE-4FAD-B3F6-2BE5588ACD44, 2021-02-15T10:41:28, false
E2C7259B-02FE-4FAD-B3F6-2BE5588ACD44, 2021-02-15T10:42:28, false
E2C7259B-02FE-4FAD-B3F6-2BE5588ACD44, 2021-02-15T10:43:28, false
E2C7259B-02FE-4FAD-B3F6-2BE5588ACD44, 2021-02-15T10:44:28, false
E2C7259B-02FE-4FAD-B3F6-2BE5588ACD44, 2021-02-15T10:45:28, false
E2C7259B-02FE-4FAD-B3F6-2BE5588ACD44, 2021-02-15T10:46:28, false
E2C7259B-02FE-4FAD-B3F6-2BE5588ACD44, 2021-02-15T10:47:28, false
E2C7259B-02FE-4FAD-B3F6-2BE5588ACD44, 2021-02-15T10:48:28, false
E2C7259B-02FE-4FAD-B3F6-2BE5588ACD44, 2021-02-15T10:49:28, false
E2C7259B-02FE-4FAD-B3F6-2BE5588ACD44, 2021-02-15T10:50:28, false
E2C7259B-02FE-4FAD-B3F6-2BE5588ACD44, 2021-02-15T10:51:28, false
E2C7259B-02FE-4FAD-B3F6-2BE5588ACD44, 2021-02-15T10:52:28, false
E2C7259B-02FE-4FAD-B3F6-2BE5588ACD44, 2021-02-15T10:53:28, false
E2C7259B-02FE-4FAD-B3F6-2BE5588ACD44, 2021-02-15T10:54:28, false
E2C7259B-02FE-4FAD-B3F6-2BE5588ACD44, 2021-02-15T10:55:28, false
E2C7259B-02FE-4FAD-B3F6-2BE5588ACD44, 2021-02-15T10:56:28, false
E2C7259B-02FE-4FAD-B3F6-2BE5588ACD44, 2021-02-15T10:57:28, false
E2C7259B-02FE-4FAD-B3F6-2BE5588ACD44, 2021-02-15T10:58:28, false
E2C7259B-02FE-4FAD-B3F6-2BE5588ACD44, 2021-02-15T10:59:28, false
E2C7259B-02FE-4FAD-B3F6-2BE5588ACD44, 2021-02-15T11:00:28, false
E2C7259B-02FE-4FAD-B3F6-2BE5588ACD44, 2021-02-15T11:01:28, false
E2C7259B-02FE-4FAD-B3F6-2BE5588ACD44, 2021-02-15T11:02:28, false
E2C7259B-02FE-4FAD-B3F6-2BE5588ACD44, 2021-02-15T11:03:28, false
E2C7259B-02FE-4FAD-B3F6-2BE5588ACD44, 2021-02-15T11:04:28, false
E2C7259B-02FE-4FAD-B3F6-2BE5588ACD44, 2021-02-15T11:05:28, false
E2C7259B-02FE-4FAD-B3F6-2BE5588ACD44, 2021-02-15T11:06:28, false
E2C7259B-02FE-4FAD-B3F6-2BE5588ACD44, 2021-02-15T11:07:28, false
E2C7259B-02FE-4FAD-B3F6-2BE5588ACD44, 2021-02-15T11:08:28, false
E2C7259B-02FE-4FAD-B3F6-2BE5588ACD44, 2021-02-15T11:09:28, false
E2C7259B-02FE-4FAD-B3F6-2BE5588ACD44, 2021-02-15T11:10:28, false
E2C7259B-02FE-4FAD-B3F6-2BE5588ACD44, 2021-02-15T11:11:28, false
E2C7259B-02FE-4FAD-B3F6-2BE5588ACD44, 2021-02-15T11:12:28, false
E2C7259B-02FE-4FAD-B3F6-2BE5588ACD44, 2021-02-15T11:13:28, false
E2C7259B-02FE-4FAD-B3F6-2BE5588ACD44, 2021-02-15T11:14:28, false
E2C7259B-02FE-4FAD-B3F6-2BE5588ACD44, 2021-02-15T11:15:28, false
E2C7259B-02FE-4FAD-B3F6-2BE5588ACD44, 2021-02-15T11:16:28, false
E2C7259B-02FE-4FAD-B3F6-2BE5588ACD44, 2021-02-15T11:17:28, false
E2C7259B-02FE-4FAD-B3F6-2BE5588ACD44, 2021-02-15T11:18:28, false
E2C7259B-02FE-4FAD-B3F6-2BE5588ACD44, 2021-02-15T11:19:28, false
E2C7259B-02FE-4FAD-B3F6-2BE5588ACD44, 2021-02-15T11:20:28, false
E2C7259B-02FE-4FAD-B3F6-2BE5588ACD44, 2021-02-15T11:21:28, false
E2C7259B-02FE-4FAD-B3F6-2BE5588ACD44, 2021-02-15T11:22:28, false
E2C7259B-02FE-4FAD-B3F6-2BE5588ACD44, 2021-02-15T11:23:28, false
E2C7259B-02FE-4FAD-B3F6-2BE5588ACD44, 2021-02-15T11:24:28, false
E2C7259B-02FE-4FAD-B3F6-2BE5588ACD44, 2021-02-15T11:25:28, false
E2C7259B-02FE-4FAD-B3F6-2BE5588ACD44, 2021-02-15T11:26:46, true
E2C7259B-02FE-4FAD-B3F6-2BE5588ACD44, 2021-02-15T11:28:04, true
E2C7259B-02FE-4FAD-B3F6-2BE5588ACD44, 2021-02-15T11:29:10, true
E2C7259B-02FE-4FAD-B3F6-2BE5588ACD44, 2021-02-15T11:30:10, false
E2C7259B-02FE-4FAD-B3F6-2BE5588ACD44, 2021-02-15T11:30:59, true
E2C7259B-02FE-4FAD-B3F6-2BE5588ACD44, 2021-02-15T11:32:19, true
E2C7259B-02FE-4FAD-B3F6-2BE5588ACD44, 2021-02-15T11:33:31, true
E2C7259B-02FE-4FAD-B3F6-2BE5588ACD44, 2021-02-15T11:34:37, true
E2C7259B-02FE-4FAD-B3F6-2BE5588ACD44, 2021-02-15T11:35:39, true
E2C7259B-02FE-4FAD-B3F6-2BE5588ACD44, 2021-02-15T11:36:45, true
E2C7259B-02FE-4FAD-B3F6-2BE5588ACD44, 2021-02-15T11:37:53, true
E2C7259B-02FE-4FAD-B3F6-2BE5588ACD44, 2021-02-15T11:38:57, true
E2C7259B-02FE-4FAD-B3F6-2BE5588ACD44, 2021-02-15T11:40:08, true
E2C7259B-02FE-4FAD-B3F6-2BE5588ACD44, 2021-02-15T11:41:16, true
E2C7259B-02FE-4FAD-B3F6-2BE5588ACD44, 2021-02-15T11:42:26, true
E2C7259B-02FE-4FAD-B3F6-2BE5588ACD44, 2021-02-15T11:43:33, true
E2C7259B-02FE-4FAD-B3F6-2BE5588ACD44, 2021-02-15T11:44:42, true
E2C7259B-02FE-4FAD-B3F6-2BE5588ACD44, 2021-02-15T11:45:48, true
E2C7259B-02FE-4FAD-B3F6-2BE5588ACD44, 2021-02-15T11:46:48, true
E2C7259B-02FE-4FAD-B3F6-2BE5588ACD44, 2021-02-15T11:47:48, false
E2C7259B-02FE-4FAD-B3F6-2BE5588ACD44, 2021-02-15T11:48:43, true
E2C7259B-02FE-4FAD-B3F6-2BE5588ACD44, 2021-02-15T11:49:43, true
E2C7259B-02FE-4FAD-B3F6-2BE5588ACD44, 2021-02-15T11:50:47, true
E2C7259B-02FE-4FAD-B3F6-2BE5588ACD44, 2021-02-15T11:51:58, true
E2C7259B-02FE-4FAD-B3F6-2BE5588ACD44, 2021-02-15T11:53:03, true
E2C7259B-02FE-4FAD-B3F6-2BE5588ACD44, 2021-02-15T11:54:03, false
E2C7259B-02FE-4FAD-B3F6-2BE5588ACD44, 2021-02-15T11:54:41, true
E2C7259B-02FE-4FAD-B3F6-2BE5588ACD44, 2021-02-15T11:55:41, true
E2C7259B-02FE-4FAD-B3F6-2BE5588ACD44, 2021-02-15T11:56:48, true
E2C7259B-02FE-4FAD-B3F6-2BE5588ACD44, 2021-02-15T11:58:01, true
E2C7259B-02FE-4FAD-B3F6-2BE5588ACD44, 2021-02-15T11:59:22, true
E2C7259B-02FE-4FAD-B3F6-2BE5588ACD44, 2021-02-15T12:00:32, true
E2C7259B-02FE-4FAD-B3F6-2BE5588ACD44, 2021-02-15T12:01:32, false
E2C7259B-02FE-4FAD-B3F6-2BE5588ACD44, 2021-02-15T12:02:31, true
E2C7259B-02FE-4FAD-B3F6-2BE5588ACD44, 2021-02-15T12:03:36, true
E2C7259B-02FE-4FAD-B3F6-2BE5588ACD44, 2021-02-15T12:04:37, true
E2C7259B-02FE-4FAD-B3F6-2BE5588ACD44, 2021-02-15T12:05:48, true
E2C7259B-02FE-4FAD-B3F6-2BE5588ACD44, 2021-02-15T12:06:53, true
E2C7259B-02FE-4FAD-B3F6-2BE5588ACD44, 2021-02-15T12:08:00, true
E2C7259B-02FE-4FAD-B3F6-2BE5588ACD44, 2021-02-15T12:09:05, true
E2C7259B-02FE-4FAD-B3F6-2BE5588ACD44, 2021-02-15T12:10:13, true
E2C7259B-02FE-4FAD-B3F6-2BE5588ACD44, 2021-02-15T12:11:13, true
E2C7259B-02FE-4FAD-B3F6-2BE5588ACD44, 2021-02-15T12:12:24, true
E2C7259B-02FE-4FAD-B3F6-2BE5588ACD44, 2021-02-15T12:13:31, true
E2C7259B-02FE-4FAD-B3F6-2BE5588ACD44, 2021-02-15T12:14:40, true
E2C7259B-02FE-4FAD-B3F6-2BE5588ACD44, 2021-02-15T12:15:45, true
E2C7259B-02FE-4FAD-B3F6-2BE5588ACD44, 2021-02-15T12:16:51, true
E2C7259B-02FE-4FAD-B3F6-2BE5588ACD44, 2021-02-15T12:17:52, true
E2C7259B-02FE-4FAD-B3F6-2BE5588ACD44, 2021-02-15T12:18:56, true
E2C7259B-02FE-4FAD-B3F6-2BE5588ACD44, 2021-02-15T12:20:05, true
E2C7259B-02FE-4FAD-B3F6-2BE5588ACD44, 2021-02-15T12:21:07, true
E2C7259B-02FE-4FAD-B3F6-2BE5588ACD44, 2021-02-15T12:22:15, true
E2C7259B-02FE-4FAD-B3F6-2BE5588ACD44, 2021-02-15T12:23:28, true
E2C7259B-02FE-4FAD-B3F6-2BE5588ACD44, 2021-02-15T12:24:42, true
E2C7259B-02FE-4FAD-B3F6-2BE5588ACD44, 2021-02-15T12:25:46, true
E2C7259B-02FE-4FAD-B3F6-2BE5588ACD44, 2021-02-15T12:26:50, true
E2C7259B-02FE-4FAD-B3F6-2BE5588ACD44, 2021-02-15T12:28:00, true
E2C7259B-02FE-4FAD-B3F6-2BE5588ACD44, 2021-02-15T12:29:01, true
E2C7259B-02FE-4FAD-B3F6-2BE5588ACD44, 2021-02-15T12:30:03, true
E2C7259B-02FE-4FAD-B3F6-2BE5588ACD44, 2021-02-15T12:31:09, true
E2C7259B-02FE-4FAD-B3F6-2BE5588ACD44, 2021-02-15T12:32:11, true
E2C7259B-02FE-4FAD-B3F6-2BE5588ACD44, 2021-02-15T12:33:19, true
E2C7259B-02FE-4FAD-B3F6-2BE5588ACD44, 2021-02-15T12:34:19, false
E2C7259B-02FE-4FAD-B3F6-2BE5588ACD44, 2021-02-15T12:34:53, true
E2C7259B-02FE-4FAD-B3F6-2BE5588ACD44, 2021-02-15T12:36:03, true
E2C7259B-02FE-4FAD-B3F6-2BE5588ACD44, 2021-02-15T12:37:11, true
E2C7259B-02FE-4FAD-B3F6-2BE5588ACD44, 2021-02-15T12:38:19, true
E2C7259B-02FE-4FAD-B3F6-2BE5588ACD44, 2021-02-15T12:39:33, true
E2C7259B-02FE-4FAD-B3F6-2BE5588ACD44, 2021-02-15T12:40:46, true
E2C7259B-02FE-4FAD-B3F6-2BE5588ACD44, 2021-02-15T12:41:55, true
E2C7259B-02FE-4FAD-B3F6-2BE5588ACD44, 2021-02-15T12:42:55, true
E2C7259B-02FE-4FAD-B3F6-2BE5588ACD44, 2021-02-15T12:44:01, true
E2C7259B-02FE-4FAD-B3F6-2BE5588ACD44, 2021-02-15T12:45:07, true
E2C7259B-02FE-4FAD-B3F6-2BE5588ACD44, 2021-02-15T12:46:07, false
E2C7259B-02FE-4FAD-B3F6-2BE5588ACD44, 2021-02-15T12:47:29, true
E2C7259B-02FE-4FAD-B3F6-2BE5588ACD44, 2021-02-15T12:48:36, true
E2C7259B-02FE-4FAD-B3F6-2BE5588ACD44, 2021-02-15T12:49:40, true
E2C7259B-02FE-4FAD-B3F6-2BE5588ACD44, 2021-02-15T12:50:40, false
E2C7259B-02FE-4FAD-B3F6-2BE5588ACD44, 2021-02-15T12:51:32, true
E2C7259B-02FE-4FAD-B3F6-2BE5588ACD44, 2021-02-15T12:52:39, true
E2C7259B-02FE-4FAD-B3F6-2BE5588ACD44, 2021-02-15T12:53:39, true
E2C7259B-02FE-4FAD-B3F6-2BE5588ACD44, 2021-02-15T12:54:46, true
E2C7259B-02FE-4FAD-B3F6-2BE5588ACD44, 2021-02-15T12:55:53, true
E2C7259B-02FE-4FAD-B3F6-2BE5588ACD44, 2021-02-15T12:56:53, true
E2C7259B-02FE-4FAD-B3F6-2BE5588ACD44, 2021-02-15T12:57:56, true
E2C7259B-02FE-4FAD-B3F6-2BE5588ACD44, 2021-02-15T12:59:06, true
E2C7259B-02FE-4FAD-B3F6-2BE5588ACD44, 2021-02-15T13:00:18, true
E2C7259B-02FE-4FAD-B3F6-2BE5588ACD44, 2021-02-15T13:01:33, true
E2C7259B-02FE-4FAD-B3F6-2BE5588ACD44, 2021-02-15T13:02:44, true
E2C7259B-02FE-4FAD-B3F6-2BE5588ACD44, 2021-02-15T13:03:50, true
E2C7259B-02FE-4FAD-B3F6-2BE5588ACD44, 2021-02-15T13:04:53, true
E2C7259B-02FE-4FAD-B3F6-2BE5588ACD44, 2021-02-15T13:05:54, true
E2C7259B-02FE-4FAD-B3F6-2BE5588ACD44, 2021-02-15T13:07:00, true
E2C7259B-02FE-4FAD-B3F6-2BE5588ACD44, 2021-02-15T13:08:00, false
E2C7259B-02FE-4FAD-B3F6-2BE5588ACD44, 2021-02-15T13:08:35, true
E2C7259B-02FE-4FAD-B3F6-2BE5588ACD44, 2021-02-15T13:09:36, true
E2C7259B-02FE-4FAD-B3F6-2BE5588ACD44, 2021-02-15T13:10:48, true
E2C7259B-02FE-4FAD-B3F6-2BE5588ACD44, 2021-02-15T13:11:52, true
E2C7259B-02FE-4FAD-B3F6-2BE5588ACD44, 2021-02-15T13:12:59, true
E2C7259B-02FE-4FAD-B3F6-2BE5588ACD44, 2021-02-15T13:14:09, true
E2C7259B-02FE-4FAD-B3F6-2BE5588ACD44, 2021-02-15T13:15:10, true
E2C7259B-02FE-4FAD-B3F6-2BE5588ACD44, 2021-02-15T13:16:16, true
E2C7259B-02FE-4FAD-B3F6-2BE5588ACD44, 2021-02-15T13:17:18, true
E2C7259B-02FE-4FAD-B3F6-2BE5588ACD44, 2021-02-15T13:18:19, true
E2C7259B-02FE-4FAD-B3F6-2BE5588ACD44, 2021-02-15T13:19:24, true
E2C7259B-02FE-4FAD-B3F6-2BE5588ACD44, 2021-02-15T13:20:29, true
E2C7259B-02FE-4FAD-B3F6-2BE5588ACD44, 2021-02-15T13:21:36, true
E2C7259B-02FE-4FAD-B3F6-2BE5588ACD44, 2021-02-15T13:22:41, true
E2C7259B-02FE-4FAD-B3F6-2BE5588ACD44, 2021-02-15T13:23:46, true
E2C7259B-02FE-4FAD-B3F6-2BE5588ACD44, 2021-02-15T13:24:47, true
E2C7259B-02FE-4FAD-B3F6-2BE5588ACD44, 2021-02-15T13:25:58, true
E2C7259B-02FE-4FAD-B3F6-2BE5588ACD44, 2021-02-15T13:27:07, true
E2C7259B-02FE-4FAD-B3F6-2BE5588ACD44, 2021-02-15T13:28:19, true
E2C7259B-02FE-4FAD-B3F6-2BE5588ACD44, 2021-02-15T13:29:22, true
E2C7259B-02FE-4FAD-B3F6-2BE5588ACD44, 2021-02-15T13:30:24, true
E2C7259B-02FE-4FAD-B3F6-2BE5588ACD44, 2021-02-15T13:31:34, true
E2C7259B-02FE-4FAD-B3F6-2BE5588ACD44, 2021-02-15T13:32:41, true
E2C7259B-02FE-4FAD-B3F6-2BE5588ACD44, 2021-02-15T13:33:43, true
E2C7259B-02FE-4FAD-B3F6-2BE5588ACD44, 2021-02-15T13:34:47, true
E2C7259B-02FE-4FAD-B3F6-2BE5588ACD44, 2021-02-15T13:35:54, true
E2C7259B-02FE-4FAD-B3F6-2BE5588ACD44, 2021-02-15T13:36:59, true
E2C7259B-02FE-4FAD-B3F6-2BE5588ACD44, 2021-02-15T13:38:03, true
E2C7259B-02FE-4FAD-B3F6-2BE5588ACD44, 2021-02-15T13:39:08, true
E2C7259B-02FE-4FAD-B3F6-2BE5588ACD44, 2021-02-15T13:40:15, true
E2C7259B-02FE-4FAD-B3F6-2BE5588ACD44, 2021-02-15T13:41:22, true
E2C7259B-02FE-4FAD-B3F6-2BE5588ACD44, 2021-02-15T13:42:27, true
E2C7259B-02FE-4FAD-B3F6-2BE5588ACD44, 2021-02-15T13:43:28, true
E2C7259B-02FE-4FAD-B3F6-2BE5588ACD44, 2021-02-15T13:44:35, true
E2C7259B-02FE-4FAD-B3F6-2BE5588ACD44, 2021-02-15T13:45:38, true
E2C7259B-02FE-4FAD-B3F6-2BE5588ACD44, 2021-02-15T13:46:44, true
E2C7259B-02FE-4FAD-B3F6-2BE5588ACD44, 2021-02-15T13:47:50, true
E2C7259B-02FE-4FAD-B3F6-2BE5588ACD44, 2021-02-15T13:48:57, true
E2C7259B-02FE-4FAD-B3F6-2BE5588ACD44, 2021-02-15T13:50:03, true
E2C7259B-02FE-4FAD-B3F6-2BE5588ACD44, 2021-02-15T13:51:08, true
E2C7259B-02FE-4FAD-B3F6-2BE5588ACD44, 2021-02-15T13:52:09, true
E2C7259B-02FE-4FAD-B3F6-2BE5588ACD44, 2021-02-15T13:53:13, true
E2C7259B-02FE-4FAD-B3F6-2BE5588ACD44, 2021-02-15T13:54:23, true
E2C7259B-02FE-4FAD-B3F6-2BE5588ACD44, 2021-02-15T13:55:27, true
E2C7259B-02FE-4FAD-B3F6-2BE5588ACD44, 2021-02-15T13:56:27, false
E2C7259B-02FE-4FAD-B3F6-2BE5588ACD44, 2021-02-15T13:57:27, false
E2C7259B-02FE-4FAD-B3F6-2BE5588ACD44, 2021-02-15T13:58:27, false
E2C7259B-02FE-4FAD-B3F6-2BE5588ACD44, 2021-02-15T13:59:27, false
E2C7259B-02FE-4FAD-B3F6-2BE5588ACD44, 2021-02-15T14:00:27, false
E2C7259B-02FE-4FAD-B3F6-2BE5588ACD44, 2021-02-15T14:01:46, true
E2C7259B-02FE-4FAD-B3F6-2BE5588ACD44, 2021-02-15T14:02:51, true
E2C7259B-02FE-4FAD-B3F6-2BE5588ACD44, 2021-02-15T14:04:01, true
E2C7259B-02FE-4FAD-B3F6-2BE5588ACD44, 2021-02-15T14:05:20, true
E2C7259B-02FE-4FAD-B3F6-2BE5588ACD44, 2021-02-15T14:06:33, true
E2C7259B-02FE-4FAD-B3F6-2BE5588ACD44, 2021-02-15T14:07:45, true
E2C7259B-02FE-4FAD-B3F6-2BE5588ACD44, 2021-02-15T14:08:53, true
E2C7259B-02FE-4FAD-B3F6-2BE5588ACD44, 2021-02-15T14:09:59, true
E2C7259B-02FE-4FAD-B3F6-2BE5588ACD44, 2021-02-15T14:11:05, true
E2C7259B-02FE-4FAD-B3F6-2BE5588ACD44, 2021-02-15T14:12:12, true
E2C7259B-02FE-4FAD-B3F6-2BE5588ACD44, 2021-02-15T14:13:12, true
E2C7259B-02FE-4FAD-B3F6-2BE5588ACD44, 2021-02-15T14:14:19, true
E2C7259B-02FE-4FAD-B3F6-2BE5588ACD44, 2021-02-15T14:15:23, true
E2C7259B-02FE-4FAD-B3F6-2BE5588ACD44, 2021-02-15T14:16:23, true
E2C7259B-02FE-4FAD-B3F6-2BE5588ACD44, 2021-02-15T14:17:29, true
E2C7259B-02FE-4FAD-B3F6-2BE5588ACD44, 2021-02-15T14:18:36, true
E2C7259B-02FE-4FAD-B3F6-2BE5588ACD44, 2021-02-15T14:19:37, true
E2C7259B-02FE-4FAD-B3F6-2BE5588ACD44, 2021-02-15T14:20:43, true
E2C7259B-02FE-4FAD-B3F6-2BE5588ACD44, 2021-02-15T14:21:47, true
E2C7259B-02FE-4FAD-B3F6-2BE5588ACD44, 2021-02-15T14:23:04, true
E2C7259B-02FE-4FAD-B3F6-2BE5588ACD44, 2021-02-15T14:24:10, true
E2C7259B-02FE-4FAD-B3F6-2BE5588ACD44, 2021-02-15T14:25:21, true
E2C7259B-02FE-4FAD-B3F6-2BE5588ACD44, 2021-02-15T14:26:27, true
E2C7259B-02FE-4FAD-B3F6-2BE5588ACD44, 2021-02-15T14:27:29, true
E2C7259B-02FE-4FAD-B3F6-2BE5588ACD44, 2021-02-15T14:28:31, true
E2C7259B-02FE-4FAD-B3F6-2BE5588ACD44, 2021-02-15T14:29:36, true
E2C7259B-02FE-4FAD-B3F6-2BE5588ACD44, 2021-02-15T14:30:37, true
E2C7259B-02FE-4FAD-B3F6-2BE5588ACD44, 2021-02-15T14:31:42, true
E2C7259B-02FE-4FAD-B3F6-2BE5588ACD44, 2021-02-15T14:32:47, true
E2C7259B-02FE-4FAD-B3F6-2BE5588ACD44, 2021-02-15T14:33:57, true
E2C7259B-02FE-4FAD-B3F6-2BE5588ACD44, 2021-02-15T14:35:00, true
E2C7259B-02FE-4FAD-B3F6-2BE5588ACD44, 2021-02-15T14:36:06, true
E2C7259B-02FE-4FAD-B3F6-2BE5588ACD44, 2021-02-15T14:37:14, true
E2C7259B-02FE-4FAD-B3F6-2BE5588ACD44, 2021-02-15T14:38:17, true
E2C7259B-02FE-4FAD-B3F6-2BE5588ACD44, 2021-02-15T14:39:28, true
E2C7259B-02FE-4FAD-B3F6-2BE5588ACD44, 2021-02-15T14:40:28, true
E2C7259B-02FE-4FAD-B3F6-2BE5588ACD44, 2021-02-15T14:41:33, true
E2C7259B-02FE-4FAD-B3F6-2BE5588ACD44, 2021-02-15T14:42:41, true
E2C7259B-02FE-4FAD-B3F6-2BE5588ACD44, 2021-02-15T14:43:43, true
E2C7259B-02FE-4FAD-B3F6-2BE5588ACD44, 2021-02-15T14:44:50, true
E2C7259B-02FE-4FAD-B3F6-2BE5588ACD44, 2021-02-15T14:45:59, true
E2C7259B-02FE-4FAD-B3F6-2BE5588ACD44, 2021-02-15T14:47:13, true
E2C7259B-02FE-4FAD-B3F6-2BE5588ACD44, 2021-02-15T14:48:19, true
E2C7259B-02FE-4FAD-B3F6-2BE5588ACD44, 2021-02-15T14:49:24, true
E2C7259B-02FE-4FAD-B3F6-2BE5588ACD44, 2021-02-15T14:50:30, true
E2C7259B-02FE-4FAD-B3F6-2BE5588ACD44, 2021-02-15T14:51:37, true
E2C7259B-02FE-4FAD-B3F6-2BE5588ACD44, 2021-02-15T14:52:37, true
E2C7259B-02FE-4FAD-B3F6-2BE5588ACD44, 2021-02-15T14:53:45, true
E2C7259B-02FE-4FAD-B3F6-2BE5588ACD44, 2021-02-15T14:54:49, true
E2C7259B-02FE-4FAD-B3F6-2BE5588ACD44, 2021-02-15T14:55:49, true
E2C7259B-02FE-4FAD-B3F6-2BE5588ACD44, 2021-02-15T14:56:50, true
E2C7259B-02FE-4FAD-B3F6-2BE5588ACD44, 2021-02-15T14:57:58, true
E2C7259B-02FE-4FAD-B3F6-2BE5588ACD44, 2021-02-15T14:59:03, true
E2C7259B-02FE-4FAD-B3F6-2BE5588ACD44, 2021-02-15T15:00:10, true
E2C7259B-02FE-4FAD-B3F6-2BE5588ACD44, 2021-02-15T15:01:19, true
E2C7259B-02FE-4FAD-B3F6-2BE5588ACD44, 2021-02-15T15:02:26, true
E2C7259B-02FE-4FAD-B3F6-2BE5588ACD44, 2021-02-15T15:03:28, true
E2C7259B-02FE-4FAD-B3F6-2BE5588ACD44, 2021-02-15T15:04:40, true
E2C7259B-02FE-4FAD-B3F6-2BE5588ACD44, 2021-02-15T15:05:54, true
E2C7259B-02FE-4FAD-B3F6-2BE5588ACD44, 2021-02-15T15:07:06, true
E2C7259B-02FE-4FAD-B3F6-2BE5588ACD44, 2021-02-15T15:08:17, true
E2C7259B-02FE-4FAD-B3F6-2BE5588ACD44, 2021-02-15T15:09:17, true
E2C7259B-02FE-4FAD-B3F6-2BE5588ACD44, 2021-02-15T15:10:28, true
E2C7259B-02FE-4FAD-B3F6-2BE5588ACD44, 2021-02-15T15:11:28, true
E2C7259B-02FE-4FAD-B3F6-2BE5588ACD44, 2021-02-15T15:12:35, true
E2C7259B-02FE-4FAD-B3F6-2BE5588ACD44, 2021-02-15T15:13:37, true
E2C7259B-02FE-4FAD-B3F6-2BE5588ACD44, 2021-02-15T15:14:43, true
E2C7259B-02FE-4FAD-B3F6-2BE5588ACD44, 2021-02-15T15:15:45, true
E2C7259B-02FE-4FAD-B3F6-2BE5588ACD44, 2021-02-15T15:16:49, true
E2C7259B-02FE-4FAD-B3F6-2BE5588ACD44, 2021-02-15T15:17:57, true
E2C7259B-02FE-4FAD-B3F6-2BE5588ACD44, 2021-02-15T15:19:03, true
E2C7259B-02FE-4FAD-B3F6-2BE5588ACD44, 2021-02-15T15:20:03, false
E2C7259B-02FE-4FAD-B3F6-2BE5588ACD44, 2021-02-15T15:20:36, true
E2C7259B-02FE-4FAD-B3F6-2BE5588ACD44, 2021-02-15T15:21:36, false
E2C7259B-02FE-4FAD-B3F6-2BE5588ACD44, 2021-02-15T15:22:36, false
E2C7259B-02FE-4FAD-B3F6-2BE5588ACD44, 2021-02-15T15:23:36, false
E2C7259B-02FE-4FAD-B3F6-2BE5588ACD44, 2021-02-15T15:24:36, false
E2C7259B-02FE-4FAD-B3F6-2BE5588ACD44, 2021-02-15T15:25:36, false
E2C7259B-02FE-4FAD-B3F6-2BE5588ACD44, 2021-02-15T15:26:36, false
E2C7259B-02FE-4FAD-B3F6-2BE5588ACD44, 2021-02-15T15:27:36, false
E2C7259B-02FE-4FAD-B3F6-2BE5588ACD44, 2021-02-15T15:28:36, false
E2C7259B-02FE-4FAD-B3F6-2BE5588ACD44, 2021-02-15T15:29:36, false
E2C7259B-02FE-4FAD-B3F6-2BE5588ACD44, 2021-02-15T15:30:36, false
E2C7259B-02FE-4FAD-B3F6-2BE5588ACD44, 2021-02-15T15:31:36, false
E2C7259B-02FE-4FAD-B3F6-2BE5588ACD44, 2021-02-15T15:32:36, false
E2C7259B-02FE-4FAD-B3F6-2BE5588ACD44, 2021-02-15T15:33:36, false
E2C7259B-02FE-4FAD-B3F6-2BE5588ACD44, 2021-02-15T15:34:36, false
E2C7259B-02FE-4FAD-B3F6-2BE5588ACD44, 2021-02-15T15:35:36, false
E2C7259B-02FE-4FAD-B3F6-2BE5588ACD44, 2021-02-15T15:36:36, false
E2C7259B-02FE-4FAD-B3F6-2BE5588ACD44, 2021-02-15T15:37:36, false
E2C7259B-02FE-4FAD-B3F6-2BE5588ACD44, 2021-02-15T15:38:36, false
E2C7259B-02FE-4FAD-B3F6-2BE5588ACD44, 2021-02-15T15:39:36, false
E2C7259B-02FE-4FAD-B3F6-2BE5588ACD44, 2021-02-15T15:40:36, false
E2C7259B-02FE-4FAD-B3F6-2BE5588ACD44, 2021-02-15T15:41:36, false
E2C7259B-02FE-4FAD-B3F6-2BE5588ACD44, 2021-02-15T15:42:36, false
E2C7259B-02FE-4FAD-B3F6-2BE5588ACD44, 2021-02-15T15:43:36, false
E2C7259B-02FE-4FAD-B3F6-2BE5588ACD44, 2021-02-15T15:44:36, false
E2C7259B-02FE-4FAD-B3F6-2BE5588ACD44, 2021-02-15T15:45:36, false
E2C7259B-02FE-4FAD-B3F6-2BE5588ACD44, 2021-02-15T15:46:36, false
E2C7259B-02FE-4FAD-B3F6-2BE5588ACD44, 2021-02-15T15:47:36, false
E2C7259B-02FE-4FAD-B3F6-2BE5588ACD44, 2021-02-15T15:48:36, false
E2C7259B-02FE-4FAD-B3F6-2BE5588ACD44, 2021-02-15T15:49:36, false
E2C7259B-02FE-4FAD-B3F6-2BE5588ACD44, 2021-02-15T15:50:36, false
E2C7259B-02FE-4FAD-B3F6-2BE5588ACD44, 2021-02-15T15:51:36, false
E2C7259B-02FE-4FAD-B3F6-2BE5588ACD44, 2021-02-15T15:52:36, false
E2C7259B-02FE-4FAD-B3F6-2BE5588ACD44, 2021-02-15T15:53:36, false
E2C7259B-02FE-4FAD-B3F6-2BE5588ACD44, 2021-02-15T15:54:36, false
E2C7259B-02FE-4FAD-B3F6-2BE5588ACD44, 2021-02-15T15:55:36, false
E2C7259B-02FE-4FAD-B3F6-2BE5588ACD44, 2021-02-15T15:56:14, true
E2C7259B-02FE-4FAD-B3F6-2BE5588ACD44, 2021-02-15T15:57:15, true
E2C7259B-02FE-4FAD-B3F6-2BE5588ACD44, 2021-02-15T15:58:22, true
E2C7259B-02FE-4FAD-B3F6-2BE5588ACD44, 2021-02-15T15:59:28, true
E2C7259B-02FE-4FAD-B3F6-2BE5588ACD44, 2021-02-15T16:00:36, true
E2C7259B-02FE-4FAD-B3F6-2BE5588ACD44, 2021-02-15T16:01:43, true
E2C7259B-02FE-4FAD-B3F6-2BE5588ACD44, 2021-02-15T16:02:49, true
E2C7259B-02FE-4FAD-B3F6-2BE5588ACD44, 2021-02-15T16:04:12, true
E2C7259B-02FE-4FAD-B3F6-2BE5588ACD44, 2021-02-15T16:05:23, true
E2C7259B-02FE-4FAD-B3F6-2BE5588ACD44, 2021-02-15T16:06:23, false
E2C7259B-02FE-4FAD-B3F6-2BE5588ACD44, 2021-02-15T16:07:23, false
E2C7259B-02FE-4FAD-B3F6-2BE5588ACD44, 2021-02-15T16:08:23, false
E2C7259B-02FE-4FAD-B3F6-2BE5588ACD44, 2021-02-15T16:09:23, false
E2C7259B-02FE-4FAD-B3F6-2BE5588ACD44, 2021-02-15T16:10:23, false
E2C7259B-02FE-4FAD-B3F6-2BE5588ACD44, 2021-02-15T16:11:23, false
E2C7259B-02FE-4FAD-B3F6-2BE5588ACD44, 2021-02-15T16:12:23, false
E2C7259B-02FE-4FAD-B3F6-2BE5588ACD44, 2021-02-15T16:13:23, false
E2C7259B-02FE-4FAD-B3F6-2BE5588ACD44, 2021-02-15T16:14:23, false
E2C7259B-02FE-4FAD-B3F6-2BE5588ACD44, 2021-02-15T16:15:23, false
E2C7259B-02FE-4FAD-B3F6-2BE5588ACD44, 2021-02-15T16:16:23, false
E2C7259B-02FE-4FAD-B3F6-2BE5588ACD44, 2021-02-15T16:17:23, false
E2C7259B-02FE-4FAD-B3F6-2BE5588ACD44, 2021-02-15T16:18:23, false
E2C7259B-02FE-4FAD-B3F6-2BE5588ACD44, 2021-02-15T16:19:23, false
E2C7259B-02FE-4FAD-B3F6-2BE5588ACD44, 2021-02-15T16:20:23, false
E2C7259B-02FE-4FAD-B3F6-2BE5588ACD44, 2021-02-15T16:21:23, false
E2C7259B-02FE-4FAD-B3F6-2BE5588ACD44, 2021-02-15T16:22:23, false
E2C7259B-02FE-4FAD-B3F6-2BE5588ACD44, 2021-02-15T16:23:23, false
E2C7259B-02FE-4FAD-B3F6-2BE5588ACD44, 2021-02-15T16:24:23, false
E2C7259B-02FE-4FAD-B3F6-2BE5588ACD44, 2021-02-15T16:25:23, false
E2C7259B-02FE-4FAD-B3F6-2BE5588ACD44, 2021-02-15T16:26:23, false
E2C7259B-02FE-4FAD-B3F6-2BE5588ACD44, 2021-02-15T16:27:23, false
E2C7259B-02FE-4FAD-B3F6-2BE5588ACD44, 2021-02-15T16:28:23, false
E2C7259B-02FE-4FAD-B3F6-2BE5588ACD44, 2021-02-15T16:29:23, false
E2C7259B-02FE-4FAD-B3F6-2BE5588ACD44, 2021-02-15T16:30:23, false
E2C7259B-02FE-4FAD-B3F6-2BE5588ACD44, 2021-02-15T16:31:23, false
E2C7259B-02FE-4FAD-B3F6-2BE5588ACD44, 2021-02-15T16:32:23, false
E2C7259B-02FE-4FAD-B3F6-2BE5588ACD44, 2021-02-15T16:33:23, false
E2C7259B-02FE-4FAD-B3F6-2BE5588ACD44, 2021-02-15T16:34:23, false
E2C7259B-02FE-4FAD-B3F6-2BE5588ACD44, 2021-02-15T16:35:02, true
E2C7259B-02FE-4FAD-B3F6-2BE5588ACD44, 2021-02-15T16:36:06, true
E2C7259B-02FE-4FAD-B3F6-2BE5588ACD44, 2021-02-15T16:37:09, true
E2C7259B-02FE-4FAD-B3F6-2BE5588ACD44, 2021-02-15T16:38:09, true
E2C7259B-02FE-4FAD-B3F6-2BE5588ACD44, 2021-02-15T16:39:15, true
E2C7259B-02FE-4FAD-B3F6-2BE5588ACD44, 2021-02-15T16:40:19, true
E2C7259B-02FE-4FAD-B3F6-2BE5588ACD44, 2021-02-15T16:41:25, true
E2C7259B-02FE-4FAD-B3F6-2BE5588ACD44, 2021-02-15T16:42:31, true
E2C7259B-02FE-4FAD-B3F6-2BE5588ACD44, 2021-02-15T16:43:37, true
E2C7259B-02FE-4FAD-B3F6-2BE5588ACD44, 2021-02-15T16:44:37, true
E2C7259B-02FE-4FAD-B3F6-2BE5588ACD44, 2021-02-15T16:45:42, true
E2C7259B-02FE-4FAD-B3F6-2BE5588ACD44, 2021-02-15T16:46:43, true
E2C7259B-02FE-4FAD-B3F6-2BE5588ACD44, 2021-02-15T16:47:49, true
E2C7259B-02FE-4FAD-B3F6-2BE5588ACD44, 2021-02-15T16:48:50, true
E2C7259B-02FE-4FAD-B3F6-2BE5588ACD44, 2021-02-15T16:49:51, true
E2C7259B-02FE-4FAD-B3F6-2BE5588ACD44, 2021-02-15T16:50:56, true
E2C7259B-02FE-4FAD-B3F6-2BE5588ACD44, 2021-02-15T16:51:58, true
E2C7259B-02FE-4FAD-B3F6-2BE5588ACD44, 2021-02-15T16:53:04, true
E2C7259B-02FE-4FAD-B3F6-2BE5588ACD44, 2021-02-15T16:54:05, true
E2C7259B-02FE-4FAD-B3F6-2BE5588ACD44, 2021-02-15T16:55:11, true
E2C7259B-02FE-4FAD-B3F6-2BE5588ACD44, 2021-02-15T16:56:17, true
E2C7259B-02FE-4FAD-B3F6-2BE5588ACD44, 2021-02-15T16:57:17, false
E2C7259B-02FE-4FAD-B3F6-2BE5588ACD44, 2021-02-15T16:57:56, true
E2C7259B-02FE-4FAD-B3F6-2BE5588ACD44, 2021-02-15T16:59:07, true
E2C7259B-02FE-4FAD-B3F6-2BE5588ACD44, 2021-02-15T17:00:07, false
E2C7259B-02FE-4FAD-B3F6-2BE5588ACD44, 2021-02-15T17:00:42, true
E2C7259B-02FE-4FAD-B3F6-2BE5588ACD44, 2021-02-15T17:01:46, true
E2C7259B-02FE-4FAD-B3F6-2BE5588ACD44, 2021-02-15T17:02:54, true
E2C7259B-02FE-4FAD-B3F6-2BE5588ACD44, 2021-02-15T17:04:04, true
E2C7259B-02FE-4FAD-B3F6-2BE5588ACD44, 2021-02-15T17:05:17, true
E2C7259B-02FE-4FAD-B3F6-2BE5588ACD44, 2021-02-15T17:06:24, true
E2C7259B-02FE-4FAD-B3F6-2BE5588ACD44, 2021-02-15T17:07:32, true
E2C7259B-02FE-4FAD-B3F6-2BE5588ACD44, 2021-02-15T17:08:35, true
E2C7259B-02FE-4FAD-B3F6-2BE5588ACD44, 2021-02-15T17:09:35, true
E2C7259B-02FE-4FAD-B3F6-2BE5588ACD44, 2021-02-15T17:10:36, true
E2C7259B-02FE-4FAD-B3F6-2BE5588ACD44, 2021-02-15T17:11:47, true
E2C7259B-02FE-4FAD-B3F6-2BE5588ACD44, 2021-02-15T17:13:12, true
E2C7259B-02FE-4FAD-B3F6-2BE5588ACD44, 2021-02-15T17:14:29, true
E2C7259B-02FE-4FAD-B3F6-2BE5588ACD44, 2021-02-15T17:15:29, false
E2C7259B-02FE-4FAD-B3F6-2BE5588ACD44, 2021-02-15T17:16:29, false
E2C7259B-02FE-4FAD-B3F6-2BE5588ACD44, 2021-02-15T17:17:29, false
E2C7259B-02FE-4FAD-B3F6-2BE5588ACD44, 2021-02-15T17:18:29, false
E2C7259B-02FE-4FAD-B3F6-2BE5588ACD44, 2021-02-15T17:19:29, false
E2C7259B-02FE-4FAD-B3F6-2BE5588ACD44, 2021-02-15T17:20:24, true
E2C7259B-02FE-4FAD-B3F6-2BE5588ACD44, 2021-02-15T17:21:31, true
E2C7259B-02FE-4FAD-B3F6-2BE5588ACD44, 2021-02-15T17:22:40, true
E2C7259B-02FE-4FAD-B3F6-2BE5588ACD44, 2021-02-15T17:23:49, true
E2C7259B-02FE-4FAD-B3F6-2BE5588ACD44, 2021-02-15T17:24:52, true
E2C7259B-02FE-4FAD-B3F6-2BE5588ACD44, 2021-02-15T17:26:00, true
E2C7259B-02FE-4FAD-B3F6-2BE5588ACD44, 2021-02-15T17:27:10, true
E2C7259B-02FE-4FAD-B3F6-2BE5588ACD44, 2021-02-15T17:28:16, true
E2C7259B-02FE-4FAD-B3F6-2BE5588ACD44, 2021-02-15T17:29:22, true
E2C7259B-02FE-4FAD-B3F6-2BE5588ACD44, 2021-02-15T17:30:23, true
E2C7259B-02FE-4FAD-B3F6-2BE5588ACD44, 2021-02-15T17:31:29, true
E2C7259B-02FE-4FAD-B3F6-2BE5588ACD44, 2021-02-15T17:32:29, true
E2C7259B-02FE-4FAD-B3F6-2BE5588ACD44, 2021-02-15T17:33:30, true
E2C7259B-02FE-4FAD-B3F6-2BE5588ACD44, 2021-02-15T17:34:36, true
E2C7259B-02FE-4FAD-B3F6-2BE5588ACD44, 2021-02-15T17:35:42, true
E2C7259B-02FE-4FAD-B3F6-2BE5588ACD44, 2021-02-15T17:36:45, true
E2C7259B-02FE-4FAD-B3F6-2BE5588ACD44, 2021-02-15T17:37:50, true
E2C7259B-02FE-4FAD-B3F6-2BE5588ACD44, 2021-02-15T17:38:53, true
E2C7259B-02FE-4FAD-B3F6-2BE5588ACD44, 2021-02-15T17:39:59, true
E2C7259B-02FE-4FAD-B3F6-2BE5588ACD44, 2021-02-15T17:41:04, true
E2C7259B-02FE-4FAD-B3F6-2BE5588ACD44, 2021-02-15T17:42:10, true
E2C7259B-02FE-4FAD-B3F6-2BE5588ACD44, 2021-02-15T17:43:17, true
E2C7259B-02FE-4FAD-B3F6-2BE5588ACD44, 2021-02-15T17:44:23, true
E2C7259B-02FE-4FAD-B3F6-2BE5588ACD44, 2021-02-15T17:45:28, true
E2C7259B-02FE-4FAD-B3F6-2BE5588ACD44, 2021-02-15T17:46:42, true
E2C7259B-02FE-4FAD-B3F6-2BE5588ACD44, 2021-02-15T17:47:45, true
E2C7259B-02FE-4FAD-B3F6-2BE5588ACD44, 2021-02-15T17:48:57, true
E2C7259B-02FE-4FAD-B3F6-2BE5588ACD44, 2021-02-15T17:50:04, true
E2C7259B-02FE-4FAD-B3F6-2BE5588ACD44, 2021-02-15T17:51:15, true
E2C7259B-02FE-4FAD-B3F6-2BE5588ACD44, 2021-02-15T17:52:21, true
E2C7259B-02FE-4FAD-B3F6-2BE5588ACD44, 2021-02-15T17:53:23, true
E2C7259B-02FE-4FAD-B3F6-2BE5588ACD44, 2021-02-15T17:54:29, true
E2C7259B-02FE-4FAD-B3F6-2BE5588ACD44, 2021-02-15T17:55:36, true
E2C7259B-02FE-4FAD-B3F6-2BE5588ACD44, 2021-02-15T17:56:42, true
E2C7259B-02FE-4FAD-B3F6-2BE5588ACD44, 2021-02-15T17:57:47, true
E2C7259B-02FE-4FAD-B3F6-2BE5588ACD44, 2021-02-15T17:58:59, true
E2C7259B-02FE-4FAD-B3F6-2BE5588ACD44, 2021-02-15T18:00:09, true
E2C7259B-02FE-4FAD-B3F6-2BE5588ACD44, 2021-02-15T18:01:12, true
E2C7259B-02FE-4FAD-B3F6-2BE5588ACD44, 2021-02-15T18:02:17, true
E2C7259B-02FE-4FAD-B3F6-2BE5588ACD44, 2021-02-15T18:03:24, true
E2C7259B-02FE-4FAD-B3F6-2BE5588ACD44, 2021-02-15T18:04:28, true
E2C7259B-02FE-4FAD-B3F6-2BE5588ACD44, 2021-02-15T18:05:35, true
E2C7259B-02FE-4FAD-B3F6-2BE5588ACD44, 2021-02-15T18:06:47, true
E2C7259B-02FE-4FAD-B3F6-2BE5588ACD44, 2021-02-15T18:07:52, true
E2C7259B-02FE-4FAD-B3F6-2BE5588ACD44, 2021-02-15T18:08:57, true
E2C7259B-02FE-4FAD-B3F6-2BE5588ACD44, 2021-02-15T18:10:05, true
E2C7259B-02FE-4FAD-B3F6-2BE5588ACD44, 2021-02-15T18:11:10, true
E2C7259B-02FE-4FAD-B3F6-2BE5588ACD44, 2021-02-15T18:12:12, true
E2C7259B-02FE-4FAD-B3F6-2BE5588ACD44, 2021-02-15T18:13:22, true
E2C7259B-02FE-4FAD-B3F6-2BE5588ACD44, 2021-02-15T18:14:28, true
E2C7259B-02FE-4FAD-B3F6-2BE5588ACD44, 2021-02-15T18:15:29, true
E2C7259B-02FE-4FAD-B3F6-2BE5588ACD44, 2021-02-15T18:16:31, true
E2C7259B-02FE-4FAD-B3F6-2BE5588ACD44, 2021-02-15T18:17:37, true
E2C7259B-02FE-4FAD-B3F6-2BE5588ACD44, 2021-02-15T18:18:43, true
E2C7259B-02FE-4FAD-B3F6-2BE5588ACD44, 2021-02-15T18:19:49, true
E2C7259B-02FE-4FAD-B3F6-2BE5588ACD44, 2021-02-15T18:20:54, true
E2C7259B-02FE-4FAD-B3F6-2BE5588ACD44, 2021-02-15T18:22:02, true
E2C7259B-02FE-4FAD-B3F6-2BE5588ACD44, 2021-02-15T18:23:07, true
E2C7259B-02FE-4FAD-B3F6-2BE5588ACD44, 2021-02-15T18:24:26, true
E2C7259B-02FE-4FAD-B3F6-2BE5588ACD44, 2021-02-15T18:25:29, true
E2C7259B-02FE-4FAD-B3F6-2BE5588ACD44, 2021-02-15T18:26:36, true
E2C7259B-02FE-4FAD-B3F6-2BE5588ACD44, 2021-02-15T18:27:44, true
E2C7259B-02FE-4FAD-B3F6-2BE5588ACD44, 2021-02-15T18:28:48, true
E2C7259B-02FE-4FAD-B3F6-2BE5588ACD44, 2021-02-15T18:29:52, true
E2C7259B-02FE-4FAD-B3F6-2BE5588ACD44, 2021-02-15T18:30:52, false
E2C7259B-02FE-4FAD-B3F6-2BE5588ACD44, 2021-02-15T18:31:52, false
E2C7259B-02FE-4FAD-B3F6-2BE5588ACD44, 2021-02-15T18:32:52, false
E2C7259B-02FE-4FAD-B3F6-2BE5588ACD44, 2021-02-15T18:33:52, false
E2C7259B-02FE-4FAD-B3F6-2BE5588ACD44, 2021-02-15T18:34:52, false
E2C7259B-02FE-4FAD-B3F6-2BE5588ACD44, 2021-02-15T18:35:52, false
E2C7259B-02FE-4FAD-B3F6-2BE5588ACD44, 2021-02-15T18:36:52, false
E2C7259B-02FE-4FAD-B3F6-2BE5588ACD44, 2021-02-15T18:37:52, false
E2C7259B-02FE-4FAD-B3F6-2BE5588ACD44, 2021-02-15T18:38:52, false
E2C7259B-02FE-4FAD-B3F6-2BE5588ACD44, 2021-02-15T18:39:52, false
E2C7259B-02FE-4FAD-B3F6-2BE5588ACD44, 2021-02-15T18:40:52, false
E2C7259B-02FE-4FAD-B3F6-2BE5588ACD44, 2021-02-15T18:41:52, false
E2C7259B-02FE-4FAD-B3F6-2BE5588ACD44, 2021-02-15T18:42:52, false
E2C7259B-02FE-4FAD-B3F6-2BE5588ACD44, 2021-02-15T18:43:52, false
E2C7259B-02FE-4FAD-B3F6-2BE5588ACD44, 2021-02-15T18:44:52, false
E2C7259B-02FE-4FAD-B3F6-2BE5588ACD44, 2021-02-15T18:45:52, false
E2C7259B-02FE-4FAD-B3F6-2BE5588ACD44, 2021-02-15T18:46:52, false
E2C7259B-02FE-4FAD-B3F6-2BE5588ACD44, 2021-02-15T18:47:52, false
E2C7259B-02FE-4FAD-B3F6-2BE5588ACD44, 2021-02-15T18:48:52, false
E2C7259B-02FE-4FAD-B3F6-2BE5588ACD44, 2021-02-15T18:49:52, false
E2C7259B-02FE-4FAD-B3F6-2BE5588ACD44, 2021-02-15T18:50:52, false
E2C7259B-02FE-4FAD-B3F6-2BE5588ACD44, 2021-02-15T18:51:52, false
E2C7259B-02FE-4FAD-B3F6-2BE5588ACD44, 2021-02-15T18:52:52, false
E2C7259B-02FE-4FAD-B3F6-2BE5588ACD44, 2021-02-15T18:53:52, false
E2C7259B-02FE-4FAD-B3F6-2BE5588ACD44, 2021-02-15T18:54:52, false
E2C7259B-02FE-4FAD-B3F6-2BE5588ACD44, 2021-02-15T18:55:52, false
E2C7259B-02FE-4FAD-B3F6-2BE5588ACD44, 2021-02-15T18:56:52, false
E2C7259B-02FE-4FAD-B3F6-2BE5588ACD44, 2021-02-15T18:57:52, false
E2C7259B-02FE-4FAD-B3F6-2BE5588ACD44, 2021-02-15T18:58:52, false
E2C7259B-02FE-4FAD-B3F6-2BE5588ACD44, 2021-02-15T18:59:52, false
E2C7259B-02FE-4FAD-B3F6-2BE5588ACD44, 2021-02-15T19:00:52, false
E2C7259B-02FE-4FAD-B3F6-2BE5588ACD44, 2021-02-15T19:01:52, false
E2C7259B-02FE-4FAD-B3F6-2BE5588ACD44, 2021-02-15T19:02:52, false
E2C7259B-02FE-4FAD-B3F6-2BE5588ACD44, 2021-02-15T19:03:52, false
E2C7259B-02FE-4FAD-B3F6-2BE5588ACD44, 2021-02-15T19:04:52, false
E2C7259B-02FE-4FAD-B3F6-2BE5588ACD44, 2021-02-15T19:05:52, false
E2C7259B-02FE-4FAD-B3F6-2BE5588ACD44, 2021-02-15T19:06:52, false
E2C7259B-02FE-4FAD-B3F6-2BE5588ACD44, 2021-02-15T19:07:52, false
E2C7259B-02FE-4FAD-B3F6-2BE5588ACD44, 2021-02-15T19:08:52, false
E2C7259B-02FE-4FAD-B3F6-2BE5588ACD44, 2021-02-15T19:09:52, false
E2C7259B-02FE-4FAD-B3F6-2BE5588ACD44, 2021-02-15T19:10:52, false
E2C7259B-02FE-4FAD-B3F6-2BE5588ACD44, 2021-02-15T19:11:52, false
E2C7259B-02FE-4FAD-B3F6-2BE5588ACD44, 2021-02-15T19:12:52, false
E2C7259B-02FE-4FAD-B3F6-2BE5588ACD44, 2021-02-15T19:13:52, false
E2C7259B-02FE-4FAD-B3F6-2BE5588ACD44, 2021-02-15T19:14:52, false
E2C7259B-02FE-4FAD-B3F6-2BE5588ACD44, 2021-02-15T19:15:52, false
E2C7259B-02FE-4FAD-B3F6-2BE5588ACD44, 2021-02-15T19:16:52, false
E2C7259B-02FE-4FAD-B3F6-2BE5588ACD44, 2021-02-15T19:17:52, false
E2C7259B-02FE-4FAD-B3F6-2BE5588ACD44, 2021-02-15T19:18:52, false
E2C7259B-02FE-4FAD-B3F6-2BE5588ACD44, 2021-02-15T19:19:52, false
E2C7259B-02FE-4FAD-B3F6-2BE5588ACD44, 2021-02-15T19:20:52, false
E2C7259B-02FE-4FAD-B3F6-2BE5588ACD44, 2021-02-15T19:21:52, false
E2C7259B-02FE-4FAD-B3F6-2BE5588ACD44, 2021-02-15T19:22:52, false
E2C7259B-02FE-4FAD-B3F6-2BE5588ACD44, 2021-02-15T19:23:52, false
E2C7259B-02FE-4FAD-B3F6-2BE5588ACD44, 2021-02-15T19:24:52, false
E2C7259B-02FE-4FAD-B3F6-2BE5588ACD44, 2021-02-15T19:25:52, false
E2C7259B-02FE-4FAD-B3F6-2BE5588ACD44, 2021-02-15T19:26:52, false
E2C7259B-02FE-4FAD-B3F6-2BE5588ACD44, 2021-02-15T19:27:52, false
E2C7259B-02FE-4FAD-B3F6-2BE5588ACD44, 2021-02-15T19:28:52, false
E2C7259B-02FE-4FAD-B3F6-2BE5588ACD44, 2021-02-15T19:29:52, false
E2C7259B-02FE-4FAD-B3F6-2BE5588ACD44, 2021-02-15T19:30:52, false
E2C7259B-02FE-4FAD-B3F6-2BE5588ACD44, 2021-02-15T19:31:52, false
E2C7259B-02FE-4FAD-B3F6-2BE5588ACD44, 2021-02-15T19:32:52, false
E2C7259B-02FE-4FAD-B3F6-2BE5588ACD44, 2021-02-15T19:33:52, false
E2C7259B-02FE-4FAD-B3F6-2BE5588ACD44, 2021-02-15T19:34:52, false
E2C7259B-02FE-4FAD-B3F6-2BE5588ACD44, 2021-02-15T19:35:52, false
E2C7259B-02FE-4FAD-B3F6-2BE5588ACD44, 2021-02-15T19:36:52, false
E2C7259B-02FE-4FAD-B3F6-2BE5588ACD44, 2021-02-15T19:37:52, false
E2C7259B-02FE-4FAD-B3F6-2BE5588ACD44, 2021-02-15T19:38:52, false
E2C7259B-02FE-4FAD-B3F6-2BE5588ACD44, 2021-02-15T19:39:52, false
E2C7259B-02FE-4FAD-B3F6-2BE5588ACD44, 2021-02-15T19:40:52, false
E2C7259B-02FE-4FAD-B3F6-2BE5588ACD44, 2021-02-15T19:41:52, false
E2C7259B-02FE-4FAD-B3F6-2BE5588ACD44, 2021-02-15T19:42:52, false
E2C7259B-02FE-4FAD-B3F6-2BE5588ACD44, 2021-02-15T19:43:52, false
E2C7259B-02FE-4FAD-B3F6-2BE5588ACD44, 2021-02-15T19:44:52, false
E2C7259B-02FE-4FAD-B3F6-2BE5588ACD44, 2021-02-15T19:45:52, false
E2C7259B-02FE-4FAD-B3F6-2BE5588ACD44, 2021-02-15T19:46:52, false
E2C7259B-02FE-4FAD-B3F6-2BE5588ACD44, 2021-02-15T19:47:52, false
E2C7259B-02FE-4FAD-B3F6-2BE5588ACD44, 2021-02-15T19:48:52, false
E2C7259B-02FE-4FAD-B3F6-2BE5588ACD44, 2021-02-15T19:49:52, false
E2C7259B-02FE-4FAD-B3F6-2BE5588ACD44, 2021-02-15T19:50:52, false
E2C7259B-02FE-4FAD-B3F6-2BE5588ACD44, 2021-02-15T19:51:52, false
E2C7259B-02FE-4FAD-B3F6-2BE5588ACD44, 2021-02-15T19:52:52, false
E2C7259B-02FE-4FAD-B3F6-2BE5588ACD44, 2021-02-15T19:53:52, false
E2C7259B-02FE-4FAD-B3F6-2BE5588ACD44, 2021-02-15T19:54:52, false
E2C7259B-02FE-4FAD-B3F6-2BE5588ACD44, 2021-02-15T19:55:52, false
E2C7259B-02FE-4FAD-B3F6-2BE5588ACD44, 2021-02-15T19:56:52, false
E2C7259B-02FE-4FAD-B3F6-2BE5588ACD44, 2021-02-15T19:57:52, false
E2C7259B-02FE-4FAD-B3F6-2BE5588ACD44, 2021-02-15T19:58:52, false
E2C7259B-02FE-4FAD-B3F6-2BE5588ACD44, 2021-02-15T19:59:52, false
E2C7259B-02FE-4FAD-B3F6-2BE5588ACD44, 2021-02-15T20:00:52, false
E2C7259B-02FE-4FAD-B3F6-2BE5588ACD44, 2021-02-15T20:01:52, false
E2C7259B-02FE-4FAD-B3F6-2BE5588ACD44, 2021-02-15T20:02:52, false
E2C7259B-02FE-4FAD-B3F6-2BE5588ACD44, 2021-02-15T20:03:52, false
E2C7259B-02FE-4FAD-B3F6-2BE5588ACD44, 2021-02-15T20:04:52, false
E2C7259B-02FE-4FAD-B3F6-2BE5588ACD44, 2021-02-15T20:05:52, false
E2C7259B-02FE-4FAD-B3F6-2BE5588ACD44, 2021-02-15T20:06:52, false
E2C7259B-02FE-4FAD-B3F6-2BE5588ACD44, 2021-02-15T20:07:52, false
E2C7259B-02FE-4FAD-B3F6-2BE5588ACD44, 2021-02-15T20:08:52, false
E2C7259B-02FE-4FAD-B3F6-2BE5588ACD44, 2021-02-15T20:09:52, false
E2C7259B-02FE-4FAD-B3F6-2BE5588ACD44, 2021-02-15T20:10:52, false
E2C7259B-02FE-4FAD-B3F6-2BE5588ACD44, 2021-02-15T20:11:52, false
E2C7259B-02FE-4FAD-B3F6-2BE5588ACD44, 2021-02-15T20:12:52, false
E2C7259B-02FE-4FAD-B3F6-2BE5588ACD44, 2021-02-15T20:13:52, false
E2C7259B-02FE-4FAD-B3F6-2BE5588ACD44, 2021-02-15T20:14:52, false
E2C7259B-02FE-4FAD-B3F6-2BE5588ACD44, 2021-02-15T20:15:52, false
E2C7259B-02FE-4FAD-B3F6-2BE5588ACD44, 2021-02-15T20:16:52, false
E2C7259B-02FE-4FAD-B3F6-2BE5588ACD44, 2021-02-15T20:17:52, false
E2C7259B-02FE-4FAD-B3F6-2BE5588ACD44, 2021-02-15T20:18:52, false
E2C7259B-02FE-4FAD-B3F6-2BE5588ACD44, 2021-02-15T20:19:52, false
E2C7259B-02FE-4FAD-B3F6-2BE5588ACD44, 2021-02-15T20:20:52, false
E2C7259B-02FE-4FAD-B3F6-2BE5588ACD44, 2021-02-15T20:21:52, false
E2C7259B-02FE-4FAD-B3F6-2BE5588ACD44, 2021-02-15T20:22:52, false
E2C7259B-02FE-4FAD-B3F6-2BE5588ACD44, 2021-02-15T20:23:52, false
E2C7259B-02FE-4FAD-B3F6-2BE5588ACD44, 2021-02-15T20:24:52, false
E2C7259B-02FE-4FAD-B3F6-2BE5588ACD44, 2021-02-15T20:25:52, false
E2C7259B-02FE-4FAD-B3F6-2BE5588ACD44, 2021-02-15T20:26:52, false
E2C7259B-02FE-4FAD-B3F6-2BE5588ACD44, 2021-02-15T20:27:52, false
E2C7259B-02FE-4FAD-B3F6-2BE5588ACD44, 2021-02-15T20:28:52, false
E2C7259B-02FE-4FAD-B3F6-2BE5588ACD44, 2021-02-15T20:29:52, false
E2C7259B-02FE-4FAD-B3F6-2BE5588ACD44, 2021-02-15T20:30:52, false
E2C7259B-02FE-4FAD-B3F6-2BE5588ACD44, 2021-02-15T20:31:52, false
E2C7259B-02FE-4FAD-B3F6-2BE5588ACD44, 2021-02-15T20:32:52, false
E2C7259B-02FE-4FAD-B3F6-2BE5588ACD44, 2021-02-15T20:33:52, false
E2C7259B-02FE-4FAD-B3F6-2BE5588ACD44, 2021-02-15T20:34:52, false
E2C7259B-02FE-4FAD-B3F6-2BE5588ACD44, 2021-02-15T20:35:52, false
E2C7259B-02FE-4FAD-B3F6-2BE5588ACD44, 2021-02-15T20:36:52, false
E2C7259B-02FE-4FAD-B3F6-2BE5588ACD44, 2021-02-15T20:37:52, false
E2C7259B-02FE-4FAD-B3F6-2BE5588ACD44, 2021-02-15T20:38:52, false
E2C7259B-02FE-4FAD-B3F6-2BE5588ACD44, 2021-02-15T20:39:52, false
E2C7259B-02FE-4FAD-B3F6-2BE5588ACD44, 2021-02-15T20:40:52, false
E2C7259B-02FE-4FAD-B3F6-2BE5588ACD44, 2021-02-15T20:41:52, false
E2C7259B-02FE-4FAD-B3F6-2BE5588ACD44, 2021-02-15T20:42:52, false
E2C7259B-02FE-4FAD-B3F6-2BE5588ACD44, 2021-02-15T20:43:52, false
E2C7259B-02FE-4FAD-B3F6-2BE5588ACD44, 2021-02-15T20:44:52, false
E2C7259B-02FE-4FAD-B3F6-2BE5588ACD44, 2021-02-15T20:45:52, false
E2C7259B-02FE-4FAD-B3F6-2BE5588ACD44, 2021-02-15T20:46:52, false
E2C7259B-02FE-4FAD-B3F6-2BE5588ACD44, 2021-02-15T20:47:52, false
E2C7259B-02FE-4FAD-B3F6-2BE5588ACD44, 2021-02-15T20:48:52, false
E2C7259B-02FE-4FAD-B3F6-2BE5588ACD44, 2021-02-15T20:49:52, false
E2C7259B-02FE-4FAD-B3F6-2BE5588ACD44, 2021-02-15T20:50:52, false
E2C7259B-02FE-4FAD-B3F6-2BE5588ACD44, 2021-02-15T20:51:52, false
E2C7259B-02FE-4FAD-B3F6-2BE5588ACD44, 2021-02-15T20:52:52, false
E2C7259B-02FE-4FAD-B3F6-2BE5588ACD44, 2021-02-15T20:53:52, false
E2C7259B-02FE-4FAD-B3F6-2BE5588ACD44, 2021-02-15T20:54:52, false
E2C7259B-02FE-4FAD-B3F6-2BE5588ACD44, 2021-02-15T20:55:52, false
E2C7259B-02FE-4FAD-B3F6-2BE5588ACD44, 2021-02-15T20:56:52, false
E2C7259B-02FE-4FAD-B3F6-2BE5588ACD44, 2021-02-15T20:57:52, false
E2C7259B-02FE-4FAD-B3F6-2BE5588ACD44, 2021-02-15T20:58:52, false
E2C7259B-02FE-4FAD-B3F6-2BE5588ACD44, 2021-02-15T20:59:52, false
E2C7259B-02FE-4FAD-B3F6-2BE5588ACD44, 2021-02-15T21:00:52, false
E2C7259B-02FE-4FAD-B3F6-2BE5588ACD44, 2021-02-15T21:01:52, false
E2C7259B-02FE-4FAD-B3F6-2BE5588ACD44, 2021-02-15T21:02:52, false
E2C7259B-02FE-4FAD-B3F6-2BE5588ACD44, 2021-02-15T21:03:52, false
E2C7259B-02FE-4FAD-B3F6-2BE5588ACD44, 2021-02-15T21:04:52, false
E2C7259B-02FE-4FAD-B3F6-2BE5588ACD44, 2021-02-15T21:05:52, false
E2C7259B-02FE-4FAD-B3F6-2BE5588ACD44, 2021-02-15T21:06:52, false
E2C7259B-02FE-4FAD-B3F6-2BE5588ACD44, 2021-02-15T21:07:52, false
E2C7259B-02FE-4FAD-B3F6-2BE5588ACD44, 2021-02-15T21:08:52, false
E2C7259B-02FE-4FAD-B3F6-2BE5588ACD44, 2021-02-15T21:09:52, false
E2C7259B-02FE-4FAD-B3F6-2BE5588ACD44, 2021-02-15T21:10:52, false
E2C7259B-02FE-4FAD-B3F6-2BE5588ACD44, 2021-02-15T21:11:52, false
E2C7259B-02FE-4FAD-B3F6-2BE5588ACD44, 2021-02-15T21:12:52, false
E2C7259B-02FE-4FAD-B3F6-2BE5588ACD44, 2021-02-15T21:13:52, false
E2C7259B-02FE-4FAD-B3F6-2BE5588ACD44, 2021-02-15T21:14:52, false
E2C7259B-02FE-4FAD-B3F6-2BE5588ACD44, 2021-02-15T21:15:52, false
E2C7259B-02FE-4FAD-B3F6-2BE5588ACD44, 2021-02-15T21:16:52, false
E2C7259B-02FE-4FAD-B3F6-2BE5588ACD44, 2021-02-15T21:17:52, false
E2C7259B-02FE-4FAD-B3F6-2BE5588ACD44, 2021-02-15T21:18:52, false
E2C7259B-02FE-4FAD-B3F6-2BE5588ACD44, 2021-02-15T21:19:52, false
E2C7259B-02FE-4FAD-B3F6-2BE5588ACD44, 2021-02-15T21:20:52, false
E2C7259B-02FE-4FAD-B3F6-2BE5588ACD44, 2021-02-15T21:21:52, false
E2C7259B-02FE-4FAD-B3F6-2BE5588ACD44, 2021-02-15T21:22:52, false
E2C7259B-02FE-4FAD-B3F6-2BE5588ACD44, 2021-02-15T21:23:52, false
E2C7259B-02FE-4FAD-B3F6-2BE5588ACD44, 2021-02-15T21:24:52, false
E2C7259B-02FE-4FAD-B3F6-2BE5588ACD44, 2021-02-15T21:25:52, false
E2C7259B-02FE-4FAD-B3F6-2BE5588ACD44, 2021-02-15T21:26:52, false
E2C7259B-02FE-4FAD-B3F6-2BE5588ACD44, 2021-02-15T21:27:52, false
E2C7259B-02FE-4FAD-B3F6-2BE5588ACD44, 2021-02-15T21:28:52, false
E2C7259B-02FE-4FAD-B3F6-2BE5588ACD44, 2021-02-15T21:29:52, false
E2C7259B-02FE-4FAD-B3F6-2BE5588ACD44, 2021-02-15T21:30:52, false
E2C7259B-02FE-4FAD-B3F6-2BE5588ACD44, 2021-02-15T21:31:52, false
E2C7259B-02FE-4FAD-B3F6-2BE5588ACD44, 2021-02-15T21:32:52, false
E2C7259B-02FE-4FAD-B3F6-2BE5588ACD44, 2021-02-15T21:33:52, false
E2C7259B-02FE-4FAD-B3F6-2BE5588ACD44, 2021-02-15T21:34:52, false
E2C7259B-02FE-4FAD-B3F6-2BE5588ACD44, 2021-02-15T21:35:52, false
E2C7259B-02FE-4FAD-B3F6-2BE5588ACD44, 2021-02-15T21:36:52, false
E2C7259B-02FE-4FAD-B3F6-2BE5588ACD44, 2021-02-15T21:37:52, false
E2C7259B-02FE-4FAD-B3F6-2BE5588ACD44, 2021-02-15T21:38:52, false
E2C7259B-02FE-4FAD-B3F6-2BE5588ACD44, 2021-02-15T21:39:52, false
E2C7259B-02FE-4FAD-B3F6-2BE5588ACD44, 2021-02-15T21:40:52, false
E2C7259B-02FE-4FAD-B3F6-2BE5588ACD44, 2021-02-15T21:41:52, false
E2C7259B-02FE-4FAD-B3F6-2BE5588ACD44, 2021-02-15T21:42:52, false
E2C7259B-02FE-4FAD-B3F6-2BE5588ACD44, 2021-02-15T21:43:52, false
E2C7259B-02FE-4FAD-B3F6-2BE5588ACD44, 2021-02-15T21:44:52, false
E2C7259B-02FE-4FAD-B3F6-2BE5588ACD44, 2021-02-15T21:45:52, false
E2C7259B-02FE-4FAD-B3F6-2BE5588ACD44, 2021-02-15T21:46:52, false
E2C7259B-02FE-4FAD-B3F6-2BE5588ACD44, 2021-02-15T21:47:52, false
E2C7259B-02FE-4FAD-B3F6-2BE5588ACD44, 2021-02-15T21:48:52, false
E2C7259B-02FE-4FAD-B3F6-2BE5588ACD44, 2021-02-15T21:49:52, false
E2C7259B-02FE-4FAD-B3F6-2BE5588ACD44, 2021-02-15T21:50:52, false
E2C7259B-02FE-4FAD-B3F6-2BE5588ACD44, 2021-02-15T21:51:52, false
E2C7259B-02FE-4FAD-B3F6-2BE5588ACD44, 2021-02-15T21:52:52, false
E2C7259B-02FE-4FAD-B3F6-2BE5588ACD44, 2021-02-15T21:53:52, false
E2C7259B-02FE-4FAD-B3F6-2BE5588ACD44, 2021-02-15T21:54:52, false
E2C7259B-02FE-4FAD-B3F6-2BE5588ACD44, 2021-02-15T21:55:52, false
E2C7259B-02FE-4FAD-B3F6-2BE5588ACD44, 2021-02-15T21:56:52, false
E2C7259B-02FE-4FAD-B3F6-2BE5588ACD44, 2021-02-15T21:57:52, false
E2C7259B-02FE-4FAD-B3F6-2BE5588ACD44, 2021-02-15T21:58:52, false
E2C7259B-02FE-4FAD-B3F6-2BE5588ACD44, 2021-02-15T21:59:52, false
E2C7259B-02FE-4FAD-B3F6-2BE5588ACD44, 2021-02-15T22:00:52, false
E2C7259B-02FE-4FAD-B3F6-2BE5588ACD44, 2021-02-15T22:01:52, false
E2C7259B-02FE-4FAD-B3F6-2BE5588ACD44, 2021-02-15T22:02:52, false
E2C7259B-02FE-4FAD-B3F6-2BE5588ACD44, 2021-02-15T22:03:52, false
E2C7259B-02FE-4FAD-B3F6-2BE5588ACD44, 2021-02-15T22:04:52, false
E2C7259B-02FE-4FAD-B3F6-2BE5588ACD44, 2021-02-15T22:05:52, false
E2C7259B-02FE-4FAD-B3F6-2BE5588ACD44, 2021-02-15T22:06:52, false
E2C7259B-02FE-4FAD-B3F6-2BE5588ACD44, 2021-02-15T22:07:52, false
E2C7259B-02FE-4FAD-B3F6-2BE5588ACD44, 2021-02-15T22:08:52, false
E2C7259B-02FE-4FAD-B3F6-2BE5588ACD44, 2021-02-15T22:09:52, false
E2C7259B-02FE-4FAD-B3F6-2BE5588ACD44, 2021-02-15T22:10:52, false
E2C7259B-02FE-4FAD-B3F6-2BE5588ACD44, 2021-02-15T22:11:52, false
E2C7259B-02FE-4FAD-B3F6-2BE5588ACD44, 2021-02-15T22:12:52, false
E2C7259B-02FE-4FAD-B3F6-2BE5588ACD44, 2021-02-15T22:13:52, false
E2C7259B-02FE-4FAD-B3F6-2BE5588ACD44, 2021-02-15T22:14:52, false
E2C7259B-02FE-4FAD-B3F6-2BE5588ACD44, 2021-02-15T22:15:52, false
E2C7259B-02FE-4FAD-B3F6-2BE5588ACD44, 2021-02-15T22:16:52, false
E2C7259B-02FE-4FAD-B3F6-2BE5588ACD44, 2021-02-15T22:17:52, false
E2C7259B-02FE-4FAD-B3F6-2BE5588ACD44, 2021-02-15T22:18:52, false
E2C7259B-02FE-4FAD-B3F6-2BE5588ACD44, 2021-02-15T22:19:52, false
E2C7259B-02FE-4FAD-B3F6-2BE5588ACD44, 2021-02-15T22:20:52, false
E2C7259B-02FE-4FAD-B3F6-2BE5588ACD44, 2021-02-15T22:21:52, false
E2C7259B-02FE-4FAD-B3F6-2BE5588ACD44, 2021-02-15T22:22:52, false
E2C7259B-02FE-4FAD-B3F6-2BE5588ACD44, 2021-02-15T22:23:52, false
E2C7259B-02FE-4FAD-B3F6-2BE5588ACD44, 2021-02-15T22:24:52, false
E2C7259B-02FE-4FAD-B3F6-2BE5588ACD44, 2021-02-15T22:25:52, false
E2C7259B-02FE-4FAD-B3F6-2BE5588ACD44, 2021-02-15T22:26:52, false
E2C7259B-02FE-4FAD-B3F6-2BE5588ACD44, 2021-02-15T22:27:52, false
E2C7259B-02FE-4FAD-B3F6-2BE5588ACD44, 2021-02-15T22:28:52, false
E2C7259B-02FE-4FAD-B3F6-2BE5588ACD44, 2021-02-15T22:29:52, false
E2C7259B-02FE-4FAD-B3F6-2BE5588ACD44, 2021-02-15T22:30:52, false
E2C7259B-02FE-4FAD-B3F6-2BE5588ACD44, 2021-02-15T22:31:52, false
E2C7259B-02FE-4FAD-B3F6-2BE5588ACD44, 2021-02-15T22:32:52, false
E2C7259B-02FE-4FAD-B3F6-2BE5588ACD44, 2021-02-15T22:33:52, false
E2C7259B-02FE-4FAD-B3F6-2BE5588ACD44, 2021-02-15T22:34:52, false
E2C7259B-02FE-4FAD-B3F6-2BE5588ACD44, 2021-02-15T22:35:52, false
E2C7259B-02FE-4FAD-B3F6-2BE5588ACD44, 2021-02-15T22:36:52, false
E2C7259B-02FE-4FAD-B3F6-2BE5588ACD44, 2021-02-15T22:37:52, false
E2C7259B-02FE-4FAD-B3F6-2BE5588ACD44, 2021-02-15T22:38:52, false
E2C7259B-02FE-4FAD-B3F6-2BE5588ACD44, 2021-02-15T22:39:52, false
E2C7259B-02FE-4FAD-B3F6-2BE5588ACD44, 2021-02-15T22:40:52, false
E2C7259B-02FE-4FAD-B3F6-2BE5588ACD44, 2021-02-15T22:41:52, false
E2C7259B-02FE-4FAD-B3F6-2BE5588ACD44, 2021-02-15T22:42:52, false
E2C7259B-02FE-4FAD-B3F6-2BE5588ACD44, 2021-02-15T22:43:52, false
E2C7259B-02FE-4FAD-B3F6-2BE5588ACD44, 2021-02-15T22:44:52, false
E2C7259B-02FE-4FAD-B3F6-2BE5588ACD44, 2021-02-15T22:45:52, false
E2C7259B-02FE-4FAD-B3F6-2BE5588ACD44, 2021-02-15T22:46:52, false
E2C7259B-02FE-4FAD-B3F6-2BE5588ACD44, 2021-02-15T22:47:52, false
E2C7259B-02FE-4FAD-B3F6-2BE5588ACD44, 2021-02-15T22:48:52, false
E2C7259B-02FE-4FAD-B3F6-2BE5588ACD44, 2021-02-15T22:49:52, false
E2C7259B-02FE-4FAD-B3F6-2BE5588ACD44, 2021-02-15T22:50:52, false
E2C7259B-02FE-4FAD-B3F6-2BE5588ACD44, 2021-02-15T22:51:52, false
E2C7259B-02FE-4FAD-B3F6-2BE5588ACD44, 2021-02-15T22:52:52, false
E2C7259B-02FE-4FAD-B3F6-2BE5588ACD44, 2021-02-15T22:53:52, false
E2C7259B-02FE-4FAD-B3F6-2BE5588ACD44, 2021-02-15T22:54:52, false
E2C7259B-02FE-4FAD-B3F6-2BE5588ACD44, 2021-02-15T22:55:52, false
E2C7259B-02FE-4FAD-B3F6-2BE5588ACD44, 2021-02-15T22:56:52, false
E2C7259B-02FE-4FAD-B3F6-2BE5588ACD44, 2021-02-15T22:57:52, false
E2C7259B-02FE-4FAD-B3F6-2BE5588ACD44, 2021-02-15T22:58:52, false
E2C7259B-02FE-4FAD-B3F6-2BE5588ACD44, 2021-02-15T22:59:52, false
E2C7259B-02FE-4FAD-B3F6-2BE5588ACD44, 2021-02-15T23:00:52, false
E2C7259B-02FE-4FAD-B3F6-2BE5588ACD44, 2021-02-15T23:01:52, false
E2C7259B-02FE-4FAD-B3F6-2BE5588ACD44, 2021-02-15T23:02:52, false
E2C7259B-02FE-4FAD-B3F6-2BE5588ACD44, 2021-02-15T23:03:52, false
E2C7259B-02FE-4FAD-B3F6-2BE5588ACD44, 2021-02-15T23:04:52, false
E2C7259B-02FE-4FAD-B3F6-2BE5588ACD44, 2021-02-15T23:05:52, false
E2C7259B-02FE-4FAD-B3F6-2BE5588ACD44, 2021-02-15T23:06:52, false
E2C7259B-02FE-4FAD-B3F6-2BE5588ACD44, 2021-02-15T23:07:52, false
E2C7259B-02FE-4FAD-B3F6-2BE5588ACD44, 2021-02-15T23:08:52, false
E2C7259B-02FE-4FAD-B3F6-2BE5588ACD44, 2021-02-15T23:09:52, false
E2C7259B-02FE-4FAD-B3F6-2BE5588ACD44, 2021-02-15T23:10:52, false
E2C7259B-02FE-4FAD-B3F6-2BE5588ACD44, 2021-02-15T23:11:52, false
E2C7259B-02FE-4FAD-B3F6-2BE5588ACD44, 2021-02-15T23:12:52, false
E2C7259B-02FE-4FAD-B3F6-2BE5588ACD44, 2021-02-15T23:13:52, false
E2C7259B-02FE-4FAD-B3F6-2BE5588ACD44, 2021-02-15T23:14:52, false
E2C7259B-02FE-4FAD-B3F6-2BE5588ACD44, 2021-02-15T23:15:52, false
E2C7259B-02FE-4FAD-B3F6-2BE5588ACD44, 2021-02-15T23:16:52, false
E2C7259B-02FE-4FAD-B3F6-2BE5588ACD44, 2021-02-15T23:17:52, false
E2C7259B-02FE-4FAD-B3F6-2BE5588ACD44, 2021-02-15T23:18:52, false
E2C7259B-02FE-4FAD-B3F6-2BE5588ACD44, 2021-02-15T23:19:52, false
E2C7259B-02FE-4FAD-B3F6-2BE5588ACD44, 2021-02-15T23:20:52, false
E2C7259B-02FE-4FAD-B3F6-2BE5588ACD44, 2021-02-15T23:21:52, false
E2C7259B-02FE-4FAD-B3F6-2BE5588ACD44, 2021-02-15T23:22:52, false
E2C7259B-02FE-4FAD-B3F6-2BE5588ACD44, 2021-02-15T23:23:52, false
E2C7259B-02FE-4FAD-B3F6-2BE5588ACD44, 2021-02-15T23:24:52, false
E2C7259B-02FE-4FAD-B3F6-2BE5588ACD44, 2021-02-15T23:25:52, false
E2C7259B-02FE-4FAD-B3F6-2BE5588ACD44, 2021-02-15T23:26:52, false
E2C7259B-02FE-4FAD-B3F6-2BE5588ACD44, 2021-02-15T23:27:52, false
E2C7259B-02FE-4FAD-B3F6-2BE5588ACD44, 2021-02-15T23:28:52, false
E2C7259B-02FE-4FAD-B3F6-2BE5588ACD44, 2021-02-15T23:29:52, false
E2C7259B-02FE-4FAD-B3F6-2BE5588ACD44, 2021-02-15T23:30:52, false
E2C7259B-02FE-4FAD-B3F6-2BE5588ACD44, 2021-02-15T23:31:52, false
E2C7259B-02FE-4FAD-B3F6-2BE5588ACD44, 2021-02-15T23:32:52, false
E2C7259B-02FE-4FAD-B3F6-2BE5588ACD44, 2021-02-15T23:33:52, false
E2C7259B-02FE-4FAD-B3F6-2BE5588ACD44, 2021-02-15T23:34:52, false
E2C7259B-02FE-4FAD-B3F6-2BE5588ACD44, 2021-02-15T23:35:52, false
E2C7259B-02FE-4FAD-B3F6-2BE5588ACD44, 2021-02-15T23:36:52, false
E2C7259B-02FE-4FAD-B3F6-2BE5588ACD44, 2021-02-15T23:37:52, false
E2C7259B-02FE-4FAD-B3F6-2BE5588ACD44, 2021-02-15T23:38:52, false
E2C7259B-02FE-4FAD-B3F6-2BE5588ACD44, 2021-02-15T23:39:52, false
E2C7259B-02FE-4FAD-B3F6-2BE5588ACD44, 2021-02-15T23:40:52, false
E2C7259B-02FE-4FAD-B3F6-2BE5588ACD44, 2021-02-15T23:41:52, false
E2C7259B-02FE-4FAD-B3F6-2BE5588ACD44, 2021-02-15T23:42:52, false
E2C7259B-02FE-4FAD-B3F6-2BE5588ACD44, 2021-02-15T23:43:52, false
E2C7259B-02FE-4FAD-B3F6-2BE5588ACD44, 2021-02-15T23:44:52, false
E2C7259B-02FE-4FAD-B3F6-2BE5588ACD44, 2021-02-15T23:45:52, false
E2C7259B-02FE-4FAD-B3F6-2BE5588ACD44, 2021-02-15T23:46:52, false
E2C7259B-02FE-4FAD-B3F6-2BE5588ACD44, 2021-02-15T23:47:52, false
E2C7259B-02FE-4FAD-B3F6-2BE5588ACD44, 2021-02-15T23:48:52, false
E2C7259B-02FE-4FAD-B3F6-2BE5588ACD44, 2021-02-15T23:49:52, false
E2C7259B-02FE-4FAD-B3F6-2BE5588ACD44, 2021-02-15T23:50:52, false
E2C7259B-02FE-4FAD-B3F6-2BE5588ACD44, 2021-02-15T23:51:52, false
E2C7259B-02FE-4FAD-B3F6-2BE5588ACD44, 2021-02-15T23:52:52, false
E2C7259B-02FE-4FAD-B3F6-2BE5588ACD44, 2021-02-15T23:53:52, false
E2C7259B-02FE-4FAD-B3F6-2BE5588ACD44, 2021-02-15T23:54:52, false
E2C7259B-02FE-4FAD-B3F6-2BE5588ACD44, 2021-02-15T23:55:52, false
E2C7259B-02FE-4FAD-B3F6-2BE5588ACD44, 2021-02-15T23:56:52, false
E2C7259B-02FE-4FAD-B3F6-2BE5588ACD44, 2021-02-15T23:57:52, false
E2C7259B-02FE-4FAD-B3F6-2BE5588ACD44, 2021-02-15T23:58:52, false
E2C7259B-02FE-4FAD-B3F6-2BE5588ACD44, 2021-02-15T23:59:52, false
