Device, Measure Date Time, Exist
E2C7259B-02FE-4FAD-B3F6-2BE5588ACD44, 2021-02-03T00:00:53, false
E2C7259B-02FE-4FAD-B3F6-2BE5588ACD44, 2021-02-03T00:01:53, false
E2C7259B-02FE-4FAD-B3F6-2BE5588ACD44, 2021-02-03T00:02:53, false
E2C7259B-02FE-4FAD-B3F6-2BE5588ACD44, 2021-02-03T00:03:53, false
E2C7259B-02FE-4FAD-B3F6-2BE5588ACD44, 2021-02-03T00:04:53, false
E2C7259B-02FE-4FAD-B3F6-2BE5588ACD44, 2021-02-03T00:05:53, false
E2C7259B-02FE-4FAD-B3F6-2BE5588ACD44, 2021-02-03T00:06:53, false
E2C7259B-02FE-4FAD-B3F6-2BE5588ACD44, 2021-02-03T00:07:53, false
E2C7259B-02FE-4FAD-B3F6-2BE5588ACD44, 2021-02-03T00:08:53, false
E2C7259B-02FE-4FAD-B3F6-2BE5588ACD44, 2021-02-03T00:09:53, false
E2C7259B-02FE-4FAD-B3F6-2BE5588ACD44, 2021-02-03T00:10:53, false
E2C7259B-02FE-4FAD-B3F6-2BE5588ACD44, 2021-02-03T00:11:53, false
E2C7259B-02FE-4FAD-B3F6-2BE5588ACD44, 2021-02-03T00:12:53, false
E2C7259B-02FE-4FAD-B3F6-2BE5588ACD44, 2021-02-03T00:13:53, false
E2C7259B-02FE-4FAD-B3F6-2BE5588ACD44, 2021-02-03T00:14:53, false
E2C7259B-02FE-4FAD-B3F6-2BE5588ACD44, 2021-02-03T00:15:53, false
E2C7259B-02FE-4FAD-B3F6-2BE5588ACD44, 2021-02-03T00:16:53, false
E2C7259B-02FE-4FAD-B3F6-2BE5588ACD44, 2021-02-03T00:17:53, false
E2C7259B-02FE-4FAD-B3F6-2BE5588ACD44, 2021-02-03T00:18:53, false
E2C7259B-02FE-4FAD-B3F6-2BE5588ACD44, 2021-02-03T00:19:53, false
E2C7259B-02FE-4FAD-B3F6-2BE5588ACD44, 2021-02-03T00:20:53, false
E2C7259B-02FE-4FAD-B3F6-2BE5588ACD44, 2021-02-03T00:21:53, false
E2C7259B-02FE-4FAD-B3F6-2BE5588ACD44, 2021-02-03T00:22:53, false
E2C7259B-02FE-4FAD-B3F6-2BE5588ACD44, 2021-02-03T00:23:53, false
E2C7259B-02FE-4FAD-B3F6-2BE5588ACD44, 2021-02-03T00:24:53, false
E2C7259B-02FE-4FAD-B3F6-2BE5588ACD44, 2021-02-03T00:25:53, false
E2C7259B-02FE-4FAD-B3F6-2BE5588ACD44, 2021-02-03T00:26:53, false
E2C7259B-02FE-4FAD-B3F6-2BE5588ACD44, 2021-02-03T00:27:53, false
E2C7259B-02FE-4FAD-B3F6-2BE5588ACD44, 2021-02-03T00:28:53, false
E2C7259B-02FE-4FAD-B3F6-2BE5588ACD44, 2021-02-03T00:29:53, false
E2C7259B-02FE-4FAD-B3F6-2BE5588ACD44, 2021-02-03T00:30:53, false
E2C7259B-02FE-4FAD-B3F6-2BE5588ACD44, 2021-02-03T00:31:53, false
E2C7259B-02FE-4FAD-B3F6-2BE5588ACD44, 2021-02-03T00:32:53, false
E2C7259B-02FE-4FAD-B3F6-2BE5588ACD44, 2021-02-03T00:33:53, false
E2C7259B-02FE-4FAD-B3F6-2BE5588ACD44, 2021-02-03T00:34:53, false
E2C7259B-02FE-4FAD-B3F6-2BE5588ACD44, 2021-02-03T00:35:53, false
E2C7259B-02FE-4FAD-B3F6-2BE5588ACD44, 2021-02-03T00:36:53, false
E2C7259B-02FE-4FAD-B3F6-2BE5588ACD44, 2021-02-03T00:37:53, false
E2C7259B-02FE-4FAD-B3F6-2BE5588ACD44, 2021-02-03T00:38:53, false
E2C7259B-02FE-4FAD-B3F6-2BE5588ACD44, 2021-02-03T00:39:53, false
E2C7259B-02FE-4FAD-B3F6-2BE5588ACD44, 2021-02-03T00:40:53, false
E2C7259B-02FE-4FAD-B3F6-2BE5588ACD44, 2021-02-03T00:41:53, false
E2C7259B-02FE-4FAD-B3F6-2BE5588ACD44, 2021-02-03T00:42:53, false
E2C7259B-02FE-4FAD-B3F6-2BE5588ACD44, 2021-02-03T00:43:53, false
E2C7259B-02FE-4FAD-B3F6-2BE5588ACD44, 2021-02-03T00:44:53, false
E2C7259B-02FE-4FAD-B3F6-2BE5588ACD44, 2021-02-03T00:45:53, false
E2C7259B-02FE-4FAD-B3F6-2BE5588ACD44, 2021-02-03T00:46:53, false
E2C7259B-02FE-4FAD-B3F6-2BE5588ACD44, 2021-02-03T00:47:53, false
E2C7259B-02FE-4FAD-B3F6-2BE5588ACD44, 2021-02-03T00:48:53, false
E2C7259B-02FE-4FAD-B3F6-2BE5588ACD44, 2021-02-03T00:49:53, false
E2C7259B-02FE-4FAD-B3F6-2BE5588ACD44, 2021-02-03T00:50:53, false
E2C7259B-02FE-4FAD-B3F6-2BE5588ACD44, 2021-02-03T00:51:53, false
E2C7259B-02FE-4FAD-B3F6-2BE5588ACD44, 2021-02-03T00:52:53, false
E2C7259B-02FE-4FAD-B3F6-2BE5588ACD44, 2021-02-03T00:53:53, false
E2C7259B-02FE-4FAD-B3F6-2BE5588ACD44, 2021-02-03T00:54:53, false
E2C7259B-02FE-4FAD-B3F6-2BE5588ACD44, 2021-02-03T00:55:53, false
E2C7259B-02FE-4FAD-B3F6-2BE5588ACD44, 2021-02-03T00:56:53, false
E2C7259B-02FE-4FAD-B3F6-2BE5588ACD44, 2021-02-03T00:57:53, false
E2C7259B-02FE-4FAD-B3F6-2BE5588ACD44, 2021-02-03T00:58:53, false
E2C7259B-02FE-4FAD-B3F6-2BE5588ACD44, 2021-02-03T00:59:53, false
E2C7259B-02FE-4FAD-B3F6-2BE5588ACD44, 2021-02-03T01:00:53, false
E2C7259B-02FE-4FAD-B3F6-2BE5588ACD44, 2021-02-03T01:01:53, false
E2C7259B-02FE-4FAD-B3F6-2BE5588ACD44, 2021-02-03T01:02:53, false
E2C7259B-02FE-4FAD-B3F6-2BE5588ACD44, 2021-02-03T01:03:53, false
E2C7259B-02FE-4FAD-B3F6-2BE5588ACD44, 2021-02-03T01:04:53, false
E2C7259B-02FE-4FAD-B3F6-2BE5588ACD44, 2021-02-03T01:05:53, false
E2C7259B-02FE-4FAD-B3F6-2BE5588ACD44, 2021-02-03T01:06:53, false
E2C7259B-02FE-4FAD-B3F6-2BE5588ACD44, 2021-02-03T01:07:53, false
E2C7259B-02FE-4FAD-B3F6-2BE5588ACD44, 2021-02-03T01:08:53, false
E2C7259B-02FE-4FAD-B3F6-2BE5588ACD44, 2021-02-03T01:09:53, false
E2C7259B-02FE-4FAD-B3F6-2BE5588ACD44, 2021-02-03T01:10:53, false
E2C7259B-02FE-4FAD-B3F6-2BE5588ACD44, 2021-02-03T01:11:53, false
E2C7259B-02FE-4FAD-B3F6-2BE5588ACD44, 2021-02-03T01:12:53, false
E2C7259B-02FE-4FAD-B3F6-2BE5588ACD44, 2021-02-03T01:13:53, false
E2C7259B-02FE-4FAD-B3F6-2BE5588ACD44, 2021-02-03T01:14:53, false
E2C7259B-02FE-4FAD-B3F6-2BE5588ACD44, 2021-02-03T01:15:53, false
E2C7259B-02FE-4FAD-B3F6-2BE5588ACD44, 2021-02-03T01:16:53, false
E2C7259B-02FE-4FAD-B3F6-2BE5588ACD44, 2021-02-03T01:17:53, false
E2C7259B-02FE-4FAD-B3F6-2BE5588ACD44, 2021-02-03T01:18:53, false
E2C7259B-02FE-4FAD-B3F6-2BE5588ACD44, 2021-02-03T01:19:53, false
E2C7259B-02FE-4FAD-B3F6-2BE5588ACD44, 2021-02-03T01:20:53, false
E2C7259B-02FE-4FAD-B3F6-2BE5588ACD44, 2021-02-03T01:21:53, false
E2C7259B-02FE-4FAD-B3F6-2BE5588ACD44, 2021-02-03T01:22:53, false
E2C7259B-02FE-4FAD-B3F6-2BE5588ACD44, 2021-02-03T01:23:53, false
E2C7259B-02FE-4FAD-B3F6-2BE5588ACD44, 2021-02-03T01:24:53, false
E2C7259B-02FE-4FAD-B3F6-2BE5588ACD44, 2021-02-03T01:25:53, false
E2C7259B-02FE-4FAD-B3F6-2BE5588ACD44, 2021-02-03T01:26:53, false
E2C7259B-02FE-4FAD-B3F6-2BE5588ACD44, 2021-02-03T01:27:53, false
E2C7259B-02FE-4FAD-B3F6-2BE5588ACD44, 2021-02-03T01:28:53, false
E2C7259B-02FE-4FAD-B3F6-2BE5588ACD44, 2021-02-03T01:29:53, false
E2C7259B-02FE-4FAD-B3F6-2BE5588ACD44, 2021-02-03T01:30:53, false
E2C7259B-02FE-4FAD-B3F6-2BE5588ACD44, 2021-02-03T01:31:53, false
E2C7259B-02FE-4FAD-B3F6-2BE5588ACD44, 2021-02-03T01:32:53, false
E2C7259B-02FE-4FAD-B3F6-2BE5588ACD44, 2021-02-03T01:33:53, false
E2C7259B-02FE-4FAD-B3F6-2BE5588ACD44, 2021-02-03T01:34:53, false
E2C7259B-02FE-4FAD-B3F6-2BE5588ACD44, 2021-02-03T01:35:53, false
E2C7259B-02FE-4FAD-B3F6-2BE5588ACD44, 2021-02-03T01:36:53, false
E2C7259B-02FE-4FAD-B3F6-2BE5588ACD44, 2021-02-03T01:37:53, false
E2C7259B-02FE-4FAD-B3F6-2BE5588ACD44, 2021-02-03T01:38:53, false
E2C7259B-02FE-4FAD-B3F6-2BE5588ACD44, 2021-02-03T01:39:53, false
E2C7259B-02FE-4FAD-B3F6-2BE5588ACD44, 2021-02-03T01:40:53, false
E2C7259B-02FE-4FAD-B3F6-2BE5588ACD44, 2021-02-03T01:41:53, false
E2C7259B-02FE-4FAD-B3F6-2BE5588ACD44, 2021-02-03T01:42:53, false
E2C7259B-02FE-4FAD-B3F6-2BE5588ACD44, 2021-02-03T01:43:53, false
E2C7259B-02FE-4FAD-B3F6-2BE5588ACD44, 2021-02-03T01:44:53, false
E2C7259B-02FE-4FAD-B3F6-2BE5588ACD44, 2021-02-03T01:45:53, false
E2C7259B-02FE-4FAD-B3F6-2BE5588ACD44, 2021-02-03T01:46:53, false
E2C7259B-02FE-4FAD-B3F6-2BE5588ACD44, 2021-02-03T01:47:53, false
E2C7259B-02FE-4FAD-B3F6-2BE5588ACD44, 2021-02-03T01:48:53, false
E2C7259B-02FE-4FAD-B3F6-2BE5588ACD44, 2021-02-03T01:49:53, false
E2C7259B-02FE-4FAD-B3F6-2BE5588ACD44, 2021-02-03T01:50:53, false
E2C7259B-02FE-4FAD-B3F6-2BE5588ACD44, 2021-02-03T01:51:53, false
E2C7259B-02FE-4FAD-B3F6-2BE5588ACD44, 2021-02-03T01:52:53, false
E2C7259B-02FE-4FAD-B3F6-2BE5588ACD44, 2021-02-03T01:53:53, false
E2C7259B-02FE-4FAD-B3F6-2BE5588ACD44, 2021-02-03T01:54:53, false
E2C7259B-02FE-4FAD-B3F6-2BE5588ACD44, 2021-02-03T01:55:53, false
E2C7259B-02FE-4FAD-B3F6-2BE5588ACD44, 2021-02-03T01:56:53, false
E2C7259B-02FE-4FAD-B3F6-2BE5588ACD44, 2021-02-03T01:57:53, false
E2C7259B-02FE-4FAD-B3F6-2BE5588ACD44, 2021-02-03T01:58:53, false
E2C7259B-02FE-4FAD-B3F6-2BE5588ACD44, 2021-02-03T01:59:53, false
E2C7259B-02FE-4FAD-B3F6-2BE5588ACD44, 2021-02-03T02:00:53, false
E2C7259B-02FE-4FAD-B3F6-2BE5588ACD44, 2021-02-03T02:01:53, false
E2C7259B-02FE-4FAD-B3F6-2BE5588ACD44, 2021-02-03T02:02:53, false
E2C7259B-02FE-4FAD-B3F6-2BE5588ACD44, 2021-02-03T02:03:53, false
E2C7259B-02FE-4FAD-B3F6-2BE5588ACD44, 2021-02-03T02:04:53, false
E2C7259B-02FE-4FAD-B3F6-2BE5588ACD44, 2021-02-03T02:05:53, false
E2C7259B-02FE-4FAD-B3F6-2BE5588ACD44, 2021-02-03T02:06:53, false
E2C7259B-02FE-4FAD-B3F6-2BE5588ACD44, 2021-02-03T02:07:53, false
E2C7259B-02FE-4FAD-B3F6-2BE5588ACD44, 2021-02-03T02:08:53, false
E2C7259B-02FE-4FAD-B3F6-2BE5588ACD44, 2021-02-03T02:09:53, false
E2C7259B-02FE-4FAD-B3F6-2BE5588ACD44, 2021-02-03T02:10:53, false
E2C7259B-02FE-4FAD-B3F6-2BE5588ACD44, 2021-02-03T02:11:53, false
E2C7259B-02FE-4FAD-B3F6-2BE5588ACD44, 2021-02-03T02:12:53, false
E2C7259B-02FE-4FAD-B3F6-2BE5588ACD44, 2021-02-03T02:13:53, false
E2C7259B-02FE-4FAD-B3F6-2BE5588ACD44, 2021-02-03T02:14:53, false
E2C7259B-02FE-4FAD-B3F6-2BE5588ACD44, 2021-02-03T02:15:53, false
E2C7259B-02FE-4FAD-B3F6-2BE5588ACD44, 2021-02-03T02:16:53, false
E2C7259B-02FE-4FAD-B3F6-2BE5588ACD44, 2021-02-03T02:17:53, false
E2C7259B-02FE-4FAD-B3F6-2BE5588ACD44, 2021-02-03T02:18:53, false
E2C7259B-02FE-4FAD-B3F6-2BE5588ACD44, 2021-02-03T02:19:53, false
E2C7259B-02FE-4FAD-B3F6-2BE5588ACD44, 2021-02-03T02:20:53, false
E2C7259B-02FE-4FAD-B3F6-2BE5588ACD44, 2021-02-03T02:21:53, false
E2C7259B-02FE-4FAD-B3F6-2BE5588ACD44, 2021-02-03T02:22:53, false
E2C7259B-02FE-4FAD-B3F6-2BE5588ACD44, 2021-02-03T02:23:53, false
E2C7259B-02FE-4FAD-B3F6-2BE5588ACD44, 2021-02-03T02:24:53, false
E2C7259B-02FE-4FAD-B3F6-2BE5588ACD44, 2021-02-03T02:25:53, false
E2C7259B-02FE-4FAD-B3F6-2BE5588ACD44, 2021-02-03T02:26:53, false
E2C7259B-02FE-4FAD-B3F6-2BE5588ACD44, 2021-02-03T02:27:53, false
E2C7259B-02FE-4FAD-B3F6-2BE5588ACD44, 2021-02-03T02:28:53, false
E2C7259B-02FE-4FAD-B3F6-2BE5588ACD44, 2021-02-03T02:29:53, false
E2C7259B-02FE-4FAD-B3F6-2BE5588ACD44, 2021-02-03T02:30:53, false
E2C7259B-02FE-4FAD-B3F6-2BE5588ACD44, 2021-02-03T02:31:53, false
E2C7259B-02FE-4FAD-B3F6-2BE5588ACD44, 2021-02-03T02:32:53, false
E2C7259B-02FE-4FAD-B3F6-2BE5588ACD44, 2021-02-03T02:33:53, false
E2C7259B-02FE-4FAD-B3F6-2BE5588ACD44, 2021-02-03T02:34:53, false
E2C7259B-02FE-4FAD-B3F6-2BE5588ACD44, 2021-02-03T02:35:53, false
E2C7259B-02FE-4FAD-B3F6-2BE5588ACD44, 2021-02-03T02:36:53, false
E2C7259B-02FE-4FAD-B3F6-2BE5588ACD44, 2021-02-03T02:37:53, false
E2C7259B-02FE-4FAD-B3F6-2BE5588ACD44, 2021-02-03T02:38:53, false
E2C7259B-02FE-4FAD-B3F6-2BE5588ACD44, 2021-02-03T02:39:53, false
E2C7259B-02FE-4FAD-B3F6-2BE5588ACD44, 2021-02-03T02:40:53, false
E2C7259B-02FE-4FAD-B3F6-2BE5588ACD44, 2021-02-03T02:41:53, false
E2C7259B-02FE-4FAD-B3F6-2BE5588ACD44, 2021-02-03T02:42:53, false
E2C7259B-02FE-4FAD-B3F6-2BE5588ACD44, 2021-02-03T02:43:53, false
E2C7259B-02FE-4FAD-B3F6-2BE5588ACD44, 2021-02-03T02:44:53, false
E2C7259B-02FE-4FAD-B3F6-2BE5588ACD44, 2021-02-03T02:45:53, false
E2C7259B-02FE-4FAD-B3F6-2BE5588ACD44, 2021-02-03T02:46:53, false
E2C7259B-02FE-4FAD-B3F6-2BE5588ACD44, 2021-02-03T02:47:53, false
E2C7259B-02FE-4FAD-B3F6-2BE5588ACD44, 2021-02-03T02:48:53, false
E2C7259B-02FE-4FAD-B3F6-2BE5588ACD44, 2021-02-03T02:49:53, false
E2C7259B-02FE-4FAD-B3F6-2BE5588ACD44, 2021-02-03T02:50:53, false
E2C7259B-02FE-4FAD-B3F6-2BE5588ACD44, 2021-02-03T02:51:53, false
E2C7259B-02FE-4FAD-B3F6-2BE5588ACD44, 2021-02-03T02:52:53, false
E2C7259B-02FE-4FAD-B3F6-2BE5588ACD44, 2021-02-03T02:53:53, false
E2C7259B-02FE-4FAD-B3F6-2BE5588ACD44, 2021-02-03T02:54:53, false
E2C7259B-02FE-4FAD-B3F6-2BE5588ACD44, 2021-02-03T02:55:53, false
E2C7259B-02FE-4FAD-B3F6-2BE5588ACD44, 2021-02-03T02:56:53, false
E2C7259B-02FE-4FAD-B3F6-2BE5588ACD44, 2021-02-03T02:57:53, false
E2C7259B-02FE-4FAD-B3F6-2BE5588ACD44, 2021-02-03T02:58:53, false
E2C7259B-02FE-4FAD-B3F6-2BE5588ACD44, 2021-02-03T02:59:53, false
E2C7259B-02FE-4FAD-B3F6-2BE5588ACD44, 2021-02-03T03:00:53, false
E2C7259B-02FE-4FAD-B3F6-2BE5588ACD44, 2021-02-03T03:01:53, false
E2C7259B-02FE-4FAD-B3F6-2BE5588ACD44, 2021-02-03T03:02:53, false
E2C7259B-02FE-4FAD-B3F6-2BE5588ACD44, 2021-02-03T03:03:53, false
E2C7259B-02FE-4FAD-B3F6-2BE5588ACD44, 2021-02-03T03:04:53, false
E2C7259B-02FE-4FAD-B3F6-2BE5588ACD44, 2021-02-03T03:05:53, false
E2C7259B-02FE-4FAD-B3F6-2BE5588ACD44, 2021-02-03T03:06:53, false
E2C7259B-02FE-4FAD-B3F6-2BE5588ACD44, 2021-02-03T03:07:53, false
E2C7259B-02FE-4FAD-B3F6-2BE5588ACD44, 2021-02-03T03:08:53, false
E2C7259B-02FE-4FAD-B3F6-2BE5588ACD44, 2021-02-03T03:09:53, false
E2C7259B-02FE-4FAD-B3F6-2BE5588ACD44, 2021-02-03T03:10:53, false
E2C7259B-02FE-4FAD-B3F6-2BE5588ACD44, 2021-02-03T03:11:53, false
E2C7259B-02FE-4FAD-B3F6-2BE5588ACD44, 2021-02-03T03:12:53, false
E2C7259B-02FE-4FAD-B3F6-2BE5588ACD44, 2021-02-03T03:13:53, false
E2C7259B-02FE-4FAD-B3F6-2BE5588ACD44, 2021-02-03T03:14:53, false
E2C7259B-02FE-4FAD-B3F6-2BE5588ACD44, 2021-02-03T03:15:53, false
E2C7259B-02FE-4FAD-B3F6-2BE5588ACD44, 2021-02-03T03:16:53, false
E2C7259B-02FE-4FAD-B3F6-2BE5588ACD44, 2021-02-03T03:17:53, false
E2C7259B-02FE-4FAD-B3F6-2BE5588ACD44, 2021-02-03T03:18:53, false
E2C7259B-02FE-4FAD-B3F6-2BE5588ACD44, 2021-02-03T03:19:53, false
E2C7259B-02FE-4FAD-B3F6-2BE5588ACD44, 2021-02-03T03:20:53, false
E2C7259B-02FE-4FAD-B3F6-2BE5588ACD44, 2021-02-03T03:21:53, false
E2C7259B-02FE-4FAD-B3F6-2BE5588ACD44, 2021-02-03T03:22:53, false
E2C7259B-02FE-4FAD-B3F6-2BE5588ACD44, 2021-02-03T03:23:53, false
E2C7259B-02FE-4FAD-B3F6-2BE5588ACD44, 2021-02-03T03:24:53, false
E2C7259B-02FE-4FAD-B3F6-2BE5588ACD44, 2021-02-03T03:25:53, false
E2C7259B-02FE-4FAD-B3F6-2BE5588ACD44, 2021-02-03T03:26:53, false
E2C7259B-02FE-4FAD-B3F6-2BE5588ACD44, 2021-02-03T03:27:53, false
E2C7259B-02FE-4FAD-B3F6-2BE5588ACD44, 2021-02-03T03:28:53, false
E2C7259B-02FE-4FAD-B3F6-2BE5588ACD44, 2021-02-03T03:29:53, false
E2C7259B-02FE-4FAD-B3F6-2BE5588ACD44, 2021-02-03T03:30:53, false
E2C7259B-02FE-4FAD-B3F6-2BE5588ACD44, 2021-02-03T03:31:53, false
E2C7259B-02FE-4FAD-B3F6-2BE5588ACD44, 2021-02-03T03:32:53, false
E2C7259B-02FE-4FAD-B3F6-2BE5588ACD44, 2021-02-03T03:33:53, false
E2C7259B-02FE-4FAD-B3F6-2BE5588ACD44, 2021-02-03T03:34:53, false
E2C7259B-02FE-4FAD-B3F6-2BE5588ACD44, 2021-02-03T03:35:53, false
E2C7259B-02FE-4FAD-B3F6-2BE5588ACD44, 2021-02-03T03:36:53, false
E2C7259B-02FE-4FAD-B3F6-2BE5588ACD44, 2021-02-03T03:37:53, false
E2C7259B-02FE-4FAD-B3F6-2BE5588ACD44, 2021-02-03T03:38:53, false
E2C7259B-02FE-4FAD-B3F6-2BE5588ACD44, 2021-02-03T03:39:53, false
E2C7259B-02FE-4FAD-B3F6-2BE5588ACD44, 2021-02-03T03:40:53, false
E2C7259B-02FE-4FAD-B3F6-2BE5588ACD44, 2021-02-03T03:41:53, false
E2C7259B-02FE-4FAD-B3F6-2BE5588ACD44, 2021-02-03T03:42:53, false
E2C7259B-02FE-4FAD-B3F6-2BE5588ACD44, 2021-02-03T03:43:53, false
E2C7259B-02FE-4FAD-B3F6-2BE5588ACD44, 2021-02-03T03:44:53, false
E2C7259B-02FE-4FAD-B3F6-2BE5588ACD44, 2021-02-03T03:45:53, false
E2C7259B-02FE-4FAD-B3F6-2BE5588ACD44, 2021-02-03T03:46:53, false
E2C7259B-02FE-4FAD-B3F6-2BE5588ACD44, 2021-02-03T03:47:53, false
E2C7259B-02FE-4FAD-B3F6-2BE5588ACD44, 2021-02-03T03:48:53, false
E2C7259B-02FE-4FAD-B3F6-2BE5588ACD44, 2021-02-03T03:49:53, false
E2C7259B-02FE-4FAD-B3F6-2BE5588ACD44, 2021-02-03T03:50:53, false
E2C7259B-02FE-4FAD-B3F6-2BE5588ACD44, 2021-02-03T03:51:53, false
E2C7259B-02FE-4FAD-B3F6-2BE5588ACD44, 2021-02-03T03:52:53, false
E2C7259B-02FE-4FAD-B3F6-2BE5588ACD44, 2021-02-03T03:53:53, false
E2C7259B-02FE-4FAD-B3F6-2BE5588ACD44, 2021-02-03T03:54:53, false
E2C7259B-02FE-4FAD-B3F6-2BE5588ACD44, 2021-02-03T03:55:53, false
E2C7259B-02FE-4FAD-B3F6-2BE5588ACD44, 2021-02-03T03:56:53, false
E2C7259B-02FE-4FAD-B3F6-2BE5588ACD44, 2021-02-03T03:57:53, false
E2C7259B-02FE-4FAD-B3F6-2BE5588ACD44, 2021-02-03T03:58:53, false
E2C7259B-02FE-4FAD-B3F6-2BE5588ACD44, 2021-02-03T03:59:53, false
E2C7259B-02FE-4FAD-B3F6-2BE5588ACD44, 2021-02-03T04:00:53, false
E2C7259B-02FE-4FAD-B3F6-2BE5588ACD44, 2021-02-03T04:01:53, false
E2C7259B-02FE-4FAD-B3F6-2BE5588ACD44, 2021-02-03T04:02:53, false
E2C7259B-02FE-4FAD-B3F6-2BE5588ACD44, 2021-02-03T04:03:53, false
E2C7259B-02FE-4FAD-B3F6-2BE5588ACD44, 2021-02-03T04:04:53, false
E2C7259B-02FE-4FAD-B3F6-2BE5588ACD44, 2021-02-03T04:05:53, false
E2C7259B-02FE-4FAD-B3F6-2BE5588ACD44, 2021-02-03T04:06:53, false
E2C7259B-02FE-4FAD-B3F6-2BE5588ACD44, 2021-02-03T04:07:53, false
E2C7259B-02FE-4FAD-B3F6-2BE5588ACD44, 2021-02-03T04:08:53, false
E2C7259B-02FE-4FAD-B3F6-2BE5588ACD44, 2021-02-03T04:09:53, false
E2C7259B-02FE-4FAD-B3F6-2BE5588ACD44, 2021-02-03T04:10:53, false
E2C7259B-02FE-4FAD-B3F6-2BE5588ACD44, 2021-02-03T04:11:53, false
E2C7259B-02FE-4FAD-B3F6-2BE5588ACD44, 2021-02-03T04:12:53, false
E2C7259B-02FE-4FAD-B3F6-2BE5588ACD44, 2021-02-03T04:13:53, false
E2C7259B-02FE-4FAD-B3F6-2BE5588ACD44, 2021-02-03T04:14:53, false
E2C7259B-02FE-4FAD-B3F6-2BE5588ACD44, 2021-02-03T04:15:53, false
E2C7259B-02FE-4FAD-B3F6-2BE5588ACD44, 2021-02-03T04:16:53, false
E2C7259B-02FE-4FAD-B3F6-2BE5588ACD44, 2021-02-03T04:17:53, false
E2C7259B-02FE-4FAD-B3F6-2BE5588ACD44, 2021-02-03T04:18:53, false
E2C7259B-02FE-4FAD-B3F6-2BE5588ACD44, 2021-02-03T04:19:53, false
E2C7259B-02FE-4FAD-B3F6-2BE5588ACD44, 2021-02-03T04:20:53, false
E2C7259B-02FE-4FAD-B3F6-2BE5588ACD44, 2021-02-03T04:21:53, false
E2C7259B-02FE-4FAD-B3F6-2BE5588ACD44, 2021-02-03T04:22:53, false
E2C7259B-02FE-4FAD-B3F6-2BE5588ACD44, 2021-02-03T04:23:53, false
E2C7259B-02FE-4FAD-B3F6-2BE5588ACD44, 2021-02-03T04:24:53, false
E2C7259B-02FE-4FAD-B3F6-2BE5588ACD44, 2021-02-03T04:25:53, false
E2C7259B-02FE-4FAD-B3F6-2BE5588ACD44, 2021-02-03T04:26:53, false
E2C7259B-02FE-4FAD-B3F6-2BE5588ACD44, 2021-02-03T04:27:53, false
E2C7259B-02FE-4FAD-B3F6-2BE5588ACD44, 2021-02-03T04:28:53, false
E2C7259B-02FE-4FAD-B3F6-2BE5588ACD44, 2021-02-03T04:29:53, false
E2C7259B-02FE-4FAD-B3F6-2BE5588ACD44, 2021-02-03T04:30:53, false
E2C7259B-02FE-4FAD-B3F6-2BE5588ACD44, 2021-02-03T04:31:53, false
E2C7259B-02FE-4FAD-B3F6-2BE5588ACD44, 2021-02-03T04:32:53, false
E2C7259B-02FE-4FAD-B3F6-2BE5588ACD44, 2021-02-03T04:33:53, false
E2C7259B-02FE-4FAD-B3F6-2BE5588ACD44, 2021-02-03T04:34:53, false
E2C7259B-02FE-4FAD-B3F6-2BE5588ACD44, 2021-02-03T04:35:53, false
E2C7259B-02FE-4FAD-B3F6-2BE5588ACD44, 2021-02-03T04:36:53, false
E2C7259B-02FE-4FAD-B3F6-2BE5588ACD44, 2021-02-03T04:37:53, false
E2C7259B-02FE-4FAD-B3F6-2BE5588ACD44, 2021-02-03T04:38:53, false
E2C7259B-02FE-4FAD-B3F6-2BE5588ACD44, 2021-02-03T04:39:53, false
E2C7259B-02FE-4FAD-B3F6-2BE5588ACD44, 2021-02-03T04:40:53, false
E2C7259B-02FE-4FAD-B3F6-2BE5588ACD44, 2021-02-03T04:41:53, false
E2C7259B-02FE-4FAD-B3F6-2BE5588ACD44, 2021-02-03T04:42:53, false
E2C7259B-02FE-4FAD-B3F6-2BE5588ACD44, 2021-02-03T04:43:53, false
E2C7259B-02FE-4FAD-B3F6-2BE5588ACD44, 2021-02-03T04:44:53, false
E2C7259B-02FE-4FAD-B3F6-2BE5588ACD44, 2021-02-03T04:45:53, false
E2C7259B-02FE-4FAD-B3F6-2BE5588ACD44, 2021-02-03T04:46:53, false
E2C7259B-02FE-4FAD-B3F6-2BE5588ACD44, 2021-02-03T04:47:53, false
E2C7259B-02FE-4FAD-B3F6-2BE5588ACD44, 2021-02-03T04:48:53, false
E2C7259B-02FE-4FAD-B3F6-2BE5588ACD44, 2021-02-03T04:49:53, false
E2C7259B-02FE-4FAD-B3F6-2BE5588ACD44, 2021-02-03T04:50:53, false
E2C7259B-02FE-4FAD-B3F6-2BE5588ACD44, 2021-02-03T04:51:53, false
E2C7259B-02FE-4FAD-B3F6-2BE5588ACD44, 2021-02-03T04:52:53, false
E2C7259B-02FE-4FAD-B3F6-2BE5588ACD44, 2021-02-03T04:53:53, false
E2C7259B-02FE-4FAD-B3F6-2BE5588ACD44, 2021-02-03T04:54:53, false
E2C7259B-02FE-4FAD-B3F6-2BE5588ACD44, 2021-02-03T04:55:53, false
E2C7259B-02FE-4FAD-B3F6-2BE5588ACD44, 2021-02-03T04:56:53, false
E2C7259B-02FE-4FAD-B3F6-2BE5588ACD44, 2021-02-03T04:57:53, false
E2C7259B-02FE-4FAD-B3F6-2BE5588ACD44, 2021-02-03T04:58:53, false
E2C7259B-02FE-4FAD-B3F6-2BE5588ACD44, 2021-02-03T04:59:53, false
E2C7259B-02FE-4FAD-B3F6-2BE5588ACD44, 2021-02-03T05:00:53, false
E2C7259B-02FE-4FAD-B3F6-2BE5588ACD44, 2021-02-03T05:01:53, false
E2C7259B-02FE-4FAD-B3F6-2BE5588ACD44, 2021-02-03T05:02:53, false
E2C7259B-02FE-4FAD-B3F6-2BE5588ACD44, 2021-02-03T05:03:53, false
E2C7259B-02FE-4FAD-B3F6-2BE5588ACD44, 2021-02-03T05:04:53, false
E2C7259B-02FE-4FAD-B3F6-2BE5588ACD44, 2021-02-03T05:05:53, false
E2C7259B-02FE-4FAD-B3F6-2BE5588ACD44, 2021-02-03T05:06:53, false
E2C7259B-02FE-4FAD-B3F6-2BE5588ACD44, 2021-02-03T05:07:53, false
E2C7259B-02FE-4FAD-B3F6-2BE5588ACD44, 2021-02-03T05:08:53, false
E2C7259B-02FE-4FAD-B3F6-2BE5588ACD44, 2021-02-03T05:09:53, false
E2C7259B-02FE-4FAD-B3F6-2BE5588ACD44, 2021-02-03T05:10:53, false
E2C7259B-02FE-4FAD-B3F6-2BE5588ACD44, 2021-02-03T05:11:53, false
E2C7259B-02FE-4FAD-B3F6-2BE5588ACD44, 2021-02-03T05:12:53, false
E2C7259B-02FE-4FAD-B3F6-2BE5588ACD44, 2021-02-03T05:13:53, false
E2C7259B-02FE-4FAD-B3F6-2BE5588ACD44, 2021-02-03T05:14:53, false
E2C7259B-02FE-4FAD-B3F6-2BE5588ACD44, 2021-02-03T05:15:53, false
E2C7259B-02FE-4FAD-B3F6-2BE5588ACD44, 2021-02-03T05:16:53, false
E2C7259B-02FE-4FAD-B3F6-2BE5588ACD44, 2021-02-03T05:17:53, false
E2C7259B-02FE-4FAD-B3F6-2BE5588ACD44, 2021-02-03T05:18:53, false
E2C7259B-02FE-4FAD-B3F6-2BE5588ACD44, 2021-02-03T05:19:53, false
E2C7259B-02FE-4FAD-B3F6-2BE5588ACD44, 2021-02-03T05:20:53, false
E2C7259B-02FE-4FAD-B3F6-2BE5588ACD44, 2021-02-03T05:21:53, false
E2C7259B-02FE-4FAD-B3F6-2BE5588ACD44, 2021-02-03T05:22:53, false
E2C7259B-02FE-4FAD-B3F6-2BE5588ACD44, 2021-02-03T05:23:53, false
E2C7259B-02FE-4FAD-B3F6-2BE5588ACD44, 2021-02-03T05:24:53, false
E2C7259B-02FE-4FAD-B3F6-2BE5588ACD44, 2021-02-03T05:25:53, false
E2C7259B-02FE-4FAD-B3F6-2BE5588ACD44, 2021-02-03T05:26:53, false
E2C7259B-02FE-4FAD-B3F6-2BE5588ACD44, 2021-02-03T05:27:53, false
E2C7259B-02FE-4FAD-B3F6-2BE5588ACD44, 2021-02-03T05:28:53, false
E2C7259B-02FE-4FAD-B3F6-2BE5588ACD44, 2021-02-03T05:29:53, false
E2C7259B-02FE-4FAD-B3F6-2BE5588ACD44, 2021-02-03T05:30:53, false
E2C7259B-02FE-4FAD-B3F6-2BE5588ACD44, 2021-02-03T05:31:53, false
E2C7259B-02FE-4FAD-B3F6-2BE5588ACD44, 2021-02-03T05:32:53, false
E2C7259B-02FE-4FAD-B3F6-2BE5588ACD44, 2021-02-03T05:33:53, false
E2C7259B-02FE-4FAD-B3F6-2BE5588ACD44, 2021-02-03T05:34:53, false
E2C7259B-02FE-4FAD-B3F6-2BE5588ACD44, 2021-02-03T05:35:53, false
E2C7259B-02FE-4FAD-B3F6-2BE5588ACD44, 2021-02-03T05:36:53, false
E2C7259B-02FE-4FAD-B3F6-2BE5588ACD44, 2021-02-03T05:37:53, false
E2C7259B-02FE-4FAD-B3F6-2BE5588ACD44, 2021-02-03T05:38:53, false
E2C7259B-02FE-4FAD-B3F6-2BE5588ACD44, 2021-02-03T05:39:53, false
E2C7259B-02FE-4FAD-B3F6-2BE5588ACD44, 2021-02-03T05:40:53, false
E2C7259B-02FE-4FAD-B3F6-2BE5588ACD44, 2021-02-03T05:41:53, false
E2C7259B-02FE-4FAD-B3F6-2BE5588ACD44, 2021-02-03T05:42:53, false
E2C7259B-02FE-4FAD-B3F6-2BE5588ACD44, 2021-02-03T05:43:53, false
E2C7259B-02FE-4FAD-B3F6-2BE5588ACD44, 2021-02-03T05:44:53, false
E2C7259B-02FE-4FAD-B3F6-2BE5588ACD44, 2021-02-03T05:45:53, false
E2C7259B-02FE-4FAD-B3F6-2BE5588ACD44, 2021-02-03T05:46:53, false
E2C7259B-02FE-4FAD-B3F6-2BE5588ACD44, 2021-02-03T05:47:53, false
E2C7259B-02FE-4FAD-B3F6-2BE5588ACD44, 2021-02-03T05:48:53, false
E2C7259B-02FE-4FAD-B3F6-2BE5588ACD44, 2021-02-03T05:49:53, false
E2C7259B-02FE-4FAD-B3F6-2BE5588ACD44, 2021-02-03T05:50:53, false
E2C7259B-02FE-4FAD-B3F6-2BE5588ACD44, 2021-02-03T05:51:53, false
E2C7259B-02FE-4FAD-B3F6-2BE5588ACD44, 2021-02-03T05:52:53, false
E2C7259B-02FE-4FAD-B3F6-2BE5588ACD44, 2021-02-03T05:53:53, false
E2C7259B-02FE-4FAD-B3F6-2BE5588ACD44, 2021-02-03T05:54:53, false
E2C7259B-02FE-4FAD-B3F6-2BE5588ACD44, 2021-02-03T05:55:53, false
E2C7259B-02FE-4FAD-B3F6-2BE5588ACD44, 2021-02-03T05:56:53, false
E2C7259B-02FE-4FAD-B3F6-2BE5588ACD44, 2021-02-03T05:57:53, false
E2C7259B-02FE-4FAD-B3F6-2BE5588ACD44, 2021-02-03T05:58:53, false
E2C7259B-02FE-4FAD-B3F6-2BE5588ACD44, 2021-02-03T05:59:53, false
E2C7259B-02FE-4FAD-B3F6-2BE5588ACD44, 2021-02-03T06:00:53, false
E2C7259B-02FE-4FAD-B3F6-2BE5588ACD44, 2021-02-03T06:01:53, false
E2C7259B-02FE-4FAD-B3F6-2BE5588ACD44, 2021-02-03T06:02:53, false
E2C7259B-02FE-4FAD-B3F6-2BE5588ACD44, 2021-02-03T06:03:53, false
E2C7259B-02FE-4FAD-B3F6-2BE5588ACD44, 2021-02-03T06:04:53, false
E2C7259B-02FE-4FAD-B3F6-2BE5588ACD44, 2021-02-03T06:05:53, false
E2C7259B-02FE-4FAD-B3F6-2BE5588ACD44, 2021-02-03T06:06:53, false
E2C7259B-02FE-4FAD-B3F6-2BE5588ACD44, 2021-02-03T06:07:53, false
E2C7259B-02FE-4FAD-B3F6-2BE5588ACD44, 2021-02-03T06:08:53, false
E2C7259B-02FE-4FAD-B3F6-2BE5588ACD44, 2021-02-03T06:09:53, false
E2C7259B-02FE-4FAD-B3F6-2BE5588ACD44, 2021-02-03T06:10:53, false
E2C7259B-02FE-4FAD-B3F6-2BE5588ACD44, 2021-02-03T06:11:53, false
E2C7259B-02FE-4FAD-B3F6-2BE5588ACD44, 2021-02-03T06:12:53, false
E2C7259B-02FE-4FAD-B3F6-2BE5588ACD44, 2021-02-03T06:13:53, false
E2C7259B-02FE-4FAD-B3F6-2BE5588ACD44, 2021-02-03T06:14:53, false
E2C7259B-02FE-4FAD-B3F6-2BE5588ACD44, 2021-02-03T06:15:53, false
E2C7259B-02FE-4FAD-B3F6-2BE5588ACD44, 2021-02-03T06:16:53, false
E2C7259B-02FE-4FAD-B3F6-2BE5588ACD44, 2021-02-03T06:17:53, false
E2C7259B-02FE-4FAD-B3F6-2BE5588ACD44, 2021-02-03T06:18:53, false
E2C7259B-02FE-4FAD-B3F6-2BE5588ACD44, 2021-02-03T06:19:53, false
E2C7259B-02FE-4FAD-B3F6-2BE5588ACD44, 2021-02-03T06:20:53, false
E2C7259B-02FE-4FAD-B3F6-2BE5588ACD44, 2021-02-03T06:21:53, false
E2C7259B-02FE-4FAD-B3F6-2BE5588ACD44, 2021-02-03T06:22:53, false
E2C7259B-02FE-4FAD-B3F6-2BE5588ACD44, 2021-02-03T06:23:53, false
E2C7259B-02FE-4FAD-B3F6-2BE5588ACD44, 2021-02-03T06:24:53, false
E2C7259B-02FE-4FAD-B3F6-2BE5588ACD44, 2021-02-03T06:25:53, false
E2C7259B-02FE-4FAD-B3F6-2BE5588ACD44, 2021-02-03T06:26:53, false
E2C7259B-02FE-4FAD-B3F6-2BE5588ACD44, 2021-02-03T06:27:53, false
E2C7259B-02FE-4FAD-B3F6-2BE5588ACD44, 2021-02-03T06:28:53, false
E2C7259B-02FE-4FAD-B3F6-2BE5588ACD44, 2021-02-03T06:29:53, false
E2C7259B-02FE-4FAD-B3F6-2BE5588ACD44, 2021-02-03T06:30:53, false
E2C7259B-02FE-4FAD-B3F6-2BE5588ACD44, 2021-02-03T06:31:53, false
E2C7259B-02FE-4FAD-B3F6-2BE5588ACD44, 2021-02-03T06:32:53, false
E2C7259B-02FE-4FAD-B3F6-2BE5588ACD44, 2021-02-03T06:33:53, false
E2C7259B-02FE-4FAD-B3F6-2BE5588ACD44, 2021-02-03T06:34:53, false
E2C7259B-02FE-4FAD-B3F6-2BE5588ACD44, 2021-02-03T06:35:53, false
E2C7259B-02FE-4FAD-B3F6-2BE5588ACD44, 2021-02-03T06:36:53, false
E2C7259B-02FE-4FAD-B3F6-2BE5588ACD44, 2021-02-03T06:37:53, false
E2C7259B-02FE-4FAD-B3F6-2BE5588ACD44, 2021-02-03T06:38:53, false
E2C7259B-02FE-4FAD-B3F6-2BE5588ACD44, 2021-02-03T06:39:53, false
E2C7259B-02FE-4FAD-B3F6-2BE5588ACD44, 2021-02-03T06:40:53, false
E2C7259B-02FE-4FAD-B3F6-2BE5588ACD44, 2021-02-03T06:41:53, false
E2C7259B-02FE-4FAD-B3F6-2BE5588ACD44, 2021-02-03T06:42:53, false
E2C7259B-02FE-4FAD-B3F6-2BE5588ACD44, 2021-02-03T06:43:53, false
E2C7259B-02FE-4FAD-B3F6-2BE5588ACD44, 2021-02-03T06:44:53, false
E2C7259B-02FE-4FAD-B3F6-2BE5588ACD44, 2021-02-03T06:45:53, false
E2C7259B-02FE-4FAD-B3F6-2BE5588ACD44, 2021-02-03T06:46:53, false
E2C7259B-02FE-4FAD-B3F6-2BE5588ACD44, 2021-02-03T06:47:53, false
E2C7259B-02FE-4FAD-B3F6-2BE5588ACD44, 2021-02-03T06:48:53, false
E2C7259B-02FE-4FAD-B3F6-2BE5588ACD44, 2021-02-03T06:49:53, false
E2C7259B-02FE-4FAD-B3F6-2BE5588ACD44, 2021-02-03T06:50:53, false
E2C7259B-02FE-4FAD-B3F6-2BE5588ACD44, 2021-02-03T06:51:53, false
E2C7259B-02FE-4FAD-B3F6-2BE5588ACD44, 2021-02-03T06:52:53, false
E2C7259B-02FE-4FAD-B3F6-2BE5588ACD44, 2021-02-03T06:53:53, false
E2C7259B-02FE-4FAD-B3F6-2BE5588ACD44, 2021-02-03T06:54:53, false
E2C7259B-02FE-4FAD-B3F6-2BE5588ACD44, 2021-02-03T06:55:53, false
E2C7259B-02FE-4FAD-B3F6-2BE5588ACD44, 2021-02-03T06:56:53, false
E2C7259B-02FE-4FAD-B3F6-2BE5588ACD44, 2021-02-03T06:57:53, false
E2C7259B-02FE-4FAD-B3F6-2BE5588ACD44, 2021-02-03T06:58:53, false
E2C7259B-02FE-4FAD-B3F6-2BE5588ACD44, 2021-02-03T06:59:53, false
E2C7259B-02FE-4FAD-B3F6-2BE5588ACD44, 2021-02-03T07:00:53, false
E2C7259B-02FE-4FAD-B3F6-2BE5588ACD44, 2021-02-03T07:01:53, false
E2C7259B-02FE-4FAD-B3F6-2BE5588ACD44, 2021-02-03T07:02:53, false
E2C7259B-02FE-4FAD-B3F6-2BE5588ACD44, 2021-02-03T07:03:53, false
E2C7259B-02FE-4FAD-B3F6-2BE5588ACD44, 2021-02-03T07:04:53, false
E2C7259B-02FE-4FAD-B3F6-2BE5588ACD44, 2021-02-03T07:05:53, false
E2C7259B-02FE-4FAD-B3F6-2BE5588ACD44, 2021-02-03T07:06:53, false
E2C7259B-02FE-4FAD-B3F6-2BE5588ACD44, 2021-02-03T07:07:53, false
E2C7259B-02FE-4FAD-B3F6-2BE5588ACD44, 2021-02-03T07:08:53, false
E2C7259B-02FE-4FAD-B3F6-2BE5588ACD44, 2021-02-03T07:09:53, false
E2C7259B-02FE-4FAD-B3F6-2BE5588ACD44, 2021-02-03T07:10:53, false
E2C7259B-02FE-4FAD-B3F6-2BE5588ACD44, 2021-02-03T07:11:53, false
E2C7259B-02FE-4FAD-B3F6-2BE5588ACD44, 2021-02-03T07:12:53, false
E2C7259B-02FE-4FAD-B3F6-2BE5588ACD44, 2021-02-03T07:13:53, false
E2C7259B-02FE-4FAD-B3F6-2BE5588ACD44, 2021-02-03T07:14:53, false
E2C7259B-02FE-4FAD-B3F6-2BE5588ACD44, 2021-02-03T07:15:53, false
E2C7259B-02FE-4FAD-B3F6-2BE5588ACD44, 2021-02-03T07:16:53, false
E2C7259B-02FE-4FAD-B3F6-2BE5588ACD44, 2021-02-03T07:17:53, false
E2C7259B-02FE-4FAD-B3F6-2BE5588ACD44, 2021-02-03T07:18:53, false
E2C7259B-02FE-4FAD-B3F6-2BE5588ACD44, 2021-02-03T07:19:53, false
E2C7259B-02FE-4FAD-B3F6-2BE5588ACD44, 2021-02-03T07:20:53, false
E2C7259B-02FE-4FAD-B3F6-2BE5588ACD44, 2021-02-03T07:21:53, false
E2C7259B-02FE-4FAD-B3F6-2BE5588ACD44, 2021-02-03T07:22:53, false
E2C7259B-02FE-4FAD-B3F6-2BE5588ACD44, 2021-02-03T07:23:53, false
E2C7259B-02FE-4FAD-B3F6-2BE5588ACD44, 2021-02-03T07:24:53, false
E2C7259B-02FE-4FAD-B3F6-2BE5588ACD44, 2021-02-03T07:25:53, false
E2C7259B-02FE-4FAD-B3F6-2BE5588ACD44, 2021-02-03T07:26:53, false
E2C7259B-02FE-4FAD-B3F6-2BE5588ACD44, 2021-02-03T07:27:53, false
E2C7259B-02FE-4FAD-B3F6-2BE5588ACD44, 2021-02-03T07:28:53, false
E2C7259B-02FE-4FAD-B3F6-2BE5588ACD44, 2021-02-03T07:29:53, false
E2C7259B-02FE-4FAD-B3F6-2BE5588ACD44, 2021-02-03T07:30:53, false
E2C7259B-02FE-4FAD-B3F6-2BE5588ACD44, 2021-02-03T07:31:53, false
E2C7259B-02FE-4FAD-B3F6-2BE5588ACD44, 2021-02-03T07:32:53, false
E2C7259B-02FE-4FAD-B3F6-2BE5588ACD44, 2021-02-03T07:33:53, false
E2C7259B-02FE-4FAD-B3F6-2BE5588ACD44, 2021-02-03T07:34:53, false
E2C7259B-02FE-4FAD-B3F6-2BE5588ACD44, 2021-02-03T07:35:53, false
E2C7259B-02FE-4FAD-B3F6-2BE5588ACD44, 2021-02-03T07:36:53, false
E2C7259B-02FE-4FAD-B3F6-2BE5588ACD44, 2021-02-03T07:37:53, false
E2C7259B-02FE-4FAD-B3F6-2BE5588ACD44, 2021-02-03T07:38:53, false
E2C7259B-02FE-4FAD-B3F6-2BE5588ACD44, 2021-02-03T07:39:53, false
E2C7259B-02FE-4FAD-B3F6-2BE5588ACD44, 2021-02-03T07:40:53, false
E2C7259B-02FE-4FAD-B3F6-2BE5588ACD44, 2021-02-03T07:41:53, false
E2C7259B-02FE-4FAD-B3F6-2BE5588ACD44, 2021-02-03T07:42:53, false
E2C7259B-02FE-4FAD-B3F6-2BE5588ACD44, 2021-02-03T07:43:53, false
E2C7259B-02FE-4FAD-B3F6-2BE5588ACD44, 2021-02-03T07:44:53, false
E2C7259B-02FE-4FAD-B3F6-2BE5588ACD44, 2021-02-03T07:45:53, false
E2C7259B-02FE-4FAD-B3F6-2BE5588ACD44, 2021-02-03T07:46:53, false
E2C7259B-02FE-4FAD-B3F6-2BE5588ACD44, 2021-02-03T07:47:53, false
E2C7259B-02FE-4FAD-B3F6-2BE5588ACD44, 2021-02-03T07:48:53, false
E2C7259B-02FE-4FAD-B3F6-2BE5588ACD44, 2021-02-03T07:49:53, false
E2C7259B-02FE-4FAD-B3F6-2BE5588ACD44, 2021-02-03T07:50:53, false
E2C7259B-02FE-4FAD-B3F6-2BE5588ACD44, 2021-02-03T07:51:53, false
E2C7259B-02FE-4FAD-B3F6-2BE5588ACD44, 2021-02-03T07:52:53, false
E2C7259B-02FE-4FAD-B3F6-2BE5588ACD44, 2021-02-03T07:53:53, false
E2C7259B-02FE-4FAD-B3F6-2BE5588ACD44, 2021-02-03T07:54:53, false
E2C7259B-02FE-4FAD-B3F6-2BE5588ACD44, 2021-02-03T07:55:53, false
E2C7259B-02FE-4FAD-B3F6-2BE5588ACD44, 2021-02-03T07:56:53, false
E2C7259B-02FE-4FAD-B3F6-2BE5588ACD44, 2021-02-03T07:57:53, false
E2C7259B-02FE-4FAD-B3F6-2BE5588ACD44, 2021-02-03T07:58:53, false
E2C7259B-02FE-4FAD-B3F6-2BE5588ACD44, 2021-02-03T07:59:53, false
E2C7259B-02FE-4FAD-B3F6-2BE5588ACD44, 2021-02-03T08:00:53, false
E2C7259B-02FE-4FAD-B3F6-2BE5588ACD44, 2021-02-03T08:01:53, false
E2C7259B-02FE-4FAD-B3F6-2BE5588ACD44, 2021-02-03T08:02:53, false
E2C7259B-02FE-4FAD-B3F6-2BE5588ACD44, 2021-02-03T08:03:53, false
E2C7259B-02FE-4FAD-B3F6-2BE5588ACD44, 2021-02-03T08:04:53, false
E2C7259B-02FE-4FAD-B3F6-2BE5588ACD44, 2021-02-03T08:05:53, false
E2C7259B-02FE-4FAD-B3F6-2BE5588ACD44, 2021-02-03T08:06:53, false
E2C7259B-02FE-4FAD-B3F6-2BE5588ACD44, 2021-02-03T08:07:53, false
E2C7259B-02FE-4FAD-B3F6-2BE5588ACD44, 2021-02-03T08:08:53, false
E2C7259B-02FE-4FAD-B3F6-2BE5588ACD44, 2021-02-03T08:09:53, false
E2C7259B-02FE-4FAD-B3F6-2BE5588ACD44, 2021-02-03T08:10:53, false
E2C7259B-02FE-4FAD-B3F6-2BE5588ACD44, 2021-02-03T08:11:53, false
E2C7259B-02FE-4FAD-B3F6-2BE5588ACD44, 2021-02-03T08:12:53, false
E2C7259B-02FE-4FAD-B3F6-2BE5588ACD44, 2021-02-03T08:13:53, false
E2C7259B-02FE-4FAD-B3F6-2BE5588ACD44, 2021-02-03T08:14:53, false
E2C7259B-02FE-4FAD-B3F6-2BE5588ACD44, 2021-02-03T08:15:53, false
E2C7259B-02FE-4FAD-B3F6-2BE5588ACD44, 2021-02-03T08:16:53, false
E2C7259B-02FE-4FAD-B3F6-2BE5588ACD44, 2021-02-03T08:17:53, false
E2C7259B-02FE-4FAD-B3F6-2BE5588ACD44, 2021-02-03T08:18:53, false
E2C7259B-02FE-4FAD-B3F6-2BE5588ACD44, 2021-02-03T08:19:53, false
E2C7259B-02FE-4FAD-B3F6-2BE5588ACD44, 2021-02-03T08:20:53, false
E2C7259B-02FE-4FAD-B3F6-2BE5588ACD44, 2021-02-03T08:21:53, false
E2C7259B-02FE-4FAD-B3F6-2BE5588ACD44, 2021-02-03T08:22:53, false
E2C7259B-02FE-4FAD-B3F6-2BE5588ACD44, 2021-02-03T08:23:53, false
E2C7259B-02FE-4FAD-B3F6-2BE5588ACD44, 2021-02-03T08:24:53, false
E2C7259B-02FE-4FAD-B3F6-2BE5588ACD44, 2021-02-03T08:25:53, false
E2C7259B-02FE-4FAD-B3F6-2BE5588ACD44, 2021-02-03T08:26:53, false
E2C7259B-02FE-4FAD-B3F6-2BE5588ACD44, 2021-02-03T08:27:53, false
E2C7259B-02FE-4FAD-B3F6-2BE5588ACD44, 2021-02-03T08:28:53, false
E2C7259B-02FE-4FAD-B3F6-2BE5588ACD44, 2021-02-03T08:29:53, false
E2C7259B-02FE-4FAD-B3F6-2BE5588ACD44, 2021-02-03T08:30:53, false
E2C7259B-02FE-4FAD-B3F6-2BE5588ACD44, 2021-02-03T08:31:53, false
E2C7259B-02FE-4FAD-B3F6-2BE5588ACD44, 2021-02-03T08:32:53, false
E2C7259B-02FE-4FAD-B3F6-2BE5588ACD44, 2021-02-03T08:33:53, false
E2C7259B-02FE-4FAD-B3F6-2BE5588ACD44, 2021-02-03T08:34:53, false
E2C7259B-02FE-4FAD-B3F6-2BE5588ACD44, 2021-02-03T08:35:53, false
E2C7259B-02FE-4FAD-B3F6-2BE5588ACD44, 2021-02-03T08:36:53, false
E2C7259B-02FE-4FAD-B3F6-2BE5588ACD44, 2021-02-03T08:37:53, false
E2C7259B-02FE-4FAD-B3F6-2BE5588ACD44, 2021-02-03T08:38:53, false
E2C7259B-02FE-4FAD-B3F6-2BE5588ACD44, 2021-02-03T08:39:53, false
E2C7259B-02FE-4FAD-B3F6-2BE5588ACD44, 2021-02-03T08:40:53, false
E2C7259B-02FE-4FAD-B3F6-2BE5588ACD44, 2021-02-03T08:41:53, false
E2C7259B-02FE-4FAD-B3F6-2BE5588ACD44, 2021-02-03T08:42:53, false
E2C7259B-02FE-4FAD-B3F6-2BE5588ACD44, 2021-02-03T08:43:53, false
E2C7259B-02FE-4FAD-B3F6-2BE5588ACD44, 2021-02-03T08:44:53, false
E2C7259B-02FE-4FAD-B3F6-2BE5588ACD44, 2021-02-03T08:45:53, false
E2C7259B-02FE-4FAD-B3F6-2BE5588ACD44, 2021-02-03T08:46:53, false
E2C7259B-02FE-4FAD-B3F6-2BE5588ACD44, 2021-02-03T08:47:53, false
E2C7259B-02FE-4FAD-B3F6-2BE5588ACD44, 2021-02-03T08:48:53, false
E2C7259B-02FE-4FAD-B3F6-2BE5588ACD44, 2021-02-03T08:49:53, false
E2C7259B-02FE-4FAD-B3F6-2BE5588ACD44, 2021-02-03T08:50:53, false
E2C7259B-02FE-4FAD-B3F6-2BE5588ACD44, 2021-02-03T08:51:53, false
E2C7259B-02FE-4FAD-B3F6-2BE5588ACD44, 2021-02-03T08:52:53, false
E2C7259B-02FE-4FAD-B3F6-2BE5588ACD44, 2021-02-03T08:53:53, false
E2C7259B-02FE-4FAD-B3F6-2BE5588ACD44, 2021-02-03T08:54:53, false
E2C7259B-02FE-4FAD-B3F6-2BE5588ACD44, 2021-02-03T08:55:53, false
E2C7259B-02FE-4FAD-B3F6-2BE5588ACD44, 2021-02-03T08:56:53, false
E2C7259B-02FE-4FAD-B3F6-2BE5588ACD44, 2021-02-03T08:57:53, false
E2C7259B-02FE-4FAD-B3F6-2BE5588ACD44, 2021-02-03T08:58:53, false
E2C7259B-02FE-4FAD-B3F6-2BE5588ACD44, 2021-02-03T08:59:53, false
E2C7259B-02FE-4FAD-B3F6-2BE5588ACD44, 2021-02-03T09:00:53, false
E2C7259B-02FE-4FAD-B3F6-2BE5588ACD44, 2021-02-03T09:01:53, false
E2C7259B-02FE-4FAD-B3F6-2BE5588ACD44, 2021-02-03T09:02:53, false
E2C7259B-02FE-4FAD-B3F6-2BE5588ACD44, 2021-02-03T09:03:53, false
E2C7259B-02FE-4FAD-B3F6-2BE5588ACD44, 2021-02-03T09:04:53, false
E2C7259B-02FE-4FAD-B3F6-2BE5588ACD44, 2021-02-03T09:05:53, false
E2C7259B-02FE-4FAD-B3F6-2BE5588ACD44, 2021-02-03T09:06:53, false
E2C7259B-02FE-4FAD-B3F6-2BE5588ACD44, 2021-02-03T09:07:53, false
E2C7259B-02FE-4FAD-B3F6-2BE5588ACD44, 2021-02-03T09:08:53, false
E2C7259B-02FE-4FAD-B3F6-2BE5588ACD44, 2021-02-03T09:09:53, false
E2C7259B-02FE-4FAD-B3F6-2BE5588ACD44, 2021-02-03T09:10:53, false
E2C7259B-02FE-4FAD-B3F6-2BE5588ACD44, 2021-02-03T09:11:53, false
E2C7259B-02FE-4FAD-B3F6-2BE5588ACD44, 2021-02-03T09:12:53, false
E2C7259B-02FE-4FAD-B3F6-2BE5588ACD44, 2021-02-03T09:13:53, false
E2C7259B-02FE-4FAD-B3F6-2BE5588ACD44, 2021-02-03T09:14:53, false
E2C7259B-02FE-4FAD-B3F6-2BE5588ACD44, 2021-02-03T09:15:53, false
E2C7259B-02FE-4FAD-B3F6-2BE5588ACD44, 2021-02-03T09:16:53, false
E2C7259B-02FE-4FAD-B3F6-2BE5588ACD44, 2021-02-03T09:17:53, false
E2C7259B-02FE-4FAD-B3F6-2BE5588ACD44, 2021-02-03T09:18:53, false
E2C7259B-02FE-4FAD-B3F6-2BE5588ACD44, 2021-02-03T09:19:53, false
E2C7259B-02FE-4FAD-B3F6-2BE5588ACD44, 2021-02-03T09:20:53, false
E2C7259B-02FE-4FAD-B3F6-2BE5588ACD44, 2021-02-03T09:21:53, false
E2C7259B-02FE-4FAD-B3F6-2BE5588ACD44, 2021-02-03T09:22:53, false
E2C7259B-02FE-4FAD-B3F6-2BE5588ACD44, 2021-02-03T09:23:53, false
E2C7259B-02FE-4FAD-B3F6-2BE5588ACD44, 2021-02-03T09:24:53, false
E2C7259B-02FE-4FAD-B3F6-2BE5588ACD44, 2021-02-03T09:25:53, false
E2C7259B-02FE-4FAD-B3F6-2BE5588ACD44, 2021-02-03T09:26:53, false
E2C7259B-02FE-4FAD-B3F6-2BE5588ACD44, 2021-02-03T09:27:53, false
E2C7259B-02FE-4FAD-B3F6-2BE5588ACD44, 2021-02-03T09:28:53, false
E2C7259B-02FE-4FAD-B3F6-2BE5588ACD44, 2021-02-03T09:29:53, false
E2C7259B-02FE-4FAD-B3F6-2BE5588ACD44, 2021-02-03T09:30:53, false
E2C7259B-02FE-4FAD-B3F6-2BE5588ACD44, 2021-02-03T09:31:53, false
E2C7259B-02FE-4FAD-B3F6-2BE5588ACD44, 2021-02-03T09:32:53, false
E2C7259B-02FE-4FAD-B3F6-2BE5588ACD44, 2021-02-03T09:33:53, false
E2C7259B-02FE-4FAD-B3F6-2BE5588ACD44, 2021-02-03T09:34:53, false
E2C7259B-02FE-4FAD-B3F6-2BE5588ACD44, 2021-02-03T09:35:53, false
E2C7259B-02FE-4FAD-B3F6-2BE5588ACD44, 2021-02-03T09:36:53, false
E2C7259B-02FE-4FAD-B3F6-2BE5588ACD44, 2021-02-03T09:37:53, false
E2C7259B-02FE-4FAD-B3F6-2BE5588ACD44, 2021-02-03T09:38:53, false
E2C7259B-02FE-4FAD-B3F6-2BE5588ACD44, 2021-02-03T09:39:53, false
E2C7259B-02FE-4FAD-B3F6-2BE5588ACD44, 2021-02-03T09:40:53, false
E2C7259B-02FE-4FAD-B3F6-2BE5588ACD44, 2021-02-03T09:41:53, false
E2C7259B-02FE-4FAD-B3F6-2BE5588ACD44, 2021-02-03T09:42:53, false
E2C7259B-02FE-4FAD-B3F6-2BE5588ACD44, 2021-02-03T09:43:53, false
E2C7259B-02FE-4FAD-B3F6-2BE5588ACD44, 2021-02-03T09:44:53, false
E2C7259B-02FE-4FAD-B3F6-2BE5588ACD44, 2021-02-03T09:45:53, false
E2C7259B-02FE-4FAD-B3F6-2BE5588ACD44, 2021-02-03T09:46:53, false
E2C7259B-02FE-4FAD-B3F6-2BE5588ACD44, 2021-02-03T09:47:53, false
E2C7259B-02FE-4FAD-B3F6-2BE5588ACD44, 2021-02-03T09:48:53, false
E2C7259B-02FE-4FAD-B3F6-2BE5588ACD44, 2021-02-03T09:49:53, false
E2C7259B-02FE-4FAD-B3F6-2BE5588ACD44, 2021-02-03T09:50:53, false
E2C7259B-02FE-4FAD-B3F6-2BE5588ACD44, 2021-02-03T09:51:53, false
E2C7259B-02FE-4FAD-B3F6-2BE5588ACD44, 2021-02-03T09:52:53, false
E2C7259B-02FE-4FAD-B3F6-2BE5588ACD44, 2021-02-03T09:53:53, false
E2C7259B-02FE-4FAD-B3F6-2BE5588ACD44, 2021-02-03T09:54:53, false
E2C7259B-02FE-4FAD-B3F6-2BE5588ACD44, 2021-02-03T09:55:53, false
E2C7259B-02FE-4FAD-B3F6-2BE5588ACD44, 2021-02-03T09:56:53, false
E2C7259B-02FE-4FAD-B3F6-2BE5588ACD44, 2021-02-03T09:57:53, false
E2C7259B-02FE-4FAD-B3F6-2BE5588ACD44, 2021-02-03T09:58:53, false
E2C7259B-02FE-4FAD-B3F6-2BE5588ACD44, 2021-02-03T09:59:53, false
E2C7259B-02FE-4FAD-B3F6-2BE5588ACD44, 2021-02-03T10:00:53, false
E2C7259B-02FE-4FAD-B3F6-2BE5588ACD44, 2021-02-03T10:01:53, false
E2C7259B-02FE-4FAD-B3F6-2BE5588ACD44, 2021-02-03T10:02:53, false
E2C7259B-02FE-4FAD-B3F6-2BE5588ACD44, 2021-02-03T10:03:53, false
E2C7259B-02FE-4FAD-B3F6-2BE5588ACD44, 2021-02-03T10:04:53, false
E2C7259B-02FE-4FAD-B3F6-2BE5588ACD44, 2021-02-03T10:05:53, false
E2C7259B-02FE-4FAD-B3F6-2BE5588ACD44, 2021-02-03T10:06:53, false
E2C7259B-02FE-4FAD-B3F6-2BE5588ACD44, 2021-02-03T10:07:53, false
E2C7259B-02FE-4FAD-B3F6-2BE5588ACD44, 2021-02-03T10:08:53, false
E2C7259B-02FE-4FAD-B3F6-2BE5588ACD44, 2021-02-03T10:09:53, false
E2C7259B-02FE-4FAD-B3F6-2BE5588ACD44, 2021-02-03T10:10:53, false
E2C7259B-02FE-4FAD-B3F6-2BE5588ACD44, 2021-02-03T10:11:53, false
E2C7259B-02FE-4FAD-B3F6-2BE5588ACD44, 2021-02-03T10:12:53, false
E2C7259B-02FE-4FAD-B3F6-2BE5588ACD44, 2021-02-03T10:13:53, false
E2C7259B-02FE-4FAD-B3F6-2BE5588ACD44, 2021-02-03T10:14:53, false
E2C7259B-02FE-4FAD-B3F6-2BE5588ACD44, 2021-02-03T10:15:53, false
E2C7259B-02FE-4FAD-B3F6-2BE5588ACD44, 2021-02-03T10:16:53, false
E2C7259B-02FE-4FAD-B3F6-2BE5588ACD44, 2021-02-03T10:17:53, false
E2C7259B-02FE-4FAD-B3F6-2BE5588ACD44, 2021-02-03T10:18:53, false
E2C7259B-02FE-4FAD-B3F6-2BE5588ACD44, 2021-02-03T10:19:53, false
E2C7259B-02FE-4FAD-B3F6-2BE5588ACD44, 2021-02-03T10:20:53, false
E2C7259B-02FE-4FAD-B3F6-2BE5588ACD44, 2021-02-03T10:21:53, false
E2C7259B-02FE-4FAD-B3F6-2BE5588ACD44, 2021-02-03T10:22:53, false
E2C7259B-02FE-4FAD-B3F6-2BE5588ACD44, 2021-02-03T10:23:53, false
E2C7259B-02FE-4FAD-B3F6-2BE5588ACD44, 2021-02-03T10:24:53, false
E2C7259B-02FE-4FAD-B3F6-2BE5588ACD44, 2021-02-03T10:25:53, false
E2C7259B-02FE-4FAD-B3F6-2BE5588ACD44, 2021-02-03T10:26:53, false
E2C7259B-02FE-4FAD-B3F6-2BE5588ACD44, 2021-02-03T10:27:53, false
E2C7259B-02FE-4FAD-B3F6-2BE5588ACD44, 2021-02-03T10:28:53, false
E2C7259B-02FE-4FAD-B3F6-2BE5588ACD44, 2021-02-03T10:29:53, false
E2C7259B-02FE-4FAD-B3F6-2BE5588ACD44, 2021-02-03T10:30:53, false
E2C7259B-02FE-4FAD-B3F6-2BE5588ACD44, 2021-02-03T10:31:53, false
E2C7259B-02FE-4FAD-B3F6-2BE5588ACD44, 2021-02-03T10:32:53, false
E2C7259B-02FE-4FAD-B3F6-2BE5588ACD44, 2021-02-03T10:33:53, false
E2C7259B-02FE-4FAD-B3F6-2BE5588ACD44, 2021-02-03T10:34:53, false
E2C7259B-02FE-4FAD-B3F6-2BE5588ACD44, 2021-02-03T10:35:53, false
E2C7259B-02FE-4FAD-B3F6-2BE5588ACD44, 2021-02-03T10:36:53, false
E2C7259B-02FE-4FAD-B3F6-2BE5588ACD44, 2021-02-03T10:37:53, false
E2C7259B-02FE-4FAD-B3F6-2BE5588ACD44, 2021-02-03T10:38:53, false
E2C7259B-02FE-4FAD-B3F6-2BE5588ACD44, 2021-02-03T10:39:53, false
E2C7259B-02FE-4FAD-B3F6-2BE5588ACD44, 2021-02-03T10:40:53, false
E2C7259B-02FE-4FAD-B3F6-2BE5588ACD44, 2021-02-03T10:41:53, false
E2C7259B-02FE-4FAD-B3F6-2BE5588ACD44, 2021-02-03T10:42:53, false
E2C7259B-02FE-4FAD-B3F6-2BE5588ACD44, 2021-02-03T10:43:53, false
E2C7259B-02FE-4FAD-B3F6-2BE5588ACD44, 2021-02-03T10:44:53, false
E2C7259B-02FE-4FAD-B3F6-2BE5588ACD44, 2021-02-03T10:45:53, false
E2C7259B-02FE-4FAD-B3F6-2BE5588ACD44, 2021-02-03T10:46:53, false
E2C7259B-02FE-4FAD-B3F6-2BE5588ACD44, 2021-02-03T10:47:53, false
E2C7259B-02FE-4FAD-B3F6-2BE5588ACD44, 2021-02-03T10:48:53, false
E2C7259B-02FE-4FAD-B3F6-2BE5588ACD44, 2021-02-03T10:49:53, false
E2C7259B-02FE-4FAD-B3F6-2BE5588ACD44, 2021-02-03T10:50:53, false
E2C7259B-02FE-4FAD-B3F6-2BE5588ACD44, 2021-02-03T10:51:53, false
E2C7259B-02FE-4FAD-B3F6-2BE5588ACD44, 2021-02-03T10:52:53, false
E2C7259B-02FE-4FAD-B3F6-2BE5588ACD44, 2021-02-03T10:53:53, false
E2C7259B-02FE-4FAD-B3F6-2BE5588ACD44, 2021-02-03T10:54:53, false
E2C7259B-02FE-4FAD-B3F6-2BE5588ACD44, 2021-02-03T10:55:53, false
E2C7259B-02FE-4FAD-B3F6-2BE5588ACD44, 2021-02-03T10:56:53, false
E2C7259B-02FE-4FAD-B3F6-2BE5588ACD44, 2021-02-03T10:57:53, false
E2C7259B-02FE-4FAD-B3F6-2BE5588ACD44, 2021-02-03T10:58:53, false
E2C7259B-02FE-4FAD-B3F6-2BE5588ACD44, 2021-02-03T10:59:53, false
E2C7259B-02FE-4FAD-B3F6-2BE5588ACD44, 2021-02-03T11:00:53, false
E2C7259B-02FE-4FAD-B3F6-2BE5588ACD44, 2021-02-03T11:01:53, false
E2C7259B-02FE-4FAD-B3F6-2BE5588ACD44, 2021-02-03T11:02:53, false
E2C7259B-02FE-4FAD-B3F6-2BE5588ACD44, 2021-02-03T11:03:53, false
E2C7259B-02FE-4FAD-B3F6-2BE5588ACD44, 2021-02-03T11:04:53, false
E2C7259B-02FE-4FAD-B3F6-2BE5588ACD44, 2021-02-03T11:05:53, false
E2C7259B-02FE-4FAD-B3F6-2BE5588ACD44, 2021-02-03T11:06:53, false
E2C7259B-02FE-4FAD-B3F6-2BE5588ACD44, 2021-02-03T11:07:53, false
E2C7259B-02FE-4FAD-B3F6-2BE5588ACD44, 2021-02-03T11:08:53, false
E2C7259B-02FE-4FAD-B3F6-2BE5588ACD44, 2021-02-03T11:09:53, false
E2C7259B-02FE-4FAD-B3F6-2BE5588ACD44, 2021-02-03T11:10:53, false
E2C7259B-02FE-4FAD-B3F6-2BE5588ACD44, 2021-02-03T11:11:53, false
E2C7259B-02FE-4FAD-B3F6-2BE5588ACD44, 2021-02-03T11:12:53, false
E2C7259B-02FE-4FAD-B3F6-2BE5588ACD44, 2021-02-03T11:13:53, false
E2C7259B-02FE-4FAD-B3F6-2BE5588ACD44, 2021-02-03T11:14:53, false
E2C7259B-02FE-4FAD-B3F6-2BE5588ACD44, 2021-02-03T11:15:53, false
E2C7259B-02FE-4FAD-B3F6-2BE5588ACD44, 2021-02-03T11:16:53, false
E2C7259B-02FE-4FAD-B3F6-2BE5588ACD44, 2021-02-03T11:17:53, false
E2C7259B-02FE-4FAD-B3F6-2BE5588ACD44, 2021-02-03T11:18:53, false
E2C7259B-02FE-4FAD-B3F6-2BE5588ACD44, 2021-02-03T11:19:53, false
E2C7259B-02FE-4FAD-B3F6-2BE5588ACD44, 2021-02-03T11:20:53, false
E2C7259B-02FE-4FAD-B3F6-2BE5588ACD44, 2021-02-03T11:21:53, false
E2C7259B-02FE-4FAD-B3F6-2BE5588ACD44, 2021-02-03T11:22:53, false
E2C7259B-02FE-4FAD-B3F6-2BE5588ACD44, 2021-02-03T11:23:53, false
E2C7259B-02FE-4FAD-B3F6-2BE5588ACD44, 2021-02-03T11:24:53, false
E2C7259B-02FE-4FAD-B3F6-2BE5588ACD44, 2021-02-03T11:25:53, false
E2C7259B-02FE-4FAD-B3F6-2BE5588ACD44, 2021-02-03T11:26:53, false
E2C7259B-02FE-4FAD-B3F6-2BE5588ACD44, 2021-02-03T11:27:53, false
E2C7259B-02FE-4FAD-B3F6-2BE5588ACD44, 2021-02-03T11:28:53, false
E2C7259B-02FE-4FAD-B3F6-2BE5588ACD44, 2021-02-03T11:29:53, false
E2C7259B-02FE-4FAD-B3F6-2BE5588ACD44, 2021-02-03T11:30:53, false
E2C7259B-02FE-4FAD-B3F6-2BE5588ACD44, 2021-02-03T11:31:53, false
E2C7259B-02FE-4FAD-B3F6-2BE5588ACD44, 2021-02-03T11:32:53, false
E2C7259B-02FE-4FAD-B3F6-2BE5588ACD44, 2021-02-03T11:33:53, false
E2C7259B-02FE-4FAD-B3F6-2BE5588ACD44, 2021-02-03T11:34:53, false
E2C7259B-02FE-4FAD-B3F6-2BE5588ACD44, 2021-02-03T11:35:53, false
E2C7259B-02FE-4FAD-B3F6-2BE5588ACD44, 2021-02-03T11:36:53, false
E2C7259B-02FE-4FAD-B3F6-2BE5588ACD44, 2021-02-03T11:37:53, false
E2C7259B-02FE-4FAD-B3F6-2BE5588ACD44, 2021-02-03T11:38:53, false
E2C7259B-02FE-4FAD-B3F6-2BE5588ACD44, 2021-02-03T11:39:53, false
E2C7259B-02FE-4FAD-B3F6-2BE5588ACD44, 2021-02-03T11:40:53, false
E2C7259B-02FE-4FAD-B3F6-2BE5588ACD44, 2021-02-03T11:41:53, false
E2C7259B-02FE-4FAD-B3F6-2BE5588ACD44, 2021-02-03T11:42:53, false
E2C7259B-02FE-4FAD-B3F6-2BE5588ACD44, 2021-02-03T11:43:53, false
E2C7259B-02FE-4FAD-B3F6-2BE5588ACD44, 2021-02-03T11:44:53, false
E2C7259B-02FE-4FAD-B3F6-2BE5588ACD44, 2021-02-03T11:45:53, false
E2C7259B-02FE-4FAD-B3F6-2BE5588ACD44, 2021-02-03T11:46:53, false
E2C7259B-02FE-4FAD-B3F6-2BE5588ACD44, 2021-02-03T11:47:53, false
E2C7259B-02FE-4FAD-B3F6-2BE5588ACD44, 2021-02-03T11:48:53, false
E2C7259B-02FE-4FAD-B3F6-2BE5588ACD44, 2021-02-03T11:49:53, false
E2C7259B-02FE-4FAD-B3F6-2BE5588ACD44, 2021-02-03T11:50:53, false
E2C7259B-02FE-4FAD-B3F6-2BE5588ACD44, 2021-02-03T11:51:53, false
E2C7259B-02FE-4FAD-B3F6-2BE5588ACD44, 2021-02-03T11:52:53, false
E2C7259B-02FE-4FAD-B3F6-2BE5588ACD44, 2021-02-03T11:53:53, false
E2C7259B-02FE-4FAD-B3F6-2BE5588ACD44, 2021-02-03T11:54:53, false
E2C7259B-02FE-4FAD-B3F6-2BE5588ACD44, 2021-02-03T11:55:53, false
E2C7259B-02FE-4FAD-B3F6-2BE5588ACD44, 2021-02-03T11:56:53, false
E2C7259B-02FE-4FAD-B3F6-2BE5588ACD44, 2021-02-03T11:57:53, false
E2C7259B-02FE-4FAD-B3F6-2BE5588ACD44, 2021-02-03T11:58:53, false
E2C7259B-02FE-4FAD-B3F6-2BE5588ACD44, 2021-02-03T11:59:53, false
E2C7259B-02FE-4FAD-B3F6-2BE5588ACD44, 2021-02-03T12:00:53, false
E2C7259B-02FE-4FAD-B3F6-2BE5588ACD44, 2021-02-03T12:01:53, false
E2C7259B-02FE-4FAD-B3F6-2BE5588ACD44, 2021-02-03T12:02:53, false
E2C7259B-02FE-4FAD-B3F6-2BE5588ACD44, 2021-02-03T12:03:53, false
E2C7259B-02FE-4FAD-B3F6-2BE5588ACD44, 2021-02-03T12:04:53, false
E2C7259B-02FE-4FAD-B3F6-2BE5588ACD44, 2021-02-03T12:05:53, false
E2C7259B-02FE-4FAD-B3F6-2BE5588ACD44, 2021-02-03T12:06:53, false
E2C7259B-02FE-4FAD-B3F6-2BE5588ACD44, 2021-02-03T12:07:53, false
E2C7259B-02FE-4FAD-B3F6-2BE5588ACD44, 2021-02-03T12:08:53, false
E2C7259B-02FE-4FAD-B3F6-2BE5588ACD44, 2021-02-03T12:09:53, false
E2C7259B-02FE-4FAD-B3F6-2BE5588ACD44, 2021-02-03T12:10:53, false
E2C7259B-02FE-4FAD-B3F6-2BE5588ACD44, 2021-02-03T12:11:53, false
E2C7259B-02FE-4FAD-B3F6-2BE5588ACD44, 2021-02-03T12:12:53, false
E2C7259B-02FE-4FAD-B3F6-2BE5588ACD44, 2021-02-03T12:13:53, false
E2C7259B-02FE-4FAD-B3F6-2BE5588ACD44, 2021-02-03T12:14:53, false
E2C7259B-02FE-4FAD-B3F6-2BE5588ACD44, 2021-02-03T12:15:53, false
E2C7259B-02FE-4FAD-B3F6-2BE5588ACD44, 2021-02-03T12:16:53, false
E2C7259B-02FE-4FAD-B3F6-2BE5588ACD44, 2021-02-03T12:17:53, false
E2C7259B-02FE-4FAD-B3F6-2BE5588ACD44, 2021-02-03T12:18:53, false
E2C7259B-02FE-4FAD-B3F6-2BE5588ACD44, 2021-02-03T12:19:53, false
E2C7259B-02FE-4FAD-B3F6-2BE5588ACD44, 2021-02-03T12:20:53, false
E2C7259B-02FE-4FAD-B3F6-2BE5588ACD44, 2021-02-03T12:21:53, false
E2C7259B-02FE-4FAD-B3F6-2BE5588ACD44, 2021-02-03T12:22:53, false
E2C7259B-02FE-4FAD-B3F6-2BE5588ACD44, 2021-02-03T12:23:53, false
E2C7259B-02FE-4FAD-B3F6-2BE5588ACD44, 2021-02-03T12:24:53, false
E2C7259B-02FE-4FAD-B3F6-2BE5588ACD44, 2021-02-03T12:25:53, false
E2C7259B-02FE-4FAD-B3F6-2BE5588ACD44, 2021-02-03T12:26:53, false
E2C7259B-02FE-4FAD-B3F6-2BE5588ACD44, 2021-02-03T12:27:53, false
E2C7259B-02FE-4FAD-B3F6-2BE5588ACD44, 2021-02-03T12:28:53, false
E2C7259B-02FE-4FAD-B3F6-2BE5588ACD44, 2021-02-03T12:29:53, false
E2C7259B-02FE-4FAD-B3F6-2BE5588ACD44, 2021-02-03T12:30:53, false
E2C7259B-02FE-4FAD-B3F6-2BE5588ACD44, 2021-02-03T12:31:53, false
E2C7259B-02FE-4FAD-B3F6-2BE5588ACD44, 2021-02-03T12:32:53, false
E2C7259B-02FE-4FAD-B3F6-2BE5588ACD44, 2021-02-03T12:33:53, false
E2C7259B-02FE-4FAD-B3F6-2BE5588ACD44, 2021-02-03T12:34:53, false
E2C7259B-02FE-4FAD-B3F6-2BE5588ACD44, 2021-02-03T12:35:53, false
E2C7259B-02FE-4FAD-B3F6-2BE5588ACD44, 2021-02-03T12:36:53, false
E2C7259B-02FE-4FAD-B3F6-2BE5588ACD44, 2021-02-03T12:37:53, false
E2C7259B-02FE-4FAD-B3F6-2BE5588ACD44, 2021-02-03T12:38:53, false
E2C7259B-02FE-4FAD-B3F6-2BE5588ACD44, 2021-02-03T12:39:53, false
E2C7259B-02FE-4FAD-B3F6-2BE5588ACD44, 2021-02-03T12:40:53, false
E2C7259B-02FE-4FAD-B3F6-2BE5588ACD44, 2021-02-03T12:41:53, false
E2C7259B-02FE-4FAD-B3F6-2BE5588ACD44, 2021-02-03T12:42:53, false
E2C7259B-02FE-4FAD-B3F6-2BE5588ACD44, 2021-02-03T12:43:53, false
E2C7259B-02FE-4FAD-B3F6-2BE5588ACD44, 2021-02-03T12:44:53, false
E2C7259B-02FE-4FAD-B3F6-2BE5588ACD44, 2021-02-03T12:45:53, false
E2C7259B-02FE-4FAD-B3F6-2BE5588ACD44, 2021-02-03T12:46:53, false
E2C7259B-02FE-4FAD-B3F6-2BE5588ACD44, 2021-02-03T12:47:53, false
E2C7259B-02FE-4FAD-B3F6-2BE5588ACD44, 2021-02-03T12:48:53, false
E2C7259B-02FE-4FAD-B3F6-2BE5588ACD44, 2021-02-03T12:49:53, false
E2C7259B-02FE-4FAD-B3F6-2BE5588ACD44, 2021-02-03T12:50:53, false
E2C7259B-02FE-4FAD-B3F6-2BE5588ACD44, 2021-02-03T12:51:53, false
E2C7259B-02FE-4FAD-B3F6-2BE5588ACD44, 2021-02-03T12:52:53, false
E2C7259B-02FE-4FAD-B3F6-2BE5588ACD44, 2021-02-03T12:53:53, false
E2C7259B-02FE-4FAD-B3F6-2BE5588ACD44, 2021-02-03T12:54:53, false
E2C7259B-02FE-4FAD-B3F6-2BE5588ACD44, 2021-02-03T12:55:53, false
E2C7259B-02FE-4FAD-B3F6-2BE5588ACD44, 2021-02-03T12:56:53, false
E2C7259B-02FE-4FAD-B3F6-2BE5588ACD44, 2021-02-03T12:57:53, false
E2C7259B-02FE-4FAD-B3F6-2BE5588ACD44, 2021-02-03T12:58:53, false
E2C7259B-02FE-4FAD-B3F6-2BE5588ACD44, 2021-02-03T12:59:53, false
E2C7259B-02FE-4FAD-B3F6-2BE5588ACD44, 2021-02-03T13:00:53, false
E2C7259B-02FE-4FAD-B3F6-2BE5588ACD44, 2021-02-03T13:01:53, false
E2C7259B-02FE-4FAD-B3F6-2BE5588ACD44, 2021-02-03T13:02:53, false
E2C7259B-02FE-4FAD-B3F6-2BE5588ACD44, 2021-02-03T13:03:53, false
E2C7259B-02FE-4FAD-B3F6-2BE5588ACD44, 2021-02-03T13:04:53, false
E2C7259B-02FE-4FAD-B3F6-2BE5588ACD44, 2021-02-03T13:05:53, false
E2C7259B-02FE-4FAD-B3F6-2BE5588ACD44, 2021-02-03T13:06:53, false
E2C7259B-02FE-4FAD-B3F6-2BE5588ACD44, 2021-02-03T13:07:53, false
E2C7259B-02FE-4FAD-B3F6-2BE5588ACD44, 2021-02-03T13:08:53, false
E2C7259B-02FE-4FAD-B3F6-2BE5588ACD44, 2021-02-03T13:09:53, false
E2C7259B-02FE-4FAD-B3F6-2BE5588ACD44, 2021-02-03T13:10:53, false
E2C7259B-02FE-4FAD-B3F6-2BE5588ACD44, 2021-02-03T13:11:53, false
E2C7259B-02FE-4FAD-B3F6-2BE5588ACD44, 2021-02-03T13:12:53, false
E2C7259B-02FE-4FAD-B3F6-2BE5588ACD44, 2021-02-03T13:13:53, false
E2C7259B-02FE-4FAD-B3F6-2BE5588ACD44, 2021-02-03T13:14:53, false
E2C7259B-02FE-4FAD-B3F6-2BE5588ACD44, 2021-02-03T13:15:53, false
E2C7259B-02FE-4FAD-B3F6-2BE5588ACD44, 2021-02-03T13:16:53, false
E2C7259B-02FE-4FAD-B3F6-2BE5588ACD44, 2021-02-03T13:17:53, false
E2C7259B-02FE-4FAD-B3F6-2BE5588ACD44, 2021-02-03T13:18:53, false
E2C7259B-02FE-4FAD-B3F6-2BE5588ACD44, 2021-02-03T13:19:53, false
E2C7259B-02FE-4FAD-B3F6-2BE5588ACD44, 2021-02-03T13:20:53, false
E2C7259B-02FE-4FAD-B3F6-2BE5588ACD44, 2021-02-03T13:21:53, false
E2C7259B-02FE-4FAD-B3F6-2BE5588ACD44, 2021-02-03T13:22:53, false
E2C7259B-02FE-4FAD-B3F6-2BE5588ACD44, 2021-02-03T13:23:53, false
E2C7259B-02FE-4FAD-B3F6-2BE5588ACD44, 2021-02-03T13:24:53, false
E2C7259B-02FE-4FAD-B3F6-2BE5588ACD44, 2021-02-03T13:25:53, false
E2C7259B-02FE-4FAD-B3F6-2BE5588ACD44, 2021-02-03T13:26:53, false
E2C7259B-02FE-4FAD-B3F6-2BE5588ACD44, 2021-02-03T13:27:53, false
E2C7259B-02FE-4FAD-B3F6-2BE5588ACD44, 2021-02-03T13:28:53, false
E2C7259B-02FE-4FAD-B3F6-2BE5588ACD44, 2021-02-03T13:29:53, false
E2C7259B-02FE-4FAD-B3F6-2BE5588ACD44, 2021-02-03T13:30:53, false
E2C7259B-02FE-4FAD-B3F6-2BE5588ACD44, 2021-02-03T13:31:53, false
E2C7259B-02FE-4FAD-B3F6-2BE5588ACD44, 2021-02-03T13:32:53, false
E2C7259B-02FE-4FAD-B3F6-2BE5588ACD44, 2021-02-03T13:33:53, false
E2C7259B-02FE-4FAD-B3F6-2BE5588ACD44, 2021-02-03T13:34:53, false
E2C7259B-02FE-4FAD-B3F6-2BE5588ACD44, 2021-02-03T13:35:53, false
E2C7259B-02FE-4FAD-B3F6-2BE5588ACD44, 2021-02-03T13:36:53, false
E2C7259B-02FE-4FAD-B3F6-2BE5588ACD44, 2021-02-03T13:37:53, false
E2C7259B-02FE-4FAD-B3F6-2BE5588ACD44, 2021-02-03T13:38:53, false
E2C7259B-02FE-4FAD-B3F6-2BE5588ACD44, 2021-02-03T13:39:53, false
E2C7259B-02FE-4FAD-B3F6-2BE5588ACD44, 2021-02-03T13:40:53, false
E2C7259B-02FE-4FAD-B3F6-2BE5588ACD44, 2021-02-03T13:41:53, false
E2C7259B-02FE-4FAD-B3F6-2BE5588ACD44, 2021-02-03T13:42:53, false
E2C7259B-02FE-4FAD-B3F6-2BE5588ACD44, 2021-02-03T13:43:53, false
E2C7259B-02FE-4FAD-B3F6-2BE5588ACD44, 2021-02-03T13:44:53, false
E2C7259B-02FE-4FAD-B3F6-2BE5588ACD44, 2021-02-03T13:45:53, false
E2C7259B-02FE-4FAD-B3F6-2BE5588ACD44, 2021-02-03T13:46:53, false
E2C7259B-02FE-4FAD-B3F6-2BE5588ACD44, 2021-02-03T13:47:53, false
E2C7259B-02FE-4FAD-B3F6-2BE5588ACD44, 2021-02-03T13:48:53, false
E2C7259B-02FE-4FAD-B3F6-2BE5588ACD44, 2021-02-03T13:49:53, false
E2C7259B-02FE-4FAD-B3F6-2BE5588ACD44, 2021-02-03T13:50:53, false
E2C7259B-02FE-4FAD-B3F6-2BE5588ACD44, 2021-02-03T13:51:53, false
E2C7259B-02FE-4FAD-B3F6-2BE5588ACD44, 2021-02-03T13:52:53, false
E2C7259B-02FE-4FAD-B3F6-2BE5588ACD44, 2021-02-03T13:53:53, false
E2C7259B-02FE-4FAD-B3F6-2BE5588ACD44, 2021-02-03T13:54:53, false
E2C7259B-02FE-4FAD-B3F6-2BE5588ACD44, 2021-02-03T13:55:53, false
E2C7259B-02FE-4FAD-B3F6-2BE5588ACD44, 2021-02-03T13:56:53, false
E2C7259B-02FE-4FAD-B3F6-2BE5588ACD44, 2021-02-03T13:57:53, false
E2C7259B-02FE-4FAD-B3F6-2BE5588ACD44, 2021-02-03T13:58:53, false
E2C7259B-02FE-4FAD-B3F6-2BE5588ACD44, 2021-02-03T13:59:53, false
E2C7259B-02FE-4FAD-B3F6-2BE5588ACD44, 2021-02-03T14:00:53, false
E2C7259B-02FE-4FAD-B3F6-2BE5588ACD44, 2021-02-03T14:01:53, false
E2C7259B-02FE-4FAD-B3F6-2BE5588ACD44, 2021-02-03T14:02:53, false
E2C7259B-02FE-4FAD-B3F6-2BE5588ACD44, 2021-02-03T14:03:53, false
E2C7259B-02FE-4FAD-B3F6-2BE5588ACD44, 2021-02-03T14:04:53, false
E2C7259B-02FE-4FAD-B3F6-2BE5588ACD44, 2021-02-03T14:05:53, false
E2C7259B-02FE-4FAD-B3F6-2BE5588ACD44, 2021-02-03T14:06:53, false
E2C7259B-02FE-4FAD-B3F6-2BE5588ACD44, 2021-02-03T14:07:53, false
E2C7259B-02FE-4FAD-B3F6-2BE5588ACD44, 2021-02-03T14:08:53, false
E2C7259B-02FE-4FAD-B3F6-2BE5588ACD44, 2021-02-03T14:09:53, false
E2C7259B-02FE-4FAD-B3F6-2BE5588ACD44, 2021-02-03T14:10:53, false
E2C7259B-02FE-4FAD-B3F6-2BE5588ACD44, 2021-02-03T14:11:53, false
E2C7259B-02FE-4FAD-B3F6-2BE5588ACD44, 2021-02-03T14:12:53, false
E2C7259B-02FE-4FAD-B3F6-2BE5588ACD44, 2021-02-03T14:13:53, false
E2C7259B-02FE-4FAD-B3F6-2BE5588ACD44, 2021-02-03T14:14:53, false
E2C7259B-02FE-4FAD-B3F6-2BE5588ACD44, 2021-02-03T14:15:53, false
E2C7259B-02FE-4FAD-B3F6-2BE5588ACD44, 2021-02-03T14:16:53, false
E2C7259B-02FE-4FAD-B3F6-2BE5588ACD44, 2021-02-03T14:17:53, false
E2C7259B-02FE-4FAD-B3F6-2BE5588ACD44, 2021-02-03T14:18:53, false
E2C7259B-02FE-4FAD-B3F6-2BE5588ACD44, 2021-02-03T14:19:53, false
E2C7259B-02FE-4FAD-B3F6-2BE5588ACD44, 2021-02-03T14:20:53, false
E2C7259B-02FE-4FAD-B3F6-2BE5588ACD44, 2021-02-03T14:21:53, false
E2C7259B-02FE-4FAD-B3F6-2BE5588ACD44, 2021-02-03T14:22:53, false
E2C7259B-02FE-4FAD-B3F6-2BE5588ACD44, 2021-02-03T14:23:53, false
E2C7259B-02FE-4FAD-B3F6-2BE5588ACD44, 2021-02-03T14:24:53, false
E2C7259B-02FE-4FAD-B3F6-2BE5588ACD44, 2021-02-03T14:25:53, false
E2C7259B-02FE-4FAD-B3F6-2BE5588ACD44, 2021-02-03T14:26:53, false
E2C7259B-02FE-4FAD-B3F6-2BE5588ACD44, 2021-02-03T14:27:53, false
E2C7259B-02FE-4FAD-B3F6-2BE5588ACD44, 2021-02-03T14:28:53, false
E2C7259B-02FE-4FAD-B3F6-2BE5588ACD44, 2021-02-03T14:29:53, false
E2C7259B-02FE-4FAD-B3F6-2BE5588ACD44, 2021-02-03T14:30:53, false
E2C7259B-02FE-4FAD-B3F6-2BE5588ACD44, 2021-02-03T14:31:53, false
E2C7259B-02FE-4FAD-B3F6-2BE5588ACD44, 2021-02-03T14:32:53, false
E2C7259B-02FE-4FAD-B3F6-2BE5588ACD44, 2021-02-03T14:33:53, false
E2C7259B-02FE-4FAD-B3F6-2BE5588ACD44, 2021-02-03T14:34:53, false
E2C7259B-02FE-4FAD-B3F6-2BE5588ACD44, 2021-02-03T14:35:53, false
E2C7259B-02FE-4FAD-B3F6-2BE5588ACD44, 2021-02-03T14:36:53, false
E2C7259B-02FE-4FAD-B3F6-2BE5588ACD44, 2021-02-03T14:37:53, false
E2C7259B-02FE-4FAD-B3F6-2BE5588ACD44, 2021-02-03T14:38:53, false
E2C7259B-02FE-4FAD-B3F6-2BE5588ACD44, 2021-02-03T14:39:53, false
E2C7259B-02FE-4FAD-B3F6-2BE5588ACD44, 2021-02-03T14:40:53, false
E2C7259B-02FE-4FAD-B3F6-2BE5588ACD44, 2021-02-03T14:41:53, false
E2C7259B-02FE-4FAD-B3F6-2BE5588ACD44, 2021-02-03T14:42:53, false
E2C7259B-02FE-4FAD-B3F6-2BE5588ACD44, 2021-02-03T14:43:53, false
E2C7259B-02FE-4FAD-B3F6-2BE5588ACD44, 2021-02-03T14:44:53, false
E2C7259B-02FE-4FAD-B3F6-2BE5588ACD44, 2021-02-03T14:45:53, false
E2C7259B-02FE-4FAD-B3F6-2BE5588ACD44, 2021-02-03T14:46:53, false
E2C7259B-02FE-4FAD-B3F6-2BE5588ACD44, 2021-02-03T14:47:53, false
E2C7259B-02FE-4FAD-B3F6-2BE5588ACD44, 2021-02-03T14:48:53, false
E2C7259B-02FE-4FAD-B3F6-2BE5588ACD44, 2021-02-03T14:49:53, false
E2C7259B-02FE-4FAD-B3F6-2BE5588ACD44, 2021-02-03T14:50:53, false
E2C7259B-02FE-4FAD-B3F6-2BE5588ACD44, 2021-02-03T14:51:53, false
E2C7259B-02FE-4FAD-B3F6-2BE5588ACD44, 2021-02-03T14:52:53, false
E2C7259B-02FE-4FAD-B3F6-2BE5588ACD44, 2021-02-03T14:53:53, false
E2C7259B-02FE-4FAD-B3F6-2BE5588ACD44, 2021-02-03T14:54:53, false
E2C7259B-02FE-4FAD-B3F6-2BE5588ACD44, 2021-02-03T14:55:53, false
E2C7259B-02FE-4FAD-B3F6-2BE5588ACD44, 2021-02-03T14:56:53, false
E2C7259B-02FE-4FAD-B3F6-2BE5588ACD44, 2021-02-03T14:57:53, false
E2C7259B-02FE-4FAD-B3F6-2BE5588ACD44, 2021-02-03T14:58:53, false
E2C7259B-02FE-4FAD-B3F6-2BE5588ACD44, 2021-02-03T14:59:53, false
E2C7259B-02FE-4FAD-B3F6-2BE5588ACD44, 2021-02-03T15:00:53, false
E2C7259B-02FE-4FAD-B3F6-2BE5588ACD44, 2021-02-03T15:01:53, false
E2C7259B-02FE-4FAD-B3F6-2BE5588ACD44, 2021-02-03T15:02:53, false
E2C7259B-02FE-4FAD-B3F6-2BE5588ACD44, 2021-02-03T15:03:53, false
E2C7259B-02FE-4FAD-B3F6-2BE5588ACD44, 2021-02-03T15:04:53, false
E2C7259B-02FE-4FAD-B3F6-2BE5588ACD44, 2021-02-03T15:05:53, false
E2C7259B-02FE-4FAD-B3F6-2BE5588ACD44, 2021-02-03T15:06:53, false
E2C7259B-02FE-4FAD-B3F6-2BE5588ACD44, 2021-02-03T15:07:53, false
E2C7259B-02FE-4FAD-B3F6-2BE5588ACD44, 2021-02-03T15:08:53, false
E2C7259B-02FE-4FAD-B3F6-2BE5588ACD44, 2021-02-03T15:09:53, false
E2C7259B-02FE-4FAD-B3F6-2BE5588ACD44, 2021-02-03T15:10:53, false
E2C7259B-02FE-4FAD-B3F6-2BE5588ACD44, 2021-02-03T15:11:53, false
E2C7259B-02FE-4FAD-B3F6-2BE5588ACD44, 2021-02-03T15:12:53, false
E2C7259B-02FE-4FAD-B3F6-2BE5588ACD44, 2021-02-03T15:13:53, false
E2C7259B-02FE-4FAD-B3F6-2BE5588ACD44, 2021-02-03T15:14:53, false
E2C7259B-02FE-4FAD-B3F6-2BE5588ACD44, 2021-02-03T15:15:53, false
E2C7259B-02FE-4FAD-B3F6-2BE5588ACD44, 2021-02-03T15:16:53, false
E2C7259B-02FE-4FAD-B3F6-2BE5588ACD44, 2021-02-03T15:17:53, false
E2C7259B-02FE-4FAD-B3F6-2BE5588ACD44, 2021-02-03T15:18:53, false
E2C7259B-02FE-4FAD-B3F6-2BE5588ACD44, 2021-02-03T15:19:53, false
E2C7259B-02FE-4FAD-B3F6-2BE5588ACD44, 2021-02-03T15:20:53, false
E2C7259B-02FE-4FAD-B3F6-2BE5588ACD44, 2021-02-03T15:21:53, false
E2C7259B-02FE-4FAD-B3F6-2BE5588ACD44, 2021-02-03T15:22:53, false
E2C7259B-02FE-4FAD-B3F6-2BE5588ACD44, 2021-02-03T15:23:53, false
E2C7259B-02FE-4FAD-B3F6-2BE5588ACD44, 2021-02-03T15:24:53, false
E2C7259B-02FE-4FAD-B3F6-2BE5588ACD44, 2021-02-03T15:25:53, false
E2C7259B-02FE-4FAD-B3F6-2BE5588ACD44, 2021-02-03T15:26:53, false
E2C7259B-02FE-4FAD-B3F6-2BE5588ACD44, 2021-02-03T15:27:53, false
E2C7259B-02FE-4FAD-B3F6-2BE5588ACD44, 2021-02-03T15:28:53, false
E2C7259B-02FE-4FAD-B3F6-2BE5588ACD44, 2021-02-03T15:29:53, false
E2C7259B-02FE-4FAD-B3F6-2BE5588ACD44, 2021-02-03T15:30:53, false
E2C7259B-02FE-4FAD-B3F6-2BE5588ACD44, 2021-02-03T15:31:53, false
E2C7259B-02FE-4FAD-B3F6-2BE5588ACD44, 2021-02-03T15:32:53, false
E2C7259B-02FE-4FAD-B3F6-2BE5588ACD44, 2021-02-03T15:33:53, false
E2C7259B-02FE-4FAD-B3F6-2BE5588ACD44, 2021-02-03T15:34:53, false
E2C7259B-02FE-4FAD-B3F6-2BE5588ACD44, 2021-02-03T15:35:53, false
E2C7259B-02FE-4FAD-B3F6-2BE5588ACD44, 2021-02-03T15:36:53, false
E2C7259B-02FE-4FAD-B3F6-2BE5588ACD44, 2021-02-03T15:37:53, false
E2C7259B-02FE-4FAD-B3F6-2BE5588ACD44, 2021-02-03T15:38:53, false
E2C7259B-02FE-4FAD-B3F6-2BE5588ACD44, 2021-02-03T15:39:53, false
E2C7259B-02FE-4FAD-B3F6-2BE5588ACD44, 2021-02-03T15:40:53, false
E2C7259B-02FE-4FAD-B3F6-2BE5588ACD44, 2021-02-03T15:41:53, false
E2C7259B-02FE-4FAD-B3F6-2BE5588ACD44, 2021-02-03T15:42:53, false
E2C7259B-02FE-4FAD-B3F6-2BE5588ACD44, 2021-02-03T15:43:53, false
E2C7259B-02FE-4FAD-B3F6-2BE5588ACD44, 2021-02-03T15:44:53, false
E2C7259B-02FE-4FAD-B3F6-2BE5588ACD44, 2021-02-03T15:45:53, false
E2C7259B-02FE-4FAD-B3F6-2BE5588ACD44, 2021-02-03T15:46:53, false
E2C7259B-02FE-4FAD-B3F6-2BE5588ACD44, 2021-02-03T15:47:53, false
E2C7259B-02FE-4FAD-B3F6-2BE5588ACD44, 2021-02-03T15:48:53, false
E2C7259B-02FE-4FAD-B3F6-2BE5588ACD44, 2021-02-03T15:49:53, false
E2C7259B-02FE-4FAD-B3F6-2BE5588ACD44, 2021-02-03T15:50:53, false
E2C7259B-02FE-4FAD-B3F6-2BE5588ACD44, 2021-02-03T15:51:53, false
E2C7259B-02FE-4FAD-B3F6-2BE5588ACD44, 2021-02-03T15:52:53, false
E2C7259B-02FE-4FAD-B3F6-2BE5588ACD44, 2021-02-03T15:53:53, false
E2C7259B-02FE-4FAD-B3F6-2BE5588ACD44, 2021-02-03T15:54:53, false
E2C7259B-02FE-4FAD-B3F6-2BE5588ACD44, 2021-02-03T15:55:53, false
E2C7259B-02FE-4FAD-B3F6-2BE5588ACD44, 2021-02-03T15:56:53, false
E2C7259B-02FE-4FAD-B3F6-2BE5588ACD44, 2021-02-03T15:57:53, false
E2C7259B-02FE-4FAD-B3F6-2BE5588ACD44, 2021-02-03T15:58:53, false
E2C7259B-02FE-4FAD-B3F6-2BE5588ACD44, 2021-02-03T15:59:53, false
E2C7259B-02FE-4FAD-B3F6-2BE5588ACD44, 2021-02-03T16:00:53, false
E2C7259B-02FE-4FAD-B3F6-2BE5588ACD44, 2021-02-03T16:01:53, false
E2C7259B-02FE-4FAD-B3F6-2BE5588ACD44, 2021-02-03T16:02:53, false
E2C7259B-02FE-4FAD-B3F6-2BE5588ACD44, 2021-02-03T16:03:53, false
E2C7259B-02FE-4FAD-B3F6-2BE5588ACD44, 2021-02-03T16:04:53, false
E2C7259B-02FE-4FAD-B3F6-2BE5588ACD44, 2021-02-03T16:05:53, false
E2C7259B-02FE-4FAD-B3F6-2BE5588ACD44, 2021-02-03T16:06:53, false
E2C7259B-02FE-4FAD-B3F6-2BE5588ACD44, 2021-02-03T16:07:53, false
E2C7259B-02FE-4FAD-B3F6-2BE5588ACD44, 2021-02-03T16:08:53, false
E2C7259B-02FE-4FAD-B3F6-2BE5588ACD44, 2021-02-03T16:09:53, false
E2C7259B-02FE-4FAD-B3F6-2BE5588ACD44, 2021-02-03T16:10:53, false
E2C7259B-02FE-4FAD-B3F6-2BE5588ACD44, 2021-02-03T16:11:53, false
E2C7259B-02FE-4FAD-B3F6-2BE5588ACD44, 2021-02-03T16:12:53, false
E2C7259B-02FE-4FAD-B3F6-2BE5588ACD44, 2021-02-03T16:13:53, false
E2C7259B-02FE-4FAD-B3F6-2BE5588ACD44, 2021-02-03T16:14:53, false
E2C7259B-02FE-4FAD-B3F6-2BE5588ACD44, 2021-02-03T16:15:53, false
E2C7259B-02FE-4FAD-B3F6-2BE5588ACD44, 2021-02-03T16:16:53, false
E2C7259B-02FE-4FAD-B3F6-2BE5588ACD44, 2021-02-03T16:17:53, false
E2C7259B-02FE-4FAD-B3F6-2BE5588ACD44, 2021-02-03T16:18:53, false
E2C7259B-02FE-4FAD-B3F6-2BE5588ACD44, 2021-02-03T16:19:53, false
E2C7259B-02FE-4FAD-B3F6-2BE5588ACD44, 2021-02-03T16:20:53, false
E2C7259B-02FE-4FAD-B3F6-2BE5588ACD44, 2021-02-03T16:21:53, false
E2C7259B-02FE-4FAD-B3F6-2BE5588ACD44, 2021-02-03T16:22:53, false
E2C7259B-02FE-4FAD-B3F6-2BE5588ACD44, 2021-02-03T16:23:53, false
E2C7259B-02FE-4FAD-B3F6-2BE5588ACD44, 2021-02-03T16:24:53, false
E2C7259B-02FE-4FAD-B3F6-2BE5588ACD44, 2021-02-03T16:25:53, false
E2C7259B-02FE-4FAD-B3F6-2BE5588ACD44, 2021-02-03T16:26:53, false
E2C7259B-02FE-4FAD-B3F6-2BE5588ACD44, 2021-02-03T16:27:53, false
E2C7259B-02FE-4FAD-B3F6-2BE5588ACD44, 2021-02-03T16:28:53, false
E2C7259B-02FE-4FAD-B3F6-2BE5588ACD44, 2021-02-03T16:29:53, false
E2C7259B-02FE-4FAD-B3F6-2BE5588ACD44, 2021-02-03T16:30:53, false
E2C7259B-02FE-4FAD-B3F6-2BE5588ACD44, 2021-02-03T16:31:53, false
E2C7259B-02FE-4FAD-B3F6-2BE5588ACD44, 2021-02-03T16:32:53, false
E2C7259B-02FE-4FAD-B3F6-2BE5588ACD44, 2021-02-03T16:33:53, false
E2C7259B-02FE-4FAD-B3F6-2BE5588ACD44, 2021-02-03T16:34:53, false
E2C7259B-02FE-4FAD-B3F6-2BE5588ACD44, 2021-02-03T16:35:53, false
E2C7259B-02FE-4FAD-B3F6-2BE5588ACD44, 2021-02-03T16:36:53, false
E2C7259B-02FE-4FAD-B3F6-2BE5588ACD44, 2021-02-03T16:37:53, false
E2C7259B-02FE-4FAD-B3F6-2BE5588ACD44, 2021-02-03T16:38:53, false
E2C7259B-02FE-4FAD-B3F6-2BE5588ACD44, 2021-02-03T16:39:53, false
E2C7259B-02FE-4FAD-B3F6-2BE5588ACD44, 2021-02-03T16:40:53, false
E2C7259B-02FE-4FAD-B3F6-2BE5588ACD44, 2021-02-03T16:41:53, false
E2C7259B-02FE-4FAD-B3F6-2BE5588ACD44, 2021-02-03T16:42:53, false
E2C7259B-02FE-4FAD-B3F6-2BE5588ACD44, 2021-02-03T16:43:53, false
E2C7259B-02FE-4FAD-B3F6-2BE5588ACD44, 2021-02-03T16:44:53, false
E2C7259B-02FE-4FAD-B3F6-2BE5588ACD44, 2021-02-03T16:45:53, false
E2C7259B-02FE-4FAD-B3F6-2BE5588ACD44, 2021-02-03T16:46:53, false
E2C7259B-02FE-4FAD-B3F6-2BE5588ACD44, 2021-02-03T16:47:53, false
E2C7259B-02FE-4FAD-B3F6-2BE5588ACD44, 2021-02-03T16:48:53, false
E2C7259B-02FE-4FAD-B3F6-2BE5588ACD44, 2021-02-03T16:49:53, false
E2C7259B-02FE-4FAD-B3F6-2BE5588ACD44, 2021-02-03T16:50:53, false
E2C7259B-02FE-4FAD-B3F6-2BE5588ACD44, 2021-02-03T16:51:53, false
E2C7259B-02FE-4FAD-B3F6-2BE5588ACD44, 2021-02-03T16:52:53, false
E2C7259B-02FE-4FAD-B3F6-2BE5588ACD44, 2021-02-03T16:53:53, false
E2C7259B-02FE-4FAD-B3F6-2BE5588ACD44, 2021-02-03T16:54:53, false
E2C7259B-02FE-4FAD-B3F6-2BE5588ACD44, 2021-02-03T16:55:53, false
E2C7259B-02FE-4FAD-B3F6-2BE5588ACD44, 2021-02-03T16:56:53, false
E2C7259B-02FE-4FAD-B3F6-2BE5588ACD44, 2021-02-03T16:57:53, false
E2C7259B-02FE-4FAD-B3F6-2BE5588ACD44, 2021-02-03T16:58:53, false
E2C7259B-02FE-4FAD-B3F6-2BE5588ACD44, 2021-02-03T16:59:53, false
E2C7259B-02FE-4FAD-B3F6-2BE5588ACD44, 2021-02-03T17:00:53, false
E2C7259B-02FE-4FAD-B3F6-2BE5588ACD44, 2021-02-03T17:01:53, false
E2C7259B-02FE-4FAD-B3F6-2BE5588ACD44, 2021-02-03T17:02:53, false
E2C7259B-02FE-4FAD-B3F6-2BE5588ACD44, 2021-02-03T17:03:53, false
E2C7259B-02FE-4FAD-B3F6-2BE5588ACD44, 2021-02-03T17:04:53, false
E2C7259B-02FE-4FAD-B3F6-2BE5588ACD44, 2021-02-03T17:05:53, false
E2C7259B-02FE-4FAD-B3F6-2BE5588ACD44, 2021-02-03T17:06:53, false
E2C7259B-02FE-4FAD-B3F6-2BE5588ACD44, 2021-02-03T17:07:53, false
E2C7259B-02FE-4FAD-B3F6-2BE5588ACD44, 2021-02-03T17:08:53, false
E2C7259B-02FE-4FAD-B3F6-2BE5588ACD44, 2021-02-03T17:09:53, false
E2C7259B-02FE-4FAD-B3F6-2BE5588ACD44, 2021-02-03T17:10:53, false
E2C7259B-02FE-4FAD-B3F6-2BE5588ACD44, 2021-02-03T17:11:53, false
E2C7259B-02FE-4FAD-B3F6-2BE5588ACD44, 2021-02-03T17:12:53, false
E2C7259B-02FE-4FAD-B3F6-2BE5588ACD44, 2021-02-03T17:13:53, false
E2C7259B-02FE-4FAD-B3F6-2BE5588ACD44, 2021-02-03T17:14:53, false
E2C7259B-02FE-4FAD-B3F6-2BE5588ACD44, 2021-02-03T17:15:53, false
E2C7259B-02FE-4FAD-B3F6-2BE5588ACD44, 2021-02-03T17:16:53, false
E2C7259B-02FE-4FAD-B3F6-2BE5588ACD44, 2021-02-03T17:17:53, false
E2C7259B-02FE-4FAD-B3F6-2BE5588ACD44, 2021-02-03T17:18:53, false
E2C7259B-02FE-4FAD-B3F6-2BE5588ACD44, 2021-02-03T17:19:53, false
E2C7259B-02FE-4FAD-B3F6-2BE5588ACD44, 2021-02-03T17:20:53, false
E2C7259B-02FE-4FAD-B3F6-2BE5588ACD44, 2021-02-03T17:21:53, false
E2C7259B-02FE-4FAD-B3F6-2BE5588ACD44, 2021-02-03T17:22:53, false
E2C7259B-02FE-4FAD-B3F6-2BE5588ACD44, 2021-02-03T17:23:53, false
E2C7259B-02FE-4FAD-B3F6-2BE5588ACD44, 2021-02-03T17:24:53, false
E2C7259B-02FE-4FAD-B3F6-2BE5588ACD44, 2021-02-03T17:25:53, false
E2C7259B-02FE-4FAD-B3F6-2BE5588ACD44, 2021-02-03T17:26:53, false
E2C7259B-02FE-4FAD-B3F6-2BE5588ACD44, 2021-02-03T17:27:53, false
E2C7259B-02FE-4FAD-B3F6-2BE5588ACD44, 2021-02-03T17:28:53, false
E2C7259B-02FE-4FAD-B3F6-2BE5588ACD44, 2021-02-03T17:29:53, false
E2C7259B-02FE-4FAD-B3F6-2BE5588ACD44, 2021-02-03T17:30:53, false
E2C7259B-02FE-4FAD-B3F6-2BE5588ACD44, 2021-02-03T17:31:53, false
E2C7259B-02FE-4FAD-B3F6-2BE5588ACD44, 2021-02-03T17:32:53, false
E2C7259B-02FE-4FAD-B3F6-2BE5588ACD44, 2021-02-03T17:33:53, false
E2C7259B-02FE-4FAD-B3F6-2BE5588ACD44, 2021-02-03T17:34:53, false
E2C7259B-02FE-4FAD-B3F6-2BE5588ACD44, 2021-02-03T17:35:53, false
E2C7259B-02FE-4FAD-B3F6-2BE5588ACD44, 2021-02-03T17:36:53, false
E2C7259B-02FE-4FAD-B3F6-2BE5588ACD44, 2021-02-03T17:37:53, false
E2C7259B-02FE-4FAD-B3F6-2BE5588ACD44, 2021-02-03T17:38:53, false
E2C7259B-02FE-4FAD-B3F6-2BE5588ACD44, 2021-02-03T17:39:53, false
E2C7259B-02FE-4FAD-B3F6-2BE5588ACD44, 2021-02-03T17:40:53, false
E2C7259B-02FE-4FAD-B3F6-2BE5588ACD44, 2021-02-03T17:41:53, false
E2C7259B-02FE-4FAD-B3F6-2BE5588ACD44, 2021-02-03T17:42:53, false
E2C7259B-02FE-4FAD-B3F6-2BE5588ACD44, 2021-02-03T17:43:53, false
E2C7259B-02FE-4FAD-B3F6-2BE5588ACD44, 2021-02-03T17:44:53, false
E2C7259B-02FE-4FAD-B3F6-2BE5588ACD44, 2021-02-03T17:45:53, false
E2C7259B-02FE-4FAD-B3F6-2BE5588ACD44, 2021-02-03T17:46:53, false
E2C7259B-02FE-4FAD-B3F6-2BE5588ACD44, 2021-02-03T17:47:53, false
E2C7259B-02FE-4FAD-B3F6-2BE5588ACD44, 2021-02-03T17:48:53, false
E2C7259B-02FE-4FAD-B3F6-2BE5588ACD44, 2021-02-03T17:49:53, false
E2C7259B-02FE-4FAD-B3F6-2BE5588ACD44, 2021-02-03T17:50:53, false
E2C7259B-02FE-4FAD-B3F6-2BE5588ACD44, 2021-02-03T17:51:53, false
E2C7259B-02FE-4FAD-B3F6-2BE5588ACD44, 2021-02-03T17:52:53, false
E2C7259B-02FE-4FAD-B3F6-2BE5588ACD44, 2021-02-03T17:53:53, false
E2C7259B-02FE-4FAD-B3F6-2BE5588ACD44, 2021-02-03T17:54:53, false
E2C7259B-02FE-4FAD-B3F6-2BE5588ACD44, 2021-02-03T17:55:53, false
E2C7259B-02FE-4FAD-B3F6-2BE5588ACD44, 2021-02-03T17:56:53, false
E2C7259B-02FE-4FAD-B3F6-2BE5588ACD44, 2021-02-03T17:57:53, false
E2C7259B-02FE-4FAD-B3F6-2BE5588ACD44, 2021-02-03T17:58:53, false
E2C7259B-02FE-4FAD-B3F6-2BE5588ACD44, 2021-02-03T17:59:53, false
E2C7259B-02FE-4FAD-B3F6-2BE5588ACD44, 2021-02-03T18:00:53, false
E2C7259B-02FE-4FAD-B3F6-2BE5588ACD44, 2021-02-03T18:01:53, false
E2C7259B-02FE-4FAD-B3F6-2BE5588ACD44, 2021-02-03T18:02:53, false
E2C7259B-02FE-4FAD-B3F6-2BE5588ACD44, 2021-02-03T18:03:53, false
E2C7259B-02FE-4FAD-B3F6-2BE5588ACD44, 2021-02-03T18:04:53, false
E2C7259B-02FE-4FAD-B3F6-2BE5588ACD44, 2021-02-03T18:05:53, false
E2C7259B-02FE-4FAD-B3F6-2BE5588ACD44, 2021-02-03T18:06:53, false
E2C7259B-02FE-4FAD-B3F6-2BE5588ACD44, 2021-02-03T18:07:53, false
E2C7259B-02FE-4FAD-B3F6-2BE5588ACD44, 2021-02-03T18:08:53, false
E2C7259B-02FE-4FAD-B3F6-2BE5588ACD44, 2021-02-03T18:09:53, false
E2C7259B-02FE-4FAD-B3F6-2BE5588ACD44, 2021-02-03T18:10:53, false
E2C7259B-02FE-4FAD-B3F6-2BE5588ACD44, 2021-02-03T18:11:53, false
E2C7259B-02FE-4FAD-B3F6-2BE5588ACD44, 2021-02-03T18:12:53, false
E2C7259B-02FE-4FAD-B3F6-2BE5588ACD44, 2021-02-03T18:13:53, false
E2C7259B-02FE-4FAD-B3F6-2BE5588ACD44, 2021-02-03T18:14:53, false
E2C7259B-02FE-4FAD-B3F6-2BE5588ACD44, 2021-02-03T18:15:53, false
E2C7259B-02FE-4FAD-B3F6-2BE5588ACD44, 2021-02-03T18:16:53, false
E2C7259B-02FE-4FAD-B3F6-2BE5588ACD44, 2021-02-03T18:17:53, false
E2C7259B-02FE-4FAD-B3F6-2BE5588ACD44, 2021-02-03T18:18:53, false
E2C7259B-02FE-4FAD-B3F6-2BE5588ACD44, 2021-02-03T18:19:53, false
E2C7259B-02FE-4FAD-B3F6-2BE5588ACD44, 2021-02-03T18:20:53, false
E2C7259B-02FE-4FAD-B3F6-2BE5588ACD44, 2021-02-03T18:21:53, false
E2C7259B-02FE-4FAD-B3F6-2BE5588ACD44, 2021-02-03T18:22:53, false
E2C7259B-02FE-4FAD-B3F6-2BE5588ACD44, 2021-02-03T18:23:53, false
E2C7259B-02FE-4FAD-B3F6-2BE5588ACD44, 2021-02-03T18:24:53, false
E2C7259B-02FE-4FAD-B3F6-2BE5588ACD44, 2021-02-03T18:25:53, false
E2C7259B-02FE-4FAD-B3F6-2BE5588ACD44, 2021-02-03T18:26:53, false
E2C7259B-02FE-4FAD-B3F6-2BE5588ACD44, 2021-02-03T18:27:53, false
E2C7259B-02FE-4FAD-B3F6-2BE5588ACD44, 2021-02-03T18:28:53, false
E2C7259B-02FE-4FAD-B3F6-2BE5588ACD44, 2021-02-03T18:29:53, false
E2C7259B-02FE-4FAD-B3F6-2BE5588ACD44, 2021-02-03T18:30:53, false
E2C7259B-02FE-4FAD-B3F6-2BE5588ACD44, 2021-02-03T18:31:53, false
E2C7259B-02FE-4FAD-B3F6-2BE5588ACD44, 2021-02-03T18:32:53, false
E2C7259B-02FE-4FAD-B3F6-2BE5588ACD44, 2021-02-03T18:33:53, false
E2C7259B-02FE-4FAD-B3F6-2BE5588ACD44, 2021-02-03T18:34:53, false
E2C7259B-02FE-4FAD-B3F6-2BE5588ACD44, 2021-02-03T18:35:53, false
E2C7259B-02FE-4FAD-B3F6-2BE5588ACD44, 2021-02-03T18:36:53, false
E2C7259B-02FE-4FAD-B3F6-2BE5588ACD44, 2021-02-03T18:37:53, false
E2C7259B-02FE-4FAD-B3F6-2BE5588ACD44, 2021-02-03T18:38:53, false
E2C7259B-02FE-4FAD-B3F6-2BE5588ACD44, 2021-02-03T18:39:53, false
E2C7259B-02FE-4FAD-B3F6-2BE5588ACD44, 2021-02-03T18:40:53, false
E2C7259B-02FE-4FAD-B3F6-2BE5588ACD44, 2021-02-03T18:41:53, false
E2C7259B-02FE-4FAD-B3F6-2BE5588ACD44, 2021-02-03T18:42:53, false
E2C7259B-02FE-4FAD-B3F6-2BE5588ACD44, 2021-02-03T18:43:53, false
E2C7259B-02FE-4FAD-B3F6-2BE5588ACD44, 2021-02-03T18:44:53, false
E2C7259B-02FE-4FAD-B3F6-2BE5588ACD44, 2021-02-03T18:45:53, false
E2C7259B-02FE-4FAD-B3F6-2BE5588ACD44, 2021-02-03T18:46:53, false
E2C7259B-02FE-4FAD-B3F6-2BE5588ACD44, 2021-02-03T18:47:53, false
E2C7259B-02FE-4FAD-B3F6-2BE5588ACD44, 2021-02-03T18:48:53, false
E2C7259B-02FE-4FAD-B3F6-2BE5588ACD44, 2021-02-03T18:49:53, false
E2C7259B-02FE-4FAD-B3F6-2BE5588ACD44, 2021-02-03T18:50:53, false
E2C7259B-02FE-4FAD-B3F6-2BE5588ACD44, 2021-02-03T18:51:53, false
E2C7259B-02FE-4FAD-B3F6-2BE5588ACD44, 2021-02-03T18:52:53, false
E2C7259B-02FE-4FAD-B3F6-2BE5588ACD44, 2021-02-03T18:53:53, false
E2C7259B-02FE-4FAD-B3F6-2BE5588ACD44, 2021-02-03T18:54:53, false
E2C7259B-02FE-4FAD-B3F6-2BE5588ACD44, 2021-02-03T18:55:53, false
E2C7259B-02FE-4FAD-B3F6-2BE5588ACD44, 2021-02-03T18:56:53, false
E2C7259B-02FE-4FAD-B3F6-2BE5588ACD44, 2021-02-03T18:57:53, false
E2C7259B-02FE-4FAD-B3F6-2BE5588ACD44, 2021-02-03T18:58:53, false
E2C7259B-02FE-4FAD-B3F6-2BE5588ACD44, 2021-02-03T18:59:53, false
E2C7259B-02FE-4FAD-B3F6-2BE5588ACD44, 2021-02-03T19:00:53, false
E2C7259B-02FE-4FAD-B3F6-2BE5588ACD44, 2021-02-03T19:01:53, false
E2C7259B-02FE-4FAD-B3F6-2BE5588ACD44, 2021-02-03T19:02:53, false
E2C7259B-02FE-4FAD-B3F6-2BE5588ACD44, 2021-02-03T19:03:53, false
E2C7259B-02FE-4FAD-B3F6-2BE5588ACD44, 2021-02-03T19:04:53, false
E2C7259B-02FE-4FAD-B3F6-2BE5588ACD44, 2021-02-03T19:05:53, false
E2C7259B-02FE-4FAD-B3F6-2BE5588ACD44, 2021-02-03T19:06:53, false
E2C7259B-02FE-4FAD-B3F6-2BE5588ACD44, 2021-02-03T19:07:53, false
E2C7259B-02FE-4FAD-B3F6-2BE5588ACD44, 2021-02-03T19:08:53, false
E2C7259B-02FE-4FAD-B3F6-2BE5588ACD44, 2021-02-03T19:09:53, false
E2C7259B-02FE-4FAD-B3F6-2BE5588ACD44, 2021-02-03T19:10:53, false
E2C7259B-02FE-4FAD-B3F6-2BE5588ACD44, 2021-02-03T19:11:53, false
E2C7259B-02FE-4FAD-B3F6-2BE5588ACD44, 2021-02-03T19:12:53, false
E2C7259B-02FE-4FAD-B3F6-2BE5588ACD44, 2021-02-03T19:13:53, false
E2C7259B-02FE-4FAD-B3F6-2BE5588ACD44, 2021-02-03T19:14:53, false
E2C7259B-02FE-4FAD-B3F6-2BE5588ACD44, 2021-02-03T19:15:53, false
E2C7259B-02FE-4FAD-B3F6-2BE5588ACD44, 2021-02-03T19:16:53, false
E2C7259B-02FE-4FAD-B3F6-2BE5588ACD44, 2021-02-03T19:17:53, false
E2C7259B-02FE-4FAD-B3F6-2BE5588ACD44, 2021-02-03T19:18:53, false
E2C7259B-02FE-4FAD-B3F6-2BE5588ACD44, 2021-02-03T19:19:53, false
E2C7259B-02FE-4FAD-B3F6-2BE5588ACD44, 2021-02-03T19:20:53, false
E2C7259B-02FE-4FAD-B3F6-2BE5588ACD44, 2021-02-03T19:21:53, false
E2C7259B-02FE-4FAD-B3F6-2BE5588ACD44, 2021-02-03T19:22:53, false
E2C7259B-02FE-4FAD-B3F6-2BE5588ACD44, 2021-02-03T19:23:53, false
E2C7259B-02FE-4FAD-B3F6-2BE5588ACD44, 2021-02-03T19:24:53, false
E2C7259B-02FE-4FAD-B3F6-2BE5588ACD44, 2021-02-03T19:25:53, false
E2C7259B-02FE-4FAD-B3F6-2BE5588ACD44, 2021-02-03T19:26:53, false
E2C7259B-02FE-4FAD-B3F6-2BE5588ACD44, 2021-02-03T19:27:53, false
E2C7259B-02FE-4FAD-B3F6-2BE5588ACD44, 2021-02-03T19:28:53, false
E2C7259B-02FE-4FAD-B3F6-2BE5588ACD44, 2021-02-03T19:29:53, false
E2C7259B-02FE-4FAD-B3F6-2BE5588ACD44, 2021-02-03T19:30:53, false
E2C7259B-02FE-4FAD-B3F6-2BE5588ACD44, 2021-02-03T19:31:53, false
E2C7259B-02FE-4FAD-B3F6-2BE5588ACD44, 2021-02-03T19:32:53, false
E2C7259B-02FE-4FAD-B3F6-2BE5588ACD44, 2021-02-03T19:33:53, false
E2C7259B-02FE-4FAD-B3F6-2BE5588ACD44, 2021-02-03T19:34:53, false
E2C7259B-02FE-4FAD-B3F6-2BE5588ACD44, 2021-02-03T19:35:53, false
E2C7259B-02FE-4FAD-B3F6-2BE5588ACD44, 2021-02-03T19:36:53, false
E2C7259B-02FE-4FAD-B3F6-2BE5588ACD44, 2021-02-03T19:37:53, false
E2C7259B-02FE-4FAD-B3F6-2BE5588ACD44, 2021-02-03T19:38:53, false
E2C7259B-02FE-4FAD-B3F6-2BE5588ACD44, 2021-02-03T19:39:53, false
E2C7259B-02FE-4FAD-B3F6-2BE5588ACD44, 2021-02-03T19:40:53, false
E2C7259B-02FE-4FAD-B3F6-2BE5588ACD44, 2021-02-03T19:41:53, false
E2C7259B-02FE-4FAD-B3F6-2BE5588ACD44, 2021-02-03T19:42:53, false
E2C7259B-02FE-4FAD-B3F6-2BE5588ACD44, 2021-02-03T19:43:53, false
E2C7259B-02FE-4FAD-B3F6-2BE5588ACD44, 2021-02-03T19:44:53, false
E2C7259B-02FE-4FAD-B3F6-2BE5588ACD44, 2021-02-03T19:45:53, false
E2C7259B-02FE-4FAD-B3F6-2BE5588ACD44, 2021-02-03T19:46:53, false
E2C7259B-02FE-4FAD-B3F6-2BE5588ACD44, 2021-02-03T19:47:53, false
E2C7259B-02FE-4FAD-B3F6-2BE5588ACD44, 2021-02-03T19:48:53, false
E2C7259B-02FE-4FAD-B3F6-2BE5588ACD44, 2021-02-03T19:49:53, false
E2C7259B-02FE-4FAD-B3F6-2BE5588ACD44, 2021-02-03T19:50:53, false
E2C7259B-02FE-4FAD-B3F6-2BE5588ACD44, 2021-02-03T19:51:53, false
E2C7259B-02FE-4FAD-B3F6-2BE5588ACD44, 2021-02-03T19:52:53, false
E2C7259B-02FE-4FAD-B3F6-2BE5588ACD44, 2021-02-03T19:53:53, false
E2C7259B-02FE-4FAD-B3F6-2BE5588ACD44, 2021-02-03T19:54:53, false
E2C7259B-02FE-4FAD-B3F6-2BE5588ACD44, 2021-02-03T19:55:53, false
E2C7259B-02FE-4FAD-B3F6-2BE5588ACD44, 2021-02-03T19:56:53, false
E2C7259B-02FE-4FAD-B3F6-2BE5588ACD44, 2021-02-03T19:57:53, false
E2C7259B-02FE-4FAD-B3F6-2BE5588ACD44, 2021-02-03T19:58:53, false
E2C7259B-02FE-4FAD-B3F6-2BE5588ACD44, 2021-02-03T19:59:53, false
E2C7259B-02FE-4FAD-B3F6-2BE5588ACD44, 2021-02-03T20:00:53, false
E2C7259B-02FE-4FAD-B3F6-2BE5588ACD44, 2021-02-03T20:01:53, false
E2C7259B-02FE-4FAD-B3F6-2BE5588ACD44, 2021-02-03T20:02:53, false
E2C7259B-02FE-4FAD-B3F6-2BE5588ACD44, 2021-02-03T20:03:53, false
E2C7259B-02FE-4FAD-B3F6-2BE5588ACD44, 2021-02-03T20:04:53, false
E2C7259B-02FE-4FAD-B3F6-2BE5588ACD44, 2021-02-03T20:05:53, false
E2C7259B-02FE-4FAD-B3F6-2BE5588ACD44, 2021-02-03T20:06:53, false
E2C7259B-02FE-4FAD-B3F6-2BE5588ACD44, 2021-02-03T20:07:53, false
E2C7259B-02FE-4FAD-B3F6-2BE5588ACD44, 2021-02-03T20:08:53, false
E2C7259B-02FE-4FAD-B3F6-2BE5588ACD44, 2021-02-03T20:09:53, false
E2C7259B-02FE-4FAD-B3F6-2BE5588ACD44, 2021-02-03T20:10:53, false
E2C7259B-02FE-4FAD-B3F6-2BE5588ACD44, 2021-02-03T20:11:53, false
E2C7259B-02FE-4FAD-B3F6-2BE5588ACD44, 2021-02-03T20:12:53, false
E2C7259B-02FE-4FAD-B3F6-2BE5588ACD44, 2021-02-03T20:13:53, false
E2C7259B-02FE-4FAD-B3F6-2BE5588ACD44, 2021-02-03T20:14:53, false
E2C7259B-02FE-4FAD-B3F6-2BE5588ACD44, 2021-02-03T20:15:53, false
E2C7259B-02FE-4FAD-B3F6-2BE5588ACD44, 2021-02-03T20:16:53, false
E2C7259B-02FE-4FAD-B3F6-2BE5588ACD44, 2021-02-03T20:17:53, false
E2C7259B-02FE-4FAD-B3F6-2BE5588ACD44, 2021-02-03T20:18:53, false
E2C7259B-02FE-4FAD-B3F6-2BE5588ACD44, 2021-02-03T20:19:53, false
E2C7259B-02FE-4FAD-B3F6-2BE5588ACD44, 2021-02-03T20:20:53, false
E2C7259B-02FE-4FAD-B3F6-2BE5588ACD44, 2021-02-03T20:21:53, false
E2C7259B-02FE-4FAD-B3F6-2BE5588ACD44, 2021-02-03T20:22:53, false
E2C7259B-02FE-4FAD-B3F6-2BE5588ACD44, 2021-02-03T20:23:53, false
E2C7259B-02FE-4FAD-B3F6-2BE5588ACD44, 2021-02-03T20:24:53, false
E2C7259B-02FE-4FAD-B3F6-2BE5588ACD44, 2021-02-03T20:25:53, false
E2C7259B-02FE-4FAD-B3F6-2BE5588ACD44, 2021-02-03T20:26:53, false
E2C7259B-02FE-4FAD-B3F6-2BE5588ACD44, 2021-02-03T20:27:53, false
E2C7259B-02FE-4FAD-B3F6-2BE5588ACD44, 2021-02-03T20:28:53, false
E2C7259B-02FE-4FAD-B3F6-2BE5588ACD44, 2021-02-03T20:29:53, false
E2C7259B-02FE-4FAD-B3F6-2BE5588ACD44, 2021-02-03T20:30:53, false
E2C7259B-02FE-4FAD-B3F6-2BE5588ACD44, 2021-02-03T20:31:53, false
E2C7259B-02FE-4FAD-B3F6-2BE5588ACD44, 2021-02-03T20:32:53, false
E2C7259B-02FE-4FAD-B3F6-2BE5588ACD44, 2021-02-03T20:33:53, false
E2C7259B-02FE-4FAD-B3F6-2BE5588ACD44, 2021-02-03T20:34:53, false
E2C7259B-02FE-4FAD-B3F6-2BE5588ACD44, 2021-02-03T20:35:53, false
E2C7259B-02FE-4FAD-B3F6-2BE5588ACD44, 2021-02-03T20:36:53, false
E2C7259B-02FE-4FAD-B3F6-2BE5588ACD44, 2021-02-03T20:37:53, false
E2C7259B-02FE-4FAD-B3F6-2BE5588ACD44, 2021-02-03T20:38:53, false
E2C7259B-02FE-4FAD-B3F6-2BE5588ACD44, 2021-02-03T20:39:53, false
E2C7259B-02FE-4FAD-B3F6-2BE5588ACD44, 2021-02-03T20:40:53, false
E2C7259B-02FE-4FAD-B3F6-2BE5588ACD44, 2021-02-03T20:41:53, false
E2C7259B-02FE-4FAD-B3F6-2BE5588ACD44, 2021-02-03T20:42:53, false
E2C7259B-02FE-4FAD-B3F6-2BE5588ACD44, 2021-02-03T20:43:53, false
E2C7259B-02FE-4FAD-B3F6-2BE5588ACD44, 2021-02-03T20:44:53, false
E2C7259B-02FE-4FAD-B3F6-2BE5588ACD44, 2021-02-03T20:45:53, false
E2C7259B-02FE-4FAD-B3F6-2BE5588ACD44, 2021-02-03T20:46:53, false
E2C7259B-02FE-4FAD-B3F6-2BE5588ACD44, 2021-02-03T20:47:53, false
E2C7259B-02FE-4FAD-B3F6-2BE5588ACD44, 2021-02-03T20:48:53, false
E2C7259B-02FE-4FAD-B3F6-2BE5588ACD44, 2021-02-03T20:49:53, false
E2C7259B-02FE-4FAD-B3F6-2BE5588ACD44, 2021-02-03T20:50:53, false
E2C7259B-02FE-4FAD-B3F6-2BE5588ACD44, 2021-02-03T20:51:53, false
E2C7259B-02FE-4FAD-B3F6-2BE5588ACD44, 2021-02-03T20:52:53, false
E2C7259B-02FE-4FAD-B3F6-2BE5588ACD44, 2021-02-03T20:53:53, false
E2C7259B-02FE-4FAD-B3F6-2BE5588ACD44, 2021-02-03T20:54:53, false
E2C7259B-02FE-4FAD-B3F6-2BE5588ACD44, 2021-02-03T20:55:53, false
E2C7259B-02FE-4FAD-B3F6-2BE5588ACD44, 2021-02-03T20:56:53, false
E2C7259B-02FE-4FAD-B3F6-2BE5588ACD44, 2021-02-03T20:57:53, false
E2C7259B-02FE-4FAD-B3F6-2BE5588ACD44, 2021-02-03T20:58:53, false
E2C7259B-02FE-4FAD-B3F6-2BE5588ACD44, 2021-02-03T20:59:53, false
E2C7259B-02FE-4FAD-B3F6-2BE5588ACD44, 2021-02-03T21:00:53, false
E2C7259B-02FE-4FAD-B3F6-2BE5588ACD44, 2021-02-03T21:01:53, false
E2C7259B-02FE-4FAD-B3F6-2BE5588ACD44, 2021-02-03T21:02:53, false
E2C7259B-02FE-4FAD-B3F6-2BE5588ACD44, 2021-02-03T21:03:53, false
E2C7259B-02FE-4FAD-B3F6-2BE5588ACD44, 2021-02-03T21:04:53, false
E2C7259B-02FE-4FAD-B3F6-2BE5588ACD44, 2021-02-03T21:05:53, false
E2C7259B-02FE-4FAD-B3F6-2BE5588ACD44, 2021-02-03T21:06:53, false
E2C7259B-02FE-4FAD-B3F6-2BE5588ACD44, 2021-02-03T21:07:53, false
E2C7259B-02FE-4FAD-B3F6-2BE5588ACD44, 2021-02-03T21:08:53, false
E2C7259B-02FE-4FAD-B3F6-2BE5588ACD44, 2021-02-03T21:09:53, false
E2C7259B-02FE-4FAD-B3F6-2BE5588ACD44, 2021-02-03T21:10:53, false
E2C7259B-02FE-4FAD-B3F6-2BE5588ACD44, 2021-02-03T21:11:53, false
E2C7259B-02FE-4FAD-B3F6-2BE5588ACD44, 2021-02-03T21:12:53, false
E2C7259B-02FE-4FAD-B3F6-2BE5588ACD44, 2021-02-03T21:13:53, false
E2C7259B-02FE-4FAD-B3F6-2BE5588ACD44, 2021-02-03T21:14:53, false
E2C7259B-02FE-4FAD-B3F6-2BE5588ACD44, 2021-02-03T21:15:53, false
E2C7259B-02FE-4FAD-B3F6-2BE5588ACD44, 2021-02-03T21:16:53, false
E2C7259B-02FE-4FAD-B3F6-2BE5588ACD44, 2021-02-03T21:17:53, false
E2C7259B-02FE-4FAD-B3F6-2BE5588ACD44, 2021-02-03T21:18:53, false
E2C7259B-02FE-4FAD-B3F6-2BE5588ACD44, 2021-02-03T21:19:53, false
E2C7259B-02FE-4FAD-B3F6-2BE5588ACD44, 2021-02-03T21:20:53, false
E2C7259B-02FE-4FAD-B3F6-2BE5588ACD44, 2021-02-03T21:21:53, false
E2C7259B-02FE-4FAD-B3F6-2BE5588ACD44, 2021-02-03T21:22:53, false
E2C7259B-02FE-4FAD-B3F6-2BE5588ACD44, 2021-02-03T21:23:53, false
E2C7259B-02FE-4FAD-B3F6-2BE5588ACD44, 2021-02-03T21:24:53, false
E2C7259B-02FE-4FAD-B3F6-2BE5588ACD44, 2021-02-03T21:25:53, false
E2C7259B-02FE-4FAD-B3F6-2BE5588ACD44, 2021-02-03T21:26:53, false
E2C7259B-02FE-4FAD-B3F6-2BE5588ACD44, 2021-02-03T21:27:53, false
E2C7259B-02FE-4FAD-B3F6-2BE5588ACD44, 2021-02-03T21:28:53, false
E2C7259B-02FE-4FAD-B3F6-2BE5588ACD44, 2021-02-03T21:29:53, false
E2C7259B-02FE-4FAD-B3F6-2BE5588ACD44, 2021-02-03T21:30:53, false
E2C7259B-02FE-4FAD-B3F6-2BE5588ACD44, 2021-02-03T21:31:53, false
E2C7259B-02FE-4FAD-B3F6-2BE5588ACD44, 2021-02-03T21:32:53, false
E2C7259B-02FE-4FAD-B3F6-2BE5588ACD44, 2021-02-03T21:33:53, false
E2C7259B-02FE-4FAD-B3F6-2BE5588ACD44, 2021-02-03T21:34:53, false
E2C7259B-02FE-4FAD-B3F6-2BE5588ACD44, 2021-02-03T21:35:53, false
E2C7259B-02FE-4FAD-B3F6-2BE5588ACD44, 2021-02-03T21:36:53, false
E2C7259B-02FE-4FAD-B3F6-2BE5588ACD44, 2021-02-03T21:37:53, false
E2C7259B-02FE-4FAD-B3F6-2BE5588ACD44, 2021-02-03T21:38:53, false
E2C7259B-02FE-4FAD-B3F6-2BE5588ACD44, 2021-02-03T21:39:53, false
E2C7259B-02FE-4FAD-B3F6-2BE5588ACD44, 2021-02-03T21:40:53, false
E2C7259B-02FE-4FAD-B3F6-2BE5588ACD44, 2021-02-03T21:41:53, false
E2C7259B-02FE-4FAD-B3F6-2BE5588ACD44, 2021-02-03T21:42:53, false
E2C7259B-02FE-4FAD-B3F6-2BE5588ACD44, 2021-02-03T21:43:53, false
E2C7259B-02FE-4FAD-B3F6-2BE5588ACD44, 2021-02-03T21:44:53, false
E2C7259B-02FE-4FAD-B3F6-2BE5588ACD44, 2021-02-03T21:45:53, false
E2C7259B-02FE-4FAD-B3F6-2BE5588ACD44, 2021-02-03T21:46:53, false
E2C7259B-02FE-4FAD-B3F6-2BE5588ACD44, 2021-02-03T21:47:53, false
E2C7259B-02FE-4FAD-B3F6-2BE5588ACD44, 2021-02-03T21:48:53, false
E2C7259B-02FE-4FAD-B3F6-2BE5588ACD44, 2021-02-03T21:49:53, false
E2C7259B-02FE-4FAD-B3F6-2BE5588ACD44, 2021-02-03T21:50:53, false
E2C7259B-02FE-4FAD-B3F6-2BE5588ACD44, 2021-02-03T21:51:53, false
E2C7259B-02FE-4FAD-B3F6-2BE5588ACD44, 2021-02-03T21:52:53, false
E2C7259B-02FE-4FAD-B3F6-2BE5588ACD44, 2021-02-03T21:53:53, false
E2C7259B-02FE-4FAD-B3F6-2BE5588ACD44, 2021-02-03T21:54:53, false
E2C7259B-02FE-4FAD-B3F6-2BE5588ACD44, 2021-02-03T21:55:53, false
E2C7259B-02FE-4FAD-B3F6-2BE5588ACD44, 2021-02-03T21:56:53, false
E2C7259B-02FE-4FAD-B3F6-2BE5588ACD44, 2021-02-03T21:57:53, false
E2C7259B-02FE-4FAD-B3F6-2BE5588ACD44, 2021-02-03T21:58:53, false
E2C7259B-02FE-4FAD-B3F6-2BE5588ACD44, 2021-02-03T21:59:53, false
E2C7259B-02FE-4FAD-B3F6-2BE5588ACD44, 2021-02-03T22:00:53, false
E2C7259B-02FE-4FAD-B3F6-2BE5588ACD44, 2021-02-03T22:01:53, false
E2C7259B-02FE-4FAD-B3F6-2BE5588ACD44, 2021-02-03T22:02:53, false
E2C7259B-02FE-4FAD-B3F6-2BE5588ACD44, 2021-02-03T22:03:53, false
E2C7259B-02FE-4FAD-B3F6-2BE5588ACD44, 2021-02-03T22:04:53, false
E2C7259B-02FE-4FAD-B3F6-2BE5588ACD44, 2021-02-03T22:05:53, false
E2C7259B-02FE-4FAD-B3F6-2BE5588ACD44, 2021-02-03T22:06:53, false
E2C7259B-02FE-4FAD-B3F6-2BE5588ACD44, 2021-02-03T22:07:53, false
E2C7259B-02FE-4FAD-B3F6-2BE5588ACD44, 2021-02-03T22:08:53, false
E2C7259B-02FE-4FAD-B3F6-2BE5588ACD44, 2021-02-03T22:09:53, false
E2C7259B-02FE-4FAD-B3F6-2BE5588ACD44, 2021-02-03T22:10:53, false
E2C7259B-02FE-4FAD-B3F6-2BE5588ACD44, 2021-02-03T22:11:53, false
E2C7259B-02FE-4FAD-B3F6-2BE5588ACD44, 2021-02-03T22:12:53, false
E2C7259B-02FE-4FAD-B3F6-2BE5588ACD44, 2021-02-03T22:13:53, false
E2C7259B-02FE-4FAD-B3F6-2BE5588ACD44, 2021-02-03T22:14:53, false
E2C7259B-02FE-4FAD-B3F6-2BE5588ACD44, 2021-02-03T22:15:53, false
E2C7259B-02FE-4FAD-B3F6-2BE5588ACD44, 2021-02-03T22:16:53, false
E2C7259B-02FE-4FAD-B3F6-2BE5588ACD44, 2021-02-03T22:17:53, false
E2C7259B-02FE-4FAD-B3F6-2BE5588ACD44, 2021-02-03T22:18:53, false
E2C7259B-02FE-4FAD-B3F6-2BE5588ACD44, 2021-02-03T22:19:53, false
E2C7259B-02FE-4FAD-B3F6-2BE5588ACD44, 2021-02-03T22:20:53, false
E2C7259B-02FE-4FAD-B3F6-2BE5588ACD44, 2021-02-03T22:21:53, false
E2C7259B-02FE-4FAD-B3F6-2BE5588ACD44, 2021-02-03T22:22:53, false
E2C7259B-02FE-4FAD-B3F6-2BE5588ACD44, 2021-02-03T22:23:53, false
E2C7259B-02FE-4FAD-B3F6-2BE5588ACD44, 2021-02-03T22:24:53, false
E2C7259B-02FE-4FAD-B3F6-2BE5588ACD44, 2021-02-03T22:25:53, false
E2C7259B-02FE-4FAD-B3F6-2BE5588ACD44, 2021-02-03T22:26:53, false
E2C7259B-02FE-4FAD-B3F6-2BE5588ACD44, 2021-02-03T22:27:53, false
E2C7259B-02FE-4FAD-B3F6-2BE5588ACD44, 2021-02-03T22:28:53, false
E2C7259B-02FE-4FAD-B3F6-2BE5588ACD44, 2021-02-03T22:29:53, false
E2C7259B-02FE-4FAD-B3F6-2BE5588ACD44, 2021-02-03T22:30:53, false
E2C7259B-02FE-4FAD-B3F6-2BE5588ACD44, 2021-02-03T22:31:53, false
E2C7259B-02FE-4FAD-B3F6-2BE5588ACD44, 2021-02-03T22:32:53, false
E2C7259B-02FE-4FAD-B3F6-2BE5588ACD44, 2021-02-03T22:33:53, false
E2C7259B-02FE-4FAD-B3F6-2BE5588ACD44, 2021-02-03T22:34:53, false
E2C7259B-02FE-4FAD-B3F6-2BE5588ACD44, 2021-02-03T22:35:53, false
E2C7259B-02FE-4FAD-B3F6-2BE5588ACD44, 2021-02-03T22:36:53, false
E2C7259B-02FE-4FAD-B3F6-2BE5588ACD44, 2021-02-03T22:37:53, false
E2C7259B-02FE-4FAD-B3F6-2BE5588ACD44, 2021-02-03T22:38:53, false
E2C7259B-02FE-4FAD-B3F6-2BE5588ACD44, 2021-02-03T22:39:53, false
E2C7259B-02FE-4FAD-B3F6-2BE5588ACD44, 2021-02-03T22:40:53, false
E2C7259B-02FE-4FAD-B3F6-2BE5588ACD44, 2021-02-03T22:41:53, false
E2C7259B-02FE-4FAD-B3F6-2BE5588ACD44, 2021-02-03T22:42:53, false
E2C7259B-02FE-4FAD-B3F6-2BE5588ACD44, 2021-02-03T22:43:53, false
E2C7259B-02FE-4FAD-B3F6-2BE5588ACD44, 2021-02-03T22:44:53, false
E2C7259B-02FE-4FAD-B3F6-2BE5588ACD44, 2021-02-03T22:45:53, false
E2C7259B-02FE-4FAD-B3F6-2BE5588ACD44, 2021-02-03T22:46:53, false
E2C7259B-02FE-4FAD-B3F6-2BE5588ACD44, 2021-02-03T22:47:53, false
E2C7259B-02FE-4FAD-B3F6-2BE5588ACD44, 2021-02-03T22:48:53, false
E2C7259B-02FE-4FAD-B3F6-2BE5588ACD44, 2021-02-03T22:49:53, false
E2C7259B-02FE-4FAD-B3F6-2BE5588ACD44, 2021-02-03T22:50:53, false
E2C7259B-02FE-4FAD-B3F6-2BE5588ACD44, 2021-02-03T22:51:53, false
E2C7259B-02FE-4FAD-B3F6-2BE5588ACD44, 2021-02-03T22:52:53, false
E2C7259B-02FE-4FAD-B3F6-2BE5588ACD44, 2021-02-03T22:53:53, false
E2C7259B-02FE-4FAD-B3F6-2BE5588ACD44, 2021-02-03T22:54:53, false
E2C7259B-02FE-4FAD-B3F6-2BE5588ACD44, 2021-02-03T22:55:53, false
E2C7259B-02FE-4FAD-B3F6-2BE5588ACD44, 2021-02-03T22:56:53, false
E2C7259B-02FE-4FAD-B3F6-2BE5588ACD44, 2021-02-03T22:57:53, false
E2C7259B-02FE-4FAD-B3F6-2BE5588ACD44, 2021-02-03T22:58:53, false
E2C7259B-02FE-4FAD-B3F6-2BE5588ACD44, 2021-02-03T22:59:53, false
E2C7259B-02FE-4FAD-B3F6-2BE5588ACD44, 2021-02-03T23:00:53, false
E2C7259B-02FE-4FAD-B3F6-2BE5588ACD44, 2021-02-03T23:01:53, false
E2C7259B-02FE-4FAD-B3F6-2BE5588ACD44, 2021-02-03T23:02:53, false
E2C7259B-02FE-4FAD-B3F6-2BE5588ACD44, 2021-02-03T23:03:53, false
E2C7259B-02FE-4FAD-B3F6-2BE5588ACD44, 2021-02-03T23:04:53, false
E2C7259B-02FE-4FAD-B3F6-2BE5588ACD44, 2021-02-03T23:05:53, false
E2C7259B-02FE-4FAD-B3F6-2BE5588ACD44, 2021-02-03T23:06:53, false
E2C7259B-02FE-4FAD-B3F6-2BE5588ACD44, 2021-02-03T23:07:53, false
E2C7259B-02FE-4FAD-B3F6-2BE5588ACD44, 2021-02-03T23:08:53, false
E2C7259B-02FE-4FAD-B3F6-2BE5588ACD44, 2021-02-03T23:09:53, false
E2C7259B-02FE-4FAD-B3F6-2BE5588ACD44, 2021-02-03T23:10:53, false
E2C7259B-02FE-4FAD-B3F6-2BE5588ACD44, 2021-02-03T23:11:53, false
E2C7259B-02FE-4FAD-B3F6-2BE5588ACD44, 2021-02-03T23:12:53, false
E2C7259B-02FE-4FAD-B3F6-2BE5588ACD44, 2021-02-03T23:13:53, false
E2C7259B-02FE-4FAD-B3F6-2BE5588ACD44, 2021-02-03T23:14:53, false
E2C7259B-02FE-4FAD-B3F6-2BE5588ACD44, 2021-02-03T23:15:53, false
E2C7259B-02FE-4FAD-B3F6-2BE5588ACD44, 2021-02-03T23:16:53, false
E2C7259B-02FE-4FAD-B3F6-2BE5588ACD44, 2021-02-03T23:17:53, false
E2C7259B-02FE-4FAD-B3F6-2BE5588ACD44, 2021-02-03T23:18:53, false
E2C7259B-02FE-4FAD-B3F6-2BE5588ACD44, 2021-02-03T23:19:53, false
E2C7259B-02FE-4FAD-B3F6-2BE5588ACD44, 2021-02-03T23:20:53, false
E2C7259B-02FE-4FAD-B3F6-2BE5588ACD44, 2021-02-03T23:21:53, false
E2C7259B-02FE-4FAD-B3F6-2BE5588ACD44, 2021-02-03T23:22:53, false
E2C7259B-02FE-4FAD-B3F6-2BE5588ACD44, 2021-02-03T23:23:53, false
E2C7259B-02FE-4FAD-B3F6-2BE5588ACD44, 2021-02-03T23:24:53, false
E2C7259B-02FE-4FAD-B3F6-2BE5588ACD44, 2021-02-03T23:25:53, false
E2C7259B-02FE-4FAD-B3F6-2BE5588ACD44, 2021-02-03T23:26:53, false
E2C7259B-02FE-4FAD-B3F6-2BE5588ACD44, 2021-02-03T23:27:53, false
E2C7259B-02FE-4FAD-B3F6-2BE5588ACD44, 2021-02-03T23:28:53, false
E2C7259B-02FE-4FAD-B3F6-2BE5588ACD44, 2021-02-03T23:29:53, false
E2C7259B-02FE-4FAD-B3F6-2BE5588ACD44, 2021-02-03T23:30:53, false
E2C7259B-02FE-4FAD-B3F6-2BE5588ACD44, 2021-02-03T23:31:53, false
E2C7259B-02FE-4FAD-B3F6-2BE5588ACD44, 2021-02-03T23:32:53, false
E2C7259B-02FE-4FAD-B3F6-2BE5588ACD44, 2021-02-03T23:33:53, false
E2C7259B-02FE-4FAD-B3F6-2BE5588ACD44, 2021-02-03T23:34:53, false
E2C7259B-02FE-4FAD-B3F6-2BE5588ACD44, 2021-02-03T23:35:53, false
E2C7259B-02FE-4FAD-B3F6-2BE5588ACD44, 2021-02-03T23:36:53, false
E2C7259B-02FE-4FAD-B3F6-2BE5588ACD44, 2021-02-03T23:37:53, false
E2C7259B-02FE-4FAD-B3F6-2BE5588ACD44, 2021-02-03T23:38:53, false
E2C7259B-02FE-4FAD-B3F6-2BE5588ACD44, 2021-02-03T23:39:53, false
E2C7259B-02FE-4FAD-B3F6-2BE5588ACD44, 2021-02-03T23:40:53, false
E2C7259B-02FE-4FAD-B3F6-2BE5588ACD44, 2021-02-03T23:41:53, false
E2C7259B-02FE-4FAD-B3F6-2BE5588ACD44, 2021-02-03T23:42:53, false
E2C7259B-02FE-4FAD-B3F6-2BE5588ACD44, 2021-02-03T23:43:53, false
E2C7259B-02FE-4FAD-B3F6-2BE5588ACD44, 2021-02-03T23:44:53, false
E2C7259B-02FE-4FAD-B3F6-2BE5588ACD44, 2021-02-03T23:45:53, false
E2C7259B-02FE-4FAD-B3F6-2BE5588ACD44, 2021-02-03T23:46:53, false
E2C7259B-02FE-4FAD-B3F6-2BE5588ACD44, 2021-02-03T23:47:53, false
E2C7259B-02FE-4FAD-B3F6-2BE5588ACD44, 2021-02-03T23:48:53, false
E2C7259B-02FE-4FAD-B3F6-2BE5588ACD44, 2021-02-03T23:49:53, false
E2C7259B-02FE-4FAD-B3F6-2BE5588ACD44, 2021-02-03T23:50:53, false
E2C7259B-02FE-4FAD-B3F6-2BE5588ACD44, 2021-02-03T23:51:53, false
E2C7259B-02FE-4FAD-B3F6-2BE5588ACD44, 2021-02-03T23:52:53, false
E2C7259B-02FE-4FAD-B3F6-2BE5588ACD44, 2021-02-03T23:53:53, false
E2C7259B-02FE-4FAD-B3F6-2BE5588ACD44, 2021-02-03T23:54:53, false
E2C7259B-02FE-4FAD-B3F6-2BE5588ACD44, 2021-02-03T23:55:53, false
E2C7259B-02FE-4FAD-B3F6-2BE5588ACD44, 2021-02-03T23:56:53, false
E2C7259B-02FE-4FAD-B3F6-2BE5588ACD44, 2021-02-03T23:57:53, false
E2C7259B-02FE-4FAD-B3F6-2BE5588ACD44, 2021-02-03T23:58:53, false
E2C7259B-02FE-4FAD-B3F6-2BE5588ACD44, 2021-02-03T23:59:53, false
