Device, Measure Date Time, Exist
9DDDD405-82E4-4C56-A6A6-E2B51ACAB5CF, 2021-03-22T22:45:22, true
9DDDD405-82E4-4C56-A6A6-E2B51ACAB5CF, 2021-03-22T22:46:49, true
9DDDD405-82E4-4C56-A6A6-E2B51ACAB5CF, 2021-03-22T22:47:58, true
9DDDD405-82E4-4C56-A6A6-E2B51ACAB5CF, 2021-03-22T22:49:00, true
9DDDD405-82E4-4C56-A6A6-E2B51ACAB5CF, 2021-03-22T22:50:00, true
9DDDD405-82E4-4C56-A6A6-E2B51ACAB5CF, 2021-03-22T22:51:03, true
9DDDD405-82E4-4C56-A6A6-E2B51ACAB5CF, 2021-03-22T22:52:06, true
9DDDD405-82E4-4C56-A6A6-E2B51ACAB5CF, 2021-03-22T22:53:08, true
9DDDD405-82E4-4C56-A6A6-E2B51ACAB5CF, 2021-03-22T22:54:10, true
9DDDD405-82E4-4C56-A6A6-E2B51ACAB5CF, 2021-03-22T22:55:13, true
9DDDD405-82E4-4C56-A6A6-E2B51ACAB5CF, 2021-03-22T22:56:14, true
9DDDD405-82E4-4C56-A6A6-E2B51ACAB5CF, 2021-03-22T22:57:14, true
9DDDD405-82E4-4C56-A6A6-E2B51ACAB5CF, 2021-03-22T22:58:28, true
9DDDD405-82E4-4C56-A6A6-E2B51ACAB5CF, 2021-03-22T22:59:29, true
9DDDD405-82E4-4C56-A6A6-E2B51ACAB5CF, 2021-03-22T23:00:30, true
9DDDD405-82E4-4C56-A6A6-E2B51ACAB5CF, 2021-03-22T23:01:32, true
9DDDD405-82E4-4C56-A6A6-E2B51ACAB5CF, 2021-03-22T23:02:34, true
9DDDD405-82E4-4C56-A6A6-E2B51ACAB5CF, 2021-03-22T23:03:35, true
9DDDD405-82E4-4C56-A6A6-E2B51ACAB5CF, 2021-03-22T23:04:37, true
9DDDD405-82E4-4C56-A6A6-E2B51ACAB5CF, 2021-03-22T23:05:38, true
9DDDD405-82E4-4C56-A6A6-E2B51ACAB5CF, 2021-03-22T23:06:39, true
9DDDD405-82E4-4C56-A6A6-E2B51ACAB5CF, 2021-03-22T23:07:42, true
9DDDD405-82E4-4C56-A6A6-E2B51ACAB5CF, 2021-03-22T23:08:49, true
9DDDD405-82E4-4C56-A6A6-E2B51ACAB5CF, 2021-03-22T23:09:55, true
9DDDD405-82E4-4C56-A6A6-E2B51ACAB5CF, 2021-03-22T23:11:00, true
9DDDD405-82E4-4C56-A6A6-E2B51ACAB5CF, 2021-03-22T23:12:03, true
9DDDD405-82E4-4C56-A6A6-E2B51ACAB5CF, 2021-03-22T23:13:04, true
9DDDD405-82E4-4C56-A6A6-E2B51ACAB5CF, 2021-03-22T23:14:09, true
9DDDD405-82E4-4C56-A6A6-E2B51ACAB5CF, 2021-03-22T23:15:11, true
9DDDD405-82E4-4C56-A6A6-E2B51ACAB5CF, 2021-03-22T23:16:12, true
9DDDD405-82E4-4C56-A6A6-E2B51ACAB5CF, 2021-03-22T23:17:15, true
9DDDD405-82E4-4C56-A6A6-E2B51ACAB5CF, 2021-03-22T23:18:16, true
9DDDD405-82E4-4C56-A6A6-E2B51ACAB5CF, 2021-03-22T23:19:23, true
9DDDD405-82E4-4C56-A6A6-E2B51ACAB5CF, 2021-03-22T23:20:25, true
9DDDD405-82E4-4C56-A6A6-E2B51ACAB5CF, 2021-03-22T23:21:26, true
9DDDD405-82E4-4C56-A6A6-E2B51ACAB5CF, 2021-03-22T23:22:30, true
9DDDD405-82E4-4C56-A6A6-E2B51ACAB5CF, 2021-03-22T23:23:33, true
9DDDD405-82E4-4C56-A6A6-E2B51ACAB5CF, 2021-03-22T23:24:39, true
9DDDD405-82E4-4C56-A6A6-E2B51ACAB5CF, 2021-03-22T23:25:42, true
9DDDD405-82E4-4C56-A6A6-E2B51ACAB5CF, 2021-03-22T23:26:45, true
9DDDD405-82E4-4C56-A6A6-E2B51ACAB5CF, 2021-03-22T23:27:45, true
9DDDD405-82E4-4C56-A6A6-E2B51ACAB5CF, 2021-03-22T23:28:46, true
9DDDD405-82E4-4C56-A6A6-E2B51ACAB5CF, 2021-03-22T23:29:47, true
9DDDD405-82E4-4C56-A6A6-E2B51ACAB5CF, 2021-03-22T23:30:59, true
9DDDD405-82E4-4C56-A6A6-E2B51ACAB5CF, 2021-03-22T23:32:06, true
9DDDD405-82E4-4C56-A6A6-E2B51ACAB5CF, 2021-03-22T23:33:07, true
9DDDD405-82E4-4C56-A6A6-E2B51ACAB5CF, 2021-03-22T23:34:08, true
9DDDD405-82E4-4C56-A6A6-E2B51ACAB5CF, 2021-03-22T23:35:09, true
9DDDD405-82E4-4C56-A6A6-E2B51ACAB5CF, 2021-03-22T23:36:14, true
9DDDD405-82E4-4C56-A6A6-E2B51ACAB5CF, 2021-03-22T23:37:14, true
9DDDD405-82E4-4C56-A6A6-E2B51ACAB5CF, 2021-03-22T23:38:15, true
9DDDD405-82E4-4C56-A6A6-E2B51ACAB5CF, 2021-03-22T23:39:16, true
9DDDD405-82E4-4C56-A6A6-E2B51ACAB5CF, 2021-03-22T23:40:16, true
9DDDD405-82E4-4C56-A6A6-E2B51ACAB5CF, 2021-03-22T23:41:18, true
9DDDD405-82E4-4C56-A6A6-E2B51ACAB5CF, 2021-03-22T23:42:31, true
9DDDD405-82E4-4C56-A6A6-E2B51ACAB5CF, 2021-03-22T23:43:31, true
9DDDD405-82E4-4C56-A6A6-E2B51ACAB5CF, 2021-03-22T23:44:33, true
9DDDD405-82E4-4C56-A6A6-E2B51ACAB5CF, 2021-03-22T23:45:33, true
9DDDD405-82E4-4C56-A6A6-E2B51ACAB5CF, 2021-03-22T23:46:34, true
9DDDD405-82E4-4C56-A6A6-E2B51ACAB5CF, 2021-03-22T23:47:37, true
9DDDD405-82E4-4C56-A6A6-E2B51ACAB5CF, 2021-03-22T23:48:39, true
9DDDD405-82E4-4C56-A6A6-E2B51ACAB5CF, 2021-03-22T23:49:46, true
9DDDD405-82E4-4C56-A6A6-E2B51ACAB5CF, 2021-03-22T23:50:49, true
9DDDD405-82E4-4C56-A6A6-E2B51ACAB5CF, 2021-03-22T23:51:50, true
9DDDD405-82E4-4C56-A6A6-E2B51ACAB5CF, 2021-03-22T23:52:53, true
9DDDD405-82E4-4C56-A6A6-E2B51ACAB5CF, 2021-03-22T23:53:53, true
9DDDD405-82E4-4C56-A6A6-E2B51ACAB5CF, 2021-03-22T23:54:58, true
9DDDD405-82E4-4C56-A6A6-E2B51ACAB5CF, 2021-03-22T23:56:00, true
9DDDD405-82E4-4C56-A6A6-E2B51ACAB5CF, 2021-03-22T23:57:03, true
9DDDD405-82E4-4C56-A6A6-E2B51ACAB5CF, 2021-03-22T23:58:05, true
9DDDD405-82E4-4C56-A6A6-E2B51ACAB5CF, 2021-03-22T23:59:09, true
9DDDD405-82E4-4C56-A6A6-E2B51ACAB5CF, 2021-03-23T00:00:13, true
9DDDD405-82E4-4C56-A6A6-E2B51ACAB5CF, 2021-03-23T00:01:18, true
9DDDD405-82E4-4C56-A6A6-E2B51ACAB5CF, 2021-03-23T00:02:19, true
9DDDD405-82E4-4C56-A6A6-E2B51ACAB5CF, 2021-03-23T00:03:23, true
9DDDD405-82E4-4C56-A6A6-E2B51ACAB5CF, 2021-03-23T00:04:29, true
9DDDD405-82E4-4C56-A6A6-E2B51ACAB5CF, 2021-03-23T00:05:32, true
9DDDD405-82E4-4C56-A6A6-E2B51ACAB5CF, 2021-03-23T00:06:32, true
9DDDD405-82E4-4C56-A6A6-E2B51ACAB5CF, 2021-03-23T00:07:35, true
9DDDD405-82E4-4C56-A6A6-E2B51ACAB5CF, 2021-03-23T00:08:41, true
9DDDD405-82E4-4C56-A6A6-E2B51ACAB5CF, 2021-03-23T00:09:46, true
9DDDD405-82E4-4C56-A6A6-E2B51ACAB5CF, 2021-03-23T00:10:48, true
9DDDD405-82E4-4C56-A6A6-E2B51ACAB5CF, 2021-03-23T00:11:49, true
9DDDD405-82E4-4C56-A6A6-E2B51ACAB5CF, 2021-03-23T00:12:52, true
9DDDD405-82E4-4C56-A6A6-E2B51ACAB5CF, 2021-03-23T00:13:52, true
9DDDD405-82E4-4C56-A6A6-E2B51ACAB5CF, 2021-03-23T00:14:54, true
9DDDD405-82E4-4C56-A6A6-E2B51ACAB5CF, 2021-03-23T00:15:58, true
9DDDD405-82E4-4C56-A6A6-E2B51ACAB5CF, 2021-03-23T00:17:00, true
9DDDD405-82E4-4C56-A6A6-E2B51ACAB5CF, 2021-03-23T00:18:01, true
9DDDD405-82E4-4C56-A6A6-E2B51ACAB5CF, 2021-03-23T00:19:04, true
9DDDD405-82E4-4C56-A6A6-E2B51ACAB5CF, 2021-03-23T00:20:05, true
9DDDD405-82E4-4C56-A6A6-E2B51ACAB5CF, 2021-03-23T00:21:08, true
9DDDD405-82E4-4C56-A6A6-E2B51ACAB5CF, 2021-03-23T00:22:15, true
9DDDD405-82E4-4C56-A6A6-E2B51ACAB5CF, 2021-03-23T00:23:17, true
9DDDD405-82E4-4C56-A6A6-E2B51ACAB5CF, 2021-03-23T00:24:19, true
9DDDD405-82E4-4C56-A6A6-E2B51ACAB5CF, 2021-03-23T00:25:20, true
9DDDD405-82E4-4C56-A6A6-E2B51ACAB5CF, 2021-03-23T00:26:22, true
9DDDD405-82E4-4C56-A6A6-E2B51ACAB5CF, 2021-03-23T00:27:23, true
9DDDD405-82E4-4C56-A6A6-E2B51ACAB5CF, 2021-03-23T00:28:25, true
9DDDD405-82E4-4C56-A6A6-E2B51ACAB5CF, 2021-03-23T00:29:29, true
9DDDD405-82E4-4C56-A6A6-E2B51ACAB5CF, 2021-03-23T00:30:32, true
9DDDD405-82E4-4C56-A6A6-E2B51ACAB5CF, 2021-03-23T00:31:33, true
9DDDD405-82E4-4C56-A6A6-E2B51ACAB5CF, 2021-03-23T00:32:35, true
9DDDD405-82E4-4C56-A6A6-E2B51ACAB5CF, 2021-03-23T00:33:36, true
9DDDD405-82E4-4C56-A6A6-E2B51ACAB5CF, 2021-03-23T00:34:39, true
9DDDD405-82E4-4C56-A6A6-E2B51ACAB5CF, 2021-03-23T00:35:39, true
9DDDD405-82E4-4C56-A6A6-E2B51ACAB5CF, 2021-03-23T00:36:39, true
9DDDD405-82E4-4C56-A6A6-E2B51ACAB5CF, 2021-03-23T00:37:43, true
9DDDD405-82E4-4C56-A6A6-E2B51ACAB5CF, 2021-03-23T00:38:47, true
9DDDD405-82E4-4C56-A6A6-E2B51ACAB5CF, 2021-03-23T00:39:49, true
9DDDD405-82E4-4C56-A6A6-E2B51ACAB5CF, 2021-03-23T00:40:55, true
9DDDD405-82E4-4C56-A6A6-E2B51ACAB5CF, 2021-03-23T00:41:57, true
9DDDD405-82E4-4C56-A6A6-E2B51ACAB5CF, 2021-03-23T00:43:01, true
9DDDD405-82E4-4C56-A6A6-E2B51ACAB5CF, 2021-03-23T00:44:01, true
9DDDD405-82E4-4C56-A6A6-E2B51ACAB5CF, 2021-03-23T00:45:03, true
9DDDD405-82E4-4C56-A6A6-E2B51ACAB5CF, 2021-03-23T00:46:04, true
9DDDD405-82E4-4C56-A6A6-E2B51ACAB5CF, 2021-03-23T00:47:08, true
9DDDD405-82E4-4C56-A6A6-E2B51ACAB5CF, 2021-03-23T00:48:12, true
9DDDD405-82E4-4C56-A6A6-E2B51ACAB5CF, 2021-03-23T00:49:17, true
9DDDD405-82E4-4C56-A6A6-E2B51ACAB5CF, 2021-03-23T00:50:22, true
9DDDD405-82E4-4C56-A6A6-E2B51ACAB5CF, 2021-03-23T00:51:26, true
9DDDD405-82E4-4C56-A6A6-E2B51ACAB5CF, 2021-03-23T00:52:40, true
9DDDD405-82E4-4C56-A6A6-E2B51ACAB5CF, 2021-03-23T00:53:42, true
9DDDD405-82E4-4C56-A6A6-E2B51ACAB5CF, 2021-03-23T00:55:06, true
9DDDD405-82E4-4C56-A6A6-E2B51ACAB5CF, 2021-03-23T00:56:08, true
9DDDD405-82E4-4C56-A6A6-E2B51ACAB5CF, 2021-03-23T00:57:12, true
9DDDD405-82E4-4C56-A6A6-E2B51ACAB5CF, 2021-03-23T00:58:15, true
9DDDD405-82E4-4C56-A6A6-E2B51ACAB5CF, 2021-03-23T00:59:29, true
9DDDD405-82E4-4C56-A6A6-E2B51ACAB5CF, 2021-03-23T01:00:29, true
9DDDD405-82E4-4C56-A6A6-E2B51ACAB5CF, 2021-03-23T01:01:30, true
9DDDD405-82E4-4C56-A6A6-E2B51ACAB5CF, 2021-03-23T01:02:33, true
9DDDD405-82E4-4C56-A6A6-E2B51ACAB5CF, 2021-03-23T01:03:36, true
9DDDD405-82E4-4C56-A6A6-E2B51ACAB5CF, 2021-03-23T01:04:38, true
9DDDD405-82E4-4C56-A6A6-E2B51ACAB5CF, 2021-03-23T01:05:39, true
9DDDD405-82E4-4C56-A6A6-E2B51ACAB5CF, 2021-03-23T01:06:42, true
9DDDD405-82E4-4C56-A6A6-E2B51ACAB5CF, 2021-03-23T01:07:43, true
9DDDD405-82E4-4C56-A6A6-E2B51ACAB5CF, 2021-03-23T01:08:46, true
9DDDD405-82E4-4C56-A6A6-E2B51ACAB5CF, 2021-03-23T01:09:53, true
9DDDD405-82E4-4C56-A6A6-E2B51ACAB5CF, 2021-03-23T01:11:01, true
9DDDD405-82E4-4C56-A6A6-E2B51ACAB5CF, 2021-03-23T01:12:02, true
9DDDD405-82E4-4C56-A6A6-E2B51ACAB5CF, 2021-03-23T01:13:04, true
9DDDD405-82E4-4C56-A6A6-E2B51ACAB5CF, 2021-03-23T01:14:06, true
9DDDD405-82E4-4C56-A6A6-E2B51ACAB5CF, 2021-03-23T01:15:08, true
9DDDD405-82E4-4C56-A6A6-E2B51ACAB5CF, 2021-03-23T01:16:18, true
9DDDD405-82E4-4C56-A6A6-E2B51ACAB5CF, 2021-03-23T01:17:20, true
9DDDD405-82E4-4C56-A6A6-E2B51ACAB5CF, 2021-03-23T01:18:38, true
9DDDD405-82E4-4C56-A6A6-E2B51ACAB5CF, 2021-03-23T01:19:40, true
9DDDD405-82E4-4C56-A6A6-E2B51ACAB5CF, 2021-03-23T01:20:44, true
9DDDD405-82E4-4C56-A6A6-E2B51ACAB5CF, 2021-03-23T01:21:53, true
9DDDD405-82E4-4C56-A6A6-E2B51ACAB5CF, 2021-03-23T01:22:53, true
9DDDD405-82E4-4C56-A6A6-E2B51ACAB5CF, 2021-03-23T01:23:56, true
9DDDD405-82E4-4C56-A6A6-E2B51ACAB5CF, 2021-03-23T01:25:01, true
9DDDD405-82E4-4C56-A6A6-E2B51ACAB5CF, 2021-03-23T01:26:05, true
9DDDD405-82E4-4C56-A6A6-E2B51ACAB5CF, 2021-03-23T01:27:06, true
9DDDD405-82E4-4C56-A6A6-E2B51ACAB5CF, 2021-03-23T01:28:08, true
9DDDD405-82E4-4C56-A6A6-E2B51ACAB5CF, 2021-03-23T01:29:09, true
9DDDD405-82E4-4C56-A6A6-E2B51ACAB5CF, 2021-03-23T01:30:10, true
9DDDD405-82E4-4C56-A6A6-E2B51ACAB5CF, 2021-03-23T01:31:13, true
9DDDD405-82E4-4C56-A6A6-E2B51ACAB5CF, 2021-03-23T01:32:16, true
9DDDD405-82E4-4C56-A6A6-E2B51ACAB5CF, 2021-03-23T01:33:20, true
9DDDD405-82E4-4C56-A6A6-E2B51ACAB5CF, 2021-03-23T01:34:22, true
9DDDD405-82E4-4C56-A6A6-E2B51ACAB5CF, 2021-03-23T01:35:23, true
9DDDD405-82E4-4C56-A6A6-E2B51ACAB5CF, 2021-03-23T01:36:24, true
9DDDD405-82E4-4C56-A6A6-E2B51ACAB5CF, 2021-03-23T01:37:27, true
9DDDD405-82E4-4C56-A6A6-E2B51ACAB5CF, 2021-03-23T01:38:30, true
9DDDD405-82E4-4C56-A6A6-E2B51ACAB5CF, 2021-03-23T01:39:33, true
9DDDD405-82E4-4C56-A6A6-E2B51ACAB5CF, 2021-03-23T01:40:36, true
9DDDD405-82E4-4C56-A6A6-E2B51ACAB5CF, 2021-03-23T01:41:38, true
9DDDD405-82E4-4C56-A6A6-E2B51ACAB5CF, 2021-03-23T01:42:40, true
9DDDD405-82E4-4C56-A6A6-E2B51ACAB5CF, 2021-03-23T01:43:41, true
9DDDD405-82E4-4C56-A6A6-E2B51ACAB5CF, 2021-03-23T01:44:41, true
9DDDD405-82E4-4C56-A6A6-E2B51ACAB5CF, 2021-03-23T01:45:43, true
9DDDD405-82E4-4C56-A6A6-E2B51ACAB5CF, 2021-03-23T01:46:44, true
9DDDD405-82E4-4C56-A6A6-E2B51ACAB5CF, 2021-03-23T01:47:44, true
9DDDD405-82E4-4C56-A6A6-E2B51ACAB5CF, 2021-03-23T01:48:46, true
9DDDD405-82E4-4C56-A6A6-E2B51ACAB5CF, 2021-03-23T01:49:49, true
9DDDD405-82E4-4C56-A6A6-E2B51ACAB5CF, 2021-03-23T01:50:49, true
9DDDD405-82E4-4C56-A6A6-E2B51ACAB5CF, 2021-03-23T01:51:52, true
9DDDD405-82E4-4C56-A6A6-E2B51ACAB5CF, 2021-03-23T01:52:53, true
9DDDD405-82E4-4C56-A6A6-E2B51ACAB5CF, 2021-03-23T01:53:53, true
9DDDD405-82E4-4C56-A6A6-E2B51ACAB5CF, 2021-03-23T01:54:56, true
9DDDD405-82E4-4C56-A6A6-E2B51ACAB5CF, 2021-03-23T01:56:00, true
9DDDD405-82E4-4C56-A6A6-E2B51ACAB5CF, 2021-03-23T01:57:04, true
9DDDD405-82E4-4C56-A6A6-E2B51ACAB5CF, 2021-03-23T01:58:08, true
9DDDD405-82E4-4C56-A6A6-E2B51ACAB5CF, 2021-03-23T01:59:09, true
9DDDD405-82E4-4C56-A6A6-E2B51ACAB5CF, 2021-03-23T02:00:10, true
9DDDD405-82E4-4C56-A6A6-E2B51ACAB5CF, 2021-03-23T02:01:13, true
9DDDD405-82E4-4C56-A6A6-E2B51ACAB5CF, 2021-03-23T02:02:13, true
9DDDD405-82E4-4C56-A6A6-E2B51ACAB5CF, 2021-03-23T02:03:15, true
9DDDD405-82E4-4C56-A6A6-E2B51ACAB5CF, 2021-03-23T02:04:16, true
9DDDD405-82E4-4C56-A6A6-E2B51ACAB5CF, 2021-03-23T02:05:17, true
9DDDD405-82E4-4C56-A6A6-E2B51ACAB5CF, 2021-03-23T02:06:19, true
9DDDD405-82E4-4C56-A6A6-E2B51ACAB5CF, 2021-03-23T02:07:19, true
9DDDD405-82E4-4C56-A6A6-E2B51ACAB5CF, 2021-03-23T02:08:19, true
9DDDD405-82E4-4C56-A6A6-E2B51ACAB5CF, 2021-03-23T02:09:21, true
9DDDD405-82E4-4C56-A6A6-E2B51ACAB5CF, 2021-03-23T02:10:21, true
9DDDD405-82E4-4C56-A6A6-E2B51ACAB5CF, 2021-03-23T02:11:24, true
9DDDD405-82E4-4C56-A6A6-E2B51ACAB5CF, 2021-03-23T02:12:30, true
9DDDD405-82E4-4C56-A6A6-E2B51ACAB5CF, 2021-03-23T02:13:32, true
9DDDD405-82E4-4C56-A6A6-E2B51ACAB5CF, 2021-03-23T02:14:34, true
9DDDD405-82E4-4C56-A6A6-E2B51ACAB5CF, 2021-03-23T02:15:36, true
9DDDD405-82E4-4C56-A6A6-E2B51ACAB5CF, 2021-03-23T02:16:46, true
9DDDD405-82E4-4C56-A6A6-E2B51ACAB5CF, 2021-03-23T02:17:48, true
9DDDD405-82E4-4C56-A6A6-E2B51ACAB5CF, 2021-03-23T02:18:49, true
9DDDD405-82E4-4C56-A6A6-E2B51ACAB5CF, 2021-03-23T02:19:51, true
9DDDD405-82E4-4C56-A6A6-E2B51ACAB5CF, 2021-03-23T02:20:55, true
9DDDD405-82E4-4C56-A6A6-E2B51ACAB5CF, 2021-03-23T02:21:56, true
9DDDD405-82E4-4C56-A6A6-E2B51ACAB5CF, 2021-03-23T02:22:59, true
9DDDD405-82E4-4C56-A6A6-E2B51ACAB5CF, 2021-03-23T02:23:59, true
9DDDD405-82E4-4C56-A6A6-E2B51ACAB5CF, 2021-03-23T02:25:00, true
9DDDD405-82E4-4C56-A6A6-E2B51ACAB5CF, 2021-03-23T02:26:02, true
9DDDD405-82E4-4C56-A6A6-E2B51ACAB5CF, 2021-03-23T02:27:04, true
9DDDD405-82E4-4C56-A6A6-E2B51ACAB5CF, 2021-03-23T02:28:08, true
9DDDD405-82E4-4C56-A6A6-E2B51ACAB5CF, 2021-03-23T02:29:09, true
9DDDD405-82E4-4C56-A6A6-E2B51ACAB5CF, 2021-03-23T02:30:13, true
9DDDD405-82E4-4C56-A6A6-E2B51ACAB5CF, 2021-03-23T02:31:14, true
9DDDD405-82E4-4C56-A6A6-E2B51ACAB5CF, 2021-03-23T02:32:17, true
9DDDD405-82E4-4C56-A6A6-E2B51ACAB5CF, 2021-03-23T02:33:19, true
9DDDD405-82E4-4C56-A6A6-E2B51ACAB5CF, 2021-03-23T02:34:19, true
9DDDD405-82E4-4C56-A6A6-E2B51ACAB5CF, 2021-03-23T02:35:20, true
9DDDD405-82E4-4C56-A6A6-E2B51ACAB5CF, 2021-03-23T02:36:21, true
9DDDD405-82E4-4C56-A6A6-E2B51ACAB5CF, 2021-03-23T02:37:23, true
9DDDD405-82E4-4C56-A6A6-E2B51ACAB5CF, 2021-03-23T02:38:29, true
9DDDD405-82E4-4C56-A6A6-E2B51ACAB5CF, 2021-03-23T02:39:32, true
9DDDD405-82E4-4C56-A6A6-E2B51ACAB5CF, 2021-03-23T02:40:33, true
9DDDD405-82E4-4C56-A6A6-E2B51ACAB5CF, 2021-03-23T02:41:33, true
9DDDD405-82E4-4C56-A6A6-E2B51ACAB5CF, 2021-03-23T02:42:34, true
9DDDD405-82E4-4C56-A6A6-E2B51ACAB5CF, 2021-03-23T02:43:36, true
9DDDD405-82E4-4C56-A6A6-E2B51ACAB5CF, 2021-03-23T02:44:41, true
9DDDD405-82E4-4C56-A6A6-E2B51ACAB5CF, 2021-03-23T02:45:45, true
9DDDD405-82E4-4C56-A6A6-E2B51ACAB5CF, 2021-03-23T02:46:50, true
9DDDD405-82E4-4C56-A6A6-E2B51ACAB5CF, 2021-03-23T02:47:51, true
9DDDD405-82E4-4C56-A6A6-E2B51ACAB5CF, 2021-03-23T02:48:55, true
9DDDD405-82E4-4C56-A6A6-E2B51ACAB5CF, 2021-03-23T02:49:55, true
9DDDD405-82E4-4C56-A6A6-E2B51ACAB5CF, 2021-03-23T02:50:59, true
9DDDD405-82E4-4C56-A6A6-E2B51ACAB5CF, 2021-03-23T02:52:02, true
9DDDD405-82E4-4C56-A6A6-E2B51ACAB5CF, 2021-03-23T02:53:04, true
9DDDD405-82E4-4C56-A6A6-E2B51ACAB5CF, 2021-03-23T02:54:06, true
9DDDD405-82E4-4C56-A6A6-E2B51ACAB5CF, 2021-03-23T02:55:06, true
9DDDD405-82E4-4C56-A6A6-E2B51ACAB5CF, 2021-03-23T02:56:09, true
9DDDD405-82E4-4C56-A6A6-E2B51ACAB5CF, 2021-03-23T02:57:12, true
9DDDD405-82E4-4C56-A6A6-E2B51ACAB5CF, 2021-03-23T02:58:16, true
9DDDD405-82E4-4C56-A6A6-E2B51ACAB5CF, 2021-03-23T02:59:17, true
9DDDD405-82E4-4C56-A6A6-E2B51ACAB5CF, 2021-03-23T03:00:26, true
9DDDD405-82E4-4C56-A6A6-E2B51ACAB5CF, 2021-03-23T03:01:27, true
9DDDD405-82E4-4C56-A6A6-E2B51ACAB5CF, 2021-03-23T03:02:29, true
9DDDD405-82E4-4C56-A6A6-E2B51ACAB5CF, 2021-03-23T03:03:30, true
9DDDD405-82E4-4C56-A6A6-E2B51ACAB5CF, 2021-03-23T03:04:32, true
9DDDD405-82E4-4C56-A6A6-E2B51ACAB5CF, 2021-03-23T03:05:32, true
9DDDD405-82E4-4C56-A6A6-E2B51ACAB5CF, 2021-03-23T03:06:32, true
9DDDD405-82E4-4C56-A6A6-E2B51ACAB5CF, 2021-03-23T03:07:35, true
9DDDD405-82E4-4C56-A6A6-E2B51ACAB5CF, 2021-03-23T03:08:37, true
9DDDD405-82E4-4C56-A6A6-E2B51ACAB5CF, 2021-03-23T03:09:37, true
9DDDD405-82E4-4C56-A6A6-E2B51ACAB5CF, 2021-03-23T03:10:38, true
9DDDD405-82E4-4C56-A6A6-E2B51ACAB5CF, 2021-03-23T03:11:45, true
9DDDD405-82E4-4C56-A6A6-E2B51ACAB5CF, 2021-03-23T03:12:48, true
9DDDD405-82E4-4C56-A6A6-E2B51ACAB5CF, 2021-03-23T03:13:49, true
9DDDD405-82E4-4C56-A6A6-E2B51ACAB5CF, 2021-03-23T03:14:51, true
9DDDD405-82E4-4C56-A6A6-E2B51ACAB5CF, 2021-03-23T03:15:53, true
9DDDD405-82E4-4C56-A6A6-E2B51ACAB5CF, 2021-03-23T03:16:54, true
9DDDD405-82E4-4C56-A6A6-E2B51ACAB5CF, 2021-03-23T03:17:55, true
9DDDD405-82E4-4C56-A6A6-E2B51ACAB5CF, 2021-03-23T03:19:00, true
9DDDD405-82E4-4C56-A6A6-E2B51ACAB5CF, 2021-03-23T03:20:03, true
9DDDD405-82E4-4C56-A6A6-E2B51ACAB5CF, 2021-03-23T03:21:04, true
9DDDD405-82E4-4C56-A6A6-E2B51ACAB5CF, 2021-03-23T03:22:04, true
9DDDD405-82E4-4C56-A6A6-E2B51ACAB5CF, 2021-03-23T03:23:20, true
9DDDD405-82E4-4C56-A6A6-E2B51ACAB5CF, 2021-03-23T03:24:22, true
9DDDD405-82E4-4C56-A6A6-E2B51ACAB5CF, 2021-03-23T03:25:23, true
9DDDD405-82E4-4C56-A6A6-E2B51ACAB5CF, 2021-03-23T03:26:26, true
9DDDD405-82E4-4C56-A6A6-E2B51ACAB5CF, 2021-03-23T03:27:29, true
9DDDD405-82E4-4C56-A6A6-E2B51ACAB5CF, 2021-03-23T03:28:32, true
9DDDD405-82E4-4C56-A6A6-E2B51ACAB5CF, 2021-03-23T03:29:33, true
9DDDD405-82E4-4C56-A6A6-E2B51ACAB5CF, 2021-03-23T03:30:36, true
9DDDD405-82E4-4C56-A6A6-E2B51ACAB5CF, 2021-03-23T03:31:40, true
9DDDD405-82E4-4C56-A6A6-E2B51ACAB5CF, 2021-03-23T03:32:43, true
9DDDD405-82E4-4C56-A6A6-E2B51ACAB5CF, 2021-03-23T03:33:46, true
9DDDD405-82E4-4C56-A6A6-E2B51ACAB5CF, 2021-03-23T03:35:07, true
9DDDD405-82E4-4C56-A6A6-E2B51ACAB5CF, 2021-03-23T03:36:07, true
9DDDD405-82E4-4C56-A6A6-E2B51ACAB5CF, 2021-03-23T03:37:07, true
9DDDD405-82E4-4C56-A6A6-E2B51ACAB5CF, 2021-03-23T03:38:08, true
9DDDD405-82E4-4C56-A6A6-E2B51ACAB5CF, 2021-03-23T03:39:12, true
9DDDD405-82E4-4C56-A6A6-E2B51ACAB5CF, 2021-03-23T03:40:15, true
9DDDD405-82E4-4C56-A6A6-E2B51ACAB5CF, 2021-03-23T03:41:29, true
9DDDD405-82E4-4C56-A6A6-E2B51ACAB5CF, 2021-03-23T03:42:30, true
9DDDD405-82E4-4C56-A6A6-E2B51ACAB5CF, 2021-03-23T03:43:32, true
9DDDD405-82E4-4C56-A6A6-E2B51ACAB5CF, 2021-03-23T03:44:33, true
9DDDD405-82E4-4C56-A6A6-E2B51ACAB5CF, 2021-03-23T03:45:37, true
9DDDD405-82E4-4C56-A6A6-E2B51ACAB5CF, 2021-03-23T03:46:38, true
9DDDD405-82E4-4C56-A6A6-E2B51ACAB5CF, 2021-03-23T03:47:40, true
9DDDD405-82E4-4C56-A6A6-E2B51ACAB5CF, 2021-03-23T03:48:43, true
9DDDD405-82E4-4C56-A6A6-E2B51ACAB5CF, 2021-03-23T03:49:45, true
9DDDD405-82E4-4C56-A6A6-E2B51ACAB5CF, 2021-03-23T03:50:46, true
9DDDD405-82E4-4C56-A6A6-E2B51ACAB5CF, 2021-03-23T03:51:51, true
9DDDD405-82E4-4C56-A6A6-E2B51ACAB5CF, 2021-03-23T03:52:54, true
9DDDD405-82E4-4C56-A6A6-E2B51ACAB5CF, 2021-03-23T03:53:57, true
9DDDD405-82E4-4C56-A6A6-E2B51ACAB5CF, 2021-03-23T03:54:57, true
9DDDD405-82E4-4C56-A6A6-E2B51ACAB5CF, 2021-03-23T03:55:59, true
9DDDD405-82E4-4C56-A6A6-E2B51ACAB5CF, 2021-03-23T03:57:01, true
9DDDD405-82E4-4C56-A6A6-E2B51ACAB5CF, 2021-03-23T03:58:04, true
9DDDD405-82E4-4C56-A6A6-E2B51ACAB5CF, 2021-03-23T03:59:06, true
9DDDD405-82E4-4C56-A6A6-E2B51ACAB5CF, 2021-03-23T04:00:08, true
9DDDD405-82E4-4C56-A6A6-E2B51ACAB5CF, 2021-03-23T04:01:09, true
9DDDD405-82E4-4C56-A6A6-E2B51ACAB5CF, 2021-03-23T04:02:13, true
9DDDD405-82E4-4C56-A6A6-E2B51ACAB5CF, 2021-03-23T04:03:18, true
9DDDD405-82E4-4C56-A6A6-E2B51ACAB5CF, 2021-03-23T04:04:21, true
9DDDD405-82E4-4C56-A6A6-E2B51ACAB5CF, 2021-03-23T04:05:22, true
9DDDD405-82E4-4C56-A6A6-E2B51ACAB5CF, 2021-03-23T04:06:28, true
9DDDD405-82E4-4C56-A6A6-E2B51ACAB5CF, 2021-03-23T04:07:31, true
9DDDD405-82E4-4C56-A6A6-E2B51ACAB5CF, 2021-03-23T04:08:34, true
9DDDD405-82E4-4C56-A6A6-E2B51ACAB5CF, 2021-03-23T04:09:38, true
9DDDD405-82E4-4C56-A6A6-E2B51ACAB5CF, 2021-03-23T04:10:39, true
9DDDD405-82E4-4C56-A6A6-E2B51ACAB5CF, 2021-03-23T04:11:41, true
9DDDD405-82E4-4C56-A6A6-E2B51ACAB5CF, 2021-03-23T04:12:44, true
9DDDD405-82E4-4C56-A6A6-E2B51ACAB5CF, 2021-03-23T04:13:45, true
9DDDD405-82E4-4C56-A6A6-E2B51ACAB5CF, 2021-03-23T04:14:45, true
9DDDD405-82E4-4C56-A6A6-E2B51ACAB5CF, 2021-03-23T04:15:47, true
9DDDD405-82E4-4C56-A6A6-E2B51ACAB5CF, 2021-03-23T04:16:49, true
9DDDD405-82E4-4C56-A6A6-E2B51ACAB5CF, 2021-03-23T04:17:55, true
9DDDD405-82E4-4C56-A6A6-E2B51ACAB5CF, 2021-03-23T04:18:56, true
9DDDD405-82E4-4C56-A6A6-E2B51ACAB5CF, 2021-03-23T04:19:57, true
9DDDD405-82E4-4C56-A6A6-E2B51ACAB5CF, 2021-03-23T04:21:02, true
9DDDD405-82E4-4C56-A6A6-E2B51ACAB5CF, 2021-03-23T04:22:02, true
9DDDD405-82E4-4C56-A6A6-E2B51ACAB5CF, 2021-03-23T04:23:05, true
9DDDD405-82E4-4C56-A6A6-E2B51ACAB5CF, 2021-03-23T04:24:05, true
9DDDD405-82E4-4C56-A6A6-E2B51ACAB5CF, 2021-03-23T04:25:07, true
9DDDD405-82E4-4C56-A6A6-E2B51ACAB5CF, 2021-03-23T04:26:08, true
9DDDD405-82E4-4C56-A6A6-E2B51ACAB5CF, 2021-03-23T04:27:09, true
9DDDD405-82E4-4C56-A6A6-E2B51ACAB5CF, 2021-03-23T04:28:10, true
9DDDD405-82E4-4C56-A6A6-E2B51ACAB5CF, 2021-03-23T04:29:13, true
9DDDD405-82E4-4C56-A6A6-E2B51ACAB5CF, 2021-03-23T04:30:14, true
9DDDD405-82E4-4C56-A6A6-E2B51ACAB5CF, 2021-03-23T04:31:14, true
9DDDD405-82E4-4C56-A6A6-E2B51ACAB5CF, 2021-03-23T04:32:17, true
9DDDD405-82E4-4C56-A6A6-E2B51ACAB5CF, 2021-03-23T04:33:20, true
9DDDD405-82E4-4C56-A6A6-E2B51ACAB5CF, 2021-03-23T04:34:22, true
9DDDD405-82E4-4C56-A6A6-E2B51ACAB5CF, 2021-03-23T04:35:23, true
9DDDD405-82E4-4C56-A6A6-E2B51ACAB5CF, 2021-03-23T04:36:25, true
9DDDD405-82E4-4C56-A6A6-E2B51ACAB5CF, 2021-03-23T04:37:25, true
9DDDD405-82E4-4C56-A6A6-E2B51ACAB5CF, 2021-03-23T04:38:25, true
9DDDD405-82E4-4C56-A6A6-E2B51ACAB5CF, 2021-03-23T04:39:26, true
9DDDD405-82E4-4C56-A6A6-E2B51ACAB5CF, 2021-03-23T04:40:29, true
9DDDD405-82E4-4C56-A6A6-E2B51ACAB5CF, 2021-03-23T04:41:38, true
9DDDD405-82E4-4C56-A6A6-E2B51ACAB5CF, 2021-03-23T04:42:39, true
9DDDD405-82E4-4C56-A6A6-E2B51ACAB5CF, 2021-03-23T04:43:41, true
9DDDD405-82E4-4C56-A6A6-E2B51ACAB5CF, 2021-03-23T04:44:43, true
9DDDD405-82E4-4C56-A6A6-E2B51ACAB5CF, 2021-03-23T04:45:45, true
9DDDD405-82E4-4C56-A6A6-E2B51ACAB5CF, 2021-03-23T04:46:46, true
9DDDD405-82E4-4C56-A6A6-E2B51ACAB5CF, 2021-03-23T04:47:53, true
9DDDD405-82E4-4C56-A6A6-E2B51ACAB5CF, 2021-03-23T04:48:56, true
9DDDD405-82E4-4C56-A6A6-E2B51ACAB5CF, 2021-03-23T04:49:57, true
9DDDD405-82E4-4C56-A6A6-E2B51ACAB5CF, 2021-03-23T04:51:04, true
9DDDD405-82E4-4C56-A6A6-E2B51ACAB5CF, 2021-03-23T04:52:08, true
9DDDD405-82E4-4C56-A6A6-E2B51ACAB5CF, 2021-03-23T04:53:09, true
9DDDD405-82E4-4C56-A6A6-E2B51ACAB5CF, 2021-03-23T04:54:12, true
9DDDD405-82E4-4C56-A6A6-E2B51ACAB5CF, 2021-03-23T04:55:14, true
9DDDD405-82E4-4C56-A6A6-E2B51ACAB5CF, 2021-03-23T04:56:16, true
9DDDD405-82E4-4C56-A6A6-E2B51ACAB5CF, 2021-03-23T04:57:19, true
9DDDD405-82E4-4C56-A6A6-E2B51ACAB5CF, 2021-03-23T04:58:21, true
9DDDD405-82E4-4C56-A6A6-E2B51ACAB5CF, 2021-03-23T04:59:21, true
9DDDD405-82E4-4C56-A6A6-E2B51ACAB5CF, 2021-03-23T05:00:24, true
9DDDD405-82E4-4C56-A6A6-E2B51ACAB5CF, 2021-03-23T05:01:28, true
9DDDD405-82E4-4C56-A6A6-E2B51ACAB5CF, 2021-03-23T05:02:30, true
9DDDD405-82E4-4C56-A6A6-E2B51ACAB5CF, 2021-03-23T05:03:32, true
9DDDD405-82E4-4C56-A6A6-E2B51ACAB5CF, 2021-03-23T05:04:35, true
9DDDD405-82E4-4C56-A6A6-E2B51ACAB5CF, 2021-03-23T05:05:40, true
9DDDD405-82E4-4C56-A6A6-E2B51ACAB5CF, 2021-03-23T05:06:40, true
9DDDD405-82E4-4C56-A6A6-E2B51ACAB5CF, 2021-03-23T05:07:41, true
9DDDD405-82E4-4C56-A6A6-E2B51ACAB5CF, 2021-03-23T05:08:43, true
9DDDD405-82E4-4C56-A6A6-E2B51ACAB5CF, 2021-03-23T05:09:56, true
9DDDD405-82E4-4C56-A6A6-E2B51ACAB5CF, 2021-03-23T05:10:56, true
9DDDD405-82E4-4C56-A6A6-E2B51ACAB5CF, 2021-03-23T05:12:02, true
9DDDD405-82E4-4C56-A6A6-E2B51ACAB5CF, 2021-03-23T05:13:12, true
9DDDD405-82E4-4C56-A6A6-E2B51ACAB5CF, 2021-03-23T05:14:13, true
9DDDD405-82E4-4C56-A6A6-E2B51ACAB5CF, 2021-03-23T05:15:14, true
9DDDD405-82E4-4C56-A6A6-E2B51ACAB5CF, 2021-03-23T05:16:20, true
9DDDD405-82E4-4C56-A6A6-E2B51ACAB5CF, 2021-03-23T05:17:21, true
9DDDD405-82E4-4C56-A6A6-E2B51ACAB5CF, 2021-03-23T05:18:21, true
9DDDD405-82E4-4C56-A6A6-E2B51ACAB5CF, 2021-03-23T05:19:26, true
9DDDD405-82E4-4C56-A6A6-E2B51ACAB5CF, 2021-03-23T05:20:27, true
9DDDD405-82E4-4C56-A6A6-E2B51ACAB5CF, 2021-03-23T05:21:29, true
9DDDD405-82E4-4C56-A6A6-E2B51ACAB5CF, 2021-03-23T05:22:31, true
9DDDD405-82E4-4C56-A6A6-E2B51ACAB5CF, 2021-03-23T05:23:40, true
9DDDD405-82E4-4C56-A6A6-E2B51ACAB5CF, 2021-03-23T05:24:44, true
9DDDD405-82E4-4C56-A6A6-E2B51ACAB5CF, 2021-03-23T05:25:44, true
9DDDD405-82E4-4C56-A6A6-E2B51ACAB5CF, 2021-03-23T05:26:45, true
9DDDD405-82E4-4C56-A6A6-E2B51ACAB5CF, 2021-03-23T05:27:50, true
9DDDD405-82E4-4C56-A6A6-E2B51ACAB5CF, 2021-03-23T05:28:52, true
9DDDD405-82E4-4C56-A6A6-E2B51ACAB5CF, 2021-03-23T05:29:53, true
9DDDD405-82E4-4C56-A6A6-E2B51ACAB5CF, 2021-03-23T05:30:54, true
9DDDD405-82E4-4C56-A6A6-E2B51ACAB5CF, 2021-03-23T05:31:55, true
9DDDD405-82E4-4C56-A6A6-E2B51ACAB5CF, 2021-03-23T05:32:57, true
9DDDD405-82E4-4C56-A6A6-E2B51ACAB5CF, 2021-03-23T05:34:01, true
9DDDD405-82E4-4C56-A6A6-E2B51ACAB5CF, 2021-03-23T05:35:08, true
9DDDD405-82E4-4C56-A6A6-E2B51ACAB5CF, 2021-03-23T05:36:09, true
9DDDD405-82E4-4C56-A6A6-E2B51ACAB5CF, 2021-03-23T05:37:12, true
9DDDD405-82E4-4C56-A6A6-E2B51ACAB5CF, 2021-03-23T05:38:13, true
9DDDD405-82E4-4C56-A6A6-E2B51ACAB5CF, 2021-03-23T05:39:15, true
9DDDD405-82E4-4C56-A6A6-E2B51ACAB5CF, 2021-03-23T05:40:17, true
9DDDD405-82E4-4C56-A6A6-E2B51ACAB5CF, 2021-03-23T05:41:20, true
9DDDD405-82E4-4C56-A6A6-E2B51ACAB5CF, 2021-03-23T05:42:26, true
9DDDD405-82E4-4C56-A6A6-E2B51ACAB5CF, 2021-03-23T05:43:28, true
9DDDD405-82E4-4C56-A6A6-E2B51ACAB5CF, 2021-03-23T05:44:35, true
9DDDD405-82E4-4C56-A6A6-E2B51ACAB5CF, 2021-03-23T05:45:48, true
9DDDD405-82E4-4C56-A6A6-E2B51ACAB5CF, 2021-03-23T05:46:48, true
9DDDD405-82E4-4C56-A6A6-E2B51ACAB5CF, 2021-03-23T05:47:49, true
9DDDD405-82E4-4C56-A6A6-E2B51ACAB5CF, 2021-03-23T05:48:52, true
9DDDD405-82E4-4C56-A6A6-E2B51ACAB5CF, 2021-03-23T05:49:55, true
9DDDD405-82E4-4C56-A6A6-E2B51ACAB5CF, 2021-03-23T05:50:57, true
9DDDD405-82E4-4C56-A6A6-E2B51ACAB5CF, 2021-03-23T05:51:58, true
9DDDD405-82E4-4C56-A6A6-E2B51ACAB5CF, 2021-03-23T05:53:03, true
9DDDD405-82E4-4C56-A6A6-E2B51ACAB5CF, 2021-03-23T05:54:07, true
9DDDD405-82E4-4C56-A6A6-E2B51ACAB5CF, 2021-03-23T05:55:08, true
9DDDD405-82E4-4C56-A6A6-E2B51ACAB5CF, 2021-03-23T05:56:09, true
9DDDD405-82E4-4C56-A6A6-E2B51ACAB5CF, 2021-03-23T05:57:12, true
9DDDD405-82E4-4C56-A6A6-E2B51ACAB5CF, 2021-03-23T05:58:13, true
9DDDD405-82E4-4C56-A6A6-E2B51ACAB5CF, 2021-03-23T05:59:16, true
9DDDD405-82E4-4C56-A6A6-E2B51ACAB5CF, 2021-03-23T06:00:16, true
9DDDD405-82E4-4C56-A6A6-E2B51ACAB5CF, 2021-03-23T06:01:18, true
9DDDD405-82E4-4C56-A6A6-E2B51ACAB5CF, 2021-03-23T06:02:22, true
9DDDD405-82E4-4C56-A6A6-E2B51ACAB5CF, 2021-03-23T06:03:24, true
9DDDD405-82E4-4C56-A6A6-E2B51ACAB5CF, 2021-03-23T06:04:24, true
9DDDD405-82E4-4C56-A6A6-E2B51ACAB5CF, 2021-03-23T06:05:27, true
9DDDD405-82E4-4C56-A6A6-E2B51ACAB5CF, 2021-03-23T06:06:30, true
9DDDD405-82E4-4C56-A6A6-E2B51ACAB5CF, 2021-03-23T06:07:30, true
9DDDD405-82E4-4C56-A6A6-E2B51ACAB5CF, 2021-03-23T06:08:31, true
9DDDD405-82E4-4C56-A6A6-E2B51ACAB5CF, 2021-03-23T06:09:47, true
9DDDD405-82E4-4C56-A6A6-E2B51ACAB5CF, 2021-03-23T06:10:48, true
9DDDD405-82E4-4C56-A6A6-E2B51ACAB5CF, 2021-03-23T06:11:52, true
9DDDD405-82E4-4C56-A6A6-E2B51ACAB5CF, 2021-03-23T06:12:53, true
9DDDD405-82E4-4C56-A6A6-E2B51ACAB5CF, 2021-03-23T06:13:53, true
9DDDD405-82E4-4C56-A6A6-E2B51ACAB5CF, 2021-03-23T06:14:53, true
9DDDD405-82E4-4C56-A6A6-E2B51ACAB5CF, 2021-03-23T06:15:56, true
9DDDD405-82E4-4C56-A6A6-E2B51ACAB5CF, 2021-03-23T06:16:56, true
9DDDD405-82E4-4C56-A6A6-E2B51ACAB5CF, 2021-03-23T06:17:59, true
9DDDD405-82E4-4C56-A6A6-E2B51ACAB5CF, 2021-03-23T06:19:13, true
9DDDD405-82E4-4C56-A6A6-E2B51ACAB5CF, 2021-03-23T06:20:15, true
9DDDD405-82E4-4C56-A6A6-E2B51ACAB5CF, 2021-03-23T06:21:18, true
9DDDD405-82E4-4C56-A6A6-E2B51ACAB5CF, 2021-03-23T06:22:21, true
9DDDD405-82E4-4C56-A6A6-E2B51ACAB5CF, 2021-03-23T06:23:24, true
9DDDD405-82E4-4C56-A6A6-E2B51ACAB5CF, 2021-03-23T06:24:27, true
9DDDD405-82E4-4C56-A6A6-E2B51ACAB5CF, 2021-03-23T06:25:34, true
9DDDD405-82E4-4C56-A6A6-E2B51ACAB5CF, 2021-03-23T06:26:44, true
9DDDD405-82E4-4C56-A6A6-E2B51ACAB5CF, 2021-03-23T06:27:46, true
9DDDD405-82E4-4C56-A6A6-E2B51ACAB5CF, 2021-03-23T06:28:47, true
9DDDD405-82E4-4C56-A6A6-E2B51ACAB5CF, 2021-03-23T06:29:52, true
9DDDD405-82E4-4C56-A6A6-E2B51ACAB5CF, 2021-03-23T06:30:56, true
9DDDD405-82E4-4C56-A6A6-E2B51ACAB5CF, 2021-03-23T06:31:58, true
9DDDD405-82E4-4C56-A6A6-E2B51ACAB5CF, 2021-03-23T06:32:59, true
9DDDD405-82E4-4C56-A6A6-E2B51ACAB5CF, 2021-03-23T06:34:22, true
9DDDD405-82E4-4C56-A6A6-E2B51ACAB5CF, 2021-03-23T06:35:25, true
9DDDD405-82E4-4C56-A6A6-E2B51ACAB5CF, 2021-03-23T06:36:49, true
9DDDD405-82E4-4C56-A6A6-E2B51ACAB5CF, 2021-03-23T06:37:52, true
9DDDD405-82E4-4C56-A6A6-E2B51ACAB5CF, 2021-03-23T06:38:54, true
9DDDD405-82E4-4C56-A6A6-E2B51ACAB5CF, 2021-03-23T06:39:57, true
9DDDD405-82E4-4C56-A6A6-E2B51ACAB5CF, 2021-03-23T06:41:11, true
9DDDD405-82E4-4C56-A6A6-E2B51ACAB5CF, 2021-03-23T06:42:12, true
9DDDD405-82E4-4C56-A6A6-E2B51ACAB5CF, 2021-03-23T06:43:37, true
9DDDD405-82E4-4C56-A6A6-E2B51ACAB5CF, 2021-03-23T06:44:37, true
9DDDD405-82E4-4C56-A6A6-E2B51ACAB5CF, 2021-03-23T06:45:39, true
9DDDD405-82E4-4C56-A6A6-E2B51ACAB5CF, 2021-03-23T06:46:39, true
9DDDD405-82E4-4C56-A6A6-E2B51ACAB5CF, 2021-03-23T06:47:43, true
9DDDD405-82E4-4C56-A6A6-E2B51ACAB5CF, 2021-03-23T06:48:48, true
9DDDD405-82E4-4C56-A6A6-E2B51ACAB5CF, 2021-03-23T06:50:00, true
9DDDD405-82E4-4C56-A6A6-E2B51ACAB5CF, 2021-03-23T06:51:01, true
9DDDD405-82E4-4C56-A6A6-E2B51ACAB5CF, 2021-03-23T06:52:08, true
9DDDD405-82E4-4C56-A6A6-E2B51ACAB5CF, 2021-03-23T06:53:11, true
9DDDD405-82E4-4C56-A6A6-E2B51ACAB5CF, 2021-03-23T06:54:15, true
9DDDD405-82E4-4C56-A6A6-E2B51ACAB5CF, 2021-03-23T06:55:18, true
9DDDD405-82E4-4C56-A6A6-E2B51ACAB5CF, 2021-03-23T06:56:19, true
9DDDD405-82E4-4C56-A6A6-E2B51ACAB5CF, 2021-03-23T06:57:23, true
9DDDD405-82E4-4C56-A6A6-E2B51ACAB5CF, 2021-03-23T06:58:25, true
9DDDD405-82E4-4C56-A6A6-E2B51ACAB5CF, 2021-03-23T06:59:28, true
9DDDD405-82E4-4C56-A6A6-E2B51ACAB5CF, 2021-03-23T07:00:29, true
9DDDD405-82E4-4C56-A6A6-E2B51ACAB5CF, 2021-03-23T07:01:31, true
9DDDD405-82E4-4C56-A6A6-E2B51ACAB5CF, 2021-03-23T07:02:33, true
9DDDD405-82E4-4C56-A6A6-E2B51ACAB5CF, 2021-03-23T07:03:33, true
9DDDD405-82E4-4C56-A6A6-E2B51ACAB5CF, 2021-03-23T07:04:36, true
9DDDD405-82E4-4C56-A6A6-E2B51ACAB5CF, 2021-03-23T07:05:38, true
9DDDD405-82E4-4C56-A6A6-E2B51ACAB5CF, 2021-03-23T07:06:41, true
9DDDD405-82E4-4C56-A6A6-E2B51ACAB5CF, 2021-03-23T07:07:42, true
9DDDD405-82E4-4C56-A6A6-E2B51ACAB5CF, 2021-03-23T07:08:44, true
9DDDD405-82E4-4C56-A6A6-E2B51ACAB5CF, 2021-03-23T07:09:47, true
9DDDD405-82E4-4C56-A6A6-E2B51ACAB5CF, 2021-03-23T07:10:47, true
9DDDD405-82E4-4C56-A6A6-E2B51ACAB5CF, 2021-03-23T07:11:58, true
9DDDD405-82E4-4C56-A6A6-E2B51ACAB5CF, 2021-03-23T07:13:06, true
9DDDD405-82E4-4C56-A6A6-E2B51ACAB5CF, 2021-03-23T07:14:17, true
9DDDD405-82E4-4C56-A6A6-E2B51ACAB5CF, 2021-03-23T07:15:18, true
9DDDD405-82E4-4C56-A6A6-E2B51ACAB5CF, 2021-03-23T07:16:18, true
9DDDD405-82E4-4C56-A6A6-E2B51ACAB5CF, 2021-03-23T07:17:42, true
9DDDD405-82E4-4C56-A6A6-E2B51ACAB5CF, 2021-03-23T07:19:10, true
9DDDD405-82E4-4C56-A6A6-E2B51ACAB5CF, 2021-03-23T07:20:13, true
9DDDD405-82E4-4C56-A6A6-E2B51ACAB5CF, 2021-03-23T07:21:14, true
9DDDD405-82E4-4C56-A6A6-E2B51ACAB5CF, 2021-03-23T07:22:14, true
9DDDD405-82E4-4C56-A6A6-E2B51ACAB5CF, 2021-03-23T07:23:16, true
9DDDD405-82E4-4C56-A6A6-E2B51ACAB5CF, 2021-03-23T07:24:30, true
9DDDD405-82E4-4C56-A6A6-E2B51ACAB5CF, 2021-03-23T07:25:33, true
9DDDD405-82E4-4C56-A6A6-E2B51ACAB5CF, 2021-03-23T07:26:36, true
9DDDD405-82E4-4C56-A6A6-E2B51ACAB5CF, 2021-03-23T07:27:39, true
9DDDD405-82E4-4C56-A6A6-E2B51ACAB5CF, 2021-03-23T07:28:42, true
9DDDD405-82E4-4C56-A6A6-E2B51ACAB5CF, 2021-03-23T07:29:43, true
9DDDD405-82E4-4C56-A6A6-E2B51ACAB5CF, 2021-03-23T07:30:45, true
9DDDD405-82E4-4C56-A6A6-E2B51ACAB5CF, 2021-03-23T07:31:46, true
9DDDD405-82E4-4C56-A6A6-E2B51ACAB5CF, 2021-03-23T07:32:46, true
9DDDD405-82E4-4C56-A6A6-E2B51ACAB5CF, 2021-03-23T07:33:47, true
9DDDD405-82E4-4C56-A6A6-E2B51ACAB5CF, 2021-03-23T07:34:48, true
9DDDD405-82E4-4C56-A6A6-E2B51ACAB5CF, 2021-03-23T07:35:54, true
9DDDD405-82E4-4C56-A6A6-E2B51ACAB5CF, 2021-03-23T07:36:57, true
9DDDD405-82E4-4C56-A6A6-E2B51ACAB5CF, 2021-03-23T07:37:57, true
9DDDD405-82E4-4C56-A6A6-E2B51ACAB5CF, 2021-03-23T07:38:59, true
9DDDD405-82E4-4C56-A6A6-E2B51ACAB5CF, 2021-03-23T07:40:00, true
9DDDD405-82E4-4C56-A6A6-E2B51ACAB5CF, 2021-03-23T07:41:04, true
9DDDD405-82E4-4C56-A6A6-E2B51ACAB5CF, 2021-03-23T07:42:05, true
9DDDD405-82E4-4C56-A6A6-E2B51ACAB5CF, 2021-03-23T07:43:06, true
9DDDD405-82E4-4C56-A6A6-E2B51ACAB5CF, 2021-03-23T07:44:27, true
9DDDD405-82E4-4C56-A6A6-E2B51ACAB5CF, 2021-03-23T07:45:30, true
9DDDD405-82E4-4C56-A6A6-E2B51ACAB5CF, 2021-03-23T07:46:37, true
9DDDD405-82E4-4C56-A6A6-E2B51ACAB5CF, 2021-03-23T07:47:40, true
9DDDD405-82E4-4C56-A6A6-E2B51ACAB5CF, 2021-03-23T07:48:41, true
9DDDD405-82E4-4C56-A6A6-E2B51ACAB5CF, 2021-03-23T07:49:43, true
9DDDD405-82E4-4C56-A6A6-E2B51ACAB5CF, 2021-03-23T07:51:09, true
9DDDD405-82E4-4C56-A6A6-E2B51ACAB5CF, 2021-03-23T07:52:11, true
9DDDD405-82E4-4C56-A6A6-E2B51ACAB5CF, 2021-03-23T07:53:16, true
9DDDD405-82E4-4C56-A6A6-E2B51ACAB5CF, 2021-03-23T07:54:20, true
9DDDD405-82E4-4C56-A6A6-E2B51ACAB5CF, 2021-03-23T07:55:29, true
9DDDD405-82E4-4C56-A6A6-E2B51ACAB5CF, 2021-03-23T07:56:35, true
9DDDD405-82E4-4C56-A6A6-E2B51ACAB5CF, 2021-03-23T07:57:42, true
9DDDD405-82E4-4C56-A6A6-E2B51ACAB5CF, 2021-03-23T07:58:42, false
9DDDD405-82E4-4C56-A6A6-E2B51ACAB5CF, 2021-03-23T07:59:40, true
9DDDD405-82E4-4C56-A6A6-E2B51ACAB5CF, 2021-03-23T08:00:40, true
9DDDD405-82E4-4C56-A6A6-E2B51ACAB5CF, 2021-03-23T08:01:46, true
9DDDD405-82E4-4C56-A6A6-E2B51ACAB5CF, 2021-03-23T08:02:47, true
9DDDD405-82E4-4C56-A6A6-E2B51ACAB5CF, 2021-03-23T08:03:48, true
9DDDD405-82E4-4C56-A6A6-E2B51ACAB5CF, 2021-03-23T08:04:49, true
9DDDD405-82E4-4C56-A6A6-E2B51ACAB5CF, 2021-03-23T08:05:50, true
9DDDD405-82E4-4C56-A6A6-E2B51ACAB5CF, 2021-03-23T08:06:50, true
9DDDD405-82E4-4C56-A6A6-E2B51ACAB5CF, 2021-03-23T08:07:52, true
9DDDD405-82E4-4C56-A6A6-E2B51ACAB5CF, 2021-03-23T08:08:57, true
9DDDD405-82E4-4C56-A6A6-E2B51ACAB5CF, 2021-03-23T08:09:58, true
9DDDD405-82E4-4C56-A6A6-E2B51ACAB5CF, 2021-03-23T08:10:59, true
9DDDD405-82E4-4C56-A6A6-E2B51ACAB5CF, 2021-03-23T08:11:59, true
9DDDD405-82E4-4C56-A6A6-E2B51ACAB5CF, 2021-03-23T08:13:00, true
9DDDD405-82E4-4C56-A6A6-E2B51ACAB5CF, 2021-03-23T08:14:12, true
9DDDD405-82E4-4C56-A6A6-E2B51ACAB5CF, 2021-03-23T08:15:13, true
9DDDD405-82E4-4C56-A6A6-E2B51ACAB5CF, 2021-03-23T08:16:14, true
9DDDD405-82E4-4C56-A6A6-E2B51ACAB5CF, 2021-03-23T08:17:16, true
9DDDD405-82E4-4C56-A6A6-E2B51ACAB5CF, 2021-03-23T08:18:17, true
9DDDD405-82E4-4C56-A6A6-E2B51ACAB5CF, 2021-03-23T08:19:28, true
9DDDD405-82E4-4C56-A6A6-E2B51ACAB5CF, 2021-03-23T08:20:29, true
9DDDD405-82E4-4C56-A6A6-E2B51ACAB5CF, 2021-03-23T08:21:32, true
9DDDD405-82E4-4C56-A6A6-E2B51ACAB5CF, 2021-03-23T08:22:42, true
9DDDD405-82E4-4C56-A6A6-E2B51ACAB5CF, 2021-03-23T08:23:44, true
9DDDD405-82E4-4C56-A6A6-E2B51ACAB5CF, 2021-03-23T08:24:47, true
9DDDD405-82E4-4C56-A6A6-E2B51ACAB5CF, 2021-03-23T08:26:00, true
9DDDD405-82E4-4C56-A6A6-E2B51ACAB5CF, 2021-03-23T08:27:01, true
9DDDD405-82E4-4C56-A6A6-E2B51ACAB5CF, 2021-03-23T08:28:04, true
9DDDD405-82E4-4C56-A6A6-E2B51ACAB5CF, 2021-03-23T08:29:07, true
9DDDD405-82E4-4C56-A6A6-E2B51ACAB5CF, 2021-03-23T08:30:11, true
9DDDD405-82E4-4C56-A6A6-E2B51ACAB5CF, 2021-03-23T08:31:17, true
9DDDD405-82E4-4C56-A6A6-E2B51ACAB5CF, 2021-03-23T08:32:19, true
9DDDD405-82E4-4C56-A6A6-E2B51ACAB5CF, 2021-03-23T08:33:19, true
9DDDD405-82E4-4C56-A6A6-E2B51ACAB5CF, 2021-03-23T08:34:21, true
9DDDD405-82E4-4C56-A6A6-E2B51ACAB5CF, 2021-03-23T08:35:24, true
9DDDD405-82E4-4C56-A6A6-E2B51ACAB5CF, 2021-03-23T08:36:27, true
9DDDD405-82E4-4C56-A6A6-E2B51ACAB5CF, 2021-03-23T08:37:30, true
9DDDD405-82E4-4C56-A6A6-E2B51ACAB5CF, 2021-03-23T08:38:32, true
9DDDD405-82E4-4C56-A6A6-E2B51ACAB5CF, 2021-03-23T08:39:34, true
9DDDD405-82E4-4C56-A6A6-E2B51ACAB5CF, 2021-03-23T08:40:45, true
9DDDD405-82E4-4C56-A6A6-E2B51ACAB5CF, 2021-03-23T08:41:56, true
9DDDD405-82E4-4C56-A6A6-E2B51ACAB5CF, 2021-03-23T08:43:00, true
9DDDD405-82E4-4C56-A6A6-E2B51ACAB5CF, 2021-03-23T08:44:08, true
9DDDD405-82E4-4C56-A6A6-E2B51ACAB5CF, 2021-03-23T08:45:09, true
9DDDD405-82E4-4C56-A6A6-E2B51ACAB5CF, 2021-03-23T08:46:20, true
9DDDD405-82E4-4C56-A6A6-E2B51ACAB5CF, 2021-03-23T08:47:21, true
9DDDD405-82E4-4C56-A6A6-E2B51ACAB5CF, 2021-03-23T08:48:24, true
9DDDD405-82E4-4C56-A6A6-E2B51ACAB5CF, 2021-03-23T08:49:29, true
9DDDD405-82E4-4C56-A6A6-E2B51ACAB5CF, 2021-03-23T08:50:31, true
9DDDD405-82E4-4C56-A6A6-E2B51ACAB5CF, 2021-03-23T08:51:37, true
9DDDD405-82E4-4C56-A6A6-E2B51ACAB5CF, 2021-03-23T08:52:41, true
9DDDD405-82E4-4C56-A6A6-E2B51ACAB5CF, 2021-03-23T08:53:46, true
9DDDD405-82E4-4C56-A6A6-E2B51ACAB5CF, 2021-03-23T08:54:47, true
9DDDD405-82E4-4C56-A6A6-E2B51ACAB5CF, 2021-03-23T08:55:50, true
9DDDD405-82E4-4C56-A6A6-E2B51ACAB5CF, 2021-03-23T08:56:52, true
9DDDD405-82E4-4C56-A6A6-E2B51ACAB5CF, 2021-03-23T08:58:12, true
9DDDD405-82E4-4C56-A6A6-E2B51ACAB5CF, 2021-03-23T08:59:14, true
9DDDD405-82E4-4C56-A6A6-E2B51ACAB5CF, 2021-03-23T09:00:19, true
9DDDD405-82E4-4C56-A6A6-E2B51ACAB5CF, 2021-03-23T09:01:20, true
9DDDD405-82E4-4C56-A6A6-E2B51ACAB5CF, 2021-03-23T09:02:43, true
9DDDD405-82E4-4C56-A6A6-E2B51ACAB5CF, 2021-03-23T09:03:55, true
9DDDD405-82E4-4C56-A6A6-E2B51ACAB5CF, 2021-03-23T09:04:57, true
9DDDD405-82E4-4C56-A6A6-E2B51ACAB5CF, 2021-03-23T09:06:02, true
9DDDD405-82E4-4C56-A6A6-E2B51ACAB5CF, 2021-03-23T09:07:03, true
9DDDD405-82E4-4C56-A6A6-E2B51ACAB5CF, 2021-03-23T09:08:07, true
9DDDD405-82E4-4C56-A6A6-E2B51ACAB5CF, 2021-03-23T09:09:07, true
9DDDD405-82E4-4C56-A6A6-E2B51ACAB5CF, 2021-03-23T09:10:11, true
9DDDD405-82E4-4C56-A6A6-E2B51ACAB5CF, 2021-03-23T09:11:18, true
9DDDD405-82E4-4C56-A6A6-E2B51ACAB5CF, 2021-03-23T09:12:21, true
9DDDD405-82E4-4C56-A6A6-E2B51ACAB5CF, 2021-03-23T09:13:25, true
9DDDD405-82E4-4C56-A6A6-E2B51ACAB5CF, 2021-03-23T09:14:28, true
9DDDD405-82E4-4C56-A6A6-E2B51ACAB5CF, 2021-03-23T09:15:30, true
9DDDD405-82E4-4C56-A6A6-E2B51ACAB5CF, 2021-03-23T09:16:32, true
9DDDD405-82E4-4C56-A6A6-E2B51ACAB5CF, 2021-03-23T09:17:35, true
9DDDD405-82E4-4C56-A6A6-E2B51ACAB5CF, 2021-03-23T09:18:38, true
9DDDD405-82E4-4C56-A6A6-E2B51ACAB5CF, 2021-03-23T09:19:41, true
9DDDD405-82E4-4C56-A6A6-E2B51ACAB5CF, 2021-03-23T09:20:41, true
9DDDD405-82E4-4C56-A6A6-E2B51ACAB5CF, 2021-03-23T09:21:44, true
9DDDD405-82E4-4C56-A6A6-E2B51ACAB5CF, 2021-03-23T09:22:45, true
9DDDD405-82E4-4C56-A6A6-E2B51ACAB5CF, 2021-03-23T09:24:12, true
9DDDD405-82E4-4C56-A6A6-E2B51ACAB5CF, 2021-03-23T09:25:12, true
9DDDD405-82E4-4C56-A6A6-E2B51ACAB5CF, 2021-03-23T09:26:21, true
9DDDD405-82E4-4C56-A6A6-E2B51ACAB5CF, 2021-03-23T09:27:22, true
9DDDD405-82E4-4C56-A6A6-E2B51ACAB5CF, 2021-03-23T09:28:24, true
9DDDD405-82E4-4C56-A6A6-E2B51ACAB5CF, 2021-03-23T09:29:27, true
9DDDD405-82E4-4C56-A6A6-E2B51ACAB5CF, 2021-03-23T09:30:29, true
9DDDD405-82E4-4C56-A6A6-E2B51ACAB5CF, 2021-03-23T09:31:33, true
9DDDD405-82E4-4C56-A6A6-E2B51ACAB5CF, 2021-03-23T09:32:36, true
9DDDD405-82E4-4C56-A6A6-E2B51ACAB5CF, 2021-03-23T09:33:39, true
9DDDD405-82E4-4C56-A6A6-E2B51ACAB5CF, 2021-03-23T09:34:41, true
9DDDD405-82E4-4C56-A6A6-E2B51ACAB5CF, 2021-03-23T09:35:45, true
9DDDD405-82E4-4C56-A6A6-E2B51ACAB5CF, 2021-03-23T09:36:54, true
9DDDD405-82E4-4C56-A6A6-E2B51ACAB5CF, 2021-03-23T09:37:57, true
9DDDD405-82E4-4C56-A6A6-E2B51ACAB5CF, 2021-03-23T09:39:05, true
9DDDD405-82E4-4C56-A6A6-E2B51ACAB5CF, 2021-03-23T09:40:09, true
9DDDD405-82E4-4C56-A6A6-E2B51ACAB5CF, 2021-03-23T09:41:10, true
9DDDD405-82E4-4C56-A6A6-E2B51ACAB5CF, 2021-03-23T09:42:12, true
9DDDD405-82E4-4C56-A6A6-E2B51ACAB5CF, 2021-03-23T09:43:13, true
9DDDD405-82E4-4C56-A6A6-E2B51ACAB5CF, 2021-03-23T09:44:13, true
9DDDD405-82E4-4C56-A6A6-E2B51ACAB5CF, 2021-03-23T09:45:17, true
9DDDD405-82E4-4C56-A6A6-E2B51ACAB5CF, 2021-03-23T09:46:20, true
9DDDD405-82E4-4C56-A6A6-E2B51ACAB5CF, 2021-03-23T09:47:35, true
9DDDD405-82E4-4C56-A6A6-E2B51ACAB5CF, 2021-03-23T09:48:37, true
9DDDD405-82E4-4C56-A6A6-E2B51ACAB5CF, 2021-03-23T09:49:37, true
9DDDD405-82E4-4C56-A6A6-E2B51ACAB5CF, 2021-03-23T09:50:37, true
9DDDD405-82E4-4C56-A6A6-E2B51ACAB5CF, 2021-03-23T09:51:45, true
9DDDD405-82E4-4C56-A6A6-E2B51ACAB5CF, 2021-03-23T09:52:48, true
9DDDD405-82E4-4C56-A6A6-E2B51ACAB5CF, 2021-03-23T09:53:52, true
9DDDD405-82E4-4C56-A6A6-E2B51ACAB5CF, 2021-03-23T09:54:54, true
9DDDD405-82E4-4C56-A6A6-E2B51ACAB5CF, 2021-03-23T09:55:54, true
9DDDD405-82E4-4C56-A6A6-E2B51ACAB5CF, 2021-03-23T09:57:01, true
9DDDD405-82E4-4C56-A6A6-E2B51ACAB5CF, 2021-03-23T09:58:01, true
9DDDD405-82E4-4C56-A6A6-E2B51ACAB5CF, 2021-03-23T09:59:04, true
9DDDD405-82E4-4C56-A6A6-E2B51ACAB5CF, 2021-03-23T10:00:07, true
9DDDD405-82E4-4C56-A6A6-E2B51ACAB5CF, 2021-03-23T10:01:09, true
9DDDD405-82E4-4C56-A6A6-E2B51ACAB5CF, 2021-03-23T10:02:09, false
9DDDD405-82E4-4C56-A6A6-E2B51ACAB5CF, 2021-03-23T10:03:18, true
9DDDD405-82E4-4C56-A6A6-E2B51ACAB5CF, 2021-03-23T10:04:24, true
9DDDD405-82E4-4C56-A6A6-E2B51ACAB5CF, 2021-03-23T10:05:26, true
9DDDD405-82E4-4C56-A6A6-E2B51ACAB5CF, 2021-03-23T10:06:27, true
9DDDD405-82E4-4C56-A6A6-E2B51ACAB5CF, 2021-03-23T10:07:33, true
9DDDD405-82E4-4C56-A6A6-E2B51ACAB5CF, 2021-03-23T10:08:35, true
9DDDD405-82E4-4C56-A6A6-E2B51ACAB5CF, 2021-03-23T10:09:37, true
9DDDD405-82E4-4C56-A6A6-E2B51ACAB5CF, 2021-03-23T10:10:40, true
9DDDD405-82E4-4C56-A6A6-E2B51ACAB5CF, 2021-03-23T10:11:42, true
9DDDD405-82E4-4C56-A6A6-E2B51ACAB5CF, 2021-03-23T10:12:45, true
9DDDD405-82E4-4C56-A6A6-E2B51ACAB5CF, 2021-03-23T10:13:46, true
9DDDD405-82E4-4C56-A6A6-E2B51ACAB5CF, 2021-03-23T10:14:50, true
9DDDD405-82E4-4C56-A6A6-E2B51ACAB5CF, 2021-03-23T10:15:53, true
9DDDD405-82E4-4C56-A6A6-E2B51ACAB5CF, 2021-03-23T10:16:54, true
9DDDD405-82E4-4C56-A6A6-E2B51ACAB5CF, 2021-03-23T10:18:05, true
9DDDD405-82E4-4C56-A6A6-E2B51ACAB5CF, 2021-03-23T10:19:08, true
9DDDD405-82E4-4C56-A6A6-E2B51ACAB5CF, 2021-03-23T10:20:11, true
9DDDD405-82E4-4C56-A6A6-E2B51ACAB5CF, 2021-03-23T10:21:11, true
9DDDD405-82E4-4C56-A6A6-E2B51ACAB5CF, 2021-03-23T10:22:16, true
9DDDD405-82E4-4C56-A6A6-E2B51ACAB5CF, 2021-03-23T10:23:18, true
9DDDD405-82E4-4C56-A6A6-E2B51ACAB5CF, 2021-03-23T10:24:19, true
9DDDD405-82E4-4C56-A6A6-E2B51ACAB5CF, 2021-03-23T10:25:20, true
9DDDD405-82E4-4C56-A6A6-E2B51ACAB5CF, 2021-03-23T10:26:23, true
9DDDD405-82E4-4C56-A6A6-E2B51ACAB5CF, 2021-03-23T10:27:26, true
9DDDD405-82E4-4C56-A6A6-E2B51ACAB5CF, 2021-03-23T10:28:28, true
9DDDD405-82E4-4C56-A6A6-E2B51ACAB5CF, 2021-03-23T10:29:29, true
9DDDD405-82E4-4C56-A6A6-E2B51ACAB5CF, 2021-03-23T10:30:31, true
9DDDD405-82E4-4C56-A6A6-E2B51ACAB5CF, 2021-03-23T10:31:35, true
9DDDD405-82E4-4C56-A6A6-E2B51ACAB5CF, 2021-03-23T10:32:54, true
9DDDD405-82E4-4C56-A6A6-E2B51ACAB5CF, 2021-03-23T10:33:54, true
9DDDD405-82E4-4C56-A6A6-E2B51ACAB5CF, 2021-03-23T10:34:55, true
9DDDD405-82E4-4C56-A6A6-E2B51ACAB5CF, 2021-03-23T10:36:01, true
9DDDD405-82E4-4C56-A6A6-E2B51ACAB5CF, 2021-03-23T10:37:02, true
9DDDD405-82E4-4C56-A6A6-E2B51ACAB5CF, 2021-03-23T10:38:04, true
9DDDD405-82E4-4C56-A6A6-E2B51ACAB5CF, 2021-03-23T10:39:05, true
9DDDD405-82E4-4C56-A6A6-E2B51ACAB5CF, 2021-03-23T10:40:08, true
9DDDD405-82E4-4C56-A6A6-E2B51ACAB5CF, 2021-03-23T10:41:08, true
9DDDD405-82E4-4C56-A6A6-E2B51ACAB5CF, 2021-03-23T10:42:08, false
9DDDD405-82E4-4C56-A6A6-E2B51ACAB5CF, 2021-03-23T10:42:44, true
9DDDD405-82E4-4C56-A6A6-E2B51ACAB5CF, 2021-03-23T10:43:46, true
9DDDD405-82E4-4C56-A6A6-E2B51ACAB5CF, 2021-03-23T10:44:48, true
9DDDD405-82E4-4C56-A6A6-E2B51ACAB5CF, 2021-03-23T10:45:50, true
9DDDD405-82E4-4C56-A6A6-E2B51ACAB5CF, 2021-03-23T10:46:52, true
9DDDD405-82E4-4C56-A6A6-E2B51ACAB5CF, 2021-03-23T10:47:53, true
9DDDD405-82E4-4C56-A6A6-E2B51ACAB5CF, 2021-03-23T10:48:57, true
9DDDD405-82E4-4C56-A6A6-E2B51ACAB5CF, 2021-03-23T10:50:12, true
9DDDD405-82E4-4C56-A6A6-E2B51ACAB5CF, 2021-03-23T10:51:17, true
9DDDD405-82E4-4C56-A6A6-E2B51ACAB5CF, 2021-03-23T10:52:19, true
9DDDD405-82E4-4C56-A6A6-E2B51ACAB5CF, 2021-03-23T10:53:29, true
9DDDD405-82E4-4C56-A6A6-E2B51ACAB5CF, 2021-03-23T10:54:32, true
9DDDD405-82E4-4C56-A6A6-E2B51ACAB5CF, 2021-03-23T10:55:33, true
9DDDD405-82E4-4C56-A6A6-E2B51ACAB5CF, 2021-03-23T10:56:36, true
9DDDD405-82E4-4C56-A6A6-E2B51ACAB5CF, 2021-03-23T10:57:37, true
9DDDD405-82E4-4C56-A6A6-E2B51ACAB5CF, 2021-03-23T10:58:40, true
9DDDD405-82E4-4C56-A6A6-E2B51ACAB5CF, 2021-03-23T10:59:43, true
9DDDD405-82E4-4C56-A6A6-E2B51ACAB5CF, 2021-03-23T11:00:45, true
9DDDD405-82E4-4C56-A6A6-E2B51ACAB5CF, 2021-03-23T11:02:11, true
9DDDD405-82E4-4C56-A6A6-E2B51ACAB5CF, 2021-03-23T11:03:11, true
9DDDD405-82E4-4C56-A6A6-E2B51ACAB5CF, 2021-03-23T11:04:14, true
9DDDD405-82E4-4C56-A6A6-E2B51ACAB5CF, 2021-03-23T11:05:16, true
9DDDD405-82E4-4C56-A6A6-E2B51ACAB5CF, 2021-03-23T11:06:19, true
9DDDD405-82E4-4C56-A6A6-E2B51ACAB5CF, 2021-03-23T11:07:20, true
9DDDD405-82E4-4C56-A6A6-E2B51ACAB5CF, 2021-03-23T11:08:25, true
9DDDD405-82E4-4C56-A6A6-E2B51ACAB5CF, 2021-03-23T11:09:44, true
9DDDD405-82E4-4C56-A6A6-E2B51ACAB5CF, 2021-03-23T11:10:44, true
9DDDD405-82E4-4C56-A6A6-E2B51ACAB5CF, 2021-03-23T11:11:46, true
9DDDD405-82E4-4C56-A6A6-E2B51ACAB5CF, 2021-03-23T11:12:47, true
9DDDD405-82E4-4C56-A6A6-E2B51ACAB5CF, 2021-03-23T11:13:54, true
9DDDD405-82E4-4C56-A6A6-E2B51ACAB5CF, 2021-03-23T11:14:57, true
9DDDD405-82E4-4C56-A6A6-E2B51ACAB5CF, 2021-03-23T11:16:06, true
9DDDD405-82E4-4C56-A6A6-E2B51ACAB5CF, 2021-03-23T11:17:17, true
9DDDD405-82E4-4C56-A6A6-E2B51ACAB5CF, 2021-03-23T11:18:22, true
9DDDD405-82E4-4C56-A6A6-E2B51ACAB5CF, 2021-03-23T11:19:24, true
9DDDD405-82E4-4C56-A6A6-E2B51ACAB5CF, 2021-03-23T11:20:26, true
9DDDD405-82E4-4C56-A6A6-E2B51ACAB5CF, 2021-03-23T11:21:28, true
9DDDD405-82E4-4C56-A6A6-E2B51ACAB5CF, 2021-03-23T11:22:29, true
9DDDD405-82E4-4C56-A6A6-E2B51ACAB5CF, 2021-03-23T11:23:32, true
9DDDD405-82E4-4C56-A6A6-E2B51ACAB5CF, 2021-03-23T11:24:36, true
9DDDD405-82E4-4C56-A6A6-E2B51ACAB5CF, 2021-03-23T11:25:40, true
9DDDD405-82E4-4C56-A6A6-E2B51ACAB5CF, 2021-03-23T11:26:43, true
9DDDD405-82E4-4C56-A6A6-E2B51ACAB5CF, 2021-03-23T11:27:45, true
9DDDD405-82E4-4C56-A6A6-E2B51ACAB5CF, 2021-03-23T11:28:46, true
9DDDD405-82E4-4C56-A6A6-E2B51ACAB5CF, 2021-03-23T11:29:46, true
9DDDD405-82E4-4C56-A6A6-E2B51ACAB5CF, 2021-03-23T11:30:51, true
9DDDD405-82E4-4C56-A6A6-E2B51ACAB5CF, 2021-03-23T11:31:54, true
9DDDD405-82E4-4C56-A6A6-E2B51ACAB5CF, 2021-03-23T11:32:57, true
9DDDD405-82E4-4C56-A6A6-E2B51ACAB5CF, 2021-03-23T11:34:10, true
9DDDD405-82E4-4C56-A6A6-E2B51ACAB5CF, 2021-03-23T11:35:11, true
9DDDD405-82E4-4C56-A6A6-E2B51ACAB5CF, 2021-03-23T11:36:11, true
9DDDD405-82E4-4C56-A6A6-E2B51ACAB5CF, 2021-03-23T11:37:15, true
9DDDD405-82E4-4C56-A6A6-E2B51ACAB5CF, 2021-03-23T11:38:17, true
9DDDD405-82E4-4C56-A6A6-E2B51ACAB5CF, 2021-03-23T11:39:19, true
9DDDD405-82E4-4C56-A6A6-E2B51ACAB5CF, 2021-03-23T11:40:22, true
9DDDD405-82E4-4C56-A6A6-E2B51ACAB5CF, 2021-03-23T11:41:27, true
9DDDD405-82E4-4C56-A6A6-E2B51ACAB5CF, 2021-03-23T11:42:46, true
9DDDD405-82E4-4C56-A6A6-E2B51ACAB5CF, 2021-03-23T11:43:48, true
9DDDD405-82E4-4C56-A6A6-E2B51ACAB5CF, 2021-03-23T11:44:54, true
9DDDD405-82E4-4C56-A6A6-E2B51ACAB5CF, 2021-03-23T11:46:09, true
9DDDD405-82E4-4C56-A6A6-E2B51ACAB5CF, 2021-03-23T11:47:10, true
9DDDD405-82E4-4C56-A6A6-E2B51ACAB5CF, 2021-03-23T11:48:18, true
9DDDD405-82E4-4C56-A6A6-E2B51ACAB5CF, 2021-03-23T11:49:19, true
9DDDD405-82E4-4C56-A6A6-E2B51ACAB5CF, 2021-03-23T11:50:32, true
9DDDD405-82E4-4C56-A6A6-E2B51ACAB5CF, 2021-03-23T11:51:36, true
9DDDD405-82E4-4C56-A6A6-E2B51ACAB5CF, 2021-03-23T11:52:57, true
9DDDD405-82E4-4C56-A6A6-E2B51ACAB5CF, 2021-03-23T11:53:58, true
9DDDD405-82E4-4C56-A6A6-E2B51ACAB5CF, 2021-03-23T11:55:13, true
9DDDD405-82E4-4C56-A6A6-E2B51ACAB5CF, 2021-03-23T11:56:17, true
9DDDD405-82E4-4C56-A6A6-E2B51ACAB5CF, 2021-03-23T11:57:21, true
9DDDD405-82E4-4C56-A6A6-E2B51ACAB5CF, 2021-03-23T11:58:22, true
9DDDD405-82E4-4C56-A6A6-E2B51ACAB5CF, 2021-03-23T11:59:28, true
9DDDD405-82E4-4C56-A6A6-E2B51ACAB5CF, 2021-03-23T12:00:31, true
9DDDD405-82E4-4C56-A6A6-E2B51ACAB5CF, 2021-03-23T12:01:34, true
9DDDD405-82E4-4C56-A6A6-E2B51ACAB5CF, 2021-03-23T12:02:34, false
9DDDD405-82E4-4C56-A6A6-E2B51ACAB5CF, 2021-03-23T12:03:07, true
9DDDD405-82E4-4C56-A6A6-E2B51ACAB5CF, 2021-03-23T12:04:20, true
9DDDD405-82E4-4C56-A6A6-E2B51ACAB5CF, 2021-03-23T12:05:22, true
9DDDD405-82E4-4C56-A6A6-E2B51ACAB5CF, 2021-03-23T12:06:36, true
9DDDD405-82E4-4C56-A6A6-E2B51ACAB5CF, 2021-03-23T12:07:48, true
9DDDD405-82E4-4C56-A6A6-E2B51ACAB5CF, 2021-03-23T12:08:50, true
9DDDD405-82E4-4C56-A6A6-E2B51ACAB5CF, 2021-03-23T12:09:54, true
9DDDD405-82E4-4C56-A6A6-E2B51ACAB5CF, 2021-03-23T12:10:55, true
9DDDD405-82E4-4C56-A6A6-E2B51ACAB5CF, 2021-03-23T12:11:58, true
9DDDD405-82E4-4C56-A6A6-E2B51ACAB5CF, 2021-03-23T12:13:00, true
9DDDD405-82E4-4C56-A6A6-E2B51ACAB5CF, 2021-03-23T12:14:02, true
9DDDD405-82E4-4C56-A6A6-E2B51ACAB5CF, 2021-03-23T12:15:06, true
9DDDD405-82E4-4C56-A6A6-E2B51ACAB5CF, 2021-03-23T12:16:09, true
9DDDD405-82E4-4C56-A6A6-E2B51ACAB5CF, 2021-03-23T12:17:13, true
9DDDD405-82E4-4C56-A6A6-E2B51ACAB5CF, 2021-03-23T12:18:16, true
9DDDD405-82E4-4C56-A6A6-E2B51ACAB5CF, 2021-03-23T12:19:17, true
9DDDD405-82E4-4C56-A6A6-E2B51ACAB5CF, 2021-03-23T12:20:20, true
9DDDD405-82E4-4C56-A6A6-E2B51ACAB5CF, 2021-03-23T12:21:27, true
9DDDD405-82E4-4C56-A6A6-E2B51ACAB5CF, 2021-03-23T12:22:28, true
9DDDD405-82E4-4C56-A6A6-E2B51ACAB5CF, 2021-03-23T12:23:29, true
9DDDD405-82E4-4C56-A6A6-E2B51ACAB5CF, 2021-03-23T12:24:33, true
9DDDD405-82E4-4C56-A6A6-E2B51ACAB5CF, 2021-03-23T12:25:36, true
9DDDD405-82E4-4C56-A6A6-E2B51ACAB5CF, 2021-03-23T12:26:38, true
9DDDD405-82E4-4C56-A6A6-E2B51ACAB5CF, 2021-03-23T12:27:40, true
9DDDD405-82E4-4C56-A6A6-E2B51ACAB5CF, 2021-03-23T12:28:45, true
9DDDD405-82E4-4C56-A6A6-E2B51ACAB5CF, 2021-03-23T12:29:47, true
9DDDD405-82E4-4C56-A6A6-E2B51ACAB5CF, 2021-03-23T12:30:49, true
9DDDD405-82E4-4C56-A6A6-E2B51ACAB5CF, 2021-03-23T12:31:52, true
9DDDD405-82E4-4C56-A6A6-E2B51ACAB5CF, 2021-03-23T12:33:14, true
9DDDD405-82E4-4C56-A6A6-E2B51ACAB5CF, 2021-03-23T12:34:40, true
9DDDD405-82E4-4C56-A6A6-E2B51ACAB5CF, 2021-03-23T12:35:46, true
9DDDD405-82E4-4C56-A6A6-E2B51ACAB5CF, 2021-03-23T12:36:47, true
9DDDD405-82E4-4C56-A6A6-E2B51ACAB5CF, 2021-03-23T12:37:47, true
9DDDD405-82E4-4C56-A6A6-E2B51ACAB5CF, 2021-03-23T12:38:48, true
9DDDD405-82E4-4C56-A6A6-E2B51ACAB5CF, 2021-03-23T12:39:50, true
9DDDD405-82E4-4C56-A6A6-E2B51ACAB5CF, 2021-03-23T12:40:52, true
9DDDD405-82E4-4C56-A6A6-E2B51ACAB5CF, 2021-03-23T12:41:56, true
9DDDD405-82E4-4C56-A6A6-E2B51ACAB5CF, 2021-03-23T12:42:57, true
9DDDD405-82E4-4C56-A6A6-E2B51ACAB5CF, 2021-03-23T12:44:01, true
9DDDD405-82E4-4C56-A6A6-E2B51ACAB5CF, 2021-03-23T12:45:06, true
9DDDD405-82E4-4C56-A6A6-E2B51ACAB5CF, 2021-03-23T12:46:35, true
9DDDD405-82E4-4C56-A6A6-E2B51ACAB5CF, 2021-03-23T12:47:35, true
9DDDD405-82E4-4C56-A6A6-E2B51ACAB5CF, 2021-03-23T12:48:38, true
9DDDD405-82E4-4C56-A6A6-E2B51ACAB5CF, 2021-03-23T12:49:40, true
9DDDD405-82E4-4C56-A6A6-E2B51ACAB5CF, 2021-03-23T12:50:40, true
9DDDD405-82E4-4C56-A6A6-E2B51ACAB5CF, 2021-03-23T12:51:44, true
9DDDD405-82E4-4C56-A6A6-E2B51ACAB5CF, 2021-03-23T12:52:45, true
9DDDD405-82E4-4C56-A6A6-E2B51ACAB5CF, 2021-03-23T12:53:47, true
9DDDD405-82E4-4C56-A6A6-E2B51ACAB5CF, 2021-03-23T12:54:54, true
9DDDD405-82E4-4C56-A6A6-E2B51ACAB5CF, 2021-03-23T12:55:57, true
9DDDD405-82E4-4C56-A6A6-E2B51ACAB5CF, 2021-03-23T12:56:59, true
9DDDD405-82E4-4C56-A6A6-E2B51ACAB5CF, 2021-03-23T12:58:04, true
9DDDD405-82E4-4C56-A6A6-E2B51ACAB5CF, 2021-03-23T12:59:04, true
9DDDD405-82E4-4C56-A6A6-E2B51ACAB5CF, 2021-03-23T13:00:07, true
9DDDD405-82E4-4C56-A6A6-E2B51ACAB5CF, 2021-03-23T13:01:07, true
9DDDD405-82E4-4C56-A6A6-E2B51ACAB5CF, 2021-03-23T13:02:08, true
9DDDD405-82E4-4C56-A6A6-E2B51ACAB5CF, 2021-03-23T13:03:11, true
9DDDD405-82E4-4C56-A6A6-E2B51ACAB5CF, 2021-03-23T13:04:15, true
9DDDD405-82E4-4C56-A6A6-E2B51ACAB5CF, 2021-03-23T13:05:15, true
9DDDD405-82E4-4C56-A6A6-E2B51ACAB5CF, 2021-03-23T13:06:21, true
9DDDD405-82E4-4C56-A6A6-E2B51ACAB5CF, 2021-03-23T13:07:28, true
9DDDD405-82E4-4C56-A6A6-E2B51ACAB5CF, 2021-03-23T13:08:33, true
9DDDD405-82E4-4C56-A6A6-E2B51ACAB5CF, 2021-03-23T13:09:40, true
9DDDD405-82E4-4C56-A6A6-E2B51ACAB5CF, 2021-03-23T13:10:40, true
9DDDD405-82E4-4C56-A6A6-E2B51ACAB5CF, 2021-03-23T13:11:42, true
9DDDD405-82E4-4C56-A6A6-E2B51ACAB5CF, 2021-03-23T13:12:43, true
9DDDD405-82E4-4C56-A6A6-E2B51ACAB5CF, 2021-03-23T13:13:46, true
9DDDD405-82E4-4C56-A6A6-E2B51ACAB5CF, 2021-03-23T13:14:46, true
9DDDD405-82E4-4C56-A6A6-E2B51ACAB5CF, 2021-03-23T13:15:55, true
9DDDD405-82E4-4C56-A6A6-E2B51ACAB5CF, 2021-03-23T13:17:08, true
9DDDD405-82E4-4C56-A6A6-E2B51ACAB5CF, 2021-03-23T13:18:12, true
9DDDD405-82E4-4C56-A6A6-E2B51ACAB5CF, 2021-03-23T13:19:14, true
9DDDD405-82E4-4C56-A6A6-E2B51ACAB5CF, 2021-03-23T13:20:15, true
9DDDD405-82E4-4C56-A6A6-E2B51ACAB5CF, 2021-03-23T13:21:18, true
9DDDD405-82E4-4C56-A6A6-E2B51ACAB5CF, 2021-03-23T13:22:19, true
9DDDD405-82E4-4C56-A6A6-E2B51ACAB5CF, 2021-03-23T13:23:23, true
9DDDD405-82E4-4C56-A6A6-E2B51ACAB5CF, 2021-03-23T13:24:28, true
9DDDD405-82E4-4C56-A6A6-E2B51ACAB5CF, 2021-03-23T13:25:37, true
9DDDD405-82E4-4C56-A6A6-E2B51ACAB5CF, 2021-03-23T13:26:40, true
9DDDD405-82E4-4C56-A6A6-E2B51ACAB5CF, 2021-03-23T13:27:51, true
9DDDD405-82E4-4C56-A6A6-E2B51ACAB5CF, 2021-03-23T13:28:54, true
9DDDD405-82E4-4C56-A6A6-E2B51ACAB5CF, 2021-03-23T13:29:58, true
9DDDD405-82E4-4C56-A6A6-E2B51ACAB5CF, 2021-03-23T13:31:05, true
9DDDD405-82E4-4C56-A6A6-E2B51ACAB5CF, 2021-03-23T13:32:08, true
9DDDD405-82E4-4C56-A6A6-E2B51ACAB5CF, 2021-03-23T13:33:23, true
9DDDD405-82E4-4C56-A6A6-E2B51ACAB5CF, 2021-03-23T13:34:25, true
9DDDD405-82E4-4C56-A6A6-E2B51ACAB5CF, 2021-03-23T13:35:26, true
9DDDD405-82E4-4C56-A6A6-E2B51ACAB5CF, 2021-03-23T13:36:28, true
9DDDD405-82E4-4C56-A6A6-E2B51ACAB5CF, 2021-03-23T13:37:30, true
9DDDD405-82E4-4C56-A6A6-E2B51ACAB5CF, 2021-03-23T13:38:30, false
9DDDD405-82E4-4C56-A6A6-E2B51ACAB5CF, 2021-03-23T13:39:32, true
9DDDD405-82E4-4C56-A6A6-E2B51ACAB5CF, 2021-03-23T13:40:57, true
9DDDD405-82E4-4C56-A6A6-E2B51ACAB5CF, 2021-03-23T13:41:57, true
9DDDD405-82E4-4C56-A6A6-E2B51ACAB5CF, 2021-03-23T13:42:59, true
9DDDD405-82E4-4C56-A6A6-E2B51ACAB5CF, 2021-03-23T13:44:00, true
9DDDD405-82E4-4C56-A6A6-E2B51ACAB5CF, 2021-03-23T13:45:03, true
9DDDD405-82E4-4C56-A6A6-E2B51ACAB5CF, 2021-03-23T13:46:06, true
9DDDD405-82E4-4C56-A6A6-E2B51ACAB5CF, 2021-03-23T13:47:07, true
9DDDD405-82E4-4C56-A6A6-E2B51ACAB5CF, 2021-03-23T13:48:13, true
9DDDD405-82E4-4C56-A6A6-E2B51ACAB5CF, 2021-03-23T13:49:15, true
9DDDD405-82E4-4C56-A6A6-E2B51ACAB5CF, 2021-03-23T13:50:15, true
9DDDD405-82E4-4C56-A6A6-E2B51ACAB5CF, 2021-03-23T13:51:18, true
9DDDD405-82E4-4C56-A6A6-E2B51ACAB5CF, 2021-03-23T13:52:23, true
9DDDD405-82E4-4C56-A6A6-E2B51ACAB5CF, 2021-03-23T13:53:27, true
9DDDD405-82E4-4C56-A6A6-E2B51ACAB5CF, 2021-03-23T13:54:28, true
9DDDD405-82E4-4C56-A6A6-E2B51ACAB5CF, 2021-03-23T13:55:30, true
9DDDD405-82E4-4C56-A6A6-E2B51ACAB5CF, 2021-03-23T13:56:31, true
9DDDD405-82E4-4C56-A6A6-E2B51ACAB5CF, 2021-03-23T13:57:33, true
9DDDD405-82E4-4C56-A6A6-E2B51ACAB5CF, 2021-03-23T13:58:34, true
9DDDD405-82E4-4C56-A6A6-E2B51ACAB5CF, 2021-03-23T13:59:36, true
9DDDD405-82E4-4C56-A6A6-E2B51ACAB5CF, 2021-03-23T14:00:36, true
9DDDD405-82E4-4C56-A6A6-E2B51ACAB5CF, 2021-03-23T14:01:36, true
9DDDD405-82E4-4C56-A6A6-E2B51ACAB5CF, 2021-03-23T14:02:36, false
9DDDD405-82E4-4C56-A6A6-E2B51ACAB5CF, 2021-03-23T14:03:38, true
9DDDD405-82E4-4C56-A6A6-E2B51ACAB5CF, 2021-03-23T14:04:38, true
9DDDD405-82E4-4C56-A6A6-E2B51ACAB5CF, 2021-03-23T14:05:38, true
9DDDD405-82E4-4C56-A6A6-E2B51ACAB5CF, 2021-03-23T14:06:39, true
9DDDD405-82E4-4C56-A6A6-E2B51ACAB5CF, 2021-03-23T14:07:40, true
9DDDD405-82E4-4C56-A6A6-E2B51ACAB5CF, 2021-03-23T14:08:43, true
9DDDD405-82E4-4C56-A6A6-E2B51ACAB5CF, 2021-03-23T14:09:48, true
9DDDD405-82E4-4C56-A6A6-E2B51ACAB5CF, 2021-03-23T14:10:50, true
9DDDD405-82E4-4C56-A6A6-E2B51ACAB5CF, 2021-03-23T14:11:51, true
9DDDD405-82E4-4C56-A6A6-E2B51ACAB5CF, 2021-03-23T14:12:57, true
9DDDD405-82E4-4C56-A6A6-E2B51ACAB5CF, 2021-03-23T14:13:59, true
9DDDD405-82E4-4C56-A6A6-E2B51ACAB5CF, 2021-03-23T14:15:04, true
9DDDD405-82E4-4C56-A6A6-E2B51ACAB5CF, 2021-03-23T14:16:07, true
9DDDD405-82E4-4C56-A6A6-E2B51ACAB5CF, 2021-03-23T14:17:11, true
9DDDD405-82E4-4C56-A6A6-E2B51ACAB5CF, 2021-03-23T14:18:12, true
9DDDD405-82E4-4C56-A6A6-E2B51ACAB5CF, 2021-03-23T14:19:12, false
9DDDD405-82E4-4C56-A6A6-E2B51ACAB5CF, 2021-03-23T14:20:15, true
9DDDD405-82E4-4C56-A6A6-E2B51ACAB5CF, 2021-03-23T14:21:20, true
9DDDD405-82E4-4C56-A6A6-E2B51ACAB5CF, 2021-03-23T14:22:20, true
9DDDD405-82E4-4C56-A6A6-E2B51ACAB5CF, 2021-03-23T14:23:20, false
9DDDD405-82E4-4C56-A6A6-E2B51ACAB5CF, 2021-03-23T14:24:20, false
9DDDD405-82E4-4C56-A6A6-E2B51ACAB5CF, 2021-03-23T14:25:20, false
9DDDD405-82E4-4C56-A6A6-E2B51ACAB5CF, 2021-03-23T14:26:20, false
9DDDD405-82E4-4C56-A6A6-E2B51ACAB5CF, 2021-03-23T14:27:20, false
9DDDD405-82E4-4C56-A6A6-E2B51ACAB5CF, 2021-03-23T14:28:20, false
9DDDD405-82E4-4C56-A6A6-E2B51ACAB5CF, 2021-03-23T14:29:20, false
9DDDD405-82E4-4C56-A6A6-E2B51ACAB5CF, 2021-03-23T14:30:20, false
9DDDD405-82E4-4C56-A6A6-E2B51ACAB5CF, 2021-03-23T14:31:20, false
9DDDD405-82E4-4C56-A6A6-E2B51ACAB5CF, 2021-03-23T14:32:20, false
9DDDD405-82E4-4C56-A6A6-E2B51ACAB5CF, 2021-03-23T14:33:20, false
9DDDD405-82E4-4C56-A6A6-E2B51ACAB5CF, 2021-03-23T14:34:20, false
9DDDD405-82E4-4C56-A6A6-E2B51ACAB5CF, 2021-03-23T14:35:20, false
9DDDD405-82E4-4C56-A6A6-E2B51ACAB5CF, 2021-03-23T14:36:20, false
9DDDD405-82E4-4C56-A6A6-E2B51ACAB5CF, 2021-03-23T14:37:20, false
9DDDD405-82E4-4C56-A6A6-E2B51ACAB5CF, 2021-03-23T14:38:20, false
9DDDD405-82E4-4C56-A6A6-E2B51ACAB5CF, 2021-03-23T14:39:20, false
9DDDD405-82E4-4C56-A6A6-E2B51ACAB5CF, 2021-03-23T14:40:20, false
9DDDD405-82E4-4C56-A6A6-E2B51ACAB5CF, 2021-03-23T14:41:20, false
9DDDD405-82E4-4C56-A6A6-E2B51ACAB5CF, 2021-03-23T14:42:20, false
9DDDD405-82E4-4C56-A6A6-E2B51ACAB5CF, 2021-03-23T14:43:20, false
9DDDD405-82E4-4C56-A6A6-E2B51ACAB5CF, 2021-03-23T14:44:20, false
9DDDD405-82E4-4C56-A6A6-E2B51ACAB5CF, 2021-03-23T14:45:20, false
9DDDD405-82E4-4C56-A6A6-E2B51ACAB5CF, 2021-03-23T14:46:20, false
9DDDD405-82E4-4C56-A6A6-E2B51ACAB5CF, 2021-03-23T14:47:20, false
9DDDD405-82E4-4C56-A6A6-E2B51ACAB5CF, 2021-03-23T14:48:20, false
9DDDD405-82E4-4C56-A6A6-E2B51ACAB5CF, 2021-03-23T14:49:20, false
9DDDD405-82E4-4C56-A6A6-E2B51ACAB5CF, 2021-03-23T14:50:20, false
9DDDD405-82E4-4C56-A6A6-E2B51ACAB5CF, 2021-03-23T14:51:20, false
9DDDD405-82E4-4C56-A6A6-E2B51ACAB5CF, 2021-03-23T14:52:20, false
9DDDD405-82E4-4C56-A6A6-E2B51ACAB5CF, 2021-03-23T14:53:20, false
9DDDD405-82E4-4C56-A6A6-E2B51ACAB5CF, 2021-03-23T14:54:20, false
9DDDD405-82E4-4C56-A6A6-E2B51ACAB5CF, 2021-03-23T14:55:20, false
9DDDD405-82E4-4C56-A6A6-E2B51ACAB5CF, 2021-03-23T14:56:20, false
9DDDD405-82E4-4C56-A6A6-E2B51ACAB5CF, 2021-03-23T14:57:20, false
9DDDD405-82E4-4C56-A6A6-E2B51ACAB5CF, 2021-03-23T14:58:20, false
9DDDD405-82E4-4C56-A6A6-E2B51ACAB5CF, 2021-03-23T14:59:20, false
9DDDD405-82E4-4C56-A6A6-E2B51ACAB5CF, 2021-03-23T15:00:20, false
9DDDD405-82E4-4C56-A6A6-E2B51ACAB5CF, 2021-03-23T15:01:20, false
9DDDD405-82E4-4C56-A6A6-E2B51ACAB5CF, 2021-03-23T15:02:20, false
9DDDD405-82E4-4C56-A6A6-E2B51ACAB5CF, 2021-03-23T15:03:20, false
9DDDD405-82E4-4C56-A6A6-E2B51ACAB5CF, 2021-03-23T15:04:20, false
9DDDD405-82E4-4C56-A6A6-E2B51ACAB5CF, 2021-03-23T15:05:20, false
9DDDD405-82E4-4C56-A6A6-E2B51ACAB5CF, 2021-03-23T15:06:20, false
9DDDD405-82E4-4C56-A6A6-E2B51ACAB5CF, 2021-03-23T15:07:27, true
9DDDD405-82E4-4C56-A6A6-E2B51ACAB5CF, 2021-03-23T15:08:30, true
9DDDD405-82E4-4C56-A6A6-E2B51ACAB5CF, 2021-03-23T15:09:31, true
9DDDD405-82E4-4C56-A6A6-E2B51ACAB5CF, 2021-03-23T15:10:33, true
9DDDD405-82E4-4C56-A6A6-E2B51ACAB5CF, 2021-03-23T15:11:40, true
9DDDD405-82E4-4C56-A6A6-E2B51ACAB5CF, 2021-03-23T15:12:40, false
9DDDD405-82E4-4C56-A6A6-E2B51ACAB5CF, 2021-03-23T15:13:51, true
9DDDD405-82E4-4C56-A6A6-E2B51ACAB5CF, 2021-03-23T15:14:51, true
9DDDD405-82E4-4C56-A6A6-E2B51ACAB5CF, 2021-03-23T15:15:51, true
9DDDD405-82E4-4C56-A6A6-E2B51ACAB5CF, 2021-03-23T15:16:55, true
9DDDD405-82E4-4C56-A6A6-E2B51ACAB5CF, 2021-03-23T15:18:02, true
9DDDD405-82E4-4C56-A6A6-E2B51ACAB5CF, 2021-03-23T15:19:11, true
9DDDD405-82E4-4C56-A6A6-E2B51ACAB5CF, 2021-03-23T15:20:14, true
9DDDD405-82E4-4C56-A6A6-E2B51ACAB5CF, 2021-03-23T15:21:18, true
9DDDD405-82E4-4C56-A6A6-E2B51ACAB5CF, 2021-03-23T15:22:19, true
9DDDD405-82E4-4C56-A6A6-E2B51ACAB5CF, 2021-03-23T15:23:23, true
9DDDD405-82E4-4C56-A6A6-E2B51ACAB5CF, 2021-03-23T15:24:25, true
9DDDD405-82E4-4C56-A6A6-E2B51ACAB5CF, 2021-03-23T15:25:30, true
9DDDD405-82E4-4C56-A6A6-E2B51ACAB5CF, 2021-03-23T15:26:32, true
9DDDD405-82E4-4C56-A6A6-E2B51ACAB5CF, 2021-03-23T15:27:33, true
9DDDD405-82E4-4C56-A6A6-E2B51ACAB5CF, 2021-03-23T15:28:35, true
9DDDD405-82E4-4C56-A6A6-E2B51ACAB5CF, 2021-03-23T15:29:36, true
9DDDD405-82E4-4C56-A6A6-E2B51ACAB5CF, 2021-03-23T15:30:37, true
9DDDD405-82E4-4C56-A6A6-E2B51ACAB5CF, 2021-03-23T15:31:40, true
9DDDD405-82E4-4C56-A6A6-E2B51ACAB5CF, 2021-03-23T15:32:54, true
9DDDD405-82E4-4C56-A6A6-E2B51ACAB5CF, 2021-03-23T15:33:54, true
9DDDD405-82E4-4C56-A6A6-E2B51ACAB5CF, 2021-03-23T15:34:59, true
9DDDD405-82E4-4C56-A6A6-E2B51ACAB5CF, 2021-03-23T15:36:00, true
9DDDD405-82E4-4C56-A6A6-E2B51ACAB5CF, 2021-03-23T15:37:03, true
9DDDD405-82E4-4C56-A6A6-E2B51ACAB5CF, 2021-03-23T15:38:04, true
9DDDD405-82E4-4C56-A6A6-E2B51ACAB5CF, 2021-03-23T15:39:07, true
9DDDD405-82E4-4C56-A6A6-E2B51ACAB5CF, 2021-03-23T15:40:12, true
9DDDD405-82E4-4C56-A6A6-E2B51ACAB5CF, 2021-03-23T15:41:15, true
9DDDD405-82E4-4C56-A6A6-E2B51ACAB5CF, 2021-03-23T15:42:18, true
9DDDD405-82E4-4C56-A6A6-E2B51ACAB5CF, 2021-03-23T15:43:22, true
9DDDD405-82E4-4C56-A6A6-E2B51ACAB5CF, 2021-03-23T15:44:23, true
9DDDD405-82E4-4C56-A6A6-E2B51ACAB5CF, 2021-03-23T15:45:27, true
9DDDD405-82E4-4C56-A6A6-E2B51ACAB5CF, 2021-03-23T15:46:29, true
9DDDD405-82E4-4C56-A6A6-E2B51ACAB5CF, 2021-03-23T15:47:34, true
9DDDD405-82E4-4C56-A6A6-E2B51ACAB5CF, 2021-03-23T15:48:37, true
9DDDD405-82E4-4C56-A6A6-E2B51ACAB5CF, 2021-03-23T15:49:39, true
9DDDD405-82E4-4C56-A6A6-E2B51ACAB5CF, 2021-03-23T15:50:41, true
9DDDD405-82E4-4C56-A6A6-E2B51ACAB5CF, 2021-03-23T15:51:54, true
9DDDD405-82E4-4C56-A6A6-E2B51ACAB5CF, 2021-03-23T15:52:58, true
9DDDD405-82E4-4C56-A6A6-E2B51ACAB5CF, 2021-03-23T15:54:11, true
9DDDD405-82E4-4C56-A6A6-E2B51ACAB5CF, 2021-03-23T15:55:14, true
9DDDD405-82E4-4C56-A6A6-E2B51ACAB5CF, 2021-03-23T15:56:16, true
9DDDD405-82E4-4C56-A6A6-E2B51ACAB5CF, 2021-03-23T15:57:18, true
9DDDD405-82E4-4C56-A6A6-E2B51ACAB5CF, 2021-03-23T15:58:19, true
9DDDD405-82E4-4C56-A6A6-E2B51ACAB5CF, 2021-03-23T15:59:22, true
9DDDD405-82E4-4C56-A6A6-E2B51ACAB5CF, 2021-03-23T16:00:23, true
9DDDD405-82E4-4C56-A6A6-E2B51ACAB5CF, 2021-03-23T16:01:24, true
9DDDD405-82E4-4C56-A6A6-E2B51ACAB5CF, 2021-03-23T16:02:26, true
9DDDD405-82E4-4C56-A6A6-E2B51ACAB5CF, 2021-03-23T16:03:28, true
9DDDD405-82E4-4C56-A6A6-E2B51ACAB5CF, 2021-03-23T16:04:29, true
9DDDD405-82E4-4C56-A6A6-E2B51ACAB5CF, 2021-03-23T16:05:31, true
9DDDD405-82E4-4C56-A6A6-E2B51ACAB5CF, 2021-03-23T16:06:33, true
9DDDD405-82E4-4C56-A6A6-E2B51ACAB5CF, 2021-03-23T16:07:34, true
9DDDD405-82E4-4C56-A6A6-E2B51ACAB5CF, 2021-03-23T16:08:36, true
9DDDD405-82E4-4C56-A6A6-E2B51ACAB5CF, 2021-03-23T16:09:39, true
9DDDD405-82E4-4C56-A6A6-E2B51ACAB5CF, 2021-03-23T16:10:39, true
9DDDD405-82E4-4C56-A6A6-E2B51ACAB5CF, 2021-03-23T16:12:00, true
9DDDD405-82E4-4C56-A6A6-E2B51ACAB5CF, 2021-03-23T16:13:02, true
9DDDD405-82E4-4C56-A6A6-E2B51ACAB5CF, 2021-03-23T16:14:02, true
9DDDD405-82E4-4C56-A6A6-E2B51ACAB5CF, 2021-03-23T16:15:06, true
9DDDD405-82E4-4C56-A6A6-E2B51ACAB5CF, 2021-03-23T16:16:11, true
9DDDD405-82E4-4C56-A6A6-E2B51ACAB5CF, 2021-03-23T16:17:11, true
9DDDD405-82E4-4C56-A6A6-E2B51ACAB5CF, 2021-03-23T16:18:14, true
9DDDD405-82E4-4C56-A6A6-E2B51ACAB5CF, 2021-03-23T16:19:32, true
9DDDD405-82E4-4C56-A6A6-E2B51ACAB5CF, 2021-03-23T16:20:35, true
9DDDD405-82E4-4C56-A6A6-E2B51ACAB5CF, 2021-03-23T16:21:38, true
9DDDD405-82E4-4C56-A6A6-E2B51ACAB5CF, 2021-03-23T16:23:03, true
9DDDD405-82E4-4C56-A6A6-E2B51ACAB5CF, 2021-03-23T16:24:04, true
9DDDD405-82E4-4C56-A6A6-E2B51ACAB5CF, 2021-03-23T16:25:12, true
9DDDD405-82E4-4C56-A6A6-E2B51ACAB5CF, 2021-03-23T16:26:13, true
9DDDD405-82E4-4C56-A6A6-E2B51ACAB5CF, 2021-03-23T16:27:15, true
9DDDD405-82E4-4C56-A6A6-E2B51ACAB5CF, 2021-03-23T16:28:18, true
9DDDD405-82E4-4C56-A6A6-E2B51ACAB5CF, 2021-03-23T16:29:19, true
9DDDD405-82E4-4C56-A6A6-E2B51ACAB5CF, 2021-03-23T16:30:23, true
9DDDD405-82E4-4C56-A6A6-E2B51ACAB5CF, 2021-03-23T16:31:27, true
9DDDD405-82E4-4C56-A6A6-E2B51ACAB5CF, 2021-03-23T16:32:30, true
9DDDD405-82E4-4C56-A6A6-E2B51ACAB5CF, 2021-03-23T16:33:31, true
9DDDD405-82E4-4C56-A6A6-E2B51ACAB5CF, 2021-03-23T16:34:36, true
9DDDD405-82E4-4C56-A6A6-E2B51ACAB5CF, 2021-03-23T16:36:04, true
9DDDD405-82E4-4C56-A6A6-E2B51ACAB5CF, 2021-03-23T16:37:07, true
9DDDD405-82E4-4C56-A6A6-E2B51ACAB5CF, 2021-03-23T16:38:09, true
9DDDD405-82E4-4C56-A6A6-E2B51ACAB5CF, 2021-03-23T16:39:11, true
9DDDD405-82E4-4C56-A6A6-E2B51ACAB5CF, 2021-03-23T16:40:14, true
9DDDD405-82E4-4C56-A6A6-E2B51ACAB5CF, 2021-03-23T16:41:16, true
9DDDD405-82E4-4C56-A6A6-E2B51ACAB5CF, 2021-03-23T16:42:20, true
9DDDD405-82E4-4C56-A6A6-E2B51ACAB5CF, 2021-03-23T16:43:21, true
9DDDD405-82E4-4C56-A6A6-E2B51ACAB5CF, 2021-03-23T16:44:23, true
9DDDD405-82E4-4C56-A6A6-E2B51ACAB5CF, 2021-03-23T16:45:25, true
9DDDD405-82E4-4C56-A6A6-E2B51ACAB5CF, 2021-03-23T16:46:42, true
9DDDD405-82E4-4C56-A6A6-E2B51ACAB5CF, 2021-03-23T16:47:43, true
9DDDD405-82E4-4C56-A6A6-E2B51ACAB5CF, 2021-03-23T16:48:45, true
9DDDD405-82E4-4C56-A6A6-E2B51ACAB5CF, 2021-03-23T16:49:49, true
9DDDD405-82E4-4C56-A6A6-E2B51ACAB5CF, 2021-03-23T16:50:53, true
9DDDD405-82E4-4C56-A6A6-E2B51ACAB5CF, 2021-03-23T16:51:57, true
9DDDD405-82E4-4C56-A6A6-E2B51ACAB5CF, 2021-03-23T16:52:58, true
9DDDD405-82E4-4C56-A6A6-E2B51ACAB5CF, 2021-03-23T16:54:00, true
9DDDD405-82E4-4C56-A6A6-E2B51ACAB5CF, 2021-03-23T16:55:02, true
9DDDD405-82E4-4C56-A6A6-E2B51ACAB5CF, 2021-03-23T16:56:06, true
9DDDD405-82E4-4C56-A6A6-E2B51ACAB5CF, 2021-03-23T16:57:08, true
9DDDD405-82E4-4C56-A6A6-E2B51ACAB5CF, 2021-03-23T16:58:16, true
9DDDD405-82E4-4C56-A6A6-E2B51ACAB5CF, 2021-03-23T16:59:16, true
9DDDD405-82E4-4C56-A6A6-E2B51ACAB5CF, 2021-03-23T17:00:19, true
9DDDD405-82E4-4C56-A6A6-E2B51ACAB5CF, 2021-03-23T17:01:20, true
9DDDD405-82E4-4C56-A6A6-E2B51ACAB5CF, 2021-03-23T17:02:21, true
9DDDD405-82E4-4C56-A6A6-E2B51ACAB5CF, 2021-03-23T17:03:22, true
9DDDD405-82E4-4C56-A6A6-E2B51ACAB5CF, 2021-03-23T17:04:25, true
9DDDD405-82E4-4C56-A6A6-E2B51ACAB5CF, 2021-03-23T17:05:44, true
9DDDD405-82E4-4C56-A6A6-E2B51ACAB5CF, 2021-03-23T17:06:46, true
9DDDD405-82E4-4C56-A6A6-E2B51ACAB5CF, 2021-03-23T17:07:48, true
9DDDD405-82E4-4C56-A6A6-E2B51ACAB5CF, 2021-03-23T17:08:53, true
9DDDD405-82E4-4C56-A6A6-E2B51ACAB5CF, 2021-03-23T17:09:54, true
9DDDD405-82E4-4C56-A6A6-E2B51ACAB5CF, 2021-03-23T17:10:56, true
9DDDD405-82E4-4C56-A6A6-E2B51ACAB5CF, 2021-03-23T17:11:56, true
9DDDD405-82E4-4C56-A6A6-E2B51ACAB5CF, 2021-03-23T17:12:58, true
9DDDD405-82E4-4C56-A6A6-E2B51ACAB5CF, 2021-03-23T17:14:06, true
9DDDD405-82E4-4C56-A6A6-E2B51ACAB5CF, 2021-03-23T17:15:11, true
9DDDD405-82E4-4C56-A6A6-E2B51ACAB5CF, 2021-03-23T17:16:12, true
9DDDD405-82E4-4C56-A6A6-E2B51ACAB5CF, 2021-03-23T17:17:19, true
9DDDD405-82E4-4C56-A6A6-E2B51ACAB5CF, 2021-03-23T17:18:23, true
9DDDD405-82E4-4C56-A6A6-E2B51ACAB5CF, 2021-03-23T17:19:32, true
9DDDD405-82E4-4C56-A6A6-E2B51ACAB5CF, 2021-03-23T17:20:33, true
9DDDD405-82E4-4C56-A6A6-E2B51ACAB5CF, 2021-03-23T17:21:38, true
9DDDD405-82E4-4C56-A6A6-E2B51ACAB5CF, 2021-03-23T17:22:39, true
9DDDD405-82E4-4C56-A6A6-E2B51ACAB5CF, 2021-03-23T17:23:40, true
9DDDD405-82E4-4C56-A6A6-E2B51ACAB5CF, 2021-03-23T17:24:42, true
9DDDD405-82E4-4C56-A6A6-E2B51ACAB5CF, 2021-03-23T17:25:43, true
9DDDD405-82E4-4C56-A6A6-E2B51ACAB5CF, 2021-03-23T17:26:57, true
9DDDD405-82E4-4C56-A6A6-E2B51ACAB5CF, 2021-03-23T17:28:01, true
9DDDD405-82E4-4C56-A6A6-E2B51ACAB5CF, 2021-03-23T17:29:31, true
9DDDD405-82E4-4C56-A6A6-E2B51ACAB5CF, 2021-03-23T17:30:52, true
9DDDD405-82E4-4C56-A6A6-E2B51ACAB5CF, 2021-03-23T17:31:54, true
9DDDD405-82E4-4C56-A6A6-E2B51ACAB5CF, 2021-03-23T17:32:56, true
9DDDD405-82E4-4C56-A6A6-E2B51ACAB5CF, 2021-03-23T17:33:57, true
9DDDD405-82E4-4C56-A6A6-E2B51ACAB5CF, 2021-03-23T17:35:00, true
9DDDD405-82E4-4C56-A6A6-E2B51ACAB5CF, 2021-03-23T17:36:04, true
9DDDD405-82E4-4C56-A6A6-E2B51ACAB5CF, 2021-03-23T17:37:06, true
9DDDD405-82E4-4C56-A6A6-E2B51ACAB5CF, 2021-03-23T17:38:10, true
9DDDD405-82E4-4C56-A6A6-E2B51ACAB5CF, 2021-03-23T17:39:15, true
9DDDD405-82E4-4C56-A6A6-E2B51ACAB5CF, 2021-03-23T17:40:16, true
9DDDD405-82E4-4C56-A6A6-E2B51ACAB5CF, 2021-03-23T17:41:30, true
9DDDD405-82E4-4C56-A6A6-E2B51ACAB5CF, 2021-03-23T17:42:38, true
9DDDD405-82E4-4C56-A6A6-E2B51ACAB5CF, 2021-03-23T17:43:38, true
9DDDD405-82E4-4C56-A6A6-E2B51ACAB5CF, 2021-03-23T17:44:40, true
9DDDD405-82E4-4C56-A6A6-E2B51ACAB5CF, 2021-03-23T17:45:45, true
9DDDD405-82E4-4C56-A6A6-E2B51ACAB5CF, 2021-03-23T17:46:49, true
9DDDD405-82E4-4C56-A6A6-E2B51ACAB5CF, 2021-03-23T17:47:51, true
9DDDD405-82E4-4C56-A6A6-E2B51ACAB5CF, 2021-03-23T17:48:51, true
9DDDD405-82E4-4C56-A6A6-E2B51ACAB5CF, 2021-03-23T17:49:53, true
9DDDD405-82E4-4C56-A6A6-E2B51ACAB5CF, 2021-03-23T17:50:56, true
9DDDD405-82E4-4C56-A6A6-E2B51ACAB5CF, 2021-03-23T17:51:58, true
9DDDD405-82E4-4C56-A6A6-E2B51ACAB5CF, 2021-03-23T17:53:08, true
9DDDD405-82E4-4C56-A6A6-E2B51ACAB5CF, 2021-03-23T17:54:09, true
9DDDD405-82E4-4C56-A6A6-E2B51ACAB5CF, 2021-03-23T17:55:11, true
9DDDD405-82E4-4C56-A6A6-E2B51ACAB5CF, 2021-03-23T17:56:15, true
9DDDD405-82E4-4C56-A6A6-E2B51ACAB5CF, 2021-03-23T17:57:16, true
9DDDD405-82E4-4C56-A6A6-E2B51ACAB5CF, 2021-03-23T17:58:18, true
9DDDD405-82E4-4C56-A6A6-E2B51ACAB5CF, 2021-03-23T17:59:22, true
9DDDD405-82E4-4C56-A6A6-E2B51ACAB5CF, 2021-03-23T18:00:25, true
9DDDD405-82E4-4C56-A6A6-E2B51ACAB5CF, 2021-03-23T18:01:26, true
9DDDD405-82E4-4C56-A6A6-E2B51ACAB5CF, 2021-03-23T18:02:29, true
9DDDD405-82E4-4C56-A6A6-E2B51ACAB5CF, 2021-03-23T18:03:43, true
9DDDD405-82E4-4C56-A6A6-E2B51ACAB5CF, 2021-03-23T18:04:51, true
9DDDD405-82E4-4C56-A6A6-E2B51ACAB5CF, 2021-03-23T18:05:54, true
9DDDD405-82E4-4C56-A6A6-E2B51ACAB5CF, 2021-03-23T18:07:20, true
9DDDD405-82E4-4C56-A6A6-E2B51ACAB5CF, 2021-03-23T18:08:27, true
9DDDD405-82E4-4C56-A6A6-E2B51ACAB5CF, 2021-03-23T18:09:33, true
9DDDD405-82E4-4C56-A6A6-E2B51ACAB5CF, 2021-03-23T18:10:36, true
9DDDD405-82E4-4C56-A6A6-E2B51ACAB5CF, 2021-03-23T18:11:36, false
9DDDD405-82E4-4C56-A6A6-E2B51ACAB5CF, 2021-03-23T18:12:36, false
9DDDD405-82E4-4C56-A6A6-E2B51ACAB5CF, 2021-03-23T18:13:36, false
9DDDD405-82E4-4C56-A6A6-E2B51ACAB5CF, 2021-03-23T18:14:36, false
9DDDD405-82E4-4C56-A6A6-E2B51ACAB5CF, 2021-03-23T18:15:36, false
9DDDD405-82E4-4C56-A6A6-E2B51ACAB5CF, 2021-03-23T18:16:36, false
9DDDD405-82E4-4C56-A6A6-E2B51ACAB5CF, 2021-03-23T18:17:23, true
9DDDD405-82E4-4C56-A6A6-E2B51ACAB5CF, 2021-03-23T18:18:31, true
9DDDD405-82E4-4C56-A6A6-E2B51ACAB5CF, 2021-03-23T18:19:32, true
9DDDD405-82E4-4C56-A6A6-E2B51ACAB5CF, 2021-03-23T18:20:35, true
9DDDD405-82E4-4C56-A6A6-E2B51ACAB5CF, 2021-03-23T18:21:39, true
9DDDD405-82E4-4C56-A6A6-E2B51ACAB5CF, 2021-03-23T18:22:43, true
9DDDD405-82E4-4C56-A6A6-E2B51ACAB5CF, 2021-03-23T18:23:44, true
9DDDD405-82E4-4C56-A6A6-E2B51ACAB5CF, 2021-03-23T18:24:44, false
9DDDD405-82E4-4C56-A6A6-E2B51ACAB5CF, 2021-03-23T18:25:44, false
9DDDD405-82E4-4C56-A6A6-E2B51ACAB5CF, 2021-03-23T18:26:44, false
9DDDD405-82E4-4C56-A6A6-E2B51ACAB5CF, 2021-03-23T18:27:44, false
9DDDD405-82E4-4C56-A6A6-E2B51ACAB5CF, 2021-03-23T18:28:44, false
9DDDD405-82E4-4C56-A6A6-E2B51ACAB5CF, 2021-03-23T18:29:21, true
9DDDD405-82E4-4C56-A6A6-E2B51ACAB5CF, 2021-03-23T18:30:22, true
9DDDD405-82E4-4C56-A6A6-E2B51ACAB5CF, 2021-03-23T18:31:29, true
9DDDD405-82E4-4C56-A6A6-E2B51ACAB5CF, 2021-03-23T18:32:35, true
9DDDD405-82E4-4C56-A6A6-E2B51ACAB5CF, 2021-03-23T18:33:39, true
9DDDD405-82E4-4C56-A6A6-E2B51ACAB5CF, 2021-03-23T18:34:40, true
9DDDD405-82E4-4C56-A6A6-E2B51ACAB5CF, 2021-03-23T18:35:41, true
9DDDD405-82E4-4C56-A6A6-E2B51ACAB5CF, 2021-03-23T18:36:41, false
9DDDD405-82E4-4C56-A6A6-E2B51ACAB5CF, 2021-03-23T18:37:41, false
9DDDD405-82E4-4C56-A6A6-E2B51ACAB5CF, 2021-03-23T18:38:36, true
9DDDD405-82E4-4C56-A6A6-E2B51ACAB5CF, 2021-03-23T18:39:36, false
9DDDD405-82E4-4C56-A6A6-E2B51ACAB5CF, 2021-03-23T18:40:36, false
9DDDD405-82E4-4C56-A6A6-E2B51ACAB5CF, 2021-03-23T18:41:36, false
9DDDD405-82E4-4C56-A6A6-E2B51ACAB5CF, 2021-03-23T18:42:21, true
9DDDD405-82E4-4C56-A6A6-E2B51ACAB5CF, 2021-03-23T18:43:21, true
9DDDD405-82E4-4C56-A6A6-E2B51ACAB5CF, 2021-03-23T18:44:21, false
9DDDD405-82E4-4C56-A6A6-E2B51ACAB5CF, 2021-03-23T18:45:21, false
9DDDD405-82E4-4C56-A6A6-E2B51ACAB5CF, 2021-03-23T18:46:21, false
9DDDD405-82E4-4C56-A6A6-E2B51ACAB5CF, 2021-03-23T18:47:21, false
9DDDD405-82E4-4C56-A6A6-E2B51ACAB5CF, 2021-03-23T18:48:21, false
9DDDD405-82E4-4C56-A6A6-E2B51ACAB5CF, 2021-03-23T18:49:21, false
9DDDD405-82E4-4C56-A6A6-E2B51ACAB5CF, 2021-03-23T18:50:21, false
9DDDD405-82E4-4C56-A6A6-E2B51ACAB5CF, 2021-03-23T18:51:21, false
9DDDD405-82E4-4C56-A6A6-E2B51ACAB5CF, 2021-03-23T18:52:21, false
9DDDD405-82E4-4C56-A6A6-E2B51ACAB5CF, 2021-03-23T18:53:21, false
9DDDD405-82E4-4C56-A6A6-E2B51ACAB5CF, 2021-03-23T18:54:21, false
9DDDD405-82E4-4C56-A6A6-E2B51ACAB5CF, 2021-03-23T18:55:21, false
9DDDD405-82E4-4C56-A6A6-E2B51ACAB5CF, 2021-03-23T18:56:21, false
9DDDD405-82E4-4C56-A6A6-E2B51ACAB5CF, 2021-03-23T18:57:21, false
9DDDD405-82E4-4C56-A6A6-E2B51ACAB5CF, 2021-03-23T18:58:21, false
9DDDD405-82E4-4C56-A6A6-E2B51ACAB5CF, 2021-03-23T18:59:21, false
9DDDD405-82E4-4C56-A6A6-E2B51ACAB5CF, 2021-03-23T19:00:21, false
9DDDD405-82E4-4C56-A6A6-E2B51ACAB5CF, 2021-03-23T19:01:21, false
9DDDD405-82E4-4C56-A6A6-E2B51ACAB5CF, 2021-03-23T19:02:21, false
9DDDD405-82E4-4C56-A6A6-E2B51ACAB5CF, 2021-03-23T19:03:21, false
9DDDD405-82E4-4C56-A6A6-E2B51ACAB5CF, 2021-03-23T19:04:21, false
9DDDD405-82E4-4C56-A6A6-E2B51ACAB5CF, 2021-03-23T19:05:21, false
9DDDD405-82E4-4C56-A6A6-E2B51ACAB5CF, 2021-03-23T19:06:21, false
9DDDD405-82E4-4C56-A6A6-E2B51ACAB5CF, 2021-03-23T19:07:21, false
9DDDD405-82E4-4C56-A6A6-E2B51ACAB5CF, 2021-03-23T19:08:21, false
9DDDD405-82E4-4C56-A6A6-E2B51ACAB5CF, 2021-03-23T19:09:21, false
9DDDD405-82E4-4C56-A6A6-E2B51ACAB5CF, 2021-03-23T19:10:21, false
9DDDD405-82E4-4C56-A6A6-E2B51ACAB5CF, 2021-03-23T19:11:21, false
9DDDD405-82E4-4C56-A6A6-E2B51ACAB5CF, 2021-03-23T19:12:21, false
9DDDD405-82E4-4C56-A6A6-E2B51ACAB5CF, 2021-03-23T19:13:21, false
9DDDD405-82E4-4C56-A6A6-E2B51ACAB5CF, 2021-03-23T19:14:21, false
9DDDD405-82E4-4C56-A6A6-E2B51ACAB5CF, 2021-03-23T19:15:21, false
9DDDD405-82E4-4C56-A6A6-E2B51ACAB5CF, 2021-03-23T19:16:21, false
9DDDD405-82E4-4C56-A6A6-E2B51ACAB5CF, 2021-03-23T19:17:21, false
9DDDD405-82E4-4C56-A6A6-E2B51ACAB5CF, 2021-03-23T19:18:21, false
9DDDD405-82E4-4C56-A6A6-E2B51ACAB5CF, 2021-03-23T19:19:39, true
9DDDD405-82E4-4C56-A6A6-E2B51ACAB5CF, 2021-03-23T19:20:44, true
9DDDD405-82E4-4C56-A6A6-E2B51ACAB5CF, 2021-03-23T19:21:48, true
9DDDD405-82E4-4C56-A6A6-E2B51ACAB5CF, 2021-03-23T19:22:49, true
9DDDD405-82E4-4C56-A6A6-E2B51ACAB5CF, 2021-03-23T19:23:52, true
9DDDD405-82E4-4C56-A6A6-E2B51ACAB5CF, 2021-03-23T19:24:53, true
9DDDD405-82E4-4C56-A6A6-E2B51ACAB5CF, 2021-03-23T19:25:56, true
9DDDD405-82E4-4C56-A6A6-E2B51ACAB5CF, 2021-03-23T19:26:56, true
9DDDD405-82E4-4C56-A6A6-E2B51ACAB5CF, 2021-03-23T19:28:01, true
9DDDD405-82E4-4C56-A6A6-E2B51ACAB5CF, 2021-03-23T19:29:02, true
9DDDD405-82E4-4C56-A6A6-E2B51ACAB5CF, 2021-03-23T19:30:05, true
9DDDD405-82E4-4C56-A6A6-E2B51ACAB5CF, 2021-03-23T19:31:07, true
9DDDD405-82E4-4C56-A6A6-E2B51ACAB5CF, 2021-03-23T19:32:17, true
9DDDD405-82E4-4C56-A6A6-E2B51ACAB5CF, 2021-03-23T19:33:17, true
9DDDD405-82E4-4C56-A6A6-E2B51ACAB5CF, 2021-03-23T19:34:18, true
9DDDD405-82E4-4C56-A6A6-E2B51ACAB5CF, 2021-03-23T19:35:18, true
9DDDD405-82E4-4C56-A6A6-E2B51ACAB5CF, 2021-03-23T19:36:46, true
9DDDD405-82E4-4C56-A6A6-E2B51ACAB5CF, 2021-03-23T19:37:47, true
9DDDD405-82E4-4C56-A6A6-E2B51ACAB5CF, 2021-03-23T19:38:49, true
9DDDD405-82E4-4C56-A6A6-E2B51ACAB5CF, 2021-03-23T19:39:52, true
9DDDD405-82E4-4C56-A6A6-E2B51ACAB5CF, 2021-03-23T19:40:53, true
9DDDD405-82E4-4C56-A6A6-E2B51ACAB5CF, 2021-03-23T19:41:54, true
9DDDD405-82E4-4C56-A6A6-E2B51ACAB5CF, 2021-03-23T19:42:56, true
9DDDD405-82E4-4C56-A6A6-E2B51ACAB5CF, 2021-03-23T19:43:59, true
9DDDD405-82E4-4C56-A6A6-E2B51ACAB5CF, 2021-03-23T19:45:04, true
9DDDD405-82E4-4C56-A6A6-E2B51ACAB5CF, 2021-03-23T19:46:04, true
9DDDD405-82E4-4C56-A6A6-E2B51ACAB5CF, 2021-03-23T19:47:04, true
9DDDD405-82E4-4C56-A6A6-E2B51ACAB5CF, 2021-03-23T19:48:07, true
9DDDD405-82E4-4C56-A6A6-E2B51ACAB5CF, 2021-03-23T19:49:08, true
9DDDD405-82E4-4C56-A6A6-E2B51ACAB5CF, 2021-03-23T19:50:11, true
9DDDD405-82E4-4C56-A6A6-E2B51ACAB5CF, 2021-03-23T19:51:14, true
9DDDD405-82E4-4C56-A6A6-E2B51ACAB5CF, 2021-03-23T19:52:17, true
9DDDD405-82E4-4C56-A6A6-E2B51ACAB5CF, 2021-03-23T19:53:17, true
9DDDD405-82E4-4C56-A6A6-E2B51ACAB5CF, 2021-03-23T19:54:26, true
9DDDD405-82E4-4C56-A6A6-E2B51ACAB5CF, 2021-03-23T19:55:30, true
9DDDD405-82E4-4C56-A6A6-E2B51ACAB5CF, 2021-03-23T19:56:31, true
9DDDD405-82E4-4C56-A6A6-E2B51ACAB5CF, 2021-03-23T19:57:34, true
9DDDD405-82E4-4C56-A6A6-E2B51ACAB5CF, 2021-03-23T19:58:38, true
9DDDD405-82E4-4C56-A6A6-E2B51ACAB5CF, 2021-03-23T19:59:38, true
9DDDD405-82E4-4C56-A6A6-E2B51ACAB5CF, 2021-03-23T20:00:40, true
9DDDD405-82E4-4C56-A6A6-E2B51ACAB5CF, 2021-03-23T20:01:44, true
9DDDD405-82E4-4C56-A6A6-E2B51ACAB5CF, 2021-03-23T20:02:50, true
9DDDD405-82E4-4C56-A6A6-E2B51ACAB5CF, 2021-03-23T20:03:50, true
9DDDD405-82E4-4C56-A6A6-E2B51ACAB5CF, 2021-03-23T20:04:54, true
9DDDD405-82E4-4C56-A6A6-E2B51ACAB5CF, 2021-03-23T20:06:07, true
9DDDD405-82E4-4C56-A6A6-E2B51ACAB5CF, 2021-03-23T20:07:08, true
9DDDD405-82E4-4C56-A6A6-E2B51ACAB5CF, 2021-03-23T20:08:08, true
9DDDD405-82E4-4C56-A6A6-E2B51ACAB5CF, 2021-03-23T20:09:09, true
9DDDD405-82E4-4C56-A6A6-E2B51ACAB5CF, 2021-03-23T20:10:10, true
9DDDD405-82E4-4C56-A6A6-E2B51ACAB5CF, 2021-03-23T20:11:10, true
9DDDD405-82E4-4C56-A6A6-E2B51ACAB5CF, 2021-03-23T20:12:10, true
9DDDD405-82E4-4C56-A6A6-E2B51ACAB5CF, 2021-03-23T20:13:14, true
9DDDD405-82E4-4C56-A6A6-E2B51ACAB5CF, 2021-03-23T20:14:16, true
9DDDD405-82E4-4C56-A6A6-E2B51ACAB5CF, 2021-03-23T20:15:19, true
9DDDD405-82E4-4C56-A6A6-E2B51ACAB5CF, 2021-03-23T20:16:28, true
9DDDD405-82E4-4C56-A6A6-E2B51ACAB5CF, 2021-03-23T20:17:32, true
9DDDD405-82E4-4C56-A6A6-E2B51ACAB5CF, 2021-03-23T20:18:34, true
9DDDD405-82E4-4C56-A6A6-E2B51ACAB5CF, 2021-03-23T20:19:35, true
9DDDD405-82E4-4C56-A6A6-E2B51ACAB5CF, 2021-03-23T20:20:37, true
9DDDD405-82E4-4C56-A6A6-E2B51ACAB5CF, 2021-03-23T20:21:38, true
9DDDD405-82E4-4C56-A6A6-E2B51ACAB5CF, 2021-03-23T20:22:41, true
9DDDD405-82E4-4C56-A6A6-E2B51ACAB5CF, 2021-03-23T20:23:44, true
9DDDD405-82E4-4C56-A6A6-E2B51ACAB5CF, 2021-03-23T20:24:45, true
9DDDD405-82E4-4C56-A6A6-E2B51ACAB5CF, 2021-03-23T20:25:46, true
9DDDD405-82E4-4C56-A6A6-E2B51ACAB5CF, 2021-03-23T20:26:48, true
9DDDD405-82E4-4C56-A6A6-E2B51ACAB5CF, 2021-03-23T20:27:53, true
9DDDD405-82E4-4C56-A6A6-E2B51ACAB5CF, 2021-03-23T20:28:57, true
9DDDD405-82E4-4C56-A6A6-E2B51ACAB5CF, 2021-03-23T20:29:58, true
9DDDD405-82E4-4C56-A6A6-E2B51ACAB5CF, 2021-03-23T20:31:02, true
9DDDD405-82E4-4C56-A6A6-E2B51ACAB5CF, 2021-03-23T20:32:03, true
9DDDD405-82E4-4C56-A6A6-E2B51ACAB5CF, 2021-03-23T20:33:05, true
9DDDD405-82E4-4C56-A6A6-E2B51ACAB5CF, 2021-03-23T20:34:08, true
9DDDD405-82E4-4C56-A6A6-E2B51ACAB5CF, 2021-03-23T20:35:10, true
9DDDD405-82E4-4C56-A6A6-E2B51ACAB5CF, 2021-03-23T20:36:13, true
9DDDD405-82E4-4C56-A6A6-E2B51ACAB5CF, 2021-03-23T20:37:15, true
9DDDD405-82E4-4C56-A6A6-E2B51ACAB5CF, 2021-03-23T20:38:15, true
9DDDD405-82E4-4C56-A6A6-E2B51ACAB5CF, 2021-03-23T20:39:18, true
9DDDD405-82E4-4C56-A6A6-E2B51ACAB5CF, 2021-03-23T20:40:18, true
9DDDD405-82E4-4C56-A6A6-E2B51ACAB5CF, 2021-03-23T20:41:19, true
9DDDD405-82E4-4C56-A6A6-E2B51ACAB5CF, 2021-03-23T20:42:22, true
9DDDD405-82E4-4C56-A6A6-E2B51ACAB5CF, 2021-03-23T20:43:26, true
9DDDD405-82E4-4C56-A6A6-E2B51ACAB5CF, 2021-03-23T20:44:28, true
9DDDD405-82E4-4C56-A6A6-E2B51ACAB5CF, 2021-03-23T20:45:28, true
9DDDD405-82E4-4C56-A6A6-E2B51ACAB5CF, 2021-03-23T20:46:32, true
9DDDD405-82E4-4C56-A6A6-E2B51ACAB5CF, 2021-03-23T20:47:35, true
9DDDD405-82E4-4C56-A6A6-E2B51ACAB5CF, 2021-03-23T20:48:36, true
9DDDD405-82E4-4C56-A6A6-E2B51ACAB5CF, 2021-03-23T20:49:48, true
9DDDD405-82E4-4C56-A6A6-E2B51ACAB5CF, 2021-03-23T20:50:50, true
9DDDD405-82E4-4C56-A6A6-E2B51ACAB5CF, 2021-03-23T20:51:55, true
9DDDD405-82E4-4C56-A6A6-E2B51ACAB5CF, 2021-03-23T20:52:59, true
9DDDD405-82E4-4C56-A6A6-E2B51ACAB5CF, 2021-03-23T20:54:02, true
9DDDD405-82E4-4C56-A6A6-E2B51ACAB5CF, 2021-03-23T20:55:04, true
9DDDD405-82E4-4C56-A6A6-E2B51ACAB5CF, 2021-03-23T20:56:06, true
9DDDD405-82E4-4C56-A6A6-E2B51ACAB5CF, 2021-03-23T20:57:08, true
9DDDD405-82E4-4C56-A6A6-E2B51ACAB5CF, 2021-03-23T20:58:09, true
9DDDD405-82E4-4C56-A6A6-E2B51ACAB5CF, 2021-03-23T20:59:11, true
9DDDD405-82E4-4C56-A6A6-E2B51ACAB5CF, 2021-03-23T21:00:13, true
9DDDD405-82E4-4C56-A6A6-E2B51ACAB5CF, 2021-03-23T21:01:13, true
9DDDD405-82E4-4C56-A6A6-E2B51ACAB5CF, 2021-03-23T21:02:14, true
9DDDD405-82E4-4C56-A6A6-E2B51ACAB5CF, 2021-03-23T21:03:17, true
9DDDD405-82E4-4C56-A6A6-E2B51ACAB5CF, 2021-03-23T21:04:19, true
9DDDD405-82E4-4C56-A6A6-E2B51ACAB5CF, 2021-03-23T21:05:23, true
9DDDD405-82E4-4C56-A6A6-E2B51ACAB5CF, 2021-03-23T21:06:28, true
9DDDD405-82E4-4C56-A6A6-E2B51ACAB5CF, 2021-03-23T21:07:32, true
9DDDD405-82E4-4C56-A6A6-E2B51ACAB5CF, 2021-03-23T21:08:35, true
9DDDD405-82E4-4C56-A6A6-E2B51ACAB5CF, 2021-03-23T21:09:38, true
9DDDD405-82E4-4C56-A6A6-E2B51ACAB5CF, 2021-03-23T21:10:39, true
9DDDD405-82E4-4C56-A6A6-E2B51ACAB5CF, 2021-03-23T21:11:45, true
9DDDD405-82E4-4C56-A6A6-E2B51ACAB5CF, 2021-03-23T21:12:48, true
9DDDD405-82E4-4C56-A6A6-E2B51ACAB5CF, 2021-03-23T21:13:50, true
9DDDD405-82E4-4C56-A6A6-E2B51ACAB5CF, 2021-03-23T21:14:51, true
9DDDD405-82E4-4C56-A6A6-E2B51ACAB5CF, 2021-03-23T21:15:53, true
9DDDD405-82E4-4C56-A6A6-E2B51ACAB5CF, 2021-03-23T21:16:57, true
9DDDD405-82E4-4C56-A6A6-E2B51ACAB5CF, 2021-03-23T21:17:59, true
9DDDD405-82E4-4C56-A6A6-E2B51ACAB5CF, 2021-03-23T21:18:59, true
9DDDD405-82E4-4C56-A6A6-E2B51ACAB5CF, 2021-03-23T21:20:00, true
9DDDD405-82E4-4C56-A6A6-E2B51ACAB5CF, 2021-03-23T21:21:01, true
9DDDD405-82E4-4C56-A6A6-E2B51ACAB5CF, 2021-03-23T21:22:04, true
9DDDD405-82E4-4C56-A6A6-E2B51ACAB5CF, 2021-03-23T21:23:06, true
9DDDD405-82E4-4C56-A6A6-E2B51ACAB5CF, 2021-03-23T21:24:06, true
9DDDD405-82E4-4C56-A6A6-E2B51ACAB5CF, 2021-03-23T21:25:10, true
9DDDD405-82E4-4C56-A6A6-E2B51ACAB5CF, 2021-03-23T21:26:10, true
9DDDD405-82E4-4C56-A6A6-E2B51ACAB5CF, 2021-03-23T21:27:11, true
9DDDD405-82E4-4C56-A6A6-E2B51ACAB5CF, 2021-03-23T21:28:13, true
9DDDD405-82E4-4C56-A6A6-E2B51ACAB5CF, 2021-03-23T21:29:14, true
9DDDD405-82E4-4C56-A6A6-E2B51ACAB5CF, 2021-03-23T21:30:16, true
9DDDD405-82E4-4C56-A6A6-E2B51ACAB5CF, 2021-03-23T21:31:16, true
9DDDD405-82E4-4C56-A6A6-E2B51ACAB5CF, 2021-03-23T21:32:17, true
9DDDD405-82E4-4C56-A6A6-E2B51ACAB5CF, 2021-03-23T21:33:23, true
9DDDD405-82E4-4C56-A6A6-E2B51ACAB5CF, 2021-03-23T21:34:24, true
9DDDD405-82E4-4C56-A6A6-E2B51ACAB5CF, 2021-03-23T21:35:25, true
9DDDD405-82E4-4C56-A6A6-E2B51ACAB5CF, 2021-03-23T21:36:27, true
9DDDD405-82E4-4C56-A6A6-E2B51ACAB5CF, 2021-03-23T21:37:31, true
9DDDD405-82E4-4C56-A6A6-E2B51ACAB5CF, 2021-03-23T21:38:33, true
9DDDD405-82E4-4C56-A6A6-E2B51ACAB5CF, 2021-03-23T21:39:33, true
9DDDD405-82E4-4C56-A6A6-E2B51ACAB5CF, 2021-03-23T21:40:36, true
9DDDD405-82E4-4C56-A6A6-E2B51ACAB5CF, 2021-03-23T21:41:39, true
9DDDD405-82E4-4C56-A6A6-E2B51ACAB5CF, 2021-03-23T21:42:40, true
9DDDD405-82E4-4C56-A6A6-E2B51ACAB5CF, 2021-03-23T21:43:50, true
9DDDD405-82E4-4C56-A6A6-E2B51ACAB5CF, 2021-03-23T21:45:02, true
9DDDD405-82E4-4C56-A6A6-E2B51ACAB5CF, 2021-03-23T21:46:05, true
9DDDD405-82E4-4C56-A6A6-E2B51ACAB5CF, 2021-03-23T21:47:07, true
9DDDD405-82E4-4C56-A6A6-E2B51ACAB5CF, 2021-03-23T21:48:09, true
9DDDD405-82E4-4C56-A6A6-E2B51ACAB5CF, 2021-03-23T21:49:12, true
9DDDD405-82E4-4C56-A6A6-E2B51ACAB5CF, 2021-03-23T21:50:14, true
9DDDD405-82E4-4C56-A6A6-E2B51ACAB5CF, 2021-03-23T21:51:14, true
9DDDD405-82E4-4C56-A6A6-E2B51ACAB5CF, 2021-03-23T21:52:18, true
9DDDD405-82E4-4C56-A6A6-E2B51ACAB5CF, 2021-03-23T21:53:20, true
9DDDD405-82E4-4C56-A6A6-E2B51ACAB5CF, 2021-03-23T21:54:23, true
9DDDD405-82E4-4C56-A6A6-E2B51ACAB5CF, 2021-03-23T21:55:23, true
9DDDD405-82E4-4C56-A6A6-E2B51ACAB5CF, 2021-03-23T21:56:26, true
9DDDD405-82E4-4C56-A6A6-E2B51ACAB5CF, 2021-03-23T21:57:27, true
9DDDD405-82E4-4C56-A6A6-E2B51ACAB5CF, 2021-03-23T21:58:29, true
9DDDD405-82E4-4C56-A6A6-E2B51ACAB5CF, 2021-03-23T21:59:29, true
9DDDD405-82E4-4C56-A6A6-E2B51ACAB5CF, 2021-03-23T22:00:32, true
9DDDD405-82E4-4C56-A6A6-E2B51ACAB5CF, 2021-03-23T22:01:34, true
9DDDD405-82E4-4C56-A6A6-E2B51ACAB5CF, 2021-03-23T22:02:34, true
9DDDD405-82E4-4C56-A6A6-E2B51ACAB5CF, 2021-03-23T22:03:36, true
9DDDD405-82E4-4C56-A6A6-E2B51ACAB5CF, 2021-03-23T22:04:39, true
9DDDD405-82E4-4C56-A6A6-E2B51ACAB5CF, 2021-03-23T22:05:59, true
9DDDD405-82E4-4C56-A6A6-E2B51ACAB5CF, 2021-03-23T22:07:02, true
9DDDD405-82E4-4C56-A6A6-E2B51ACAB5CF, 2021-03-23T22:08:05, true
9DDDD405-82E4-4C56-A6A6-E2B51ACAB5CF, 2021-03-23T22:09:06, true
9DDDD405-82E4-4C56-A6A6-E2B51ACAB5CF, 2021-03-23T22:10:10, true
9DDDD405-82E4-4C56-A6A6-E2B51ACAB5CF, 2021-03-23T22:11:14, true
9DDDD405-82E4-4C56-A6A6-E2B51ACAB5CF, 2021-03-23T22:12:17, true
9DDDD405-82E4-4C56-A6A6-E2B51ACAB5CF, 2021-03-23T22:13:22, true
9DDDD405-82E4-4C56-A6A6-E2B51ACAB5CF, 2021-03-23T22:14:24, true
9DDDD405-82E4-4C56-A6A6-E2B51ACAB5CF, 2021-03-23T22:15:47, true
9DDDD405-82E4-4C56-A6A6-E2B51ACAB5CF, 2021-03-23T22:16:48, true
9DDDD405-82E4-4C56-A6A6-E2B51ACAB5CF, 2021-03-23T22:17:57, true
9DDDD405-82E4-4C56-A6A6-E2B51ACAB5CF, 2021-03-23T22:18:57, true
9DDDD405-82E4-4C56-A6A6-E2B51ACAB5CF, 2021-03-23T22:19:59, true
9DDDD405-82E4-4C56-A6A6-E2B51ACAB5CF, 2021-03-23T22:21:01, true
9DDDD405-82E4-4C56-A6A6-E2B51ACAB5CF, 2021-03-23T22:22:02, true
9DDDD405-82E4-4C56-A6A6-E2B51ACAB5CF, 2021-03-23T22:23:04, true
9DDDD405-82E4-4C56-A6A6-E2B51ACAB5CF, 2021-03-23T22:24:07, true
9DDDD405-82E4-4C56-A6A6-E2B51ACAB5CF, 2021-03-23T22:25:13, true
9DDDD405-82E4-4C56-A6A6-E2B51ACAB5CF, 2021-03-23T22:26:16, true
9DDDD405-82E4-4C56-A6A6-E2B51ACAB5CF, 2021-03-23T22:27:18, true
9DDDD405-82E4-4C56-A6A6-E2B51ACAB5CF, 2021-03-23T22:28:28, true
9DDDD405-82E4-4C56-A6A6-E2B51ACAB5CF, 2021-03-23T22:29:28, true
9DDDD405-82E4-4C56-A6A6-E2B51ACAB5CF, 2021-03-23T22:30:32, true
9DDDD405-82E4-4C56-A6A6-E2B51ACAB5CF, 2021-03-23T22:31:32, true
9DDDD405-82E4-4C56-A6A6-E2B51ACAB5CF, 2021-03-23T22:32:33, true
9DDDD405-82E4-4C56-A6A6-E2B51ACAB5CF, 2021-03-23T22:33:35, true
9DDDD405-82E4-4C56-A6A6-E2B51ACAB5CF, 2021-03-23T22:34:38, true
9DDDD405-82E4-4C56-A6A6-E2B51ACAB5CF, 2021-03-23T22:35:40, true
9DDDD405-82E4-4C56-A6A6-E2B51ACAB5CF, 2021-03-23T22:36:45, true
9DDDD405-82E4-4C56-A6A6-E2B51ACAB5CF, 2021-03-23T22:37:45, true
9DDDD405-82E4-4C56-A6A6-E2B51ACAB5CF, 2021-03-23T22:38:48, true
9DDDD405-82E4-4C56-A6A6-E2B51ACAB5CF, 2021-03-23T22:39:58, true
9DDDD405-82E4-4C56-A6A6-E2B51ACAB5CF, 2021-03-23T22:41:01, true
9DDDD405-82E4-4C56-A6A6-E2B51ACAB5CF, 2021-03-23T22:42:01, true
9DDDD405-82E4-4C56-A6A6-E2B51ACAB5CF, 2021-03-23T22:43:08, true
9DDDD405-82E4-4C56-A6A6-E2B51ACAB5CF, 2021-03-23T22:44:10, true
