Device, Measure Date Time, Exist
9DDDD405-82E4-4C56-A6A6-E2B51ACAB5CF, 2021-03-31T22:45:36, true
9DDDD405-82E4-4C56-A6A6-E2B51ACAB5CF, 2021-03-31T22:46:39, true
9DDDD405-82E4-4C56-A6A6-E2B51ACAB5CF, 2021-03-31T22:47:43, true
9DDDD405-82E4-4C56-A6A6-E2B51ACAB5CF, 2021-03-31T22:48:46, true
9DDDD405-82E4-4C56-A6A6-E2B51ACAB5CF, 2021-03-31T22:49:46, true
9DDDD405-82E4-4C56-A6A6-E2B51ACAB5CF, 2021-03-31T22:50:48, true
9DDDD405-82E4-4C56-A6A6-E2B51ACAB5CF, 2021-03-31T22:52:00, true
9DDDD405-82E4-4C56-A6A6-E2B51ACAB5CF, 2021-03-31T22:53:02, true
9DDDD405-82E4-4C56-A6A6-E2B51ACAB5CF, 2021-03-31T22:54:03, true
9DDDD405-82E4-4C56-A6A6-E2B51ACAB5CF, 2021-03-31T22:55:08, true
9DDDD405-82E4-4C56-A6A6-E2B51ACAB5CF, 2021-03-31T22:56:10, true
9DDDD405-82E4-4C56-A6A6-E2B51ACAB5CF, 2021-03-31T22:57:12, true
9DDDD405-82E4-4C56-A6A6-E2B51ACAB5CF, 2021-03-31T22:58:15, true
9DDDD405-82E4-4C56-A6A6-E2B51ACAB5CF, 2021-03-31T22:59:19, true
9DDDD405-82E4-4C56-A6A6-E2B51ACAB5CF, 2021-03-31T23:00:20, true
9DDDD405-82E4-4C56-A6A6-E2B51ACAB5CF, 2021-03-31T23:01:22, true
9DDDD405-82E4-4C56-A6A6-E2B51ACAB5CF, 2021-03-31T23:02:24, true
9DDDD405-82E4-4C56-A6A6-E2B51ACAB5CF, 2021-03-31T23:03:25, true
9DDDD405-82E4-4C56-A6A6-E2B51ACAB5CF, 2021-03-31T23:04:27, true
9DDDD405-82E4-4C56-A6A6-E2B51ACAB5CF, 2021-03-31T23:05:28, true
9DDDD405-82E4-4C56-A6A6-E2B51ACAB5CF, 2021-03-31T23:06:30, true
9DDDD405-82E4-4C56-A6A6-E2B51ACAB5CF, 2021-03-31T23:07:33, true
9DDDD405-82E4-4C56-A6A6-E2B51ACAB5CF, 2021-03-31T23:08:36, true
9DDDD405-82E4-4C56-A6A6-E2B51ACAB5CF, 2021-03-31T23:09:37, true
9DDDD405-82E4-4C56-A6A6-E2B51ACAB5CF, 2021-03-31T23:10:40, true
9DDDD405-82E4-4C56-A6A6-E2B51ACAB5CF, 2021-03-31T23:11:42, true
9DDDD405-82E4-4C56-A6A6-E2B51ACAB5CF, 2021-03-31T23:12:44, true
9DDDD405-82E4-4C56-A6A6-E2B51ACAB5CF, 2021-03-31T23:13:44, true
9DDDD405-82E4-4C56-A6A6-E2B51ACAB5CF, 2021-03-31T23:14:52, true
9DDDD405-82E4-4C56-A6A6-E2B51ACAB5CF, 2021-03-31T23:15:56, true
9DDDD405-82E4-4C56-A6A6-E2B51ACAB5CF, 2021-03-31T23:16:59, true
9DDDD405-82E4-4C56-A6A6-E2B51ACAB5CF, 2021-03-31T23:18:00, true
9DDDD405-82E4-4C56-A6A6-E2B51ACAB5CF, 2021-03-31T23:19:03, true
9DDDD405-82E4-4C56-A6A6-E2B51ACAB5CF, 2021-03-31T23:20:05, true
9DDDD405-82E4-4C56-A6A6-E2B51ACAB5CF, 2021-03-31T23:21:07, true
9DDDD405-82E4-4C56-A6A6-E2B51ACAB5CF, 2021-03-31T23:22:08, true
9DDDD405-82E4-4C56-A6A6-E2B51ACAB5CF, 2021-03-31T23:23:09, true
9DDDD405-82E4-4C56-A6A6-E2B51ACAB5CF, 2021-03-31T23:24:09, true
9DDDD405-82E4-4C56-A6A6-E2B51ACAB5CF, 2021-03-31T23:25:14, true
9DDDD405-82E4-4C56-A6A6-E2B51ACAB5CF, 2021-03-31T23:26:15, true
9DDDD405-82E4-4C56-A6A6-E2B51ACAB5CF, 2021-03-31T23:27:16, true
9DDDD405-82E4-4C56-A6A6-E2B51ACAB5CF, 2021-03-31T23:28:19, true
9DDDD405-82E4-4C56-A6A6-E2B51ACAB5CF, 2021-03-31T23:29:21, true
9DDDD405-82E4-4C56-A6A6-E2B51ACAB5CF, 2021-03-31T23:30:25, true
9DDDD405-82E4-4C56-A6A6-E2B51ACAB5CF, 2021-03-31T23:31:25, true
9DDDD405-82E4-4C56-A6A6-E2B51ACAB5CF, 2021-03-31T23:32:26, true
9DDDD405-82E4-4C56-A6A6-E2B51ACAB5CF, 2021-03-31T23:33:28, true
9DDDD405-82E4-4C56-A6A6-E2B51ACAB5CF, 2021-03-31T23:34:29, true
9DDDD405-82E4-4C56-A6A6-E2B51ACAB5CF, 2021-03-31T23:35:33, true
9DDDD405-82E4-4C56-A6A6-E2B51ACAB5CF, 2021-03-31T23:36:37, true
9DDDD405-82E4-4C56-A6A6-E2B51ACAB5CF, 2021-03-31T23:37:41, true
9DDDD405-82E4-4C56-A6A6-E2B51ACAB5CF, 2021-03-31T23:38:42, true
9DDDD405-82E4-4C56-A6A6-E2B51ACAB5CF, 2021-03-31T23:39:47, true
9DDDD405-82E4-4C56-A6A6-E2B51ACAB5CF, 2021-03-31T23:40:50, true
9DDDD405-82E4-4C56-A6A6-E2B51ACAB5CF, 2021-03-31T23:41:51, true
9DDDD405-82E4-4C56-A6A6-E2B51ACAB5CF, 2021-03-31T23:42:52, true
9DDDD405-82E4-4C56-A6A6-E2B51ACAB5CF, 2021-03-31T23:43:54, true
9DDDD405-82E4-4C56-A6A6-E2B51ACAB5CF, 2021-03-31T23:44:57, true
9DDDD405-82E4-4C56-A6A6-E2B51ACAB5CF, 2021-03-31T23:45:57, true
9DDDD405-82E4-4C56-A6A6-E2B51ACAB5CF, 2021-03-31T23:46:58, true
9DDDD405-82E4-4C56-A6A6-E2B51ACAB5CF, 2021-03-31T23:48:00, true
9DDDD405-82E4-4C56-A6A6-E2B51ACAB5CF, 2021-03-31T23:49:01, true
9DDDD405-82E4-4C56-A6A6-E2B51ACAB5CF, 2021-03-31T23:50:03, true
9DDDD405-82E4-4C56-A6A6-E2B51ACAB5CF, 2021-03-31T23:51:03, true
9DDDD405-82E4-4C56-A6A6-E2B51ACAB5CF, 2021-03-31T23:52:06, true
9DDDD405-82E4-4C56-A6A6-E2B51ACAB5CF, 2021-03-31T23:53:08, true
9DDDD405-82E4-4C56-A6A6-E2B51ACAB5CF, 2021-03-31T23:54:12, true
9DDDD405-82E4-4C56-A6A6-E2B51ACAB5CF, 2021-03-31T23:55:13, true
9DDDD405-82E4-4C56-A6A6-E2B51ACAB5CF, 2021-03-31T23:56:16, true
9DDDD405-82E4-4C56-A6A6-E2B51ACAB5CF, 2021-03-31T23:57:17, true
9DDDD405-82E4-4C56-A6A6-E2B51ACAB5CF, 2021-03-31T23:58:23, true
9DDDD405-82E4-4C56-A6A6-E2B51ACAB5CF, 2021-03-31T23:59:25, true
9DDDD405-82E4-4C56-A6A6-E2B51ACAB5CF, 2021-04-01T00:00:28, true
9DDDD405-82E4-4C56-A6A6-E2B51ACAB5CF, 2021-04-01T00:01:31, true
9DDDD405-82E4-4C56-A6A6-E2B51ACAB5CF, 2021-04-01T00:02:34, true
9DDDD405-82E4-4C56-A6A6-E2B51ACAB5CF, 2021-04-01T00:03:34, true
9DDDD405-82E4-4C56-A6A6-E2B51ACAB5CF, 2021-04-01T00:04:35, true
9DDDD405-82E4-4C56-A6A6-E2B51ACAB5CF, 2021-04-01T00:05:42, true
9DDDD405-82E4-4C56-A6A6-E2B51ACAB5CF, 2021-04-01T00:06:44, true
9DDDD405-82E4-4C56-A6A6-E2B51ACAB5CF, 2021-04-01T00:07:46, true
9DDDD405-82E4-4C56-A6A6-E2B51ACAB5CF, 2021-04-01T00:08:49, true
9DDDD405-82E4-4C56-A6A6-E2B51ACAB5CF, 2021-04-01T00:09:50, true
9DDDD405-82E4-4C56-A6A6-E2B51ACAB5CF, 2021-04-01T00:10:53, true
9DDDD405-82E4-4C56-A6A6-E2B51ACAB5CF, 2021-04-01T00:11:56, true
9DDDD405-82E4-4C56-A6A6-E2B51ACAB5CF, 2021-04-01T00:12:59, true
9DDDD405-82E4-4C56-A6A6-E2B51ACAB5CF, 2021-04-01T00:14:01, true
9DDDD405-82E4-4C56-A6A6-E2B51ACAB5CF, 2021-04-01T00:15:03, true
9DDDD405-82E4-4C56-A6A6-E2B51ACAB5CF, 2021-04-01T00:16:05, true
9DDDD405-82E4-4C56-A6A6-E2B51ACAB5CF, 2021-04-01T00:17:15, true
9DDDD405-82E4-4C56-A6A6-E2B51ACAB5CF, 2021-04-01T00:18:17, true
9DDDD405-82E4-4C56-A6A6-E2B51ACAB5CF, 2021-04-01T00:19:17, true
9DDDD405-82E4-4C56-A6A6-E2B51ACAB5CF, 2021-04-01T00:20:23, true
9DDDD405-82E4-4C56-A6A6-E2B51ACAB5CF, 2021-04-01T00:21:24, true
9DDDD405-82E4-4C56-A6A6-E2B51ACAB5CF, 2021-04-01T00:22:25, true
9DDDD405-82E4-4C56-A6A6-E2B51ACAB5CF, 2021-04-01T00:23:28, true
9DDDD405-82E4-4C56-A6A6-E2B51ACAB5CF, 2021-04-01T00:24:31, true
9DDDD405-82E4-4C56-A6A6-E2B51ACAB5CF, 2021-04-01T00:25:32, true
9DDDD405-82E4-4C56-A6A6-E2B51ACAB5CF, 2021-04-01T00:26:33, true
9DDDD405-82E4-4C56-A6A6-E2B51ACAB5CF, 2021-04-01T00:27:33, true
9DDDD405-82E4-4C56-A6A6-E2B51ACAB5CF, 2021-04-01T00:28:36, true
9DDDD405-82E4-4C56-A6A6-E2B51ACAB5CF, 2021-04-01T00:29:39, true
9DDDD405-82E4-4C56-A6A6-E2B51ACAB5CF, 2021-04-01T00:30:42, true
9DDDD405-82E4-4C56-A6A6-E2B51ACAB5CF, 2021-04-01T00:31:50, true
9DDDD405-82E4-4C56-A6A6-E2B51ACAB5CF, 2021-04-01T00:32:54, true
9DDDD405-82E4-4C56-A6A6-E2B51ACAB5CF, 2021-04-01T00:33:56, true
9DDDD405-82E4-4C56-A6A6-E2B51ACAB5CF, 2021-04-01T00:34:57, true
9DDDD405-82E4-4C56-A6A6-E2B51ACAB5CF, 2021-04-01T00:35:59, true
9DDDD405-82E4-4C56-A6A6-E2B51ACAB5CF, 2021-04-01T00:37:01, true
9DDDD405-82E4-4C56-A6A6-E2B51ACAB5CF, 2021-04-01T00:38:04, true
9DDDD405-82E4-4C56-A6A6-E2B51ACAB5CF, 2021-04-01T00:39:08, true
9DDDD405-82E4-4C56-A6A6-E2B51ACAB5CF, 2021-04-01T00:40:10, true
9DDDD405-82E4-4C56-A6A6-E2B51ACAB5CF, 2021-04-01T00:41:11, true
9DDDD405-82E4-4C56-A6A6-E2B51ACAB5CF, 2021-04-01T00:42:24, true
9DDDD405-82E4-4C56-A6A6-E2B51ACAB5CF, 2021-04-01T00:43:29, true
9DDDD405-82E4-4C56-A6A6-E2B51ACAB5CF, 2021-04-01T00:44:30, true
9DDDD405-82E4-4C56-A6A6-E2B51ACAB5CF, 2021-04-01T00:45:30, true
9DDDD405-82E4-4C56-A6A6-E2B51ACAB5CF, 2021-04-01T00:46:35, true
9DDDD405-82E4-4C56-A6A6-E2B51ACAB5CF, 2021-04-01T00:47:36, true
9DDDD405-82E4-4C56-A6A6-E2B51ACAB5CF, 2021-04-01T00:48:36, true
9DDDD405-82E4-4C56-A6A6-E2B51ACAB5CF, 2021-04-01T00:49:38, true
9DDDD405-82E4-4C56-A6A6-E2B51ACAB5CF, 2021-04-01T00:50:39, true
9DDDD405-82E4-4C56-A6A6-E2B51ACAB5CF, 2021-04-01T00:51:40, true
9DDDD405-82E4-4C56-A6A6-E2B51ACAB5CF, 2021-04-01T00:52:44, true
9DDDD405-82E4-4C56-A6A6-E2B51ACAB5CF, 2021-04-01T00:53:51, true
9DDDD405-82E4-4C56-A6A6-E2B51ACAB5CF, 2021-04-01T00:55:19, true
9DDDD405-82E4-4C56-A6A6-E2B51ACAB5CF, 2021-04-01T00:56:20, true
9DDDD405-82E4-4C56-A6A6-E2B51ACAB5CF, 2021-04-01T00:57:21, true
9DDDD405-82E4-4C56-A6A6-E2B51ACAB5CF, 2021-04-01T00:58:25, true
9DDDD405-82E4-4C56-A6A6-E2B51ACAB5CF, 2021-04-01T00:59:28, true
9DDDD405-82E4-4C56-A6A6-E2B51ACAB5CF, 2021-04-01T01:00:28, true
9DDDD405-82E4-4C56-A6A6-E2B51ACAB5CF, 2021-04-01T01:01:32, true
9DDDD405-82E4-4C56-A6A6-E2B51ACAB5CF, 2021-04-01T01:02:35, true
9DDDD405-82E4-4C56-A6A6-E2B51ACAB5CF, 2021-04-01T01:03:37, true
9DDDD405-82E4-4C56-A6A6-E2B51ACAB5CF, 2021-04-01T01:04:38, true
9DDDD405-82E4-4C56-A6A6-E2B51ACAB5CF, 2021-04-01T01:05:39, true
9DDDD405-82E4-4C56-A6A6-E2B51ACAB5CF, 2021-04-01T01:06:42, true
9DDDD405-82E4-4C56-A6A6-E2B51ACAB5CF, 2021-04-01T01:07:44, true
9DDDD405-82E4-4C56-A6A6-E2B51ACAB5CF, 2021-04-01T01:08:44, true
9DDDD405-82E4-4C56-A6A6-E2B51ACAB5CF, 2021-04-01T01:09:44, true
9DDDD405-82E4-4C56-A6A6-E2B51ACAB5CF, 2021-04-01T01:10:47, true
9DDDD405-82E4-4C56-A6A6-E2B51ACAB5CF, 2021-04-01T01:11:48, true
9DDDD405-82E4-4C56-A6A6-E2B51ACAB5CF, 2021-04-01T01:12:52, true
9DDDD405-82E4-4C56-A6A6-E2B51ACAB5CF, 2021-04-01T01:13:56, true
9DDDD405-82E4-4C56-A6A6-E2B51ACAB5CF, 2021-04-01T01:15:08, true
9DDDD405-82E4-4C56-A6A6-E2B51ACAB5CF, 2021-04-01T01:16:10, true
9DDDD405-82E4-4C56-A6A6-E2B51ACAB5CF, 2021-04-01T01:17:12, true
9DDDD405-82E4-4C56-A6A6-E2B51ACAB5CF, 2021-04-01T01:18:13, true
9DDDD405-82E4-4C56-A6A6-E2B51ACAB5CF, 2021-04-01T01:19:15, true
9DDDD405-82E4-4C56-A6A6-E2B51ACAB5CF, 2021-04-01T01:20:15, true
9DDDD405-82E4-4C56-A6A6-E2B51ACAB5CF, 2021-04-01T01:21:16, true
9DDDD405-82E4-4C56-A6A6-E2B51ACAB5CF, 2021-04-01T01:22:16, true
9DDDD405-82E4-4C56-A6A6-E2B51ACAB5CF, 2021-04-01T01:23:17, true
9DDDD405-82E4-4C56-A6A6-E2B51ACAB5CF, 2021-04-01T01:24:17, true
9DDDD405-82E4-4C56-A6A6-E2B51ACAB5CF, 2021-04-01T01:25:22, true
9DDDD405-82E4-4C56-A6A6-E2B51ACAB5CF, 2021-04-01T01:26:23, true
9DDDD405-82E4-4C56-A6A6-E2B51ACAB5CF, 2021-04-01T01:27:24, true
9DDDD405-82E4-4C56-A6A6-E2B51ACAB5CF, 2021-04-01T01:28:27, true
9DDDD405-82E4-4C56-A6A6-E2B51ACAB5CF, 2021-04-01T01:29:29, true
9DDDD405-82E4-4C56-A6A6-E2B51ACAB5CF, 2021-04-01T01:30:32, true
9DDDD405-82E4-4C56-A6A6-E2B51ACAB5CF, 2021-04-01T01:31:34, true
9DDDD405-82E4-4C56-A6A6-E2B51ACAB5CF, 2021-04-01T01:32:35, true
9DDDD405-82E4-4C56-A6A6-E2B51ACAB5CF, 2021-04-01T01:33:36, true
9DDDD405-82E4-4C56-A6A6-E2B51ACAB5CF, 2021-04-01T01:34:38, true
9DDDD405-82E4-4C56-A6A6-E2B51ACAB5CF, 2021-04-01T01:35:38, true
9DDDD405-82E4-4C56-A6A6-E2B51ACAB5CF, 2021-04-01T01:36:38, true
9DDDD405-82E4-4C56-A6A6-E2B51ACAB5CF, 2021-04-01T01:37:49, true
9DDDD405-82E4-4C56-A6A6-E2B51ACAB5CF, 2021-04-01T01:38:53, true
9DDDD405-82E4-4C56-A6A6-E2B51ACAB5CF, 2021-04-01T01:39:56, true
9DDDD405-82E4-4C56-A6A6-E2B51ACAB5CF, 2021-04-01T01:40:59, true
9DDDD405-82E4-4C56-A6A6-E2B51ACAB5CF, 2021-04-01T01:42:00, true
9DDDD405-82E4-4C56-A6A6-E2B51ACAB5CF, 2021-04-01T01:43:01, true
9DDDD405-82E4-4C56-A6A6-E2B51ACAB5CF, 2021-04-01T01:44:02, true
9DDDD405-82E4-4C56-A6A6-E2B51ACAB5CF, 2021-04-01T01:45:04, true
9DDDD405-82E4-4C56-A6A6-E2B51ACAB5CF, 2021-04-01T01:46:05, true
9DDDD405-82E4-4C56-A6A6-E2B51ACAB5CF, 2021-04-01T01:47:08, true
9DDDD405-82E4-4C56-A6A6-E2B51ACAB5CF, 2021-04-01T01:48:10, true
9DDDD405-82E4-4C56-A6A6-E2B51ACAB5CF, 2021-04-01T01:49:11, true
9DDDD405-82E4-4C56-A6A6-E2B51ACAB5CF, 2021-04-01T01:50:12, true
9DDDD405-82E4-4C56-A6A6-E2B51ACAB5CF, 2021-04-01T01:51:12, true
9DDDD405-82E4-4C56-A6A6-E2B51ACAB5CF, 2021-04-01T01:52:13, true
9DDDD405-82E4-4C56-A6A6-E2B51ACAB5CF, 2021-04-01T01:53:34, true
9DDDD405-82E4-4C56-A6A6-E2B51ACAB5CF, 2021-04-01T01:54:35, true
9DDDD405-82E4-4C56-A6A6-E2B51ACAB5CF, 2021-04-01T01:55:38, true
9DDDD405-82E4-4C56-A6A6-E2B51ACAB5CF, 2021-04-01T01:56:40, true
9DDDD405-82E4-4C56-A6A6-E2B51ACAB5CF, 2021-04-01T01:57:42, true
9DDDD405-82E4-4C56-A6A6-E2B51ACAB5CF, 2021-04-01T01:58:57, true
9DDDD405-82E4-4C56-A6A6-E2B51ACAB5CF, 2021-04-01T02:00:02, true
9DDDD405-82E4-4C56-A6A6-E2B51ACAB5CF, 2021-04-01T02:01:04, true
9DDDD405-82E4-4C56-A6A6-E2B51ACAB5CF, 2021-04-01T02:02:10, true
9DDDD405-82E4-4C56-A6A6-E2B51ACAB5CF, 2021-04-01T02:03:13, true
9DDDD405-82E4-4C56-A6A6-E2B51ACAB5CF, 2021-04-01T02:04:18, true
9DDDD405-82E4-4C56-A6A6-E2B51ACAB5CF, 2021-04-01T02:05:20, true
9DDDD405-82E4-4C56-A6A6-E2B51ACAB5CF, 2021-04-01T02:06:22, true
9DDDD405-82E4-4C56-A6A6-E2B51ACAB5CF, 2021-04-01T02:07:24, true
9DDDD405-82E4-4C56-A6A6-E2B51ACAB5CF, 2021-04-01T02:08:29, true
9DDDD405-82E4-4C56-A6A6-E2B51ACAB5CF, 2021-04-01T02:09:30, true
9DDDD405-82E4-4C56-A6A6-E2B51ACAB5CF, 2021-04-01T02:10:34, true
9DDDD405-82E4-4C56-A6A6-E2B51ACAB5CF, 2021-04-01T02:11:36, true
9DDDD405-82E4-4C56-A6A6-E2B51ACAB5CF, 2021-04-01T02:12:39, true
9DDDD405-82E4-4C56-A6A6-E2B51ACAB5CF, 2021-04-01T02:13:39, true
9DDDD405-82E4-4C56-A6A6-E2B51ACAB5CF, 2021-04-01T02:14:40, true
9DDDD405-82E4-4C56-A6A6-E2B51ACAB5CF, 2021-04-01T02:15:42, true
9DDDD405-82E4-4C56-A6A6-E2B51ACAB5CF, 2021-04-01T02:16:44, true
9DDDD405-82E4-4C56-A6A6-E2B51ACAB5CF, 2021-04-01T02:17:44, true
9DDDD405-82E4-4C56-A6A6-E2B51ACAB5CF, 2021-04-01T02:18:45, true
9DDDD405-82E4-4C56-A6A6-E2B51ACAB5CF, 2021-04-01T02:19:45, true
9DDDD405-82E4-4C56-A6A6-E2B51ACAB5CF, 2021-04-01T02:20:47, true
9DDDD405-82E4-4C56-A6A6-E2B51ACAB5CF, 2021-04-01T02:21:55, true
9DDDD405-82E4-4C56-A6A6-E2B51ACAB5CF, 2021-04-01T02:22:58, true
9DDDD405-82E4-4C56-A6A6-E2B51ACAB5CF, 2021-04-01T02:24:02, true
9DDDD405-82E4-4C56-A6A6-E2B51ACAB5CF, 2021-04-01T02:25:03, true
9DDDD405-82E4-4C56-A6A6-E2B51ACAB5CF, 2021-04-01T02:26:04, true
9DDDD405-82E4-4C56-A6A6-E2B51ACAB5CF, 2021-04-01T02:27:05, true
9DDDD405-82E4-4C56-A6A6-E2B51ACAB5CF, 2021-04-01T02:28:08, true
9DDDD405-82E4-4C56-A6A6-E2B51ACAB5CF, 2021-04-01T02:29:10, true
9DDDD405-82E4-4C56-A6A6-E2B51ACAB5CF, 2021-04-01T02:30:16, true
9DDDD405-82E4-4C56-A6A6-E2B51ACAB5CF, 2021-04-01T02:31:16, true
9DDDD405-82E4-4C56-A6A6-E2B51ACAB5CF, 2021-04-01T02:32:17, true
9DDDD405-82E4-4C56-A6A6-E2B51ACAB5CF, 2021-04-01T02:33:20, true
9DDDD405-82E4-4C56-A6A6-E2B51ACAB5CF, 2021-04-01T02:34:20, true
9DDDD405-82E4-4C56-A6A6-E2B51ACAB5CF, 2021-04-01T02:35:22, true
9DDDD405-82E4-4C56-A6A6-E2B51ACAB5CF, 2021-04-01T02:36:24, true
9DDDD405-82E4-4C56-A6A6-E2B51ACAB5CF, 2021-04-01T02:37:25, true
9DDDD405-82E4-4C56-A6A6-E2B51ACAB5CF, 2021-04-01T02:38:25, true
9DDDD405-82E4-4C56-A6A6-E2B51ACAB5CF, 2021-04-01T02:39:26, true
9DDDD405-82E4-4C56-A6A6-E2B51ACAB5CF, 2021-04-01T02:40:27, true
9DDDD405-82E4-4C56-A6A6-E2B51ACAB5CF, 2021-04-01T02:41:29, true
9DDDD405-82E4-4C56-A6A6-E2B51ACAB5CF, 2021-04-01T02:42:30, true
9DDDD405-82E4-4C56-A6A6-E2B51ACAB5CF, 2021-04-01T02:43:37, true
9DDDD405-82E4-4C56-A6A6-E2B51ACAB5CF, 2021-04-01T02:44:40, true
9DDDD405-82E4-4C56-A6A6-E2B51ACAB5CF, 2021-04-01T02:45:45, true
9DDDD405-82E4-4C56-A6A6-E2B51ACAB5CF, 2021-04-01T02:46:47, true
9DDDD405-82E4-4C56-A6A6-E2B51ACAB5CF, 2021-04-01T02:47:47, true
9DDDD405-82E4-4C56-A6A6-E2B51ACAB5CF, 2021-04-01T02:48:49, true
9DDDD405-82E4-4C56-A6A6-E2B51ACAB5CF, 2021-04-01T02:49:51, true
9DDDD405-82E4-4C56-A6A6-E2B51ACAB5CF, 2021-04-01T02:50:52, true
9DDDD405-82E4-4C56-A6A6-E2B51ACAB5CF, 2021-04-01T02:51:55, true
9DDDD405-82E4-4C56-A6A6-E2B51ACAB5CF, 2021-04-01T02:52:57, true
9DDDD405-82E4-4C56-A6A6-E2B51ACAB5CF, 2021-04-01T02:53:57, true
9DDDD405-82E4-4C56-A6A6-E2B51ACAB5CF, 2021-04-01T02:55:01, true
9DDDD405-82E4-4C56-A6A6-E2B51ACAB5CF, 2021-04-01T02:56:02, true
9DDDD405-82E4-4C56-A6A6-E2B51ACAB5CF, 2021-04-01T02:57:04, true
9DDDD405-82E4-4C56-A6A6-E2B51ACAB5CF, 2021-04-01T02:58:07, true
9DDDD405-82E4-4C56-A6A6-E2B51ACAB5CF, 2021-04-01T02:59:10, true
9DDDD405-82E4-4C56-A6A6-E2B51ACAB5CF, 2021-04-01T03:00:11, true
9DDDD405-82E4-4C56-A6A6-E2B51ACAB5CF, 2021-04-01T03:01:14, true
9DDDD405-82E4-4C56-A6A6-E2B51ACAB5CF, 2021-04-01T03:02:14, true
9DDDD405-82E4-4C56-A6A6-E2B51ACAB5CF, 2021-04-01T03:03:18, true
9DDDD405-82E4-4C56-A6A6-E2B51ACAB5CF, 2021-04-01T03:04:19, true
9DDDD405-82E4-4C56-A6A6-E2B51ACAB5CF, 2021-04-01T03:05:23, true
9DDDD405-82E4-4C56-A6A6-E2B51ACAB5CF, 2021-04-01T03:06:24, true
9DDDD405-82E4-4C56-A6A6-E2B51ACAB5CF, 2021-04-01T03:07:25, true
9DDDD405-82E4-4C56-A6A6-E2B51ACAB5CF, 2021-04-01T03:08:27, true
9DDDD405-82E4-4C56-A6A6-E2B51ACAB5CF, 2021-04-01T03:09:31, true
9DDDD405-82E4-4C56-A6A6-E2B51ACAB5CF, 2021-04-01T03:10:35, true
9DDDD405-82E4-4C56-A6A6-E2B51ACAB5CF, 2021-04-01T03:11:37, true
9DDDD405-82E4-4C56-A6A6-E2B51ACAB5CF, 2021-04-01T03:12:40, true
9DDDD405-82E4-4C56-A6A6-E2B51ACAB5CF, 2021-04-01T03:14:04, true
9DDDD405-82E4-4C56-A6A6-E2B51ACAB5CF, 2021-04-01T03:15:07, true
9DDDD405-82E4-4C56-A6A6-E2B51ACAB5CF, 2021-04-01T03:16:13, true
9DDDD405-82E4-4C56-A6A6-E2B51ACAB5CF, 2021-04-01T03:17:14, true
9DDDD405-82E4-4C56-A6A6-E2B51ACAB5CF, 2021-04-01T03:18:17, true
9DDDD405-82E4-4C56-A6A6-E2B51ACAB5CF, 2021-04-01T03:19:18, true
9DDDD405-82E4-4C56-A6A6-E2B51ACAB5CF, 2021-04-01T03:20:19, true
9DDDD405-82E4-4C56-A6A6-E2B51ACAB5CF, 2021-04-01T03:21:23, true
9DDDD405-82E4-4C56-A6A6-E2B51ACAB5CF, 2021-04-01T03:22:25, true
9DDDD405-82E4-4C56-A6A6-E2B51ACAB5CF, 2021-04-01T03:23:29, true
9DDDD405-82E4-4C56-A6A6-E2B51ACAB5CF, 2021-04-01T03:24:31, true
9DDDD405-82E4-4C56-A6A6-E2B51ACAB5CF, 2021-04-01T03:25:34, true
9DDDD405-82E4-4C56-A6A6-E2B51ACAB5CF, 2021-04-01T03:26:37, true
9DDDD405-82E4-4C56-A6A6-E2B51ACAB5CF, 2021-04-01T03:27:42, true
9DDDD405-82E4-4C56-A6A6-E2B51ACAB5CF, 2021-04-01T03:28:42, true
9DDDD405-82E4-4C56-A6A6-E2B51ACAB5CF, 2021-04-01T03:29:44, true
9DDDD405-82E4-4C56-A6A6-E2B51ACAB5CF, 2021-04-01T03:30:46, true
9DDDD405-82E4-4C56-A6A6-E2B51ACAB5CF, 2021-04-01T03:31:49, true
9DDDD405-82E4-4C56-A6A6-E2B51ACAB5CF, 2021-04-01T03:32:51, true
9DDDD405-82E4-4C56-A6A6-E2B51ACAB5CF, 2021-04-01T03:33:54, true
9DDDD405-82E4-4C56-A6A6-E2B51ACAB5CF, 2021-04-01T03:34:56, true
9DDDD405-82E4-4C56-A6A6-E2B51ACAB5CF, 2021-04-01T03:35:59, true
9DDDD405-82E4-4C56-A6A6-E2B51ACAB5CF, 2021-04-01T03:37:01, true
9DDDD405-82E4-4C56-A6A6-E2B51ACAB5CF, 2021-04-01T03:38:11, true
9DDDD405-82E4-4C56-A6A6-E2B51ACAB5CF, 2021-04-01T03:39:13, true
9DDDD405-82E4-4C56-A6A6-E2B51ACAB5CF, 2021-04-01T03:40:15, true
9DDDD405-82E4-4C56-A6A6-E2B51ACAB5CF, 2021-04-01T03:41:17, true
9DDDD405-82E4-4C56-A6A6-E2B51ACAB5CF, 2021-04-01T03:42:19, true
9DDDD405-82E4-4C56-A6A6-E2B51ACAB5CF, 2021-04-01T03:43:29, true
9DDDD405-82E4-4C56-A6A6-E2B51ACAB5CF, 2021-04-01T03:44:31, true
9DDDD405-82E4-4C56-A6A6-E2B51ACAB5CF, 2021-04-01T03:45:34, true
9DDDD405-82E4-4C56-A6A6-E2B51ACAB5CF, 2021-04-01T03:46:38, true
9DDDD405-82E4-4C56-A6A6-E2B51ACAB5CF, 2021-04-01T03:47:43, true
9DDDD405-82E4-4C56-A6A6-E2B51ACAB5CF, 2021-04-01T03:48:43, true
9DDDD405-82E4-4C56-A6A6-E2B51ACAB5CF, 2021-04-01T03:49:56, true
9DDDD405-82E4-4C56-A6A6-E2B51ACAB5CF, 2021-04-01T03:51:14, true
9DDDD405-82E4-4C56-A6A6-E2B51ACAB5CF, 2021-04-01T03:52:14, true
9DDDD405-82E4-4C56-A6A6-E2B51ACAB5CF, 2021-04-01T03:53:19, true
9DDDD405-82E4-4C56-A6A6-E2B51ACAB5CF, 2021-04-01T03:54:19, true
9DDDD405-82E4-4C56-A6A6-E2B51ACAB5CF, 2021-04-01T03:55:20, true
9DDDD405-82E4-4C56-A6A6-E2B51ACAB5CF, 2021-04-01T03:56:21, true
9DDDD405-82E4-4C56-A6A6-E2B51ACAB5CF, 2021-04-01T03:57:23, true
9DDDD405-82E4-4C56-A6A6-E2B51ACAB5CF, 2021-04-01T03:58:24, true
9DDDD405-82E4-4C56-A6A6-E2B51ACAB5CF, 2021-04-01T03:59:41, true
9DDDD405-82E4-4C56-A6A6-E2B51ACAB5CF, 2021-04-01T04:00:41, true
9DDDD405-82E4-4C56-A6A6-E2B51ACAB5CF, 2021-04-01T04:01:42, true
9DDDD405-82E4-4C56-A6A6-E2B51ACAB5CF, 2021-04-01T04:02:44, true
9DDDD405-82E4-4C56-A6A6-E2B51ACAB5CF, 2021-04-01T04:03:46, true
9DDDD405-82E4-4C56-A6A6-E2B51ACAB5CF, 2021-04-01T04:04:47, true
9DDDD405-82E4-4C56-A6A6-E2B51ACAB5CF, 2021-04-01T04:05:50, true
9DDDD405-82E4-4C56-A6A6-E2B51ACAB5CF, 2021-04-01T04:06:50, true
9DDDD405-82E4-4C56-A6A6-E2B51ACAB5CF, 2021-04-01T04:07:54, true
9DDDD405-82E4-4C56-A6A6-E2B51ACAB5CF, 2021-04-01T04:08:54, true
9DDDD405-82E4-4C56-A6A6-E2B51ACAB5CF, 2021-04-01T04:09:58, true
9DDDD405-82E4-4C56-A6A6-E2B51ACAB5CF, 2021-04-01T04:11:08, true
9DDDD405-82E4-4C56-A6A6-E2B51ACAB5CF, 2021-04-01T04:12:09, true
9DDDD405-82E4-4C56-A6A6-E2B51ACAB5CF, 2021-04-01T04:13:12, true
9DDDD405-82E4-4C56-A6A6-E2B51ACAB5CF, 2021-04-01T04:14:15, true
9DDDD405-82E4-4C56-A6A6-E2B51ACAB5CF, 2021-04-01T04:15:17, true
9DDDD405-82E4-4C56-A6A6-E2B51ACAB5CF, 2021-04-01T04:16:20, true
9DDDD405-82E4-4C56-A6A6-E2B51ACAB5CF, 2021-04-01T04:17:20, true
9DDDD405-82E4-4C56-A6A6-E2B51ACAB5CF, 2021-04-01T04:18:23, true
9DDDD405-82E4-4C56-A6A6-E2B51ACAB5CF, 2021-04-01T04:19:27, true
9DDDD405-82E4-4C56-A6A6-E2B51ACAB5CF, 2021-04-01T04:20:28, true
9DDDD405-82E4-4C56-A6A6-E2B51ACAB5CF, 2021-04-01T04:21:29, true
9DDDD405-82E4-4C56-A6A6-E2B51ACAB5CF, 2021-04-01T04:22:38, true
9DDDD405-82E4-4C56-A6A6-E2B51ACAB5CF, 2021-04-01T04:23:42, true
9DDDD405-82E4-4C56-A6A6-E2B51ACAB5CF, 2021-04-01T04:24:44, true
9DDDD405-82E4-4C56-A6A6-E2B51ACAB5CF, 2021-04-01T04:25:45, true
9DDDD405-82E4-4C56-A6A6-E2B51ACAB5CF, 2021-04-01T04:26:48, true
9DDDD405-82E4-4C56-A6A6-E2B51ACAB5CF, 2021-04-01T04:27:48, true
9DDDD405-82E4-4C56-A6A6-E2B51ACAB5CF, 2021-04-01T04:28:49, true
9DDDD405-82E4-4C56-A6A6-E2B51ACAB5CF, 2021-04-01T04:29:50, true
9DDDD405-82E4-4C56-A6A6-E2B51ACAB5CF, 2021-04-01T04:30:55, true
9DDDD405-82E4-4C56-A6A6-E2B51ACAB5CF, 2021-04-01T04:31:57, true
9DDDD405-82E4-4C56-A6A6-E2B51ACAB5CF, 2021-04-01T04:33:09, true
9DDDD405-82E4-4C56-A6A6-E2B51ACAB5CF, 2021-04-01T04:34:16, true
9DDDD405-82E4-4C56-A6A6-E2B51ACAB5CF, 2021-04-01T04:35:18, true
9DDDD405-82E4-4C56-A6A6-E2B51ACAB5CF, 2021-04-01T04:36:19, true
9DDDD405-82E4-4C56-A6A6-E2B51ACAB5CF, 2021-04-01T04:37:22, true
9DDDD405-82E4-4C56-A6A6-E2B51ACAB5CF, 2021-04-01T04:38:26, true
9DDDD405-82E4-4C56-A6A6-E2B51ACAB5CF, 2021-04-01T04:39:31, true
9DDDD405-82E4-4C56-A6A6-E2B51ACAB5CF, 2021-04-01T04:40:31, true
9DDDD405-82E4-4C56-A6A6-E2B51ACAB5CF, 2021-04-01T04:41:34, true
9DDDD405-82E4-4C56-A6A6-E2B51ACAB5CF, 2021-04-01T04:42:36, true
9DDDD405-82E4-4C56-A6A6-E2B51ACAB5CF, 2021-04-01T04:43:37, true
9DDDD405-82E4-4C56-A6A6-E2B51ACAB5CF, 2021-04-01T04:44:49, true
9DDDD405-82E4-4C56-A6A6-E2B51ACAB5CF, 2021-04-01T04:45:55, true
9DDDD405-82E4-4C56-A6A6-E2B51ACAB5CF, 2021-04-01T04:46:55, true
9DDDD405-82E4-4C56-A6A6-E2B51ACAB5CF, 2021-04-01T04:47:57, true
9DDDD405-82E4-4C56-A6A6-E2B51ACAB5CF, 2021-04-01T04:49:00, true
9DDDD405-82E4-4C56-A6A6-E2B51ACAB5CF, 2021-04-01T04:50:01, true
9DDDD405-82E4-4C56-A6A6-E2B51ACAB5CF, 2021-04-01T04:51:02, true
9DDDD405-82E4-4C56-A6A6-E2B51ACAB5CF, 2021-04-01T04:52:02, true
9DDDD405-82E4-4C56-A6A6-E2B51ACAB5CF, 2021-04-01T04:53:04, true
9DDDD405-82E4-4C56-A6A6-E2B51ACAB5CF, 2021-04-01T04:54:04, true
9DDDD405-82E4-4C56-A6A6-E2B51ACAB5CF, 2021-04-01T04:55:08, true
9DDDD405-82E4-4C56-A6A6-E2B51ACAB5CF, 2021-04-01T04:56:09, true
9DDDD405-82E4-4C56-A6A6-E2B51ACAB5CF, 2021-04-01T04:57:13, true
9DDDD405-82E4-4C56-A6A6-E2B51ACAB5CF, 2021-04-01T04:58:15, true
9DDDD405-82E4-4C56-A6A6-E2B51ACAB5CF, 2021-04-01T04:59:16, true
9DDDD405-82E4-4C56-A6A6-E2B51ACAB5CF, 2021-04-01T05:00:18, true
9DDDD405-82E4-4C56-A6A6-E2B51ACAB5CF, 2021-04-01T05:01:21, true
9DDDD405-82E4-4C56-A6A6-E2B51ACAB5CF, 2021-04-01T05:02:24, true
9DDDD405-82E4-4C56-A6A6-E2B51ACAB5CF, 2021-04-01T05:03:26, true
9DDDD405-82E4-4C56-A6A6-E2B51ACAB5CF, 2021-04-01T05:04:28, true
9DDDD405-82E4-4C56-A6A6-E2B51ACAB5CF, 2021-04-01T05:05:29, true
9DDDD405-82E4-4C56-A6A6-E2B51ACAB5CF, 2021-04-01T05:06:37, true
9DDDD405-82E4-4C56-A6A6-E2B51ACAB5CF, 2021-04-01T05:07:38, true
9DDDD405-82E4-4C56-A6A6-E2B51ACAB5CF, 2021-04-01T05:08:44, true
9DDDD405-82E4-4C56-A6A6-E2B51ACAB5CF, 2021-04-01T05:09:49, true
9DDDD405-82E4-4C56-A6A6-E2B51ACAB5CF, 2021-04-01T05:10:49, true
9DDDD405-82E4-4C56-A6A6-E2B51ACAB5CF, 2021-04-01T05:11:53, true
9DDDD405-82E4-4C56-A6A6-E2B51ACAB5CF, 2021-04-01T05:12:57, true
9DDDD405-82E4-4C56-A6A6-E2B51ACAB5CF, 2021-04-01T05:13:59, true
9DDDD405-82E4-4C56-A6A6-E2B51ACAB5CF, 2021-04-01T05:15:00, true
9DDDD405-82E4-4C56-A6A6-E2B51ACAB5CF, 2021-04-01T05:16:03, true
9DDDD405-82E4-4C56-A6A6-E2B51ACAB5CF, 2021-04-01T05:17:15, true
9DDDD405-82E4-4C56-A6A6-E2B51ACAB5CF, 2021-04-01T05:18:17, true
9DDDD405-82E4-4C56-A6A6-E2B51ACAB5CF, 2021-04-01T05:19:21, true
9DDDD405-82E4-4C56-A6A6-E2B51ACAB5CF, 2021-04-01T05:20:22, true
9DDDD405-82E4-4C56-A6A6-E2B51ACAB5CF, 2021-04-01T05:21:29, true
9DDDD405-82E4-4C56-A6A6-E2B51ACAB5CF, 2021-04-01T05:22:32, true
9DDDD405-82E4-4C56-A6A6-E2B51ACAB5CF, 2021-04-01T05:23:36, true
9DDDD405-82E4-4C56-A6A6-E2B51ACAB5CF, 2021-04-01T05:24:44, true
9DDDD405-82E4-4C56-A6A6-E2B51ACAB5CF, 2021-04-01T05:25:50, true
9DDDD405-82E4-4C56-A6A6-E2B51ACAB5CF, 2021-04-01T05:26:51, true
9DDDD405-82E4-4C56-A6A6-E2B51ACAB5CF, 2021-04-01T05:27:52, true
9DDDD405-82E4-4C56-A6A6-E2B51ACAB5CF, 2021-04-01T05:28:54, true
9DDDD405-82E4-4C56-A6A6-E2B51ACAB5CF, 2021-04-01T05:29:54, true
9DDDD405-82E4-4C56-A6A6-E2B51ACAB5CF, 2021-04-01T05:30:54, true
9DDDD405-82E4-4C56-A6A6-E2B51ACAB5CF, 2021-04-01T05:31:57, true
9DDDD405-82E4-4C56-A6A6-E2B51ACAB5CF, 2021-04-01T05:32:59, true
9DDDD405-82E4-4C56-A6A6-E2B51ACAB5CF, 2021-04-01T05:33:59, true
9DDDD405-82E4-4C56-A6A6-E2B51ACAB5CF, 2021-04-01T05:34:59, true
9DDDD405-82E4-4C56-A6A6-E2B51ACAB5CF, 2021-04-01T05:36:01, true
9DDDD405-82E4-4C56-A6A6-E2B51ACAB5CF, 2021-04-01T05:37:12, true
9DDDD405-82E4-4C56-A6A6-E2B51ACAB5CF, 2021-04-01T05:38:12, true
9DDDD405-82E4-4C56-A6A6-E2B51ACAB5CF, 2021-04-01T05:39:12, true
9DDDD405-82E4-4C56-A6A6-E2B51ACAB5CF, 2021-04-01T05:40:16, true
9DDDD405-82E4-4C56-A6A6-E2B51ACAB5CF, 2021-04-01T05:41:16, true
9DDDD405-82E4-4C56-A6A6-E2B51ACAB5CF, 2021-04-01T05:42:20, true
9DDDD405-82E4-4C56-A6A6-E2B51ACAB5CF, 2021-04-01T05:43:40, true
9DDDD405-82E4-4C56-A6A6-E2B51ACAB5CF, 2021-04-01T05:44:41, true
9DDDD405-82E4-4C56-A6A6-E2B51ACAB5CF, 2021-04-01T05:45:43, true
9DDDD405-82E4-4C56-A6A6-E2B51ACAB5CF, 2021-04-01T05:46:47, true
9DDDD405-82E4-4C56-A6A6-E2B51ACAB5CF, 2021-04-01T05:47:47, true
9DDDD405-82E4-4C56-A6A6-E2B51ACAB5CF, 2021-04-01T05:48:49, true
9DDDD405-82E4-4C56-A6A6-E2B51ACAB5CF, 2021-04-01T05:49:51, true
9DDDD405-82E4-4C56-A6A6-E2B51ACAB5CF, 2021-04-01T05:50:55, true
9DDDD405-82E4-4C56-A6A6-E2B51ACAB5CF, 2021-04-01T05:51:59, true
9DDDD405-82E4-4C56-A6A6-E2B51ACAB5CF, 2021-04-01T05:53:02, true
9DDDD405-82E4-4C56-A6A6-E2B51ACAB5CF, 2021-04-01T05:54:05, true
9DDDD405-82E4-4C56-A6A6-E2B51ACAB5CF, 2021-04-01T05:55:07, true
9DDDD405-82E4-4C56-A6A6-E2B51ACAB5CF, 2021-04-01T05:56:09, true
9DDDD405-82E4-4C56-A6A6-E2B51ACAB5CF, 2021-04-01T05:57:13, true
9DDDD405-82E4-4C56-A6A6-E2B51ACAB5CF, 2021-04-01T05:58:15, true
9DDDD405-82E4-4C56-A6A6-E2B51ACAB5CF, 2021-04-01T05:59:18, true
9DDDD405-82E4-4C56-A6A6-E2B51ACAB5CF, 2021-04-01T06:00:22, true
9DDDD405-82E4-4C56-A6A6-E2B51ACAB5CF, 2021-04-01T06:01:25, true
9DDDD405-82E4-4C56-A6A6-E2B51ACAB5CF, 2021-04-01T06:02:26, true
9DDDD405-82E4-4C56-A6A6-E2B51ACAB5CF, 2021-04-01T06:03:28, true
9DDDD405-82E4-4C56-A6A6-E2B51ACAB5CF, 2021-04-01T06:04:29, true
9DDDD405-82E4-4C56-A6A6-E2B51ACAB5CF, 2021-04-01T06:05:32, true
9DDDD405-82E4-4C56-A6A6-E2B51ACAB5CF, 2021-04-01T06:06:32, true
9DDDD405-82E4-4C56-A6A6-E2B51ACAB5CF, 2021-04-01T06:07:36, true
9DDDD405-82E4-4C56-A6A6-E2B51ACAB5CF, 2021-04-01T06:08:38, true
9DDDD405-82E4-4C56-A6A6-E2B51ACAB5CF, 2021-04-01T06:09:43, true
9DDDD405-82E4-4C56-A6A6-E2B51ACAB5CF, 2021-04-01T06:10:44, true
9DDDD405-82E4-4C56-A6A6-E2B51ACAB5CF, 2021-04-01T06:11:44, true
9DDDD405-82E4-4C56-A6A6-E2B51ACAB5CF, 2021-04-01T06:13:13, true
9DDDD405-82E4-4C56-A6A6-E2B51ACAB5CF, 2021-04-01T06:14:16, true
9DDDD405-82E4-4C56-A6A6-E2B51ACAB5CF, 2021-04-01T06:15:36, true
9DDDD405-82E4-4C56-A6A6-E2B51ACAB5CF, 2021-04-01T06:16:37, true
9DDDD405-82E4-4C56-A6A6-E2B51ACAB5CF, 2021-04-01T06:17:43, true
9DDDD405-82E4-4C56-A6A6-E2B51ACAB5CF, 2021-04-01T06:18:43, true
9DDDD405-82E4-4C56-A6A6-E2B51ACAB5CF, 2021-04-01T06:19:45, true
9DDDD405-82E4-4C56-A6A6-E2B51ACAB5CF, 2021-04-01T06:20:46, true
9DDDD405-82E4-4C56-A6A6-E2B51ACAB5CF, 2021-04-01T06:21:49, true
9DDDD405-82E4-4C56-A6A6-E2B51ACAB5CF, 2021-04-01T06:22:49, true
9DDDD405-82E4-4C56-A6A6-E2B51ACAB5CF, 2021-04-01T06:23:59, true
9DDDD405-82E4-4C56-A6A6-E2B51ACAB5CF, 2021-04-01T06:25:03, true
9DDDD405-82E4-4C56-A6A6-E2B51ACAB5CF, 2021-04-01T06:26:04, true
9DDDD405-82E4-4C56-A6A6-E2B51ACAB5CF, 2021-04-01T06:27:04, false
9DDDD405-82E4-4C56-A6A6-E2B51ACAB5CF, 2021-04-01T06:28:04, false
9DDDD405-82E4-4C56-A6A6-E2B51ACAB5CF, 2021-04-01T06:28:49, true
9DDDD405-82E4-4C56-A6A6-E2B51ACAB5CF, 2021-04-01T06:29:49, true
9DDDD405-82E4-4C56-A6A6-E2B51ACAB5CF, 2021-04-01T06:30:52, true
9DDDD405-82E4-4C56-A6A6-E2B51ACAB5CF, 2021-04-01T06:31:58, true
9DDDD405-82E4-4C56-A6A6-E2B51ACAB5CF, 2021-04-01T06:32:59, true
9DDDD405-82E4-4C56-A6A6-E2B51ACAB5CF, 2021-04-01T06:34:02, true
9DDDD405-82E4-4C56-A6A6-E2B51ACAB5CF, 2021-04-01T06:35:09, true
9DDDD405-82E4-4C56-A6A6-E2B51ACAB5CF, 2021-04-01T06:36:09, true
9DDDD405-82E4-4C56-A6A6-E2B51ACAB5CF, 2021-04-01T06:37:12, true
9DDDD405-82E4-4C56-A6A6-E2B51ACAB5CF, 2021-04-01T06:38:15, true
9DDDD405-82E4-4C56-A6A6-E2B51ACAB5CF, 2021-04-01T06:39:16, true
9DDDD405-82E4-4C56-A6A6-E2B51ACAB5CF, 2021-04-01T06:40:16, true
9DDDD405-82E4-4C56-A6A6-E2B51ACAB5CF, 2021-04-01T06:41:19, true
9DDDD405-82E4-4C56-A6A6-E2B51ACAB5CF, 2021-04-01T06:42:20, true
9DDDD405-82E4-4C56-A6A6-E2B51ACAB5CF, 2021-04-01T06:43:20, true
9DDDD405-82E4-4C56-A6A6-E2B51ACAB5CF, 2021-04-01T06:44:23, true
9DDDD405-82E4-4C56-A6A6-E2B51ACAB5CF, 2021-04-01T06:45:37, true
9DDDD405-82E4-4C56-A6A6-E2B51ACAB5CF, 2021-04-01T06:46:45, true
9DDDD405-82E4-4C56-A6A6-E2B51ACAB5CF, 2021-04-01T06:48:10, true
9DDDD405-82E4-4C56-A6A6-E2B51ACAB5CF, 2021-04-01T06:49:12, true
9DDDD405-82E4-4C56-A6A6-E2B51ACAB5CF, 2021-04-01T06:50:18, true
9DDDD405-82E4-4C56-A6A6-E2B51ACAB5CF, 2021-04-01T06:51:20, true
9DDDD405-82E4-4C56-A6A6-E2B51ACAB5CF, 2021-04-01T06:52:23, true
9DDDD405-82E4-4C56-A6A6-E2B51ACAB5CF, 2021-04-01T06:53:24, true
9DDDD405-82E4-4C56-A6A6-E2B51ACAB5CF, 2021-04-01T06:54:41, true
9DDDD405-82E4-4C56-A6A6-E2B51ACAB5CF, 2021-04-01T06:55:42, true
9DDDD405-82E4-4C56-A6A6-E2B51ACAB5CF, 2021-04-01T06:56:58, true
9DDDD405-82E4-4C56-A6A6-E2B51ACAB5CF, 2021-04-01T06:58:00, true
9DDDD405-82E4-4C56-A6A6-E2B51ACAB5CF, 2021-04-01T06:59:03, true
9DDDD405-82E4-4C56-A6A6-E2B51ACAB5CF, 2021-04-01T07:00:04, true
9DDDD405-82E4-4C56-A6A6-E2B51ACAB5CF, 2021-04-01T07:01:07, true
9DDDD405-82E4-4C56-A6A6-E2B51ACAB5CF, 2021-04-01T07:02:09, true
9DDDD405-82E4-4C56-A6A6-E2B51ACAB5CF, 2021-04-01T07:03:11, true
9DDDD405-82E4-4C56-A6A6-E2B51ACAB5CF, 2021-04-01T07:04:31, true
9DDDD405-82E4-4C56-A6A6-E2B51ACAB5CF, 2021-04-01T07:05:50, true
9DDDD405-82E4-4C56-A6A6-E2B51ACAB5CF, 2021-04-01T07:06:54, true
9DDDD405-82E4-4C56-A6A6-E2B51ACAB5CF, 2021-04-01T07:07:55, true
9DDDD405-82E4-4C56-A6A6-E2B51ACAB5CF, 2021-04-01T07:09:02, true
9DDDD405-82E4-4C56-A6A6-E2B51ACAB5CF, 2021-04-01T07:10:04, true
9DDDD405-82E4-4C56-A6A6-E2B51ACAB5CF, 2021-04-01T07:11:08, true
9DDDD405-82E4-4C56-A6A6-E2B51ACAB5CF, 2021-04-01T07:12:27, true
9DDDD405-82E4-4C56-A6A6-E2B51ACAB5CF, 2021-04-01T07:13:31, true
9DDDD405-82E4-4C56-A6A6-E2B51ACAB5CF, 2021-04-01T07:14:33, true
9DDDD405-82E4-4C56-A6A6-E2B51ACAB5CF, 2021-04-01T07:15:34, true
9DDDD405-82E4-4C56-A6A6-E2B51ACAB5CF, 2021-04-01T07:16:37, true
9DDDD405-82E4-4C56-A6A6-E2B51ACAB5CF, 2021-04-01T07:17:38, true
9DDDD405-82E4-4C56-A6A6-E2B51ACAB5CF, 2021-04-01T07:18:45, true
9DDDD405-82E4-4C56-A6A6-E2B51ACAB5CF, 2021-04-01T07:19:50, true
9DDDD405-82E4-4C56-A6A6-E2B51ACAB5CF, 2021-04-01T07:20:50, true
9DDDD405-82E4-4C56-A6A6-E2B51ACAB5CF, 2021-04-01T07:21:50, false
9DDDD405-82E4-4C56-A6A6-E2B51ACAB5CF, 2021-04-01T07:22:32, true
9DDDD405-82E4-4C56-A6A6-E2B51ACAB5CF, 2021-04-01T07:23:47, true
9DDDD405-82E4-4C56-A6A6-E2B51ACAB5CF, 2021-04-01T07:24:55, true
9DDDD405-82E4-4C56-A6A6-E2B51ACAB5CF, 2021-04-01T07:26:09, true
9DDDD405-82E4-4C56-A6A6-E2B51ACAB5CF, 2021-04-01T07:27:10, true
9DDDD405-82E4-4C56-A6A6-E2B51ACAB5CF, 2021-04-01T07:28:10, false
9DDDD405-82E4-4C56-A6A6-E2B51ACAB5CF, 2021-04-01T07:29:10, false
9DDDD405-82E4-4C56-A6A6-E2B51ACAB5CF, 2021-04-01T07:30:10, false
9DDDD405-82E4-4C56-A6A6-E2B51ACAB5CF, 2021-04-01T07:31:10, false
9DDDD405-82E4-4C56-A6A6-E2B51ACAB5CF, 2021-04-01T07:31:58, true
9DDDD405-82E4-4C56-A6A6-E2B51ACAB5CF, 2021-04-01T07:33:01, true
9DDDD405-82E4-4C56-A6A6-E2B51ACAB5CF, 2021-04-01T07:34:04, true
9DDDD405-82E4-4C56-A6A6-E2B51ACAB5CF, 2021-04-01T07:35:09, true
9DDDD405-82E4-4C56-A6A6-E2B51ACAB5CF, 2021-04-01T07:36:10, true
9DDDD405-82E4-4C56-A6A6-E2B51ACAB5CF, 2021-04-01T07:37:16, true
9DDDD405-82E4-4C56-A6A6-E2B51ACAB5CF, 2021-04-01T07:38:19, true
9DDDD405-82E4-4C56-A6A6-E2B51ACAB5CF, 2021-04-01T07:39:22, true
9DDDD405-82E4-4C56-A6A6-E2B51ACAB5CF, 2021-04-01T07:40:28, true
9DDDD405-82E4-4C56-A6A6-E2B51ACAB5CF, 2021-04-01T07:41:30, true
9DDDD405-82E4-4C56-A6A6-E2B51ACAB5CF, 2021-04-01T07:42:34, true
9DDDD405-82E4-4C56-A6A6-E2B51ACAB5CF, 2021-04-01T07:43:43, true
9DDDD405-82E4-4C56-A6A6-E2B51ACAB5CF, 2021-04-01T07:45:02, true
9DDDD405-82E4-4C56-A6A6-E2B51ACAB5CF, 2021-04-01T07:46:02, false
9DDDD405-82E4-4C56-A6A6-E2B51ACAB5CF, 2021-04-01T07:47:02, false
9DDDD405-82E4-4C56-A6A6-E2B51ACAB5CF, 2021-04-01T07:48:02, false
9DDDD405-82E4-4C56-A6A6-E2B51ACAB5CF, 2021-04-01T07:49:02, false
9DDDD405-82E4-4C56-A6A6-E2B51ACAB5CF, 2021-04-01T07:50:02, false
9DDDD405-82E4-4C56-A6A6-E2B51ACAB5CF, 2021-04-01T07:51:02, false
9DDDD405-82E4-4C56-A6A6-E2B51ACAB5CF, 2021-04-01T07:52:02, false
9DDDD405-82E4-4C56-A6A6-E2B51ACAB5CF, 2021-04-01T07:53:02, false
9DDDD405-82E4-4C56-A6A6-E2B51ACAB5CF, 2021-04-01T07:53:36, true
9DDDD405-82E4-4C56-A6A6-E2B51ACAB5CF, 2021-04-01T07:54:50, true
9DDDD405-82E4-4C56-A6A6-E2B51ACAB5CF, 2021-04-01T07:55:50, true
9DDDD405-82E4-4C56-A6A6-E2B51ACAB5CF, 2021-04-01T07:56:55, true
9DDDD405-82E4-4C56-A6A6-E2B51ACAB5CF, 2021-04-01T07:57:55, false
9DDDD405-82E4-4C56-A6A6-E2B51ACAB5CF, 2021-04-01T07:58:37, true
9DDDD405-82E4-4C56-A6A6-E2B51ACAB5CF, 2021-04-01T07:59:37, false
9DDDD405-82E4-4C56-A6A6-E2B51ACAB5CF, 2021-04-01T08:00:37, false
9DDDD405-82E4-4C56-A6A6-E2B51ACAB5CF, 2021-04-01T08:01:37, false
9DDDD405-82E4-4C56-A6A6-E2B51ACAB5CF, 2021-04-01T08:02:37, false
9DDDD405-82E4-4C56-A6A6-E2B51ACAB5CF, 2021-04-01T08:03:37, false
9DDDD405-82E4-4C56-A6A6-E2B51ACAB5CF, 2021-04-01T08:04:37, false
9DDDD405-82E4-4C56-A6A6-E2B51ACAB5CF, 2021-04-01T08:05:37, false
9DDDD405-82E4-4C56-A6A6-E2B51ACAB5CF, 2021-04-01T08:06:37, false
9DDDD405-82E4-4C56-A6A6-E2B51ACAB5CF, 2021-04-01T08:07:37, false
9DDDD405-82E4-4C56-A6A6-E2B51ACAB5CF, 2021-04-01T08:08:37, false
9DDDD405-82E4-4C56-A6A6-E2B51ACAB5CF, 2021-04-01T08:09:09, true
9DDDD405-82E4-4C56-A6A6-E2B51ACAB5CF, 2021-04-01T08:10:11, true
9DDDD405-82E4-4C56-A6A6-E2B51ACAB5CF, 2021-04-01T08:11:15, true
9DDDD405-82E4-4C56-A6A6-E2B51ACAB5CF, 2021-04-01T08:12:20, true
9DDDD405-82E4-4C56-A6A6-E2B51ACAB5CF, 2021-04-01T08:13:22, true
9DDDD405-82E4-4C56-A6A6-E2B51ACAB5CF, 2021-04-01T08:14:24, true
9DDDD405-82E4-4C56-A6A6-E2B51ACAB5CF, 2021-04-01T08:15:24, true
9DDDD405-82E4-4C56-A6A6-E2B51ACAB5CF, 2021-04-01T08:16:27, true
9DDDD405-82E4-4C56-A6A6-E2B51ACAB5CF, 2021-04-01T08:17:28, true
9DDDD405-82E4-4C56-A6A6-E2B51ACAB5CF, 2021-04-01T08:18:29, true
9DDDD405-82E4-4C56-A6A6-E2B51ACAB5CF, 2021-04-01T08:19:36, true
9DDDD405-82E4-4C56-A6A6-E2B51ACAB5CF, 2021-04-01T08:20:36, true
9DDDD405-82E4-4C56-A6A6-E2B51ACAB5CF, 2021-04-01T08:21:40, true
9DDDD405-82E4-4C56-A6A6-E2B51ACAB5CF, 2021-04-01T08:22:41, true
9DDDD405-82E4-4C56-A6A6-E2B51ACAB5CF, 2021-04-01T08:23:41, true
9DDDD405-82E4-4C56-A6A6-E2B51ACAB5CF, 2021-04-01T08:24:42, true
9DDDD405-82E4-4C56-A6A6-E2B51ACAB5CF, 2021-04-01T08:25:43, true
9DDDD405-82E4-4C56-A6A6-E2B51ACAB5CF, 2021-04-01T08:26:46, true
9DDDD405-82E4-4C56-A6A6-E2B51ACAB5CF, 2021-04-01T08:27:46, true
9DDDD405-82E4-4C56-A6A6-E2B51ACAB5CF, 2021-04-01T08:28:49, true
9DDDD405-82E4-4C56-A6A6-E2B51ACAB5CF, 2021-04-01T08:29:50, true
9DDDD405-82E4-4C56-A6A6-E2B51ACAB5CF, 2021-04-01T08:30:52, true
9DDDD405-82E4-4C56-A6A6-E2B51ACAB5CF, 2021-04-01T08:31:53, true
9DDDD405-82E4-4C56-A6A6-E2B51ACAB5CF, 2021-04-01T08:32:56, true
9DDDD405-82E4-4C56-A6A6-E2B51ACAB5CF, 2021-04-01T08:33:57, true
9DDDD405-82E4-4C56-A6A6-E2B51ACAB5CF, 2021-04-01T08:34:59, true
9DDDD405-82E4-4C56-A6A6-E2B51ACAB5CF, 2021-04-01T08:36:00, true
9DDDD405-82E4-4C56-A6A6-E2B51ACAB5CF, 2021-04-01T08:37:01, true
9DDDD405-82E4-4C56-A6A6-E2B51ACAB5CF, 2021-04-01T08:38:25, true
9DDDD405-82E4-4C56-A6A6-E2B51ACAB5CF, 2021-04-01T08:39:27, true
9DDDD405-82E4-4C56-A6A6-E2B51ACAB5CF, 2021-04-01T08:40:28, true
9DDDD405-82E4-4C56-A6A6-E2B51ACAB5CF, 2021-04-01T08:41:29, true
9DDDD405-82E4-4C56-A6A6-E2B51ACAB5CF, 2021-04-01T08:42:37, true
9DDDD405-82E4-4C56-A6A6-E2B51ACAB5CF, 2021-04-01T08:43:40, true
9DDDD405-82E4-4C56-A6A6-E2B51ACAB5CF, 2021-04-01T08:44:42, true
9DDDD405-82E4-4C56-A6A6-E2B51ACAB5CF, 2021-04-01T08:45:46, true
9DDDD405-82E4-4C56-A6A6-E2B51ACAB5CF, 2021-04-01T08:46:46, true
9DDDD405-82E4-4C56-A6A6-E2B51ACAB5CF, 2021-04-01T08:47:49, true
9DDDD405-82E4-4C56-A6A6-E2B51ACAB5CF, 2021-04-01T08:48:50, true
9DDDD405-82E4-4C56-A6A6-E2B51ACAB5CF, 2021-04-01T08:50:02, true
9DDDD405-82E4-4C56-A6A6-E2B51ACAB5CF, 2021-04-01T08:51:27, true
9DDDD405-82E4-4C56-A6A6-E2B51ACAB5CF, 2021-04-01T08:52:28, true
9DDDD405-82E4-4C56-A6A6-E2B51ACAB5CF, 2021-04-01T08:53:37, true
9DDDD405-82E4-4C56-A6A6-E2B51ACAB5CF, 2021-04-01T08:54:43, true
9DDDD405-82E4-4C56-A6A6-E2B51ACAB5CF, 2021-04-01T08:55:50, true
9DDDD405-82E4-4C56-A6A6-E2B51ACAB5CF, 2021-04-01T08:56:52, true
9DDDD405-82E4-4C56-A6A6-E2B51ACAB5CF, 2021-04-01T08:57:53, true
9DDDD405-82E4-4C56-A6A6-E2B51ACAB5CF, 2021-04-01T08:58:54, true
9DDDD405-82E4-4C56-A6A6-E2B51ACAB5CF, 2021-04-01T08:59:58, true
9DDDD405-82E4-4C56-A6A6-E2B51ACAB5CF, 2021-04-01T09:01:00, true
9DDDD405-82E4-4C56-A6A6-E2B51ACAB5CF, 2021-04-01T09:02:01, true
9DDDD405-82E4-4C56-A6A6-E2B51ACAB5CF, 2021-04-01T09:03:04, true
9DDDD405-82E4-4C56-A6A6-E2B51ACAB5CF, 2021-04-01T09:04:14, true
9DDDD405-82E4-4C56-A6A6-E2B51ACAB5CF, 2021-04-01T09:05:18, true
9DDDD405-82E4-4C56-A6A6-E2B51ACAB5CF, 2021-04-01T09:06:21, true
9DDDD405-82E4-4C56-A6A6-E2B51ACAB5CF, 2021-04-01T09:07:22, true
9DDDD405-82E4-4C56-A6A6-E2B51ACAB5CF, 2021-04-01T09:08:30, true
9DDDD405-82E4-4C56-A6A6-E2B51ACAB5CF, 2021-04-01T09:09:31, true
9DDDD405-82E4-4C56-A6A6-E2B51ACAB5CF, 2021-04-01T09:10:49, true
9DDDD405-82E4-4C56-A6A6-E2B51ACAB5CF, 2021-04-01T09:11:55, true
9DDDD405-82E4-4C56-A6A6-E2B51ACAB5CF, 2021-04-01T09:12:59, true
9DDDD405-82E4-4C56-A6A6-E2B51ACAB5CF, 2021-04-01T09:14:04, true
9DDDD405-82E4-4C56-A6A6-E2B51ACAB5CF, 2021-04-01T09:15:16, true
9DDDD405-82E4-4C56-A6A6-E2B51ACAB5CF, 2021-04-01T09:16:17, true
9DDDD405-82E4-4C56-A6A6-E2B51ACAB5CF, 2021-04-01T09:17:20, true
9DDDD405-82E4-4C56-A6A6-E2B51ACAB5CF, 2021-04-01T09:18:21, true
9DDDD405-82E4-4C56-A6A6-E2B51ACAB5CF, 2021-04-01T09:19:25, true
9DDDD405-82E4-4C56-A6A6-E2B51ACAB5CF, 2021-04-01T09:20:28, true
9DDDD405-82E4-4C56-A6A6-E2B51ACAB5CF, 2021-04-01T09:21:37, true
9DDDD405-82E4-4C56-A6A6-E2B51ACAB5CF, 2021-04-01T09:22:38, true
9DDDD405-82E4-4C56-A6A6-E2B51ACAB5CF, 2021-04-01T09:23:41, true
9DDDD405-82E4-4C56-A6A6-E2B51ACAB5CF, 2021-04-01T09:24:44, true
9DDDD405-82E4-4C56-A6A6-E2B51ACAB5CF, 2021-04-01T09:25:44, false
9DDDD405-82E4-4C56-A6A6-E2B51ACAB5CF, 2021-04-01T09:26:32, true
9DDDD405-82E4-4C56-A6A6-E2B51ACAB5CF, 2021-04-01T09:27:33, true
9DDDD405-82E4-4C56-A6A6-E2B51ACAB5CF, 2021-04-01T09:28:56, true
9DDDD405-82E4-4C56-A6A6-E2B51ACAB5CF, 2021-04-01T09:30:16, true
9DDDD405-82E4-4C56-A6A6-E2B51ACAB5CF, 2021-04-01T09:31:25, true
9DDDD405-82E4-4C56-A6A6-E2B51ACAB5CF, 2021-04-01T09:32:30, true
9DDDD405-82E4-4C56-A6A6-E2B51ACAB5CF, 2021-04-01T09:33:33, true
9DDDD405-82E4-4C56-A6A6-E2B51ACAB5CF, 2021-04-01T09:34:33, false
9DDDD405-82E4-4C56-A6A6-E2B51ACAB5CF, 2021-04-01T09:35:33, false
9DDDD405-82E4-4C56-A6A6-E2B51ACAB5CF, 2021-04-01T09:36:33, false
9DDDD405-82E4-4C56-A6A6-E2B51ACAB5CF, 2021-04-01T09:37:33, false
9DDDD405-82E4-4C56-A6A6-E2B51ACAB5CF, 2021-04-01T09:38:33, false
9DDDD405-82E4-4C56-A6A6-E2B51ACAB5CF, 2021-04-01T09:40:02, true
9DDDD405-82E4-4C56-A6A6-E2B51ACAB5CF, 2021-04-01T09:41:03, true
9DDDD405-82E4-4C56-A6A6-E2B51ACAB5CF, 2021-04-01T09:42:04, true
9DDDD405-82E4-4C56-A6A6-E2B51ACAB5CF, 2021-04-01T09:43:04, false
9DDDD405-82E4-4C56-A6A6-E2B51ACAB5CF, 2021-04-01T09:44:04, false
9DDDD405-82E4-4C56-A6A6-E2B51ACAB5CF, 2021-04-01T09:45:04, false
9DDDD405-82E4-4C56-A6A6-E2B51ACAB5CF, 2021-04-01T09:46:04, false
9DDDD405-82E4-4C56-A6A6-E2B51ACAB5CF, 2021-04-01T09:46:57, true
9DDDD405-82E4-4C56-A6A6-E2B51ACAB5CF, 2021-04-01T09:47:59, true
9DDDD405-82E4-4C56-A6A6-E2B51ACAB5CF, 2021-04-01T09:49:06, true
9DDDD405-82E4-4C56-A6A6-E2B51ACAB5CF, 2021-04-01T09:50:09, true
9DDDD405-82E4-4C56-A6A6-E2B51ACAB5CF, 2021-04-01T09:51:10, true
9DDDD405-82E4-4C56-A6A6-E2B51ACAB5CF, 2021-04-01T09:52:14, true
9DDDD405-82E4-4C56-A6A6-E2B51ACAB5CF, 2021-04-01T09:53:18, true
9DDDD405-82E4-4C56-A6A6-E2B51ACAB5CF, 2021-04-01T09:54:23, true
9DDDD405-82E4-4C56-A6A6-E2B51ACAB5CF, 2021-04-01T09:55:25, true
9DDDD405-82E4-4C56-A6A6-E2B51ACAB5CF, 2021-04-01T09:56:25, false
9DDDD405-82E4-4C56-A6A6-E2B51ACAB5CF, 2021-04-01T09:57:25, false
9DDDD405-82E4-4C56-A6A6-E2B51ACAB5CF, 2021-04-01T09:58:25, false
9DDDD405-82E4-4C56-A6A6-E2B51ACAB5CF, 2021-04-01T09:59:25, false
9DDDD405-82E4-4C56-A6A6-E2B51ACAB5CF, 2021-04-01T10:00:25, false
9DDDD405-82E4-4C56-A6A6-E2B51ACAB5CF, 2021-04-01T10:01:25, false
9DDDD405-82E4-4C56-A6A6-E2B51ACAB5CF, 2021-04-01T10:02:25, false
9DDDD405-82E4-4C56-A6A6-E2B51ACAB5CF, 2021-04-01T10:03:25, false
9DDDD405-82E4-4C56-A6A6-E2B51ACAB5CF, 2021-04-01T10:04:25, false
9DDDD405-82E4-4C56-A6A6-E2B51ACAB5CF, 2021-04-01T10:05:25, false
9DDDD405-82E4-4C56-A6A6-E2B51ACAB5CF, 2021-04-01T10:06:25, false
9DDDD405-82E4-4C56-A6A6-E2B51ACAB5CF, 2021-04-01T10:07:25, false
9DDDD405-82E4-4C56-A6A6-E2B51ACAB5CF, 2021-04-01T10:08:25, false
9DDDD405-82E4-4C56-A6A6-E2B51ACAB5CF, 2021-04-01T10:09:25, false
9DDDD405-82E4-4C56-A6A6-E2B51ACAB5CF, 2021-04-01T10:10:25, false
9DDDD405-82E4-4C56-A6A6-E2B51ACAB5CF, 2021-04-01T10:11:25, false
9DDDD405-82E4-4C56-A6A6-E2B51ACAB5CF, 2021-04-01T10:12:25, false
9DDDD405-82E4-4C56-A6A6-E2B51ACAB5CF, 2021-04-01T10:13:25, false
9DDDD405-82E4-4C56-A6A6-E2B51ACAB5CF, 2021-04-01T10:14:25, false
9DDDD405-82E4-4C56-A6A6-E2B51ACAB5CF, 2021-04-01T10:15:25, false
9DDDD405-82E4-4C56-A6A6-E2B51ACAB5CF, 2021-04-01T10:16:25, false
9DDDD405-82E4-4C56-A6A6-E2B51ACAB5CF, 2021-04-01T10:17:25, false
9DDDD405-82E4-4C56-A6A6-E2B51ACAB5CF, 2021-04-01T10:18:25, false
9DDDD405-82E4-4C56-A6A6-E2B51ACAB5CF, 2021-04-01T10:19:25, false
9DDDD405-82E4-4C56-A6A6-E2B51ACAB5CF, 2021-04-01T10:20:25, false
9DDDD405-82E4-4C56-A6A6-E2B51ACAB5CF, 2021-04-01T10:21:25, false
9DDDD405-82E4-4C56-A6A6-E2B51ACAB5CF, 2021-04-01T10:22:25, false
9DDDD405-82E4-4C56-A6A6-E2B51ACAB5CF, 2021-04-01T10:23:25, false
9DDDD405-82E4-4C56-A6A6-E2B51ACAB5CF, 2021-04-01T10:24:25, false
9DDDD405-82E4-4C56-A6A6-E2B51ACAB5CF, 2021-04-01T10:25:25, false
9DDDD405-82E4-4C56-A6A6-E2B51ACAB5CF, 2021-04-01T10:26:25, false
9DDDD405-82E4-4C56-A6A6-E2B51ACAB5CF, 2021-04-01T10:27:25, false
9DDDD405-82E4-4C56-A6A6-E2B51ACAB5CF, 2021-04-01T10:28:25, false
9DDDD405-82E4-4C56-A6A6-E2B51ACAB5CF, 2021-04-01T10:29:25, false
9DDDD405-82E4-4C56-A6A6-E2B51ACAB5CF, 2021-04-01T10:30:25, false
9DDDD405-82E4-4C56-A6A6-E2B51ACAB5CF, 2021-04-01T10:31:25, false
9DDDD405-82E4-4C56-A6A6-E2B51ACAB5CF, 2021-04-01T10:32:25, false
9DDDD405-82E4-4C56-A6A6-E2B51ACAB5CF, 2021-04-01T10:33:25, false
9DDDD405-82E4-4C56-A6A6-E2B51ACAB5CF, 2021-04-01T10:34:25, false
9DDDD405-82E4-4C56-A6A6-E2B51ACAB5CF, 2021-04-01T10:35:25, false
9DDDD405-82E4-4C56-A6A6-E2B51ACAB5CF, 2021-04-01T10:36:25, false
9DDDD405-82E4-4C56-A6A6-E2B51ACAB5CF, 2021-04-01T10:37:25, false
9DDDD405-82E4-4C56-A6A6-E2B51ACAB5CF, 2021-04-01T10:38:25, false
9DDDD405-82E4-4C56-A6A6-E2B51ACAB5CF, 2021-04-01T10:39:25, false
9DDDD405-82E4-4C56-A6A6-E2B51ACAB5CF, 2021-04-01T10:40:25, false
9DDDD405-82E4-4C56-A6A6-E2B51ACAB5CF, 2021-04-01T10:41:25, false
9DDDD405-82E4-4C56-A6A6-E2B51ACAB5CF, 2021-04-01T10:42:25, false
9DDDD405-82E4-4C56-A6A6-E2B51ACAB5CF, 2021-04-01T10:43:25, false
9DDDD405-82E4-4C56-A6A6-E2B51ACAB5CF, 2021-04-01T10:44:25, false
9DDDD405-82E4-4C56-A6A6-E2B51ACAB5CF, 2021-04-01T10:45:25, false
9DDDD405-82E4-4C56-A6A6-E2B51ACAB5CF, 2021-04-01T10:46:25, false
9DDDD405-82E4-4C56-A6A6-E2B51ACAB5CF, 2021-04-01T10:47:25, false
9DDDD405-82E4-4C56-A6A6-E2B51ACAB5CF, 2021-04-01T10:48:25, false
9DDDD405-82E4-4C56-A6A6-E2B51ACAB5CF, 2021-04-01T10:49:25, false
9DDDD405-82E4-4C56-A6A6-E2B51ACAB5CF, 2021-04-01T10:50:25, false
9DDDD405-82E4-4C56-A6A6-E2B51ACAB5CF, 2021-04-01T10:51:25, false
9DDDD405-82E4-4C56-A6A6-E2B51ACAB5CF, 2021-04-01T10:52:25, false
9DDDD405-82E4-4C56-A6A6-E2B51ACAB5CF, 2021-04-01T10:53:25, false
9DDDD405-82E4-4C56-A6A6-E2B51ACAB5CF, 2021-04-01T10:54:25, false
9DDDD405-82E4-4C56-A6A6-E2B51ACAB5CF, 2021-04-01T10:55:25, false
9DDDD405-82E4-4C56-A6A6-E2B51ACAB5CF, 2021-04-01T10:56:25, false
9DDDD405-82E4-4C56-A6A6-E2B51ACAB5CF, 2021-04-01T10:57:25, false
9DDDD405-82E4-4C56-A6A6-E2B51ACAB5CF, 2021-04-01T10:58:25, false
9DDDD405-82E4-4C56-A6A6-E2B51ACAB5CF, 2021-04-01T10:59:25, false
9DDDD405-82E4-4C56-A6A6-E2B51ACAB5CF, 2021-04-01T11:00:25, false
9DDDD405-82E4-4C56-A6A6-E2B51ACAB5CF, 2021-04-01T11:01:25, false
9DDDD405-82E4-4C56-A6A6-E2B51ACAB5CF, 2021-04-01T11:02:25, false
9DDDD405-82E4-4C56-A6A6-E2B51ACAB5CF, 2021-04-01T11:03:25, false
9DDDD405-82E4-4C56-A6A6-E2B51ACAB5CF, 2021-04-01T11:04:25, false
9DDDD405-82E4-4C56-A6A6-E2B51ACAB5CF, 2021-04-01T11:05:25, false
9DDDD405-82E4-4C56-A6A6-E2B51ACAB5CF, 2021-04-01T11:06:25, false
9DDDD405-82E4-4C56-A6A6-E2B51ACAB5CF, 2021-04-01T11:07:25, false
9DDDD405-82E4-4C56-A6A6-E2B51ACAB5CF, 2021-04-01T11:08:25, false
9DDDD405-82E4-4C56-A6A6-E2B51ACAB5CF, 2021-04-01T11:09:25, false
9DDDD405-82E4-4C56-A6A6-E2B51ACAB5CF, 2021-04-01T11:10:25, false
9DDDD405-82E4-4C56-A6A6-E2B51ACAB5CF, 2021-04-01T11:11:25, false
9DDDD405-82E4-4C56-A6A6-E2B51ACAB5CF, 2021-04-01T11:12:25, false
9DDDD405-82E4-4C56-A6A6-E2B51ACAB5CF, 2021-04-01T11:13:25, false
9DDDD405-82E4-4C56-A6A6-E2B51ACAB5CF, 2021-04-01T11:14:25, false
9DDDD405-82E4-4C56-A6A6-E2B51ACAB5CF, 2021-04-01T11:15:25, false
9DDDD405-82E4-4C56-A6A6-E2B51ACAB5CF, 2021-04-01T11:16:25, false
9DDDD405-82E4-4C56-A6A6-E2B51ACAB5CF, 2021-04-01T11:17:25, false
9DDDD405-82E4-4C56-A6A6-E2B51ACAB5CF, 2021-04-01T11:18:25, false
9DDDD405-82E4-4C56-A6A6-E2B51ACAB5CF, 2021-04-01T11:19:25, false
9DDDD405-82E4-4C56-A6A6-E2B51ACAB5CF, 2021-04-01T11:20:25, false
9DDDD405-82E4-4C56-A6A6-E2B51ACAB5CF, 2021-04-01T11:21:25, false
9DDDD405-82E4-4C56-A6A6-E2B51ACAB5CF, 2021-04-01T11:22:25, false
9DDDD405-82E4-4C56-A6A6-E2B51ACAB5CF, 2021-04-01T11:23:25, false
9DDDD405-82E4-4C56-A6A6-E2B51ACAB5CF, 2021-04-01T11:24:25, false
9DDDD405-82E4-4C56-A6A6-E2B51ACAB5CF, 2021-04-01T11:25:25, false
9DDDD405-82E4-4C56-A6A6-E2B51ACAB5CF, 2021-04-01T11:26:25, false
9DDDD405-82E4-4C56-A6A6-E2B51ACAB5CF, 2021-04-01T11:27:25, false
9DDDD405-82E4-4C56-A6A6-E2B51ACAB5CF, 2021-04-01T11:28:25, false
9DDDD405-82E4-4C56-A6A6-E2B51ACAB5CF, 2021-04-01T11:29:25, false
9DDDD405-82E4-4C56-A6A6-E2B51ACAB5CF, 2021-04-01T11:30:25, false
9DDDD405-82E4-4C56-A6A6-E2B51ACAB5CF, 2021-04-01T11:31:25, false
9DDDD405-82E4-4C56-A6A6-E2B51ACAB5CF, 2021-04-01T11:32:25, false
9DDDD405-82E4-4C56-A6A6-E2B51ACAB5CF, 2021-04-01T11:33:25, false
9DDDD405-82E4-4C56-A6A6-E2B51ACAB5CF, 2021-04-01T11:34:25, false
9DDDD405-82E4-4C56-A6A6-E2B51ACAB5CF, 2021-04-01T11:35:25, false
9DDDD405-82E4-4C56-A6A6-E2B51ACAB5CF, 2021-04-01T11:36:25, false
9DDDD405-82E4-4C56-A6A6-E2B51ACAB5CF, 2021-04-01T11:37:25, false
9DDDD405-82E4-4C56-A6A6-E2B51ACAB5CF, 2021-04-01T11:38:25, false
9DDDD405-82E4-4C56-A6A6-E2B51ACAB5CF, 2021-04-01T11:39:25, false
9DDDD405-82E4-4C56-A6A6-E2B51ACAB5CF, 2021-04-01T11:40:25, false
9DDDD405-82E4-4C56-A6A6-E2B51ACAB5CF, 2021-04-01T11:41:25, false
9DDDD405-82E4-4C56-A6A6-E2B51ACAB5CF, 2021-04-01T11:42:25, false
9DDDD405-82E4-4C56-A6A6-E2B51ACAB5CF, 2021-04-01T11:43:25, false
9DDDD405-82E4-4C56-A6A6-E2B51ACAB5CF, 2021-04-01T11:44:25, false
9DDDD405-82E4-4C56-A6A6-E2B51ACAB5CF, 2021-04-01T11:45:25, false
9DDDD405-82E4-4C56-A6A6-E2B51ACAB5CF, 2021-04-01T11:46:25, false
9DDDD405-82E4-4C56-A6A6-E2B51ACAB5CF, 2021-04-01T11:47:25, false
9DDDD405-82E4-4C56-A6A6-E2B51ACAB5CF, 2021-04-01T11:48:25, false
9DDDD405-82E4-4C56-A6A6-E2B51ACAB5CF, 2021-04-01T11:49:25, false
9DDDD405-82E4-4C56-A6A6-E2B51ACAB5CF, 2021-04-01T11:50:25, false
9DDDD405-82E4-4C56-A6A6-E2B51ACAB5CF, 2021-04-01T11:51:25, false
9DDDD405-82E4-4C56-A6A6-E2B51ACAB5CF, 2021-04-01T11:52:25, false
9DDDD405-82E4-4C56-A6A6-E2B51ACAB5CF, 2021-04-01T11:53:25, false
9DDDD405-82E4-4C56-A6A6-E2B51ACAB5CF, 2021-04-01T11:54:25, false
9DDDD405-82E4-4C56-A6A6-E2B51ACAB5CF, 2021-04-01T11:55:25, false
9DDDD405-82E4-4C56-A6A6-E2B51ACAB5CF, 2021-04-01T11:56:25, false
9DDDD405-82E4-4C56-A6A6-E2B51ACAB5CF, 2021-04-01T11:57:25, false
9DDDD405-82E4-4C56-A6A6-E2B51ACAB5CF, 2021-04-01T11:58:25, false
9DDDD405-82E4-4C56-A6A6-E2B51ACAB5CF, 2021-04-01T11:59:25, false
9DDDD405-82E4-4C56-A6A6-E2B51ACAB5CF, 2021-04-01T12:00:25, false
9DDDD405-82E4-4C56-A6A6-E2B51ACAB5CF, 2021-04-01T12:01:25, false
9DDDD405-82E4-4C56-A6A6-E2B51ACAB5CF, 2021-04-01T12:02:25, false
9DDDD405-82E4-4C56-A6A6-E2B51ACAB5CF, 2021-04-01T12:03:25, false
9DDDD405-82E4-4C56-A6A6-E2B51ACAB5CF, 2021-04-01T12:04:25, false
9DDDD405-82E4-4C56-A6A6-E2B51ACAB5CF, 2021-04-01T12:05:25, false
9DDDD405-82E4-4C56-A6A6-E2B51ACAB5CF, 2021-04-01T12:06:25, false
9DDDD405-82E4-4C56-A6A6-E2B51ACAB5CF, 2021-04-01T12:07:25, false
9DDDD405-82E4-4C56-A6A6-E2B51ACAB5CF, 2021-04-01T12:08:25, false
9DDDD405-82E4-4C56-A6A6-E2B51ACAB5CF, 2021-04-01T12:09:25, false
9DDDD405-82E4-4C56-A6A6-E2B51ACAB5CF, 2021-04-01T12:10:25, false
9DDDD405-82E4-4C56-A6A6-E2B51ACAB5CF, 2021-04-01T12:11:25, false
9DDDD405-82E4-4C56-A6A6-E2B51ACAB5CF, 2021-04-01T12:12:25, false
9DDDD405-82E4-4C56-A6A6-E2B51ACAB5CF, 2021-04-01T12:13:25, false
9DDDD405-82E4-4C56-A6A6-E2B51ACAB5CF, 2021-04-01T12:14:25, false
9DDDD405-82E4-4C56-A6A6-E2B51ACAB5CF, 2021-04-01T12:15:25, false
9DDDD405-82E4-4C56-A6A6-E2B51ACAB5CF, 2021-04-01T12:16:25, false
9DDDD405-82E4-4C56-A6A6-E2B51ACAB5CF, 2021-04-01T12:17:25, false
9DDDD405-82E4-4C56-A6A6-E2B51ACAB5CF, 2021-04-01T12:18:25, false
9DDDD405-82E4-4C56-A6A6-E2B51ACAB5CF, 2021-04-01T12:19:25, false
9DDDD405-82E4-4C56-A6A6-E2B51ACAB5CF, 2021-04-01T12:20:25, false
9DDDD405-82E4-4C56-A6A6-E2B51ACAB5CF, 2021-04-01T12:21:25, false
9DDDD405-82E4-4C56-A6A6-E2B51ACAB5CF, 2021-04-01T12:22:25, false
9DDDD405-82E4-4C56-A6A6-E2B51ACAB5CF, 2021-04-01T12:23:25, false
9DDDD405-82E4-4C56-A6A6-E2B51ACAB5CF, 2021-04-01T12:24:25, false
9DDDD405-82E4-4C56-A6A6-E2B51ACAB5CF, 2021-04-01T12:25:25, false
9DDDD405-82E4-4C56-A6A6-E2B51ACAB5CF, 2021-04-01T12:26:25, false
9DDDD405-82E4-4C56-A6A6-E2B51ACAB5CF, 2021-04-01T12:27:25, false
9DDDD405-82E4-4C56-A6A6-E2B51ACAB5CF, 2021-04-01T12:28:25, false
9DDDD405-82E4-4C56-A6A6-E2B51ACAB5CF, 2021-04-01T12:29:25, false
9DDDD405-82E4-4C56-A6A6-E2B51ACAB5CF, 2021-04-01T12:30:25, false
9DDDD405-82E4-4C56-A6A6-E2B51ACAB5CF, 2021-04-01T12:31:25, false
9DDDD405-82E4-4C56-A6A6-E2B51ACAB5CF, 2021-04-01T12:32:25, false
9DDDD405-82E4-4C56-A6A6-E2B51ACAB5CF, 2021-04-01T12:33:25, false
9DDDD405-82E4-4C56-A6A6-E2B51ACAB5CF, 2021-04-01T12:34:25, false
9DDDD405-82E4-4C56-A6A6-E2B51ACAB5CF, 2021-04-01T12:35:25, false
9DDDD405-82E4-4C56-A6A6-E2B51ACAB5CF, 2021-04-01T12:36:25, false
9DDDD405-82E4-4C56-A6A6-E2B51ACAB5CF, 2021-04-01T12:37:25, false
9DDDD405-82E4-4C56-A6A6-E2B51ACAB5CF, 2021-04-01T12:38:25, false
9DDDD405-82E4-4C56-A6A6-E2B51ACAB5CF, 2021-04-01T12:39:25, false
9DDDD405-82E4-4C56-A6A6-E2B51ACAB5CF, 2021-04-01T12:40:25, false
9DDDD405-82E4-4C56-A6A6-E2B51ACAB5CF, 2021-04-01T12:41:25, false
9DDDD405-82E4-4C56-A6A6-E2B51ACAB5CF, 2021-04-01T12:42:25, false
9DDDD405-82E4-4C56-A6A6-E2B51ACAB5CF, 2021-04-01T12:43:25, false
9DDDD405-82E4-4C56-A6A6-E2B51ACAB5CF, 2021-04-01T12:44:25, false
9DDDD405-82E4-4C56-A6A6-E2B51ACAB5CF, 2021-04-01T12:45:25, false
9DDDD405-82E4-4C56-A6A6-E2B51ACAB5CF, 2021-04-01T12:46:25, false
9DDDD405-82E4-4C56-A6A6-E2B51ACAB5CF, 2021-04-01T12:47:25, false
9DDDD405-82E4-4C56-A6A6-E2B51ACAB5CF, 2021-04-01T12:48:25, false
9DDDD405-82E4-4C56-A6A6-E2B51ACAB5CF, 2021-04-01T12:49:25, false
9DDDD405-82E4-4C56-A6A6-E2B51ACAB5CF, 2021-04-01T12:50:25, false
9DDDD405-82E4-4C56-A6A6-E2B51ACAB5CF, 2021-04-01T12:51:25, false
9DDDD405-82E4-4C56-A6A6-E2B51ACAB5CF, 2021-04-01T12:52:25, false
9DDDD405-82E4-4C56-A6A6-E2B51ACAB5CF, 2021-04-01T12:53:25, false
9DDDD405-82E4-4C56-A6A6-E2B51ACAB5CF, 2021-04-01T12:54:25, false
9DDDD405-82E4-4C56-A6A6-E2B51ACAB5CF, 2021-04-01T12:55:25, false
9DDDD405-82E4-4C56-A6A6-E2B51ACAB5CF, 2021-04-01T12:56:25, false
9DDDD405-82E4-4C56-A6A6-E2B51ACAB5CF, 2021-04-01T12:57:25, false
9DDDD405-82E4-4C56-A6A6-E2B51ACAB5CF, 2021-04-01T12:58:25, false
9DDDD405-82E4-4C56-A6A6-E2B51ACAB5CF, 2021-04-01T12:59:25, false
9DDDD405-82E4-4C56-A6A6-E2B51ACAB5CF, 2021-04-01T13:00:25, false
9DDDD405-82E4-4C56-A6A6-E2B51ACAB5CF, 2021-04-01T13:01:25, false
9DDDD405-82E4-4C56-A6A6-E2B51ACAB5CF, 2021-04-01T13:02:25, false
9DDDD405-82E4-4C56-A6A6-E2B51ACAB5CF, 2021-04-01T13:03:25, false
9DDDD405-82E4-4C56-A6A6-E2B51ACAB5CF, 2021-04-01T13:04:25, false
9DDDD405-82E4-4C56-A6A6-E2B51ACAB5CF, 2021-04-01T13:05:25, false
9DDDD405-82E4-4C56-A6A6-E2B51ACAB5CF, 2021-04-01T13:06:25, false
9DDDD405-82E4-4C56-A6A6-E2B51ACAB5CF, 2021-04-01T13:07:25, false
9DDDD405-82E4-4C56-A6A6-E2B51ACAB5CF, 2021-04-01T13:08:25, false
9DDDD405-82E4-4C56-A6A6-E2B51ACAB5CF, 2021-04-01T13:09:25, false
9DDDD405-82E4-4C56-A6A6-E2B51ACAB5CF, 2021-04-01T13:10:25, false
9DDDD405-82E4-4C56-A6A6-E2B51ACAB5CF, 2021-04-01T13:11:25, false
9DDDD405-82E4-4C56-A6A6-E2B51ACAB5CF, 2021-04-01T13:12:25, false
9DDDD405-82E4-4C56-A6A6-E2B51ACAB5CF, 2021-04-01T13:13:25, false
9DDDD405-82E4-4C56-A6A6-E2B51ACAB5CF, 2021-04-01T13:14:25, false
9DDDD405-82E4-4C56-A6A6-E2B51ACAB5CF, 2021-04-01T13:15:25, false
9DDDD405-82E4-4C56-A6A6-E2B51ACAB5CF, 2021-04-01T13:16:25, false
9DDDD405-82E4-4C56-A6A6-E2B51ACAB5CF, 2021-04-01T13:17:25, false
9DDDD405-82E4-4C56-A6A6-E2B51ACAB5CF, 2021-04-01T13:18:25, false
9DDDD405-82E4-4C56-A6A6-E2B51ACAB5CF, 2021-04-01T13:19:25, false
9DDDD405-82E4-4C56-A6A6-E2B51ACAB5CF, 2021-04-01T13:20:25, false
9DDDD405-82E4-4C56-A6A6-E2B51ACAB5CF, 2021-04-01T13:21:25, false
9DDDD405-82E4-4C56-A6A6-E2B51ACAB5CF, 2021-04-01T13:22:25, false
9DDDD405-82E4-4C56-A6A6-E2B51ACAB5CF, 2021-04-01T13:23:25, false
9DDDD405-82E4-4C56-A6A6-E2B51ACAB5CF, 2021-04-01T13:24:25, false
9DDDD405-82E4-4C56-A6A6-E2B51ACAB5CF, 2021-04-01T13:25:25, false
9DDDD405-82E4-4C56-A6A6-E2B51ACAB5CF, 2021-04-01T13:26:25, false
9DDDD405-82E4-4C56-A6A6-E2B51ACAB5CF, 2021-04-01T13:27:25, false
9DDDD405-82E4-4C56-A6A6-E2B51ACAB5CF, 2021-04-01T13:28:25, false
9DDDD405-82E4-4C56-A6A6-E2B51ACAB5CF, 2021-04-01T13:29:25, false
9DDDD405-82E4-4C56-A6A6-E2B51ACAB5CF, 2021-04-01T13:30:25, false
9DDDD405-82E4-4C56-A6A6-E2B51ACAB5CF, 2021-04-01T13:31:25, false
9DDDD405-82E4-4C56-A6A6-E2B51ACAB5CF, 2021-04-01T13:32:25, false
9DDDD405-82E4-4C56-A6A6-E2B51ACAB5CF, 2021-04-01T13:33:25, false
9DDDD405-82E4-4C56-A6A6-E2B51ACAB5CF, 2021-04-01T13:34:25, false
9DDDD405-82E4-4C56-A6A6-E2B51ACAB5CF, 2021-04-01T13:35:25, false
9DDDD405-82E4-4C56-A6A6-E2B51ACAB5CF, 2021-04-01T13:36:25, false
9DDDD405-82E4-4C56-A6A6-E2B51ACAB5CF, 2021-04-01T13:37:25, false
9DDDD405-82E4-4C56-A6A6-E2B51ACAB5CF, 2021-04-01T13:38:25, false
9DDDD405-82E4-4C56-A6A6-E2B51ACAB5CF, 2021-04-01T13:39:25, false
9DDDD405-82E4-4C56-A6A6-E2B51ACAB5CF, 2021-04-01T13:40:25, false
9DDDD405-82E4-4C56-A6A6-E2B51ACAB5CF, 2021-04-01T13:41:25, false
9DDDD405-82E4-4C56-A6A6-E2B51ACAB5CF, 2021-04-01T13:42:14, true
9DDDD405-82E4-4C56-A6A6-E2B51ACAB5CF, 2021-04-01T13:43:15, true
9DDDD405-82E4-4C56-A6A6-E2B51ACAB5CF, 2021-04-01T13:44:16, true
9DDDD405-82E4-4C56-A6A6-E2B51ACAB5CF, 2021-04-01T13:45:17, true
9DDDD405-82E4-4C56-A6A6-E2B51ACAB5CF, 2021-04-01T13:46:22, true
9DDDD405-82E4-4C56-A6A6-E2B51ACAB5CF, 2021-04-01T13:47:26, true
9DDDD405-82E4-4C56-A6A6-E2B51ACAB5CF, 2021-04-01T13:48:29, true
9DDDD405-82E4-4C56-A6A6-E2B51ACAB5CF, 2021-04-01T13:49:32, true
9DDDD405-82E4-4C56-A6A6-E2B51ACAB5CF, 2021-04-01T13:50:37, true
9DDDD405-82E4-4C56-A6A6-E2B51ACAB5CF, 2021-04-01T13:51:37, true
9DDDD405-82E4-4C56-A6A6-E2B51ACAB5CF, 2021-04-01T13:52:38, true
9DDDD405-82E4-4C56-A6A6-E2B51ACAB5CF, 2021-04-01T13:53:44, true
9DDDD405-82E4-4C56-A6A6-E2B51ACAB5CF, 2021-04-01T13:54:44, true
9DDDD405-82E4-4C56-A6A6-E2B51ACAB5CF, 2021-04-01T13:56:14, true
9DDDD405-82E4-4C56-A6A6-E2B51ACAB5CF, 2021-04-01T13:57:19, true
9DDDD405-82E4-4C56-A6A6-E2B51ACAB5CF, 2021-04-01T13:58:20, true
9DDDD405-82E4-4C56-A6A6-E2B51ACAB5CF, 2021-04-01T13:59:25, true
9DDDD405-82E4-4C56-A6A6-E2B51ACAB5CF, 2021-04-01T14:00:31, true
9DDDD405-82E4-4C56-A6A6-E2B51ACAB5CF, 2021-04-01T14:01:31, true
9DDDD405-82E4-4C56-A6A6-E2B51ACAB5CF, 2021-04-01T14:02:33, true
9DDDD405-82E4-4C56-A6A6-E2B51ACAB5CF, 2021-04-01T14:03:36, true
9DDDD405-82E4-4C56-A6A6-E2B51ACAB5CF, 2021-04-01T14:05:02, true
9DDDD405-82E4-4C56-A6A6-E2B51ACAB5CF, 2021-04-01T14:06:05, true
9DDDD405-82E4-4C56-A6A6-E2B51ACAB5CF, 2021-04-01T14:07:08, true
9DDDD405-82E4-4C56-A6A6-E2B51ACAB5CF, 2021-04-01T14:08:10, true
9DDDD405-82E4-4C56-A6A6-E2B51ACAB5CF, 2021-04-01T14:09:12, true
9DDDD405-82E4-4C56-A6A6-E2B51ACAB5CF, 2021-04-01T14:10:14, true
9DDDD405-82E4-4C56-A6A6-E2B51ACAB5CF, 2021-04-01T14:11:38, true
9DDDD405-82E4-4C56-A6A6-E2B51ACAB5CF, 2021-04-01T14:12:50, true
9DDDD405-82E4-4C56-A6A6-E2B51ACAB5CF, 2021-04-01T14:13:53, true
9DDDD405-82E4-4C56-A6A6-E2B51ACAB5CF, 2021-04-01T14:15:07, true
9DDDD405-82E4-4C56-A6A6-E2B51ACAB5CF, 2021-04-01T14:16:32, true
9DDDD405-82E4-4C56-A6A6-E2B51ACAB5CF, 2021-04-01T14:17:38, true
9DDDD405-82E4-4C56-A6A6-E2B51ACAB5CF, 2021-04-01T14:19:04, true
9DDDD405-82E4-4C56-A6A6-E2B51ACAB5CF, 2021-04-01T14:20:08, true
9DDDD405-82E4-4C56-A6A6-E2B51ACAB5CF, 2021-04-01T14:21:10, true
9DDDD405-82E4-4C56-A6A6-E2B51ACAB5CF, 2021-04-01T14:22:12, true
9DDDD405-82E4-4C56-A6A6-E2B51ACAB5CF, 2021-04-01T14:23:18, true
9DDDD405-82E4-4C56-A6A6-E2B51ACAB5CF, 2021-04-01T14:24:19, true
9DDDD405-82E4-4C56-A6A6-E2B51ACAB5CF, 2021-04-01T14:25:21, true
9DDDD405-82E4-4C56-A6A6-E2B51ACAB5CF, 2021-04-01T14:26:23, true
9DDDD405-82E4-4C56-A6A6-E2B51ACAB5CF, 2021-04-01T14:27:24, true
9DDDD405-82E4-4C56-A6A6-E2B51ACAB5CF, 2021-04-01T14:28:26, true
9DDDD405-82E4-4C56-A6A6-E2B51ACAB5CF, 2021-04-01T14:29:27, true
9DDDD405-82E4-4C56-A6A6-E2B51ACAB5CF, 2021-04-01T14:30:30, true
9DDDD405-82E4-4C56-A6A6-E2B51ACAB5CF, 2021-04-01T14:31:35, true
9DDDD405-82E4-4C56-A6A6-E2B51ACAB5CF, 2021-04-01T14:32:37, true
9DDDD405-82E4-4C56-A6A6-E2B51ACAB5CF, 2021-04-01T14:33:40, true
9DDDD405-82E4-4C56-A6A6-E2B51ACAB5CF, 2021-04-01T14:34:41, true
9DDDD405-82E4-4C56-A6A6-E2B51ACAB5CF, 2021-04-01T14:35:43, true
9DDDD405-82E4-4C56-A6A6-E2B51ACAB5CF, 2021-04-01T14:36:46, true
9DDDD405-82E4-4C56-A6A6-E2B51ACAB5CF, 2021-04-01T14:37:51, true
9DDDD405-82E4-4C56-A6A6-E2B51ACAB5CF, 2021-04-01T14:38:52, true
9DDDD405-82E4-4C56-A6A6-E2B51ACAB5CF, 2021-04-01T14:39:55, true
9DDDD405-82E4-4C56-A6A6-E2B51ACAB5CF, 2021-04-01T14:40:57, true
9DDDD405-82E4-4C56-A6A6-E2B51ACAB5CF, 2021-04-01T14:41:59, true
9DDDD405-82E4-4C56-A6A6-E2B51ACAB5CF, 2021-04-01T14:43:02, true
9DDDD405-82E4-4C56-A6A6-E2B51ACAB5CF, 2021-04-01T14:44:04, true
9DDDD405-82E4-4C56-A6A6-E2B51ACAB5CF, 2021-04-01T14:45:06, true
9DDDD405-82E4-4C56-A6A6-E2B51ACAB5CF, 2021-04-01T14:46:10, true
9DDDD405-82E4-4C56-A6A6-E2B51ACAB5CF, 2021-04-01T14:47:11, true
9DDDD405-82E4-4C56-A6A6-E2B51ACAB5CF, 2021-04-01T14:48:11, true
9DDDD405-82E4-4C56-A6A6-E2B51ACAB5CF, 2021-04-01T14:49:14, true
9DDDD405-82E4-4C56-A6A6-E2B51ACAB5CF, 2021-04-01T14:50:17, true
9DDDD405-82E4-4C56-A6A6-E2B51ACAB5CF, 2021-04-01T14:51:21, true
9DDDD405-82E4-4C56-A6A6-E2B51ACAB5CF, 2021-04-01T14:52:23, true
9DDDD405-82E4-4C56-A6A6-E2B51ACAB5CF, 2021-04-01T14:53:26, true
9DDDD405-82E4-4C56-A6A6-E2B51ACAB5CF, 2021-04-01T14:54:31, true
9DDDD405-82E4-4C56-A6A6-E2B51ACAB5CF, 2021-04-01T14:55:35, true
9DDDD405-82E4-4C56-A6A6-E2B51ACAB5CF, 2021-04-01T14:56:35, true
9DDDD405-82E4-4C56-A6A6-E2B51ACAB5CF, 2021-04-01T14:57:37, true
9DDDD405-82E4-4C56-A6A6-E2B51ACAB5CF, 2021-04-01T14:58:39, true
9DDDD405-82E4-4C56-A6A6-E2B51ACAB5CF, 2021-04-01T14:59:50, true
9DDDD405-82E4-4C56-A6A6-E2B51ACAB5CF, 2021-04-01T15:00:53, true
9DDDD405-82E4-4C56-A6A6-E2B51ACAB5CF, 2021-04-01T15:01:55, true
9DDDD405-82E4-4C56-A6A6-E2B51ACAB5CF, 2021-04-01T15:02:59, true
9DDDD405-82E4-4C56-A6A6-E2B51ACAB5CF, 2021-04-01T15:04:01, true
9DDDD405-82E4-4C56-A6A6-E2B51ACAB5CF, 2021-04-01T15:05:04, true
9DDDD405-82E4-4C56-A6A6-E2B51ACAB5CF, 2021-04-01T15:06:05, true
9DDDD405-82E4-4C56-A6A6-E2B51ACAB5CF, 2021-04-01T15:07:07, true
9DDDD405-82E4-4C56-A6A6-E2B51ACAB5CF, 2021-04-01T15:08:09, true
9DDDD405-82E4-4C56-A6A6-E2B51ACAB5CF, 2021-04-01T15:09:10, true
9DDDD405-82E4-4C56-A6A6-E2B51ACAB5CF, 2021-04-01T15:10:21, true
9DDDD405-82E4-4C56-A6A6-E2B51ACAB5CF, 2021-04-01T15:11:24, true
9DDDD405-82E4-4C56-A6A6-E2B51ACAB5CF, 2021-04-01T15:12:26, true
9DDDD405-82E4-4C56-A6A6-E2B51ACAB5CF, 2021-04-01T15:13:27, true
9DDDD405-82E4-4C56-A6A6-E2B51ACAB5CF, 2021-04-01T15:14:29, true
9DDDD405-82E4-4C56-A6A6-E2B51ACAB5CF, 2021-04-01T15:15:31, true
9DDDD405-82E4-4C56-A6A6-E2B51ACAB5CF, 2021-04-01T15:16:33, true
9DDDD405-82E4-4C56-A6A6-E2B51ACAB5CF, 2021-04-01T15:17:36, true
9DDDD405-82E4-4C56-A6A6-E2B51ACAB5CF, 2021-04-01T15:18:36, true
9DDDD405-82E4-4C56-A6A6-E2B51ACAB5CF, 2021-04-01T15:19:36, false
9DDDD405-82E4-4C56-A6A6-E2B51ACAB5CF, 2021-04-01T15:20:36, false
9DDDD405-82E4-4C56-A6A6-E2B51ACAB5CF, 2021-04-01T15:21:27, true
9DDDD405-82E4-4C56-A6A6-E2B51ACAB5CF, 2021-04-01T15:22:27, false
9DDDD405-82E4-4C56-A6A6-E2B51ACAB5CF, 2021-04-01T15:23:24, true
9DDDD405-82E4-4C56-A6A6-E2B51ACAB5CF, 2021-04-01T15:24:25, true
9DDDD405-82E4-4C56-A6A6-E2B51ACAB5CF, 2021-04-01T15:25:26, true
9DDDD405-82E4-4C56-A6A6-E2B51ACAB5CF, 2021-04-01T15:26:29, true
9DDDD405-82E4-4C56-A6A6-E2B51ACAB5CF, 2021-04-01T15:27:31, true
9DDDD405-82E4-4C56-A6A6-E2B51ACAB5CF, 2021-04-01T15:28:31, true
9DDDD405-82E4-4C56-A6A6-E2B51ACAB5CF, 2021-04-01T15:29:31, false
9DDDD405-82E4-4C56-A6A6-E2B51ACAB5CF, 2021-04-01T15:30:19, true
9DDDD405-82E4-4C56-A6A6-E2B51ACAB5CF, 2021-04-01T15:31:46, true
9DDDD405-82E4-4C56-A6A6-E2B51ACAB5CF, 2021-04-01T15:32:48, true
9DDDD405-82E4-4C56-A6A6-E2B51ACAB5CF, 2021-04-01T15:33:48, true
9DDDD405-82E4-4C56-A6A6-E2B51ACAB5CF, 2021-04-01T15:34:55, true
9DDDD405-82E4-4C56-A6A6-E2B51ACAB5CF, 2021-04-01T15:35:55, true
9DDDD405-82E4-4C56-A6A6-E2B51ACAB5CF, 2021-04-01T15:36:57, true
9DDDD405-82E4-4C56-A6A6-E2B51ACAB5CF, 2021-04-01T15:38:01, true
9DDDD405-82E4-4C56-A6A6-E2B51ACAB5CF, 2021-04-01T15:39:05, true
9DDDD405-82E4-4C56-A6A6-E2B51ACAB5CF, 2021-04-01T15:40:14, true
9DDDD405-82E4-4C56-A6A6-E2B51ACAB5CF, 2021-04-01T15:41:35, true
9DDDD405-82E4-4C56-A6A6-E2B51ACAB5CF, 2021-04-01T15:42:35, false
9DDDD405-82E4-4C56-A6A6-E2B51ACAB5CF, 2021-04-01T15:43:35, false
9DDDD405-82E4-4C56-A6A6-E2B51ACAB5CF, 2021-04-01T15:44:31, true
9DDDD405-82E4-4C56-A6A6-E2B51ACAB5CF, 2021-04-01T15:45:44, true
9DDDD405-82E4-4C56-A6A6-E2B51ACAB5CF, 2021-04-01T15:46:44, false
9DDDD405-82E4-4C56-A6A6-E2B51ACAB5CF, 2021-04-01T15:47:35, true
9DDDD405-82E4-4C56-A6A6-E2B51ACAB5CF, 2021-04-01T15:48:37, true
9DDDD405-82E4-4C56-A6A6-E2B51ACAB5CF, 2021-04-01T15:49:40, true
9DDDD405-82E4-4C56-A6A6-E2B51ACAB5CF, 2021-04-01T15:50:42, true
9DDDD405-82E4-4C56-A6A6-E2B51ACAB5CF, 2021-04-01T15:51:45, true
9DDDD405-82E4-4C56-A6A6-E2B51ACAB5CF, 2021-04-01T15:52:47, true
9DDDD405-82E4-4C56-A6A6-E2B51ACAB5CF, 2021-04-01T15:53:49, true
9DDDD405-82E4-4C56-A6A6-E2B51ACAB5CF, 2021-04-01T15:54:52, true
9DDDD405-82E4-4C56-A6A6-E2B51ACAB5CF, 2021-04-01T15:55:52, true
9DDDD405-82E4-4C56-A6A6-E2B51ACAB5CF, 2021-04-01T15:56:55, true
9DDDD405-82E4-4C56-A6A6-E2B51ACAB5CF, 2021-04-01T15:57:56, true
9DDDD405-82E4-4C56-A6A6-E2B51ACAB5CF, 2021-04-01T15:59:14, true
9DDDD405-82E4-4C56-A6A6-E2B51ACAB5CF, 2021-04-01T16:00:17, true
9DDDD405-82E4-4C56-A6A6-E2B51ACAB5CF, 2021-04-01T16:01:20, true
9DDDD405-82E4-4C56-A6A6-E2B51ACAB5CF, 2021-04-01T16:02:21, true
9DDDD405-82E4-4C56-A6A6-E2B51ACAB5CF, 2021-04-01T16:03:22, true
9DDDD405-82E4-4C56-A6A6-E2B51ACAB5CF, 2021-04-01T16:04:24, true
9DDDD405-82E4-4C56-A6A6-E2B51ACAB5CF, 2021-04-01T16:05:26, true
9DDDD405-82E4-4C56-A6A6-E2B51ACAB5CF, 2021-04-01T16:06:29, true
9DDDD405-82E4-4C56-A6A6-E2B51ACAB5CF, 2021-04-01T16:07:37, true
9DDDD405-82E4-4C56-A6A6-E2B51ACAB5CF, 2021-04-01T16:08:41, true
9DDDD405-82E4-4C56-A6A6-E2B51ACAB5CF, 2021-04-01T16:09:42, true
9DDDD405-82E4-4C56-A6A6-E2B51ACAB5CF, 2021-04-01T16:10:46, true
9DDDD405-82E4-4C56-A6A6-E2B51ACAB5CF, 2021-04-01T16:11:59, true
9DDDD405-82E4-4C56-A6A6-E2B51ACAB5CF, 2021-04-01T16:13:00, true
9DDDD405-82E4-4C56-A6A6-E2B51ACAB5CF, 2021-04-01T16:14:01, true
9DDDD405-82E4-4C56-A6A6-E2B51ACAB5CF, 2021-04-01T16:15:03, true
9DDDD405-82E4-4C56-A6A6-E2B51ACAB5CF, 2021-04-01T16:16:05, true
9DDDD405-82E4-4C56-A6A6-E2B51ACAB5CF, 2021-04-01T16:17:10, true
9DDDD405-82E4-4C56-A6A6-E2B51ACAB5CF, 2021-04-01T16:18:20, true
9DDDD405-82E4-4C56-A6A6-E2B51ACAB5CF, 2021-04-01T16:19:21, true
9DDDD405-82E4-4C56-A6A6-E2B51ACAB5CF, 2021-04-01T16:20:21, true
9DDDD405-82E4-4C56-A6A6-E2B51ACAB5CF, 2021-04-01T16:21:23, true
9DDDD405-82E4-4C56-A6A6-E2B51ACAB5CF, 2021-04-01T16:22:26, true
9DDDD405-82E4-4C56-A6A6-E2B51ACAB5CF, 2021-04-01T16:23:51, true
9DDDD405-82E4-4C56-A6A6-E2B51ACAB5CF, 2021-04-01T16:24:52, true
9DDDD405-82E4-4C56-A6A6-E2B51ACAB5CF, 2021-04-01T16:25:56, true
9DDDD405-82E4-4C56-A6A6-E2B51ACAB5CF, 2021-04-01T16:26:57, true
9DDDD405-82E4-4C56-A6A6-E2B51ACAB5CF, 2021-04-01T16:27:57, true
9DDDD405-82E4-4C56-A6A6-E2B51ACAB5CF, 2021-04-01T16:28:57, true
9DDDD405-82E4-4C56-A6A6-E2B51ACAB5CF, 2021-04-01T16:29:57, true
9DDDD405-82E4-4C56-A6A6-E2B51ACAB5CF, 2021-04-01T16:30:57, true
9DDDD405-82E4-4C56-A6A6-E2B51ACAB5CF, 2021-04-01T16:32:01, true
9DDDD405-82E4-4C56-A6A6-E2B51ACAB5CF, 2021-04-01T16:33:02, true
9DDDD405-82E4-4C56-A6A6-E2B51ACAB5CF, 2021-04-01T16:34:08, true
9DDDD405-82E4-4C56-A6A6-E2B51ACAB5CF, 2021-04-01T16:35:12, true
9DDDD405-82E4-4C56-A6A6-E2B51ACAB5CF, 2021-04-01T16:36:14, true
9DDDD405-82E4-4C56-A6A6-E2B51ACAB5CF, 2021-04-01T16:37:16, true
9DDDD405-82E4-4C56-A6A6-E2B51ACAB5CF, 2021-04-01T16:38:18, true
9DDDD405-82E4-4C56-A6A6-E2B51ACAB5CF, 2021-04-01T16:39:22, true
9DDDD405-82E4-4C56-A6A6-E2B51ACAB5CF, 2021-04-01T16:40:26, true
9DDDD405-82E4-4C56-A6A6-E2B51ACAB5CF, 2021-04-01T16:41:27, true
9DDDD405-82E4-4C56-A6A6-E2B51ACAB5CF, 2021-04-01T16:42:27, true
9DDDD405-82E4-4C56-A6A6-E2B51ACAB5CF, 2021-04-01T16:43:30, true
9DDDD405-82E4-4C56-A6A6-E2B51ACAB5CF, 2021-04-01T16:44:32, true
9DDDD405-82E4-4C56-A6A6-E2B51ACAB5CF, 2021-04-01T16:45:32, true
9DDDD405-82E4-4C56-A6A6-E2B51ACAB5CF, 2021-04-01T16:46:33, true
9DDDD405-82E4-4C56-A6A6-E2B51ACAB5CF, 2021-04-01T16:47:37, true
9DDDD405-82E4-4C56-A6A6-E2B51ACAB5CF, 2021-04-01T16:48:40, true
9DDDD405-82E4-4C56-A6A6-E2B51ACAB5CF, 2021-04-01T16:49:42, true
9DDDD405-82E4-4C56-A6A6-E2B51ACAB5CF, 2021-04-01T16:50:45, true
9DDDD405-82E4-4C56-A6A6-E2B51ACAB5CF, 2021-04-01T16:51:48, true
9DDDD405-82E4-4C56-A6A6-E2B51ACAB5CF, 2021-04-01T16:53:06, true
9DDDD405-82E4-4C56-A6A6-E2B51ACAB5CF, 2021-04-01T16:54:08, true
9DDDD405-82E4-4C56-A6A6-E2B51ACAB5CF, 2021-04-01T16:55:09, true
9DDDD405-82E4-4C56-A6A6-E2B51ACAB5CF, 2021-04-01T16:56:11, true
9DDDD405-82E4-4C56-A6A6-E2B51ACAB5CF, 2021-04-01T16:57:12, true
9DDDD405-82E4-4C56-A6A6-E2B51ACAB5CF, 2021-04-01T16:58:14, true
9DDDD405-82E4-4C56-A6A6-E2B51ACAB5CF, 2021-04-01T16:59:15, true
9DDDD405-82E4-4C56-A6A6-E2B51ACAB5CF, 2021-04-01T17:00:16, true
9DDDD405-82E4-4C56-A6A6-E2B51ACAB5CF, 2021-04-01T17:01:16, false
9DDDD405-82E4-4C56-A6A6-E2B51ACAB5CF, 2021-04-01T17:02:14, true
9DDDD405-82E4-4C56-A6A6-E2B51ACAB5CF, 2021-04-01T17:03:20, true
9DDDD405-82E4-4C56-A6A6-E2B51ACAB5CF, 2021-04-01T17:04:21, true
9DDDD405-82E4-4C56-A6A6-E2B51ACAB5CF, 2021-04-01T17:05:23, true
9DDDD405-82E4-4C56-A6A6-E2B51ACAB5CF, 2021-04-01T17:06:26, true
9DDDD405-82E4-4C56-A6A6-E2B51ACAB5CF, 2021-04-01T17:07:31, true
9DDDD405-82E4-4C56-A6A6-E2B51ACAB5CF, 2021-04-01T17:08:33, true
9DDDD405-82E4-4C56-A6A6-E2B51ACAB5CF, 2021-04-01T17:09:33, false
9DDDD405-82E4-4C56-A6A6-E2B51ACAB5CF, 2021-04-01T17:10:17, true
9DDDD405-82E4-4C56-A6A6-E2B51ACAB5CF, 2021-04-01T17:11:17, true
9DDDD405-82E4-4C56-A6A6-E2B51ACAB5CF, 2021-04-01T17:12:18, true
9DDDD405-82E4-4C56-A6A6-E2B51ACAB5CF, 2021-04-01T17:13:30, true
9DDDD405-82E4-4C56-A6A6-E2B51ACAB5CF, 2021-04-01T17:14:41, true
9DDDD405-82E4-4C56-A6A6-E2B51ACAB5CF, 2021-04-01T17:15:44, true
9DDDD405-82E4-4C56-A6A6-E2B51ACAB5CF, 2021-04-01T17:16:46, true
9DDDD405-82E4-4C56-A6A6-E2B51ACAB5CF, 2021-04-01T17:17:46, true
9DDDD405-82E4-4C56-A6A6-E2B51ACAB5CF, 2021-04-01T17:18:48, true
9DDDD405-82E4-4C56-A6A6-E2B51ACAB5CF, 2021-04-01T17:19:49, true
9DDDD405-82E4-4C56-A6A6-E2B51ACAB5CF, 2021-04-01T17:20:53, true
9DDDD405-82E4-4C56-A6A6-E2B51ACAB5CF, 2021-04-01T17:21:56, true
9DDDD405-82E4-4C56-A6A6-E2B51ACAB5CF, 2021-04-01T17:22:58, true
9DDDD405-82E4-4C56-A6A6-E2B51ACAB5CF, 2021-04-01T17:24:01, true
9DDDD405-82E4-4C56-A6A6-E2B51ACAB5CF, 2021-04-01T17:25:01, true
9DDDD405-82E4-4C56-A6A6-E2B51ACAB5CF, 2021-04-01T17:26:05, true
9DDDD405-82E4-4C56-A6A6-E2B51ACAB5CF, 2021-04-01T17:27:05, true
9DDDD405-82E4-4C56-A6A6-E2B51ACAB5CF, 2021-04-01T17:28:05, true
9DDDD405-82E4-4C56-A6A6-E2B51ACAB5CF, 2021-04-01T17:29:06, true
9DDDD405-82E4-4C56-A6A6-E2B51ACAB5CF, 2021-04-01T17:30:17, true
9DDDD405-82E4-4C56-A6A6-E2B51ACAB5CF, 2021-04-01T17:31:19, true
9DDDD405-82E4-4C56-A6A6-E2B51ACAB5CF, 2021-04-01T17:32:27, true
9DDDD405-82E4-4C56-A6A6-E2B51ACAB5CF, 2021-04-01T17:33:31, true
9DDDD405-82E4-4C56-A6A6-E2B51ACAB5CF, 2021-04-01T17:34:57, true
9DDDD405-82E4-4C56-A6A6-E2B51ACAB5CF, 2021-04-01T17:36:16, true
9DDDD405-82E4-4C56-A6A6-E2B51ACAB5CF, 2021-04-01T17:37:22, true
9DDDD405-82E4-4C56-A6A6-E2B51ACAB5CF, 2021-04-01T17:38:28, true
9DDDD405-82E4-4C56-A6A6-E2B51ACAB5CF, 2021-04-01T17:39:28, true
9DDDD405-82E4-4C56-A6A6-E2B51ACAB5CF, 2021-04-01T17:40:32, true
9DDDD405-82E4-4C56-A6A6-E2B51ACAB5CF, 2021-04-01T17:41:32, false
9DDDD405-82E4-4C56-A6A6-E2B51ACAB5CF, 2021-04-01T17:42:32, false
9DDDD405-82E4-4C56-A6A6-E2B51ACAB5CF, 2021-04-01T17:43:24, true
9DDDD405-82E4-4C56-A6A6-E2B51ACAB5CF, 2021-04-01T17:44:44, true
9DDDD405-82E4-4C56-A6A6-E2B51ACAB5CF, 2021-04-01T17:45:47, true
9DDDD405-82E4-4C56-A6A6-E2B51ACAB5CF, 2021-04-01T17:46:49, true
9DDDD405-82E4-4C56-A6A6-E2B51ACAB5CF, 2021-04-01T17:47:49, false
9DDDD405-82E4-4C56-A6A6-E2B51ACAB5CF, 2021-04-01T17:48:21, true
9DDDD405-82E4-4C56-A6A6-E2B51ACAB5CF, 2021-04-01T17:49:39, true
9DDDD405-82E4-4C56-A6A6-E2B51ACAB5CF, 2021-04-01T17:50:43, true
9DDDD405-82E4-4C56-A6A6-E2B51ACAB5CF, 2021-04-01T17:51:44, true
9DDDD405-82E4-4C56-A6A6-E2B51ACAB5CF, 2021-04-01T17:52:46, true
9DDDD405-82E4-4C56-A6A6-E2B51ACAB5CF, 2021-04-01T17:53:47, true
9DDDD405-82E4-4C56-A6A6-E2B51ACAB5CF, 2021-04-01T17:54:49, true
9DDDD405-82E4-4C56-A6A6-E2B51ACAB5CF, 2021-04-01T17:55:49, true
9DDDD405-82E4-4C56-A6A6-E2B51ACAB5CF, 2021-04-01T17:56:50, true
9DDDD405-82E4-4C56-A6A6-E2B51ACAB5CF, 2021-04-01T17:57:52, true
9DDDD405-82E4-4C56-A6A6-E2B51ACAB5CF, 2021-04-01T17:59:02, true
9DDDD405-82E4-4C56-A6A6-E2B51ACAB5CF, 2021-04-01T18:00:03, true
9DDDD405-82E4-4C56-A6A6-E2B51ACAB5CF, 2021-04-01T18:01:03, true
9DDDD405-82E4-4C56-A6A6-E2B51ACAB5CF, 2021-04-01T18:02:05, true
9DDDD405-82E4-4C56-A6A6-E2B51ACAB5CF, 2021-04-01T18:03:08, true
9DDDD405-82E4-4C56-A6A6-E2B51ACAB5CF, 2021-04-01T18:04:14, true
9DDDD405-82E4-4C56-A6A6-E2B51ACAB5CF, 2021-04-01T18:05:14, true
9DDDD405-82E4-4C56-A6A6-E2B51ACAB5CF, 2021-04-01T18:06:15, true
9DDDD405-82E4-4C56-A6A6-E2B51ACAB5CF, 2021-04-01T18:07:17, true
9DDDD405-82E4-4C56-A6A6-E2B51ACAB5CF, 2021-04-01T18:08:21, true
9DDDD405-82E4-4C56-A6A6-E2B51ACAB5CF, 2021-04-01T18:09:27, true
9DDDD405-82E4-4C56-A6A6-E2B51ACAB5CF, 2021-04-01T18:10:46, true
9DDDD405-82E4-4C56-A6A6-E2B51ACAB5CF, 2021-04-01T18:11:47, true
9DDDD405-82E4-4C56-A6A6-E2B51ACAB5CF, 2021-04-01T18:12:53, true
9DDDD405-82E4-4C56-A6A6-E2B51ACAB5CF, 2021-04-01T18:13:55, true
9DDDD405-82E4-4C56-A6A6-E2B51ACAB5CF, 2021-04-01T18:14:57, true
9DDDD405-82E4-4C56-A6A6-E2B51ACAB5CF, 2021-04-01T18:15:59, true
9DDDD405-82E4-4C56-A6A6-E2B51ACAB5CF, 2021-04-01T18:17:02, true
9DDDD405-82E4-4C56-A6A6-E2B51ACAB5CF, 2021-04-01T18:18:07, true
9DDDD405-82E4-4C56-A6A6-E2B51ACAB5CF, 2021-04-01T18:19:10, true
9DDDD405-82E4-4C56-A6A6-E2B51ACAB5CF, 2021-04-01T18:20:14, true
9DDDD405-82E4-4C56-A6A6-E2B51ACAB5CF, 2021-04-01T18:21:15, true
9DDDD405-82E4-4C56-A6A6-E2B51ACAB5CF, 2021-04-01T18:22:17, true
9DDDD405-82E4-4C56-A6A6-E2B51ACAB5CF, 2021-04-01T18:23:19, true
9DDDD405-82E4-4C56-A6A6-E2B51ACAB5CF, 2021-04-01T18:24:21, true
9DDDD405-82E4-4C56-A6A6-E2B51ACAB5CF, 2021-04-01T18:25:23, true
9DDDD405-82E4-4C56-A6A6-E2B51ACAB5CF, 2021-04-01T18:26:26, true
9DDDD405-82E4-4C56-A6A6-E2B51ACAB5CF, 2021-04-01T18:27:29, true
9DDDD405-82E4-4C56-A6A6-E2B51ACAB5CF, 2021-04-01T18:28:53, true
9DDDD405-82E4-4C56-A6A6-E2B51ACAB5CF, 2021-04-01T18:29:53, false
9DDDD405-82E4-4C56-A6A6-E2B51ACAB5CF, 2021-04-01T18:30:53, false
9DDDD405-82E4-4C56-A6A6-E2B51ACAB5CF, 2021-04-01T18:31:53, false
9DDDD405-82E4-4C56-A6A6-E2B51ACAB5CF, 2021-04-01T18:32:53, false
9DDDD405-82E4-4C56-A6A6-E2B51ACAB5CF, 2021-04-01T18:33:53, false
9DDDD405-82E4-4C56-A6A6-E2B51ACAB5CF, 2021-04-01T18:34:53, false
9DDDD405-82E4-4C56-A6A6-E2B51ACAB5CF, 2021-04-01T18:35:53, false
9DDDD405-82E4-4C56-A6A6-E2B51ACAB5CF, 2021-04-01T18:36:53, false
9DDDD405-82E4-4C56-A6A6-E2B51ACAB5CF, 2021-04-01T18:37:53, false
9DDDD405-82E4-4C56-A6A6-E2B51ACAB5CF, 2021-04-01T18:38:53, false
9DDDD405-82E4-4C56-A6A6-E2B51ACAB5CF, 2021-04-01T18:39:53, false
9DDDD405-82E4-4C56-A6A6-E2B51ACAB5CF, 2021-04-01T18:40:53, false
9DDDD405-82E4-4C56-A6A6-E2B51ACAB5CF, 2021-04-01T18:41:53, false
9DDDD405-82E4-4C56-A6A6-E2B51ACAB5CF, 2021-04-01T18:42:53, false
9DDDD405-82E4-4C56-A6A6-E2B51ACAB5CF, 2021-04-01T18:43:53, false
9DDDD405-82E4-4C56-A6A6-E2B51ACAB5CF, 2021-04-01T18:44:53, false
9DDDD405-82E4-4C56-A6A6-E2B51ACAB5CF, 2021-04-01T18:45:57, true
9DDDD405-82E4-4C56-A6A6-E2B51ACAB5CF, 2021-04-01T18:47:02, true
9DDDD405-82E4-4C56-A6A6-E2B51ACAB5CF, 2021-04-01T18:48:07, true
9DDDD405-82E4-4C56-A6A6-E2B51ACAB5CF, 2021-04-01T18:49:10, true
9DDDD405-82E4-4C56-A6A6-E2B51ACAB5CF, 2021-04-01T18:50:14, true
9DDDD405-82E4-4C56-A6A6-E2B51ACAB5CF, 2021-04-01T18:51:28, true
9DDDD405-82E4-4C56-A6A6-E2B51ACAB5CF, 2021-04-01T18:52:29, true
9DDDD405-82E4-4C56-A6A6-E2B51ACAB5CF, 2021-04-01T18:53:30, true
9DDDD405-82E4-4C56-A6A6-E2B51ACAB5CF, 2021-04-01T18:54:57, true
9DDDD405-82E4-4C56-A6A6-E2B51ACAB5CF, 2021-04-01T18:56:02, true
9DDDD405-82E4-4C56-A6A6-E2B51ACAB5CF, 2021-04-01T18:57:06, true
9DDDD405-82E4-4C56-A6A6-E2B51ACAB5CF, 2021-04-01T18:58:25, true
9DDDD405-82E4-4C56-A6A6-E2B51ACAB5CF, 2021-04-01T18:59:28, true
9DDDD405-82E4-4C56-A6A6-E2B51ACAB5CF, 2021-04-01T19:00:30, true
9DDDD405-82E4-4C56-A6A6-E2B51ACAB5CF, 2021-04-01T19:01:32, true
9DDDD405-82E4-4C56-A6A6-E2B51ACAB5CF, 2021-04-01T19:02:43, true
9DDDD405-82E4-4C56-A6A6-E2B51ACAB5CF, 2021-04-01T19:03:44, true
9DDDD405-82E4-4C56-A6A6-E2B51ACAB5CF, 2021-04-01T19:05:01, true
9DDDD405-82E4-4C56-A6A6-E2B51ACAB5CF, 2021-04-01T19:06:03, true
9DDDD405-82E4-4C56-A6A6-E2B51ACAB5CF, 2021-04-01T19:07:06, true
9DDDD405-82E4-4C56-A6A6-E2B51ACAB5CF, 2021-04-01T19:08:08, true
9DDDD405-82E4-4C56-A6A6-E2B51ACAB5CF, 2021-04-01T19:09:27, true
9DDDD405-82E4-4C56-A6A6-E2B51ACAB5CF, 2021-04-01T19:10:28, true
9DDDD405-82E4-4C56-A6A6-E2B51ACAB5CF, 2021-04-01T19:11:28, true
9DDDD405-82E4-4C56-A6A6-E2B51ACAB5CF, 2021-04-01T19:12:32, true
9DDDD405-82E4-4C56-A6A6-E2B51ACAB5CF, 2021-04-01T19:13:37, true
9DDDD405-82E4-4C56-A6A6-E2B51ACAB5CF, 2021-04-01T19:14:40, true
9DDDD405-82E4-4C56-A6A6-E2B51ACAB5CF, 2021-04-01T19:15:43, true
9DDDD405-82E4-4C56-A6A6-E2B51ACAB5CF, 2021-04-01T19:16:44, true
9DDDD405-82E4-4C56-A6A6-E2B51ACAB5CF, 2021-04-01T19:17:47, true
9DDDD405-82E4-4C56-A6A6-E2B51ACAB5CF, 2021-04-01T19:18:48, true
9DDDD405-82E4-4C56-A6A6-E2B51ACAB5CF, 2021-04-01T19:19:51, true
9DDDD405-82E4-4C56-A6A6-E2B51ACAB5CF, 2021-04-01T19:20:56, true
9DDDD405-82E4-4C56-A6A6-E2B51ACAB5CF, 2021-04-01T19:21:58, true
9DDDD405-82E4-4C56-A6A6-E2B51ACAB5CF, 2021-04-01T19:23:00, true
9DDDD405-82E4-4C56-A6A6-E2B51ACAB5CF, 2021-04-01T19:24:10, true
9DDDD405-82E4-4C56-A6A6-E2B51ACAB5CF, 2021-04-01T19:25:13, true
9DDDD405-82E4-4C56-A6A6-E2B51ACAB5CF, 2021-04-01T19:26:41, true
9DDDD405-82E4-4C56-A6A6-E2B51ACAB5CF, 2021-04-01T19:27:44, true
9DDDD405-82E4-4C56-A6A6-E2B51ACAB5CF, 2021-04-01T19:28:49, true
9DDDD405-82E4-4C56-A6A6-E2B51ACAB5CF, 2021-04-01T19:29:53, true
9DDDD405-82E4-4C56-A6A6-E2B51ACAB5CF, 2021-04-01T19:30:56, true
9DDDD405-82E4-4C56-A6A6-E2B51ACAB5CF, 2021-04-01T19:31:56, false
9DDDD405-82E4-4C56-A6A6-E2B51ACAB5CF, 2021-04-01T19:32:56, false
9DDDD405-82E4-4C56-A6A6-E2B51ACAB5CF, 2021-04-01T19:33:56, false
9DDDD405-82E4-4C56-A6A6-E2B51ACAB5CF, 2021-04-01T19:34:53, true
9DDDD405-82E4-4C56-A6A6-E2B51ACAB5CF, 2021-04-01T19:35:54, true
9DDDD405-82E4-4C56-A6A6-E2B51ACAB5CF, 2021-04-01T19:36:54, false
9DDDD405-82E4-4C56-A6A6-E2B51ACAB5CF, 2021-04-01T19:37:54, false
9DDDD405-82E4-4C56-A6A6-E2B51ACAB5CF, 2021-04-01T19:38:54, false
9DDDD405-82E4-4C56-A6A6-E2B51ACAB5CF, 2021-04-01T19:40:03, true
9DDDD405-82E4-4C56-A6A6-E2B51ACAB5CF, 2021-04-01T19:41:03, false
9DDDD405-82E4-4C56-A6A6-E2B51ACAB5CF, 2021-04-01T19:42:08, true
9DDDD405-82E4-4C56-A6A6-E2B51ACAB5CF, 2021-04-01T19:43:16, true
9DDDD405-82E4-4C56-A6A6-E2B51ACAB5CF, 2021-04-01T19:44:16, false
9DDDD405-82E4-4C56-A6A6-E2B51ACAB5CF, 2021-04-01T19:45:16, false
9DDDD405-82E4-4C56-A6A6-E2B51ACAB5CF, 2021-04-01T19:46:16, false
9DDDD405-82E4-4C56-A6A6-E2B51ACAB5CF, 2021-04-01T19:47:16, false
9DDDD405-82E4-4C56-A6A6-E2B51ACAB5CF, 2021-04-01T19:48:16, false
9DDDD405-82E4-4C56-A6A6-E2B51ACAB5CF, 2021-04-01T19:49:16, false
9DDDD405-82E4-4C56-A6A6-E2B51ACAB5CF, 2021-04-01T19:50:16, false
9DDDD405-82E4-4C56-A6A6-E2B51ACAB5CF, 2021-04-01T19:51:16, false
9DDDD405-82E4-4C56-A6A6-E2B51ACAB5CF, 2021-04-01T19:52:16, false
9DDDD405-82E4-4C56-A6A6-E2B51ACAB5CF, 2021-04-01T19:53:16, false
9DDDD405-82E4-4C56-A6A6-E2B51ACAB5CF, 2021-04-01T19:54:16, false
9DDDD405-82E4-4C56-A6A6-E2B51ACAB5CF, 2021-04-01T19:55:16, false
9DDDD405-82E4-4C56-A6A6-E2B51ACAB5CF, 2021-04-01T19:56:16, false
9DDDD405-82E4-4C56-A6A6-E2B51ACAB5CF, 2021-04-01T19:57:16, false
9DDDD405-82E4-4C56-A6A6-E2B51ACAB5CF, 2021-04-01T19:58:16, false
9DDDD405-82E4-4C56-A6A6-E2B51ACAB5CF, 2021-04-01T19:59:16, false
9DDDD405-82E4-4C56-A6A6-E2B51ACAB5CF, 2021-04-01T20:00:16, false
9DDDD405-82E4-4C56-A6A6-E2B51ACAB5CF, 2021-04-01T20:01:16, false
9DDDD405-82E4-4C56-A6A6-E2B51ACAB5CF, 2021-04-01T20:02:16, false
9DDDD405-82E4-4C56-A6A6-E2B51ACAB5CF, 2021-04-01T20:03:16, false
9DDDD405-82E4-4C56-A6A6-E2B51ACAB5CF, 2021-04-01T20:04:16, false
9DDDD405-82E4-4C56-A6A6-E2B51ACAB5CF, 2021-04-01T20:05:16, false
9DDDD405-82E4-4C56-A6A6-E2B51ACAB5CF, 2021-04-01T20:06:16, false
9DDDD405-82E4-4C56-A6A6-E2B51ACAB5CF, 2021-04-01T20:07:16, false
9DDDD405-82E4-4C56-A6A6-E2B51ACAB5CF, 2021-04-01T20:08:16, false
9DDDD405-82E4-4C56-A6A6-E2B51ACAB5CF, 2021-04-01T20:09:16, false
9DDDD405-82E4-4C56-A6A6-E2B51ACAB5CF, 2021-04-01T20:10:16, false
9DDDD405-82E4-4C56-A6A6-E2B51ACAB5CF, 2021-04-01T20:11:16, false
9DDDD405-82E4-4C56-A6A6-E2B51ACAB5CF, 2021-04-01T20:12:16, false
9DDDD405-82E4-4C56-A6A6-E2B51ACAB5CF, 2021-04-01T20:13:16, false
9DDDD405-82E4-4C56-A6A6-E2B51ACAB5CF, 2021-04-01T20:14:16, false
9DDDD405-82E4-4C56-A6A6-E2B51ACAB5CF, 2021-04-01T20:15:16, false
9DDDD405-82E4-4C56-A6A6-E2B51ACAB5CF, 2021-04-01T20:16:16, false
9DDDD405-82E4-4C56-A6A6-E2B51ACAB5CF, 2021-04-01T20:17:16, false
9DDDD405-82E4-4C56-A6A6-E2B51ACAB5CF, 2021-04-01T20:18:16, false
9DDDD405-82E4-4C56-A6A6-E2B51ACAB5CF, 2021-04-01T20:19:16, false
9DDDD405-82E4-4C56-A6A6-E2B51ACAB5CF, 2021-04-01T20:20:16, false
9DDDD405-82E4-4C56-A6A6-E2B51ACAB5CF, 2021-04-01T20:21:16, false
9DDDD405-82E4-4C56-A6A6-E2B51ACAB5CF, 2021-04-01T20:22:16, false
9DDDD405-82E4-4C56-A6A6-E2B51ACAB5CF, 2021-04-01T20:23:16, false
9DDDD405-82E4-4C56-A6A6-E2B51ACAB5CF, 2021-04-01T20:24:16, false
9DDDD405-82E4-4C56-A6A6-E2B51ACAB5CF, 2021-04-01T20:25:16, false
9DDDD405-82E4-4C56-A6A6-E2B51ACAB5CF, 2021-04-01T20:26:16, false
9DDDD405-82E4-4C56-A6A6-E2B51ACAB5CF, 2021-04-01T20:27:16, false
9DDDD405-82E4-4C56-A6A6-E2B51ACAB5CF, 2021-04-01T20:28:16, false
9DDDD405-82E4-4C56-A6A6-E2B51ACAB5CF, 2021-04-01T20:29:16, false
9DDDD405-82E4-4C56-A6A6-E2B51ACAB5CF, 2021-04-01T20:30:16, false
9DDDD405-82E4-4C56-A6A6-E2B51ACAB5CF, 2021-04-01T20:31:16, false
9DDDD405-82E4-4C56-A6A6-E2B51ACAB5CF, 2021-04-01T20:32:16, false
9DDDD405-82E4-4C56-A6A6-E2B51ACAB5CF, 2021-04-01T20:33:16, false
9DDDD405-82E4-4C56-A6A6-E2B51ACAB5CF, 2021-04-01T20:34:16, false
9DDDD405-82E4-4C56-A6A6-E2B51ACAB5CF, 2021-04-01T20:35:16, false
9DDDD405-82E4-4C56-A6A6-E2B51ACAB5CF, 2021-04-01T20:36:16, false
9DDDD405-82E4-4C56-A6A6-E2B51ACAB5CF, 2021-04-01T20:37:16, false
9DDDD405-82E4-4C56-A6A6-E2B51ACAB5CF, 2021-04-01T20:38:16, false
9DDDD405-82E4-4C56-A6A6-E2B51ACAB5CF, 2021-04-01T20:39:16, false
9DDDD405-82E4-4C56-A6A6-E2B51ACAB5CF, 2021-04-01T20:40:16, false
9DDDD405-82E4-4C56-A6A6-E2B51ACAB5CF, 2021-04-01T20:41:16, false
9DDDD405-82E4-4C56-A6A6-E2B51ACAB5CF, 2021-04-01T20:42:16, false
9DDDD405-82E4-4C56-A6A6-E2B51ACAB5CF, 2021-04-01T20:43:16, false
9DDDD405-82E4-4C56-A6A6-E2B51ACAB5CF, 2021-04-01T20:44:16, false
9DDDD405-82E4-4C56-A6A6-E2B51ACAB5CF, 2021-04-01T20:45:16, false
9DDDD405-82E4-4C56-A6A6-E2B51ACAB5CF, 2021-04-01T20:46:16, false
9DDDD405-82E4-4C56-A6A6-E2B51ACAB5CF, 2021-04-01T20:47:29, true
9DDDD405-82E4-4C56-A6A6-E2B51ACAB5CF, 2021-04-01T20:48:43, true
9DDDD405-82E4-4C56-A6A6-E2B51ACAB5CF, 2021-04-01T20:49:46, true
9DDDD405-82E4-4C56-A6A6-E2B51ACAB5CF, 2021-04-01T20:50:48, true
9DDDD405-82E4-4C56-A6A6-E2B51ACAB5CF, 2021-04-01T20:51:48, true
9DDDD405-82E4-4C56-A6A6-E2B51ACAB5CF, 2021-04-01T20:52:50, true
9DDDD405-82E4-4C56-A6A6-E2B51ACAB5CF, 2021-04-01T20:53:51, true
9DDDD405-82E4-4C56-A6A6-E2B51ACAB5CF, 2021-04-01T20:54:54, true
9DDDD405-82E4-4C56-A6A6-E2B51ACAB5CF, 2021-04-01T20:55:55, true
9DDDD405-82E4-4C56-A6A6-E2B51ACAB5CF, 2021-04-01T20:57:06, true
9DDDD405-82E4-4C56-A6A6-E2B51ACAB5CF, 2021-04-01T20:58:09, true
9DDDD405-82E4-4C56-A6A6-E2B51ACAB5CF, 2021-04-01T20:59:22, true
9DDDD405-82E4-4C56-A6A6-E2B51ACAB5CF, 2021-04-01T21:00:25, true
9DDDD405-82E4-4C56-A6A6-E2B51ACAB5CF, 2021-04-01T21:01:26, true
9DDDD405-82E4-4C56-A6A6-E2B51ACAB5CF, 2021-04-01T21:02:28, true
9DDDD405-82E4-4C56-A6A6-E2B51ACAB5CF, 2021-04-01T21:03:30, true
9DDDD405-82E4-4C56-A6A6-E2B51ACAB5CF, 2021-04-01T21:04:34, true
9DDDD405-82E4-4C56-A6A6-E2B51ACAB5CF, 2021-04-01T21:05:36, true
9DDDD405-82E4-4C56-A6A6-E2B51ACAB5CF, 2021-04-01T21:06:37, true
9DDDD405-82E4-4C56-A6A6-E2B51ACAB5CF, 2021-04-01T21:07:38, true
9DDDD405-82E4-4C56-A6A6-E2B51ACAB5CF, 2021-04-01T21:08:40, true
9DDDD405-82E4-4C56-A6A6-E2B51ACAB5CF, 2021-04-01T21:09:42, true
9DDDD405-82E4-4C56-A6A6-E2B51ACAB5CF, 2021-04-01T21:10:53, true
9DDDD405-82E4-4C56-A6A6-E2B51ACAB5CF, 2021-04-01T21:11:54, true
9DDDD405-82E4-4C56-A6A6-E2B51ACAB5CF, 2021-04-01T21:12:54, true
9DDDD405-82E4-4C56-A6A6-E2B51ACAB5CF, 2021-04-01T21:13:54, true
9DDDD405-82E4-4C56-A6A6-E2B51ACAB5CF, 2021-04-01T21:14:57, true
9DDDD405-82E4-4C56-A6A6-E2B51ACAB5CF, 2021-04-01T21:15:59, true
9DDDD405-82E4-4C56-A6A6-E2B51ACAB5CF, 2021-04-01T21:17:19, true
9DDDD405-82E4-4C56-A6A6-E2B51ACAB5CF, 2021-04-01T21:18:23, true
9DDDD405-82E4-4C56-A6A6-E2B51ACAB5CF, 2021-04-01T21:19:25, true
9DDDD405-82E4-4C56-A6A6-E2B51ACAB5CF, 2021-04-01T21:20:27, true
9DDDD405-82E4-4C56-A6A6-E2B51ACAB5CF, 2021-04-01T21:21:40, true
9DDDD405-82E4-4C56-A6A6-E2B51ACAB5CF, 2021-04-01T21:22:42, true
9DDDD405-82E4-4C56-A6A6-E2B51ACAB5CF, 2021-04-01T21:23:44, true
9DDDD405-82E4-4C56-A6A6-E2B51ACAB5CF, 2021-04-01T21:24:45, true
9DDDD405-82E4-4C56-A6A6-E2B51ACAB5CF, 2021-04-01T21:25:47, true
9DDDD405-82E4-4C56-A6A6-E2B51ACAB5CF, 2021-04-01T21:26:49, true
9DDDD405-82E4-4C56-A6A6-E2B51ACAB5CF, 2021-04-01T21:27:52, true
9DDDD405-82E4-4C56-A6A6-E2B51ACAB5CF, 2021-04-01T21:28:55, true
9DDDD405-82E4-4C56-A6A6-E2B51ACAB5CF, 2021-04-01T21:30:13, true
9DDDD405-82E4-4C56-A6A6-E2B51ACAB5CF, 2021-04-01T21:31:17, true
9DDDD405-82E4-4C56-A6A6-E2B51ACAB5CF, 2021-04-01T21:32:27, true
9DDDD405-82E4-4C56-A6A6-E2B51ACAB5CF, 2021-04-01T21:33:29, true
9DDDD405-82E4-4C56-A6A6-E2B51ACAB5CF, 2021-04-01T21:34:32, true
9DDDD405-82E4-4C56-A6A6-E2B51ACAB5CF, 2021-04-01T21:35:33, true
9DDDD405-82E4-4C56-A6A6-E2B51ACAB5CF, 2021-04-01T21:36:35, true
9DDDD405-82E4-4C56-A6A6-E2B51ACAB5CF, 2021-04-01T21:37:38, true
9DDDD405-82E4-4C56-A6A6-E2B51ACAB5CF, 2021-04-01T21:38:41, true
9DDDD405-82E4-4C56-A6A6-E2B51ACAB5CF, 2021-04-01T21:39:43, true
9DDDD405-82E4-4C56-A6A6-E2B51ACAB5CF, 2021-04-01T21:40:45, true
9DDDD405-82E4-4C56-A6A6-E2B51ACAB5CF, 2021-04-01T21:41:48, true
9DDDD405-82E4-4C56-A6A6-E2B51ACAB5CF, 2021-04-01T21:42:58, true
9DDDD405-82E4-4C56-A6A6-E2B51ACAB5CF, 2021-04-01T21:44:02, true
9DDDD405-82E4-4C56-A6A6-E2B51ACAB5CF, 2021-04-01T21:45:05, true
9DDDD405-82E4-4C56-A6A6-E2B51ACAB5CF, 2021-04-01T21:46:05, true
9DDDD405-82E4-4C56-A6A6-E2B51ACAB5CF, 2021-04-01T21:47:09, true
9DDDD405-82E4-4C56-A6A6-E2B51ACAB5CF, 2021-04-01T21:48:09, true
9DDDD405-82E4-4C56-A6A6-E2B51ACAB5CF, 2021-04-01T21:49:12, true
9DDDD405-82E4-4C56-A6A6-E2B51ACAB5CF, 2021-04-01T21:50:14, true
9DDDD405-82E4-4C56-A6A6-E2B51ACAB5CF, 2021-04-01T21:51:14, true
9DDDD405-82E4-4C56-A6A6-E2B51ACAB5CF, 2021-04-01T21:52:16, true
9DDDD405-82E4-4C56-A6A6-E2B51ACAB5CF, 2021-04-01T21:53:18, true
9DDDD405-82E4-4C56-A6A6-E2B51ACAB5CF, 2021-04-01T21:54:30, true
9DDDD405-82E4-4C56-A6A6-E2B51ACAB5CF, 2021-04-01T21:55:33, true
9DDDD405-82E4-4C56-A6A6-E2B51ACAB5CF, 2021-04-01T21:56:35, true
9DDDD405-82E4-4C56-A6A6-E2B51ACAB5CF, 2021-04-01T21:57:37, true
9DDDD405-82E4-4C56-A6A6-E2B51ACAB5CF, 2021-04-01T21:58:39, true
9DDDD405-82E4-4C56-A6A6-E2B51ACAB5CF, 2021-04-01T21:59:42, true
9DDDD405-82E4-4C56-A6A6-E2B51ACAB5CF, 2021-04-01T22:00:45, true
9DDDD405-82E4-4C56-A6A6-E2B51ACAB5CF, 2021-04-01T22:01:47, true
9DDDD405-82E4-4C56-A6A6-E2B51ACAB5CF, 2021-04-01T22:02:47, true
9DDDD405-82E4-4C56-A6A6-E2B51ACAB5CF, 2021-04-01T22:03:47, true
9DDDD405-82E4-4C56-A6A6-E2B51ACAB5CF, 2021-04-01T22:04:48, true
9DDDD405-82E4-4C56-A6A6-E2B51ACAB5CF, 2021-04-01T22:06:01, true
9DDDD405-82E4-4C56-A6A6-E2B51ACAB5CF, 2021-04-01T22:07:02, true
9DDDD405-82E4-4C56-A6A6-E2B51ACAB5CF, 2021-04-01T22:08:06, true
9DDDD405-82E4-4C56-A6A6-E2B51ACAB5CF, 2021-04-01T22:09:08, true
9DDDD405-82E4-4C56-A6A6-E2B51ACAB5CF, 2021-04-01T22:10:08, true
9DDDD405-82E4-4C56-A6A6-E2B51ACAB5CF, 2021-04-01T22:11:08, true
9DDDD405-82E4-4C56-A6A6-E2B51ACAB5CF, 2021-04-01T22:12:09, true
9DDDD405-82E4-4C56-A6A6-E2B51ACAB5CF, 2021-04-01T22:13:09, true
9DDDD405-82E4-4C56-A6A6-E2B51ACAB5CF, 2021-04-01T22:14:10, true
9DDDD405-82E4-4C56-A6A6-E2B51ACAB5CF, 2021-04-01T22:15:12, true
9DDDD405-82E4-4C56-A6A6-E2B51ACAB5CF, 2021-04-01T22:16:18, true
9DDDD405-82E4-4C56-A6A6-E2B51ACAB5CF, 2021-04-01T22:17:18, true
9DDDD405-82E4-4C56-A6A6-E2B51ACAB5CF, 2021-04-01T22:18:21, true
9DDDD405-82E4-4C56-A6A6-E2B51ACAB5CF, 2021-04-01T22:19:23, true
9DDDD405-82E4-4C56-A6A6-E2B51ACAB5CF, 2021-04-01T22:20:26, true
9DDDD405-82E4-4C56-A6A6-E2B51ACAB5CF, 2021-04-01T22:21:28, true
9DDDD405-82E4-4C56-A6A6-E2B51ACAB5CF, 2021-04-01T22:22:31, true
9DDDD405-82E4-4C56-A6A6-E2B51ACAB5CF, 2021-04-01T22:23:34, true
9DDDD405-82E4-4C56-A6A6-E2B51ACAB5CF, 2021-04-01T22:24:35, true
9DDDD405-82E4-4C56-A6A6-E2B51ACAB5CF, 2021-04-01T22:25:52, true
9DDDD405-82E4-4C56-A6A6-E2B51ACAB5CF, 2021-04-01T22:26:52, true
9DDDD405-82E4-4C56-A6A6-E2B51ACAB5CF, 2021-04-01T22:27:58, true
9DDDD405-82E4-4C56-A6A6-E2B51ACAB5CF, 2021-04-01T22:29:00, true
9DDDD405-82E4-4C56-A6A6-E2B51ACAB5CF, 2021-04-01T22:30:02, true
9DDDD405-82E4-4C56-A6A6-E2B51ACAB5CF, 2021-04-01T22:31:05, true
9DDDD405-82E4-4C56-A6A6-E2B51ACAB5CF, 2021-04-01T22:32:08, true
9DDDD405-82E4-4C56-A6A6-E2B51ACAB5CF, 2021-04-01T22:33:09, true
9DDDD405-82E4-4C56-A6A6-E2B51ACAB5CF, 2021-04-01T22:34:09, true
9DDDD405-82E4-4C56-A6A6-E2B51ACAB5CF, 2021-04-01T22:35:11, true
9DDDD405-82E4-4C56-A6A6-E2B51ACAB5CF, 2021-04-01T22:36:14, true
9DDDD405-82E4-4C56-A6A6-E2B51ACAB5CF, 2021-04-01T22:37:15, true
9DDDD405-82E4-4C56-A6A6-E2B51ACAB5CF, 2021-04-01T22:38:17, true
9DDDD405-82E4-4C56-A6A6-E2B51ACAB5CF, 2021-04-01T22:39:17, true
9DDDD405-82E4-4C56-A6A6-E2B51ACAB5CF, 2021-04-01T22:40:21, true
9DDDD405-82E4-4C56-A6A6-E2B51ACAB5CF, 2021-04-01T22:41:21, true
9DDDD405-82E4-4C56-A6A6-E2B51ACAB5CF, 2021-04-01T22:42:24, true
9DDDD405-82E4-4C56-A6A6-E2B51ACAB5CF, 2021-04-01T22:43:28, true
9DDDD405-82E4-4C56-A6A6-E2B51ACAB5CF, 2021-04-01T22:44:30, true
9DDDD405-82E4-4C56-A6A6-E2B51ACAB5CF, 2021-04-01T22:45:30, false
