Device, Measure Date Time, Exist
9DDDD405-82E4-4C56-A6A6-E2B51ACAB5CF, 2021-04-05T22:45:57, true
9DDDD405-82E4-4C56-A6A6-E2B51ACAB5CF, 2021-04-05T22:47:00, true
9DDDD405-82E4-4C56-A6A6-E2B51ACAB5CF, 2021-04-05T22:48:03, true
9DDDD405-82E4-4C56-A6A6-E2B51ACAB5CF, 2021-04-05T22:49:09, true
9DDDD405-82E4-4C56-A6A6-E2B51ACAB5CF, 2021-04-05T22:50:12, true
9DDDD405-82E4-4C56-A6A6-E2B51ACAB5CF, 2021-04-05T22:51:18, true
9DDDD405-82E4-4C56-A6A6-E2B51ACAB5CF, 2021-04-05T22:52:20, true
9DDDD405-82E4-4C56-A6A6-E2B51ACAB5CF, 2021-04-05T22:53:22, true
9DDDD405-82E4-4C56-A6A6-E2B51ACAB5CF, 2021-04-05T22:54:26, true
9DDDD405-82E4-4C56-A6A6-E2B51ACAB5CF, 2021-04-05T22:55:28, true
9DDDD405-82E4-4C56-A6A6-E2B51ACAB5CF, 2021-04-05T22:56:31, true
9DDDD405-82E4-4C56-A6A6-E2B51ACAB5CF, 2021-04-05T22:57:31, true
9DDDD405-82E4-4C56-A6A6-E2B51ACAB5CF, 2021-04-05T22:58:33, true
9DDDD405-82E4-4C56-A6A6-E2B51ACAB5CF, 2021-04-05T22:59:36, true
9DDDD405-82E4-4C56-A6A6-E2B51ACAB5CF, 2021-04-05T23:00:38, true
9DDDD405-82E4-4C56-A6A6-E2B51ACAB5CF, 2021-04-05T23:01:52, true
9DDDD405-82E4-4C56-A6A6-E2B51ACAB5CF, 2021-04-05T23:02:54, true
9DDDD405-82E4-4C56-A6A6-E2B51ACAB5CF, 2021-04-05T23:03:58, true
9DDDD405-82E4-4C56-A6A6-E2B51ACAB5CF, 2021-04-05T23:05:00, true
9DDDD405-82E4-4C56-A6A6-E2B51ACAB5CF, 2021-04-05T23:06:01, true
9DDDD405-82E4-4C56-A6A6-E2B51ACAB5CF, 2021-04-05T23:07:01, true
9DDDD405-82E4-4C56-A6A6-E2B51ACAB5CF, 2021-04-05T23:08:03, true
9DDDD405-82E4-4C56-A6A6-E2B51ACAB5CF, 2021-04-05T23:09:07, true
9DDDD405-82E4-4C56-A6A6-E2B51ACAB5CF, 2021-04-05T23:10:08, true
9DDDD405-82E4-4C56-A6A6-E2B51ACAB5CF, 2021-04-05T23:11:08, true
9DDDD405-82E4-4C56-A6A6-E2B51ACAB5CF, 2021-04-05T23:12:11, true
9DDDD405-82E4-4C56-A6A6-E2B51ACAB5CF, 2021-04-05T23:13:19, true
9DDDD405-82E4-4C56-A6A6-E2B51ACAB5CF, 2021-04-05T23:14:21, true
9DDDD405-82E4-4C56-A6A6-E2B51ACAB5CF, 2021-04-05T23:15:46, true
9DDDD405-82E4-4C56-A6A6-E2B51ACAB5CF, 2021-04-05T23:16:47, true
9DDDD405-82E4-4C56-A6A6-E2B51ACAB5CF, 2021-04-05T23:17:49, true
9DDDD405-82E4-4C56-A6A6-E2B51ACAB5CF, 2021-04-05T23:18:50, true
9DDDD405-82E4-4C56-A6A6-E2B51ACAB5CF, 2021-04-05T23:19:52, true
9DDDD405-82E4-4C56-A6A6-E2B51ACAB5CF, 2021-04-05T23:21:14, true
9DDDD405-82E4-4C56-A6A6-E2B51ACAB5CF, 2021-04-05T23:22:15, true
9DDDD405-82E4-4C56-A6A6-E2B51ACAB5CF, 2021-04-05T23:23:17, true
9DDDD405-82E4-4C56-A6A6-E2B51ACAB5CF, 2021-04-05T23:24:22, true
9DDDD405-82E4-4C56-A6A6-E2B51ACAB5CF, 2021-04-05T23:25:25, true
9DDDD405-82E4-4C56-A6A6-E2B51ACAB5CF, 2021-04-05T23:26:26, true
9DDDD405-82E4-4C56-A6A6-E2B51ACAB5CF, 2021-04-05T23:27:30, true
9DDDD405-82E4-4C56-A6A6-E2B51ACAB5CF, 2021-04-05T23:28:32, true
9DDDD405-82E4-4C56-A6A6-E2B51ACAB5CF, 2021-04-05T23:29:37, true
9DDDD405-82E4-4C56-A6A6-E2B51ACAB5CF, 2021-04-05T23:30:40, true
9DDDD405-82E4-4C56-A6A6-E2B51ACAB5CF, 2021-04-05T23:32:02, true
9DDDD405-82E4-4C56-A6A6-E2B51ACAB5CF, 2021-04-05T23:33:04, true
9DDDD405-82E4-4C56-A6A6-E2B51ACAB5CF, 2021-04-05T23:34:06, true
9DDDD405-82E4-4C56-A6A6-E2B51ACAB5CF, 2021-04-05T23:35:11, true
9DDDD405-82E4-4C56-A6A6-E2B51ACAB5CF, 2021-04-05T23:36:16, true
9DDDD405-82E4-4C56-A6A6-E2B51ACAB5CF, 2021-04-05T23:37:19, true
9DDDD405-82E4-4C56-A6A6-E2B51ACAB5CF, 2021-04-05T23:38:21, true
9DDDD405-82E4-4C56-A6A6-E2B51ACAB5CF, 2021-04-05T23:39:23, true
9DDDD405-82E4-4C56-A6A6-E2B51ACAB5CF, 2021-04-05T23:40:25, true
9DDDD405-82E4-4C56-A6A6-E2B51ACAB5CF, 2021-04-05T23:41:26, true
9DDDD405-82E4-4C56-A6A6-E2B51ACAB5CF, 2021-04-05T23:42:29, true
9DDDD405-82E4-4C56-A6A6-E2B51ACAB5CF, 2021-04-05T23:43:29, true
9DDDD405-82E4-4C56-A6A6-E2B51ACAB5CF, 2021-04-05T23:44:30, true
9DDDD405-82E4-4C56-A6A6-E2B51ACAB5CF, 2021-04-05T23:45:32, true
9DDDD405-82E4-4C56-A6A6-E2B51ACAB5CF, 2021-04-05T23:46:33, true
9DDDD405-82E4-4C56-A6A6-E2B51ACAB5CF, 2021-04-05T23:47:34, true
9DDDD405-82E4-4C56-A6A6-E2B51ACAB5CF, 2021-04-05T23:48:36, true
9DDDD405-82E4-4C56-A6A6-E2B51ACAB5CF, 2021-04-05T23:49:38, true
9DDDD405-82E4-4C56-A6A6-E2B51ACAB5CF, 2021-04-05T23:50:40, true
9DDDD405-82E4-4C56-A6A6-E2B51ACAB5CF, 2021-04-05T23:51:44, true
9DDDD405-82E4-4C56-A6A6-E2B51ACAB5CF, 2021-04-05T23:52:46, true
9DDDD405-82E4-4C56-A6A6-E2B51ACAB5CF, 2021-04-05T23:53:48, true
9DDDD405-82E4-4C56-A6A6-E2B51ACAB5CF, 2021-04-05T23:54:53, true
9DDDD405-82E4-4C56-A6A6-E2B51ACAB5CF, 2021-04-05T23:55:55, true
9DDDD405-82E4-4C56-A6A6-E2B51ACAB5CF, 2021-04-05T23:57:08, true
9DDDD405-82E4-4C56-A6A6-E2B51ACAB5CF, 2021-04-05T23:58:11, true
9DDDD405-82E4-4C56-A6A6-E2B51ACAB5CF, 2021-04-05T23:59:13, true
9DDDD405-82E4-4C56-A6A6-E2B51ACAB5CF, 2021-04-06T00:00:15, true
9DDDD405-82E4-4C56-A6A6-E2B51ACAB5CF, 2021-04-06T00:01:17, true
9DDDD405-82E4-4C56-A6A6-E2B51ACAB5CF, 2021-04-06T00:02:17, true
9DDDD405-82E4-4C56-A6A6-E2B51ACAB5CF, 2021-04-06T00:03:18, true
9DDDD405-82E4-4C56-A6A6-E2B51ACAB5CF, 2021-04-06T00:04:21, true
9DDDD405-82E4-4C56-A6A6-E2B51ACAB5CF, 2021-04-06T00:05:21, true
9DDDD405-82E4-4C56-A6A6-E2B51ACAB5CF, 2021-04-06T00:06:22, true
9DDDD405-82E4-4C56-A6A6-E2B51ACAB5CF, 2021-04-06T00:07:24, true
9DDDD405-82E4-4C56-A6A6-E2B51ACAB5CF, 2021-04-06T00:08:33, true
9DDDD405-82E4-4C56-A6A6-E2B51ACAB5CF, 2021-04-06T00:09:37, true
9DDDD405-82E4-4C56-A6A6-E2B51ACAB5CF, 2021-04-06T00:10:38, true
9DDDD405-82E4-4C56-A6A6-E2B51ACAB5CF, 2021-04-06T00:11:41, true
9DDDD405-82E4-4C56-A6A6-E2B51ACAB5CF, 2021-04-06T00:12:44, true
9DDDD405-82E4-4C56-A6A6-E2B51ACAB5CF, 2021-04-06T00:13:51, true
9DDDD405-82E4-4C56-A6A6-E2B51ACAB5CF, 2021-04-06T00:14:52, true
9DDDD405-82E4-4C56-A6A6-E2B51ACAB5CF, 2021-04-06T00:15:52, true
9DDDD405-82E4-4C56-A6A6-E2B51ACAB5CF, 2021-04-06T00:16:53, true
9DDDD405-82E4-4C56-A6A6-E2B51ACAB5CF, 2021-04-06T00:17:56, true
9DDDD405-82E4-4C56-A6A6-E2B51ACAB5CF, 2021-04-06T00:19:05, true
9DDDD405-82E4-4C56-A6A6-E2B51ACAB5CF, 2021-04-06T00:20:09, true
9DDDD405-82E4-4C56-A6A6-E2B51ACAB5CF, 2021-04-06T00:21:11, true
9DDDD405-82E4-4C56-A6A6-E2B51ACAB5CF, 2021-04-06T00:22:13, true
9DDDD405-82E4-4C56-A6A6-E2B51ACAB5CF, 2021-04-06T00:23:15, true
9DDDD405-82E4-4C56-A6A6-E2B51ACAB5CF, 2021-04-06T00:24:18, true
9DDDD405-82E4-4C56-A6A6-E2B51ACAB5CF, 2021-04-06T00:25:19, true
9DDDD405-82E4-4C56-A6A6-E2B51ACAB5CF, 2021-04-06T00:26:22, true
9DDDD405-82E4-4C56-A6A6-E2B51ACAB5CF, 2021-04-06T00:27:26, true
9DDDD405-82E4-4C56-A6A6-E2B51ACAB5CF, 2021-04-06T00:28:26, true
9DDDD405-82E4-4C56-A6A6-E2B51ACAB5CF, 2021-04-06T00:29:29, true
9DDDD405-82E4-4C56-A6A6-E2B51ACAB5CF, 2021-04-06T00:30:41, true
9DDDD405-82E4-4C56-A6A6-E2B51ACAB5CF, 2021-04-06T00:31:43, true
9DDDD405-82E4-4C56-A6A6-E2B51ACAB5CF, 2021-04-06T00:32:44, true
9DDDD405-82E4-4C56-A6A6-E2B51ACAB5CF, 2021-04-06T00:33:48, true
9DDDD405-82E4-4C56-A6A6-E2B51ACAB5CF, 2021-04-06T00:34:51, true
9DDDD405-82E4-4C56-A6A6-E2B51ACAB5CF, 2021-04-06T00:35:52, true
9DDDD405-82E4-4C56-A6A6-E2B51ACAB5CF, 2021-04-06T00:36:55, true
9DDDD405-82E4-4C56-A6A6-E2B51ACAB5CF, 2021-04-06T00:37:58, true
9DDDD405-82E4-4C56-A6A6-E2B51ACAB5CF, 2021-04-06T00:38:59, true
9DDDD405-82E4-4C56-A6A6-E2B51ACAB5CF, 2021-04-06T00:40:02, true
9DDDD405-82E4-4C56-A6A6-E2B51ACAB5CF, 2021-04-06T00:41:02, true
9DDDD405-82E4-4C56-A6A6-E2B51ACAB5CF, 2021-04-06T00:42:06, true
9DDDD405-82E4-4C56-A6A6-E2B51ACAB5CF, 2021-04-06T00:43:30, true
9DDDD405-82E4-4C56-A6A6-E2B51ACAB5CF, 2021-04-06T00:44:31, true
9DDDD405-82E4-4C56-A6A6-E2B51ACAB5CF, 2021-04-06T00:45:35, true
9DDDD405-82E4-4C56-A6A6-E2B51ACAB5CF, 2021-04-06T00:46:36, true
9DDDD405-82E4-4C56-A6A6-E2B51ACAB5CF, 2021-04-06T00:47:38, true
9DDDD405-82E4-4C56-A6A6-E2B51ACAB5CF, 2021-04-06T00:48:42, true
9DDDD405-82E4-4C56-A6A6-E2B51ACAB5CF, 2021-04-06T00:49:42, true
9DDDD405-82E4-4C56-A6A6-E2B51ACAB5CF, 2021-04-06T00:50:45, true
9DDDD405-82E4-4C56-A6A6-E2B51ACAB5CF, 2021-04-06T00:51:55, true
9DDDD405-82E4-4C56-A6A6-E2B51ACAB5CF, 2021-04-06T00:52:57, true
9DDDD405-82E4-4C56-A6A6-E2B51ACAB5CF, 2021-04-06T00:53:59, true
9DDDD405-82E4-4C56-A6A6-E2B51ACAB5CF, 2021-04-06T00:54:59, true
9DDDD405-82E4-4C56-A6A6-E2B51ACAB5CF, 2021-04-06T00:56:01, true
9DDDD405-82E4-4C56-A6A6-E2B51ACAB5CF, 2021-04-06T00:57:01, true
9DDDD405-82E4-4C56-A6A6-E2B51ACAB5CF, 2021-04-06T00:58:02, true
9DDDD405-82E4-4C56-A6A6-E2B51ACAB5CF, 2021-04-06T00:59:02, true
9DDDD405-82E4-4C56-A6A6-E2B51ACAB5CF, 2021-04-06T01:00:04, true
9DDDD405-82E4-4C56-A6A6-E2B51ACAB5CF, 2021-04-06T01:01:06, true
9DDDD405-82E4-4C56-A6A6-E2B51ACAB5CF, 2021-04-06T01:02:09, true
9DDDD405-82E4-4C56-A6A6-E2B51ACAB5CF, 2021-04-06T01:03:22, true
9DDDD405-82E4-4C56-A6A6-E2B51ACAB5CF, 2021-04-06T01:04:24, true
9DDDD405-82E4-4C56-A6A6-E2B51ACAB5CF, 2021-04-06T01:05:29, true
9DDDD405-82E4-4C56-A6A6-E2B51ACAB5CF, 2021-04-06T01:06:31, true
9DDDD405-82E4-4C56-A6A6-E2B51ACAB5CF, 2021-04-06T01:07:31, true
9DDDD405-82E4-4C56-A6A6-E2B51ACAB5CF, 2021-04-06T01:08:36, true
9DDDD405-82E4-4C56-A6A6-E2B51ACAB5CF, 2021-04-06T01:09:37, true
9DDDD405-82E4-4C56-A6A6-E2B51ACAB5CF, 2021-04-06T01:10:39, true
9DDDD405-82E4-4C56-A6A6-E2B51ACAB5CF, 2021-04-06T01:11:40, true
9DDDD405-82E4-4C56-A6A6-E2B51ACAB5CF, 2021-04-06T01:12:42, true
9DDDD405-82E4-4C56-A6A6-E2B51ACAB5CF, 2021-04-06T01:13:45, true
9DDDD405-82E4-4C56-A6A6-E2B51ACAB5CF, 2021-04-06T01:14:56, true
9DDDD405-82E4-4C56-A6A6-E2B51ACAB5CF, 2021-04-06T01:16:14, true
9DDDD405-82E4-4C56-A6A6-E2B51ACAB5CF, 2021-04-06T01:17:15, true
9DDDD405-82E4-4C56-A6A6-E2B51ACAB5CF, 2021-04-06T01:18:18, true
9DDDD405-82E4-4C56-A6A6-E2B51ACAB5CF, 2021-04-06T01:19:19, true
9DDDD405-82E4-4C56-A6A6-E2B51ACAB5CF, 2021-04-06T01:20:22, true
9DDDD405-82E4-4C56-A6A6-E2B51ACAB5CF, 2021-04-06T01:21:23, true
9DDDD405-82E4-4C56-A6A6-E2B51ACAB5CF, 2021-04-06T01:22:28, true
9DDDD405-82E4-4C56-A6A6-E2B51ACAB5CF, 2021-04-06T01:23:31, true
9DDDD405-82E4-4C56-A6A6-E2B51ACAB5CF, 2021-04-06T01:24:32, true
9DDDD405-82E4-4C56-A6A6-E2B51ACAB5CF, 2021-04-06T01:25:42, true
9DDDD405-82E4-4C56-A6A6-E2B51ACAB5CF, 2021-04-06T01:26:45, true
9DDDD405-82E4-4C56-A6A6-E2B51ACAB5CF, 2021-04-06T01:27:47, true
9DDDD405-82E4-4C56-A6A6-E2B51ACAB5CF, 2021-04-06T01:28:51, true
9DDDD405-82E4-4C56-A6A6-E2B51ACAB5CF, 2021-04-06T01:29:52, true
9DDDD405-82E4-4C56-A6A6-E2B51ACAB5CF, 2021-04-06T01:30:52, true
9DDDD405-82E4-4C56-A6A6-E2B51ACAB5CF, 2021-04-06T01:31:55, true
9DDDD405-82E4-4C56-A6A6-E2B51ACAB5CF, 2021-04-06T01:32:56, true
9DDDD405-82E4-4C56-A6A6-E2B51ACAB5CF, 2021-04-06T01:34:00, true
9DDDD405-82E4-4C56-A6A6-E2B51ACAB5CF, 2021-04-06T01:35:03, true
9DDDD405-82E4-4C56-A6A6-E2B51ACAB5CF, 2021-04-06T01:36:05, true
9DDDD405-82E4-4C56-A6A6-E2B51ACAB5CF, 2021-04-06T01:37:08, true
9DDDD405-82E4-4C56-A6A6-E2B51ACAB5CF, 2021-04-06T01:38:10, true
9DDDD405-82E4-4C56-A6A6-E2B51ACAB5CF, 2021-04-06T01:39:12, true
9DDDD405-82E4-4C56-A6A6-E2B51ACAB5CF, 2021-04-06T01:40:15, true
9DDDD405-82E4-4C56-A6A6-E2B51ACAB5CF, 2021-04-06T01:41:16, true
9DDDD405-82E4-4C56-A6A6-E2B51ACAB5CF, 2021-04-06T01:42:17, true
9DDDD405-82E4-4C56-A6A6-E2B51ACAB5CF, 2021-04-06T01:43:21, true
9DDDD405-82E4-4C56-A6A6-E2B51ACAB5CF, 2021-04-06T01:44:24, true
9DDDD405-82E4-4C56-A6A6-E2B51ACAB5CF, 2021-04-06T01:45:24, true
9DDDD405-82E4-4C56-A6A6-E2B51ACAB5CF, 2021-04-06T01:46:26, true
9DDDD405-82E4-4C56-A6A6-E2B51ACAB5CF, 2021-04-06T01:47:36, true
9DDDD405-82E4-4C56-A6A6-E2B51ACAB5CF, 2021-04-06T01:48:38, true
9DDDD405-82E4-4C56-A6A6-E2B51ACAB5CF, 2021-04-06T01:49:38, true
9DDDD405-82E4-4C56-A6A6-E2B51ACAB5CF, 2021-04-06T01:50:40, true
9DDDD405-82E4-4C56-A6A6-E2B51ACAB5CF, 2021-04-06T01:51:42, true
9DDDD405-82E4-4C56-A6A6-E2B51ACAB5CF, 2021-04-06T01:52:43, true
9DDDD405-82E4-4C56-A6A6-E2B51ACAB5CF, 2021-04-06T01:53:46, true
9DDDD405-82E4-4C56-A6A6-E2B51ACAB5CF, 2021-04-06T01:54:47, true
9DDDD405-82E4-4C56-A6A6-E2B51ACAB5CF, 2021-04-06T01:55:50, true
9DDDD405-82E4-4C56-A6A6-E2B51ACAB5CF, 2021-04-06T01:56:54, true
9DDDD405-82E4-4C56-A6A6-E2B51ACAB5CF, 2021-04-06T01:58:07, true
9DDDD405-82E4-4C56-A6A6-E2B51ACAB5CF, 2021-04-06T01:59:11, true
9DDDD405-82E4-4C56-A6A6-E2B51ACAB5CF, 2021-04-06T02:00:12, true
9DDDD405-82E4-4C56-A6A6-E2B51ACAB5CF, 2021-04-06T02:01:15, true
9DDDD405-82E4-4C56-A6A6-E2B51ACAB5CF, 2021-04-06T02:02:16, true
9DDDD405-82E4-4C56-A6A6-E2B51ACAB5CF, 2021-04-06T02:03:17, true
9DDDD405-82E4-4C56-A6A6-E2B51ACAB5CF, 2021-04-06T02:04:18, true
9DDDD405-82E4-4C56-A6A6-E2B51ACAB5CF, 2021-04-06T02:05:19, true
9DDDD405-82E4-4C56-A6A6-E2B51ACAB5CF, 2021-04-06T02:06:22, true
9DDDD405-82E4-4C56-A6A6-E2B51ACAB5CF, 2021-04-06T02:07:25, true
9DDDD405-82E4-4C56-A6A6-E2B51ACAB5CF, 2021-04-06T02:08:28, true
9DDDD405-82E4-4C56-A6A6-E2B51ACAB5CF, 2021-04-06T02:09:37, true
9DDDD405-82E4-4C56-A6A6-E2B51ACAB5CF, 2021-04-06T02:10:38, true
9DDDD405-82E4-4C56-A6A6-E2B51ACAB5CF, 2021-04-06T02:11:40, true
9DDDD405-82E4-4C56-A6A6-E2B51ACAB5CF, 2021-04-06T02:12:41, true
9DDDD405-82E4-4C56-A6A6-E2B51ACAB5CF, 2021-04-06T02:13:46, true
9DDDD405-82E4-4C56-A6A6-E2B51ACAB5CF, 2021-04-06T02:14:46, true
9DDDD405-82E4-4C56-A6A6-E2B51ACAB5CF, 2021-04-06T02:15:51, true
9DDDD405-82E4-4C56-A6A6-E2B51ACAB5CF, 2021-04-06T02:16:55, true
9DDDD405-82E4-4C56-A6A6-E2B51ACAB5CF, 2021-04-06T02:17:56, true
9DDDD405-82E4-4C56-A6A6-E2B51ACAB5CF, 2021-04-06T02:18:58, true
9DDDD405-82E4-4C56-A6A6-E2B51ACAB5CF, 2021-04-06T02:20:09, true
9DDDD405-82E4-4C56-A6A6-E2B51ACAB5CF, 2021-04-06T02:21:10, true
9DDDD405-82E4-4C56-A6A6-E2B51ACAB5CF, 2021-04-06T02:22:16, true
9DDDD405-82E4-4C56-A6A6-E2B51ACAB5CF, 2021-04-06T02:23:17, true
9DDDD405-82E4-4C56-A6A6-E2B51ACAB5CF, 2021-04-06T02:24:18, true
9DDDD405-82E4-4C56-A6A6-E2B51ACAB5CF, 2021-04-06T02:25:22, true
9DDDD405-82E4-4C56-A6A6-E2B51ACAB5CF, 2021-04-06T02:26:23, true
9DDDD405-82E4-4C56-A6A6-E2B51ACAB5CF, 2021-04-06T02:27:25, true
9DDDD405-82E4-4C56-A6A6-E2B51ACAB5CF, 2021-04-06T02:28:25, true
9DDDD405-82E4-4C56-A6A6-E2B51ACAB5CF, 2021-04-06T02:29:27, true
9DDDD405-82E4-4C56-A6A6-E2B51ACAB5CF, 2021-04-06T02:30:28, true
9DDDD405-82E4-4C56-A6A6-E2B51ACAB5CF, 2021-04-06T02:31:35, true
9DDDD405-82E4-4C56-A6A6-E2B51ACAB5CF, 2021-04-06T02:32:36, true
9DDDD405-82E4-4C56-A6A6-E2B51ACAB5CF, 2021-04-06T02:33:37, true
9DDDD405-82E4-4C56-A6A6-E2B51ACAB5CF, 2021-04-06T02:34:39, true
9DDDD405-82E4-4C56-A6A6-E2B51ACAB5CF, 2021-04-06T02:35:42, true
9DDDD405-82E4-4C56-A6A6-E2B51ACAB5CF, 2021-04-06T02:36:45, true
9DDDD405-82E4-4C56-A6A6-E2B51ACAB5CF, 2021-04-06T02:37:51, true
9DDDD405-82E4-4C56-A6A6-E2B51ACAB5CF, 2021-04-06T02:38:54, true
9DDDD405-82E4-4C56-A6A6-E2B51ACAB5CF, 2021-04-06T02:39:55, true
9DDDD405-82E4-4C56-A6A6-E2B51ACAB5CF, 2021-04-06T02:40:58, true
9DDDD405-82E4-4C56-A6A6-E2B51ACAB5CF, 2021-04-06T02:42:08, true
9DDDD405-82E4-4C56-A6A6-E2B51ACAB5CF, 2021-04-06T02:43:11, true
9DDDD405-82E4-4C56-A6A6-E2B51ACAB5CF, 2021-04-06T02:44:14, true
9DDDD405-82E4-4C56-A6A6-E2B51ACAB5CF, 2021-04-06T02:45:15, true
9DDDD405-82E4-4C56-A6A6-E2B51ACAB5CF, 2021-04-06T02:46:18, true
9DDDD405-82E4-4C56-A6A6-E2B51ACAB5CF, 2021-04-06T02:47:21, true
9DDDD405-82E4-4C56-A6A6-E2B51ACAB5CF, 2021-04-06T02:48:24, true
9DDDD405-82E4-4C56-A6A6-E2B51ACAB5CF, 2021-04-06T02:49:24, true
9DDDD405-82E4-4C56-A6A6-E2B51ACAB5CF, 2021-04-06T02:50:39, true
9DDDD405-82E4-4C56-A6A6-E2B51ACAB5CF, 2021-04-06T02:51:42, true
9DDDD405-82E4-4C56-A6A6-E2B51ACAB5CF, 2021-04-06T02:52:51, true
9DDDD405-82E4-4C56-A6A6-E2B51ACAB5CF, 2021-04-06T02:53:53, true
9DDDD405-82E4-4C56-A6A6-E2B51ACAB5CF, 2021-04-06T02:54:57, true
9DDDD405-82E4-4C56-A6A6-E2B51ACAB5CF, 2021-04-06T02:55:57, true
9DDDD405-82E4-4C56-A6A6-E2B51ACAB5CF, 2021-04-06T02:57:01, true
9DDDD405-82E4-4C56-A6A6-E2B51ACAB5CF, 2021-04-06T02:58:04, true
9DDDD405-82E4-4C56-A6A6-E2B51ACAB5CF, 2021-04-06T02:59:06, true
9DDDD405-82E4-4C56-A6A6-E2B51ACAB5CF, 2021-04-06T03:00:10, true
9DDDD405-82E4-4C56-A6A6-E2B51ACAB5CF, 2021-04-06T03:01:13, true
9DDDD405-82E4-4C56-A6A6-E2B51ACAB5CF, 2021-04-06T03:02:14, true
9DDDD405-82E4-4C56-A6A6-E2B51ACAB5CF, 2021-04-06T03:03:15, true
9DDDD405-82E4-4C56-A6A6-E2B51ACAB5CF, 2021-04-06T03:04:21, true
9DDDD405-82E4-4C56-A6A6-E2B51ACAB5CF, 2021-04-06T03:05:23, true
9DDDD405-82E4-4C56-A6A6-E2B51ACAB5CF, 2021-04-06T03:06:35, true
9DDDD405-82E4-4C56-A6A6-E2B51ACAB5CF, 2021-04-06T03:07:36, true
9DDDD405-82E4-4C56-A6A6-E2B51ACAB5CF, 2021-04-06T03:08:39, true
9DDDD405-82E4-4C56-A6A6-E2B51ACAB5CF, 2021-04-06T03:09:54, true
9DDDD405-82E4-4C56-A6A6-E2B51ACAB5CF, 2021-04-06T03:10:55, true
9DDDD405-82E4-4C56-A6A6-E2B51ACAB5CF, 2021-04-06T03:11:59, true
9DDDD405-82E4-4C56-A6A6-E2B51ACAB5CF, 2021-04-06T03:13:23, true
9DDDD405-82E4-4C56-A6A6-E2B51ACAB5CF, 2021-04-06T03:14:26, true
9DDDD405-82E4-4C56-A6A6-E2B51ACAB5CF, 2021-04-06T03:15:35, true
9DDDD405-82E4-4C56-A6A6-E2B51ACAB5CF, 2021-04-06T03:16:36, true
9DDDD405-82E4-4C56-A6A6-E2B51ACAB5CF, 2021-04-06T03:17:38, true
9DDDD405-82E4-4C56-A6A6-E2B51ACAB5CF, 2021-04-06T03:18:42, true
9DDDD405-82E4-4C56-A6A6-E2B51ACAB5CF, 2021-04-06T03:19:45, true
9DDDD405-82E4-4C56-A6A6-E2B51ACAB5CF, 2021-04-06T03:20:46, true
9DDDD405-82E4-4C56-A6A6-E2B51ACAB5CF, 2021-04-06T03:21:47, true
9DDDD405-82E4-4C56-A6A6-E2B51ACAB5CF, 2021-04-06T03:22:50, true
9DDDD405-82E4-4C56-A6A6-E2B51ACAB5CF, 2021-04-06T03:23:53, true
9DDDD405-82E4-4C56-A6A6-E2B51ACAB5CF, 2021-04-06T03:24:54, true
9DDDD405-82E4-4C56-A6A6-E2B51ACAB5CF, 2021-04-06T03:25:57, true
9DDDD405-82E4-4C56-A6A6-E2B51ACAB5CF, 2021-04-06T03:26:58, true
9DDDD405-82E4-4C56-A6A6-E2B51ACAB5CF, 2021-04-06T03:27:59, true
9DDDD405-82E4-4C56-A6A6-E2B51ACAB5CF, 2021-04-06T03:29:02, true
9DDDD405-82E4-4C56-A6A6-E2B51ACAB5CF, 2021-04-06T03:30:05, true
9DDDD405-82E4-4C56-A6A6-E2B51ACAB5CF, 2021-04-06T03:31:06, true
9DDDD405-82E4-4C56-A6A6-E2B51ACAB5CF, 2021-04-06T03:32:10, true
9DDDD405-82E4-4C56-A6A6-E2B51ACAB5CF, 2021-04-06T03:33:13, true
9DDDD405-82E4-4C56-A6A6-E2B51ACAB5CF, 2021-04-06T03:34:34, true
9DDDD405-82E4-4C56-A6A6-E2B51ACAB5CF, 2021-04-06T03:35:38, true
9DDDD405-82E4-4C56-A6A6-E2B51ACAB5CF, 2021-04-06T03:36:41, true
9DDDD405-82E4-4C56-A6A6-E2B51ACAB5CF, 2021-04-06T03:37:44, true
9DDDD405-82E4-4C56-A6A6-E2B51ACAB5CF, 2021-04-06T03:38:45, true
9DDDD405-82E4-4C56-A6A6-E2B51ACAB5CF, 2021-04-06T03:39:45, true
9DDDD405-82E4-4C56-A6A6-E2B51ACAB5CF, 2021-04-06T03:40:48, true
9DDDD405-82E4-4C56-A6A6-E2B51ACAB5CF, 2021-04-06T03:41:51, true
9DDDD405-82E4-4C56-A6A6-E2B51ACAB5CF, 2021-04-06T03:42:53, true
9DDDD405-82E4-4C56-A6A6-E2B51ACAB5CF, 2021-04-06T03:43:56, true
9DDDD405-82E4-4C56-A6A6-E2B51ACAB5CF, 2021-04-06T03:44:59, true
9DDDD405-82E4-4C56-A6A6-E2B51ACAB5CF, 2021-04-06T03:46:00, true
9DDDD405-82E4-4C56-A6A6-E2B51ACAB5CF, 2021-04-06T03:47:02, true
9DDDD405-82E4-4C56-A6A6-E2B51ACAB5CF, 2021-04-06T03:48:10, true
9DDDD405-82E4-4C56-A6A6-E2B51ACAB5CF, 2021-04-06T03:49:13, true
9DDDD405-82E4-4C56-A6A6-E2B51ACAB5CF, 2021-04-06T03:50:16, true
9DDDD405-82E4-4C56-A6A6-E2B51ACAB5CF, 2021-04-06T03:51:18, true
9DDDD405-82E4-4C56-A6A6-E2B51ACAB5CF, 2021-04-06T03:52:19, true
9DDDD405-82E4-4C56-A6A6-E2B51ACAB5CF, 2021-04-06T03:53:22, true
9DDDD405-82E4-4C56-A6A6-E2B51ACAB5CF, 2021-04-06T03:54:24, true
9DDDD405-82E4-4C56-A6A6-E2B51ACAB5CF, 2021-04-06T03:55:27, true
9DDDD405-82E4-4C56-A6A6-E2B51ACAB5CF, 2021-04-06T03:56:30, true
9DDDD405-82E4-4C56-A6A6-E2B51ACAB5CF, 2021-04-06T03:57:34, true
9DDDD405-82E4-4C56-A6A6-E2B51ACAB5CF, 2021-04-06T03:58:37, true
9DDDD405-82E4-4C56-A6A6-E2B51ACAB5CF, 2021-04-06T03:59:37, true
9DDDD405-82E4-4C56-A6A6-E2B51ACAB5CF, 2021-04-06T04:00:41, true
9DDDD405-82E4-4C56-A6A6-E2B51ACAB5CF, 2021-04-06T04:01:42, true
9DDDD405-82E4-4C56-A6A6-E2B51ACAB5CF, 2021-04-06T04:02:47, true
9DDDD405-82E4-4C56-A6A6-E2B51ACAB5CF, 2021-04-06T04:04:08, true
9DDDD405-82E4-4C56-A6A6-E2B51ACAB5CF, 2021-04-06T04:05:09, true
9DDDD405-82E4-4C56-A6A6-E2B51ACAB5CF, 2021-04-06T04:06:12, true
9DDDD405-82E4-4C56-A6A6-E2B51ACAB5CF, 2021-04-06T04:07:15, true
9DDDD405-82E4-4C56-A6A6-E2B51ACAB5CF, 2021-04-06T04:08:18, true
9DDDD405-82E4-4C56-A6A6-E2B51ACAB5CF, 2021-04-06T04:09:20, true
9DDDD405-82E4-4C56-A6A6-E2B51ACAB5CF, 2021-04-06T04:10:24, true
9DDDD405-82E4-4C56-A6A6-E2B51ACAB5CF, 2021-04-06T04:11:27, true
9DDDD405-82E4-4C56-A6A6-E2B51ACAB5CF, 2021-04-06T04:12:30, true
9DDDD405-82E4-4C56-A6A6-E2B51ACAB5CF, 2021-04-06T04:13:34, true
9DDDD405-82E4-4C56-A6A6-E2B51ACAB5CF, 2021-04-06T04:14:35, true
9DDDD405-82E4-4C56-A6A6-E2B51ACAB5CF, 2021-04-06T04:15:39, true
9DDDD405-82E4-4C56-A6A6-E2B51ACAB5CF, 2021-04-06T04:16:41, true
9DDDD405-82E4-4C56-A6A6-E2B51ACAB5CF, 2021-04-06T04:17:42, true
9DDDD405-82E4-4C56-A6A6-E2B51ACAB5CF, 2021-04-06T04:18:46, true
9DDDD405-82E4-4C56-A6A6-E2B51ACAB5CF, 2021-04-06T04:19:46, true
9DDDD405-82E4-4C56-A6A6-E2B51ACAB5CF, 2021-04-06T04:20:52, true
9DDDD405-82E4-4C56-A6A6-E2B51ACAB5CF, 2021-04-06T04:22:21, true
9DDDD405-82E4-4C56-A6A6-E2B51ACAB5CF, 2021-04-06T04:23:25, true
9DDDD405-82E4-4C56-A6A6-E2B51ACAB5CF, 2021-04-06T04:24:26, true
9DDDD405-82E4-4C56-A6A6-E2B51ACAB5CF, 2021-04-06T04:25:29, true
9DDDD405-82E4-4C56-A6A6-E2B51ACAB5CF, 2021-04-06T04:26:32, true
9DDDD405-82E4-4C56-A6A6-E2B51ACAB5CF, 2021-04-06T04:27:34, true
9DDDD405-82E4-4C56-A6A6-E2B51ACAB5CF, 2021-04-06T04:28:37, true
9DDDD405-82E4-4C56-A6A6-E2B51ACAB5CF, 2021-04-06T04:29:40, true
9DDDD405-82E4-4C56-A6A6-E2B51ACAB5CF, 2021-04-06T04:30:40, true
9DDDD405-82E4-4C56-A6A6-E2B51ACAB5CF, 2021-04-06T04:32:09, true
9DDDD405-82E4-4C56-A6A6-E2B51ACAB5CF, 2021-04-06T04:33:20, true
9DDDD405-82E4-4C56-A6A6-E2B51ACAB5CF, 2021-04-06T04:34:22, true
9DDDD405-82E4-4C56-A6A6-E2B51ACAB5CF, 2021-04-06T04:35:24, true
9DDDD405-82E4-4C56-A6A6-E2B51ACAB5CF, 2021-04-06T04:36:27, true
9DDDD405-82E4-4C56-A6A6-E2B51ACAB5CF, 2021-04-06T04:37:28, true
9DDDD405-82E4-4C56-A6A6-E2B51ACAB5CF, 2021-04-06T04:38:30, true
9DDDD405-82E4-4C56-A6A6-E2B51ACAB5CF, 2021-04-06T04:39:30, true
9DDDD405-82E4-4C56-A6A6-E2B51ACAB5CF, 2021-04-06T04:40:33, true
9DDDD405-82E4-4C56-A6A6-E2B51ACAB5CF, 2021-04-06T04:41:33, true
9DDDD405-82E4-4C56-A6A6-E2B51ACAB5CF, 2021-04-06T04:42:37, true
9DDDD405-82E4-4C56-A6A6-E2B51ACAB5CF, 2021-04-06T04:43:39, true
9DDDD405-82E4-4C56-A6A6-E2B51ACAB5CF, 2021-04-06T04:44:39, true
9DDDD405-82E4-4C56-A6A6-E2B51ACAB5CF, 2021-04-06T04:45:42, true
9DDDD405-82E4-4C56-A6A6-E2B51ACAB5CF, 2021-04-06T04:46:45, true
9DDDD405-82E4-4C56-A6A6-E2B51ACAB5CF, 2021-04-06T04:47:48, true
9DDDD405-82E4-4C56-A6A6-E2B51ACAB5CF, 2021-04-06T04:49:06, true
9DDDD405-82E4-4C56-A6A6-E2B51ACAB5CF, 2021-04-06T04:50:08, true
9DDDD405-82E4-4C56-A6A6-E2B51ACAB5CF, 2021-04-06T04:51:10, true
9DDDD405-82E4-4C56-A6A6-E2B51ACAB5CF, 2021-04-06T04:52:12, true
9DDDD405-82E4-4C56-A6A6-E2B51ACAB5CF, 2021-04-06T04:53:14, true
9DDDD405-82E4-4C56-A6A6-E2B51ACAB5CF, 2021-04-06T04:54:20, true
9DDDD405-82E4-4C56-A6A6-E2B51ACAB5CF, 2021-04-06T04:55:22, true
9DDDD405-82E4-4C56-A6A6-E2B51ACAB5CF, 2021-04-06T04:56:24, true
9DDDD405-82E4-4C56-A6A6-E2B51ACAB5CF, 2021-04-06T04:57:25, true
9DDDD405-82E4-4C56-A6A6-E2B51ACAB5CF, 2021-04-06T04:58:28, true
9DDDD405-82E4-4C56-A6A6-E2B51ACAB5CF, 2021-04-06T04:59:30, true
9DDDD405-82E4-4C56-A6A6-E2B51ACAB5CF, 2021-04-06T05:00:34, true
9DDDD405-82E4-4C56-A6A6-E2B51ACAB5CF, 2021-04-06T05:01:34, true
9DDDD405-82E4-4C56-A6A6-E2B51ACAB5CF, 2021-04-06T05:02:37, true
9DDDD405-82E4-4C56-A6A6-E2B51ACAB5CF, 2021-04-06T05:03:42, true
9DDDD405-82E4-4C56-A6A6-E2B51ACAB5CF, 2021-04-06T05:04:55, true
9DDDD405-82E4-4C56-A6A6-E2B51ACAB5CF, 2021-04-06T05:05:59, true
9DDDD405-82E4-4C56-A6A6-E2B51ACAB5CF, 2021-04-06T05:07:01, true
9DDDD405-82E4-4C56-A6A6-E2B51ACAB5CF, 2021-04-06T05:08:02, true
9DDDD405-82E4-4C56-A6A6-E2B51ACAB5CF, 2021-04-06T05:09:07, true
9DDDD405-82E4-4C56-A6A6-E2B51ACAB5CF, 2021-04-06T05:10:11, true
9DDDD405-82E4-4C56-A6A6-E2B51ACAB5CF, 2021-04-06T05:11:12, true
9DDDD405-82E4-4C56-A6A6-E2B51ACAB5CF, 2021-04-06T05:12:18, true
9DDDD405-82E4-4C56-A6A6-E2B51ACAB5CF, 2021-04-06T05:13:21, true
9DDDD405-82E4-4C56-A6A6-E2B51ACAB5CF, 2021-04-06T05:14:24, true
9DDDD405-82E4-4C56-A6A6-E2B51ACAB5CF, 2021-04-06T05:15:26, true
9DDDD405-82E4-4C56-A6A6-E2B51ACAB5CF, 2021-04-06T05:16:34, true
9DDDD405-82E4-4C56-A6A6-E2B51ACAB5CF, 2021-04-06T05:17:58, true
9DDDD405-82E4-4C56-A6A6-E2B51ACAB5CF, 2021-04-06T05:19:00, true
9DDDD405-82E4-4C56-A6A6-E2B51ACAB5CF, 2021-04-06T05:20:05, true
9DDDD405-82E4-4C56-A6A6-E2B51ACAB5CF, 2021-04-06T05:21:06, true
9DDDD405-82E4-4C56-A6A6-E2B51ACAB5CF, 2021-04-06T05:22:10, true
9DDDD405-82E4-4C56-A6A6-E2B51ACAB5CF, 2021-04-06T05:23:11, true
9DDDD405-82E4-4C56-A6A6-E2B51ACAB5CF, 2021-04-06T05:24:13, true
9DDDD405-82E4-4C56-A6A6-E2B51ACAB5CF, 2021-04-06T05:25:13, true
9DDDD405-82E4-4C56-A6A6-E2B51ACAB5CF, 2021-04-06T05:26:16, true
9DDDD405-82E4-4C56-A6A6-E2B51ACAB5CF, 2021-04-06T05:27:18, true
9DDDD405-82E4-4C56-A6A6-E2B51ACAB5CF, 2021-04-06T05:28:25, true
9DDDD405-82E4-4C56-A6A6-E2B51ACAB5CF, 2021-04-06T05:29:28, true
9DDDD405-82E4-4C56-A6A6-E2B51ACAB5CF, 2021-04-06T05:30:54, true
9DDDD405-82E4-4C56-A6A6-E2B51ACAB5CF, 2021-04-06T05:31:56, true
9DDDD405-82E4-4C56-A6A6-E2B51ACAB5CF, 2021-04-06T05:32:57, true
9DDDD405-82E4-4C56-A6A6-E2B51ACAB5CF, 2021-04-06T05:33:59, true
9DDDD405-82E4-4C56-A6A6-E2B51ACAB5CF, 2021-04-06T05:35:03, true
9DDDD405-82E4-4C56-A6A6-E2B51ACAB5CF, 2021-04-06T05:36:07, true
9DDDD405-82E4-4C56-A6A6-E2B51ACAB5CF, 2021-04-06T05:37:10, true
9DDDD405-82E4-4C56-A6A6-E2B51ACAB5CF, 2021-04-06T05:38:20, true
9DDDD405-82E4-4C56-A6A6-E2B51ACAB5CF, 2021-04-06T05:39:21, true
9DDDD405-82E4-4C56-A6A6-E2B51ACAB5CF, 2021-04-06T05:40:23, true
9DDDD405-82E4-4C56-A6A6-E2B51ACAB5CF, 2021-04-06T05:41:26, true
9DDDD405-82E4-4C56-A6A6-E2B51ACAB5CF, 2021-04-06T05:42:28, true
9DDDD405-82E4-4C56-A6A6-E2B51ACAB5CF, 2021-04-06T05:43:28, true
9DDDD405-82E4-4C56-A6A6-E2B51ACAB5CF, 2021-04-06T05:44:32, true
9DDDD405-82E4-4C56-A6A6-E2B51ACAB5CF, 2021-04-06T05:45:35, true
9DDDD405-82E4-4C56-A6A6-E2B51ACAB5CF, 2021-04-06T05:46:36, true
9DDDD405-82E4-4C56-A6A6-E2B51ACAB5CF, 2021-04-06T05:47:40, true
9DDDD405-82E4-4C56-A6A6-E2B51ACAB5CF, 2021-04-06T05:49:02, true
9DDDD405-82E4-4C56-A6A6-E2B51ACAB5CF, 2021-04-06T05:50:05, true
9DDDD405-82E4-4C56-A6A6-E2B51ACAB5CF, 2021-04-06T05:51:09, true
9DDDD405-82E4-4C56-A6A6-E2B51ACAB5CF, 2021-04-06T05:52:12, true
9DDDD405-82E4-4C56-A6A6-E2B51ACAB5CF, 2021-04-06T05:53:13, true
9DDDD405-82E4-4C56-A6A6-E2B51ACAB5CF, 2021-04-06T05:54:14, true
9DDDD405-82E4-4C56-A6A6-E2B51ACAB5CF, 2021-04-06T05:55:17, true
9DDDD405-82E4-4C56-A6A6-E2B51ACAB5CF, 2021-04-06T05:56:17, true
9DDDD405-82E4-4C56-A6A6-E2B51ACAB5CF, 2021-04-06T05:57:20, true
9DDDD405-82E4-4C56-A6A6-E2B51ACAB5CF, 2021-04-06T05:58:20, true
9DDDD405-82E4-4C56-A6A6-E2B51ACAB5CF, 2021-04-06T05:59:23, true
9DDDD405-82E4-4C56-A6A6-E2B51ACAB5CF, 2021-04-06T06:00:25, true
9DDDD405-82E4-4C56-A6A6-E2B51ACAB5CF, 2021-04-06T06:01:25, true
9DDDD405-82E4-4C56-A6A6-E2B51ACAB5CF, 2021-04-06T06:02:42, true
9DDDD405-82E4-4C56-A6A6-E2B51ACAB5CF, 2021-04-06T06:03:46, true
9DDDD405-82E4-4C56-A6A6-E2B51ACAB5CF, 2021-04-06T06:04:46, false
9DDDD405-82E4-4C56-A6A6-E2B51ACAB5CF, 2021-04-06T06:05:17, true
9DDDD405-82E4-4C56-A6A6-E2B51ACAB5CF, 2021-04-06T06:06:20, true
9DDDD405-82E4-4C56-A6A6-E2B51ACAB5CF, 2021-04-06T06:07:26, true
9DDDD405-82E4-4C56-A6A6-E2B51ACAB5CF, 2021-04-06T06:08:32, true
9DDDD405-82E4-4C56-A6A6-E2B51ACAB5CF, 2021-04-06T06:09:34, true
9DDDD405-82E4-4C56-A6A6-E2B51ACAB5CF, 2021-04-06T06:10:50, true
9DDDD405-82E4-4C56-A6A6-E2B51ACAB5CF, 2021-04-06T06:11:54, true
9DDDD405-82E4-4C56-A6A6-E2B51ACAB5CF, 2021-04-06T06:12:56, true
9DDDD405-82E4-4C56-A6A6-E2B51ACAB5CF, 2021-04-06T06:13:58, true
9DDDD405-82E4-4C56-A6A6-E2B51ACAB5CF, 2021-04-06T06:14:58, true
9DDDD405-82E4-4C56-A6A6-E2B51ACAB5CF, 2021-04-06T06:16:01, true
9DDDD405-82E4-4C56-A6A6-E2B51ACAB5CF, 2021-04-06T06:17:03, true
9DDDD405-82E4-4C56-A6A6-E2B51ACAB5CF, 2021-04-06T06:18:03, true
9DDDD405-82E4-4C56-A6A6-E2B51ACAB5CF, 2021-04-06T06:19:04, true
9DDDD405-82E4-4C56-A6A6-E2B51ACAB5CF, 2021-04-06T06:20:06, true
9DDDD405-82E4-4C56-A6A6-E2B51ACAB5CF, 2021-04-06T06:21:09, true
9DDDD405-82E4-4C56-A6A6-E2B51ACAB5CF, 2021-04-06T06:22:20, true
9DDDD405-82E4-4C56-A6A6-E2B51ACAB5CF, 2021-04-06T06:23:24, true
9DDDD405-82E4-4C56-A6A6-E2B51ACAB5CF, 2021-04-06T06:24:25, true
9DDDD405-82E4-4C56-A6A6-E2B51ACAB5CF, 2021-04-06T06:25:30, true
9DDDD405-82E4-4C56-A6A6-E2B51ACAB5CF, 2021-04-06T06:26:45, true
9DDDD405-82E4-4C56-A6A6-E2B51ACAB5CF, 2021-04-06T06:27:48, true
9DDDD405-82E4-4C56-A6A6-E2B51ACAB5CF, 2021-04-06T06:28:51, true
9DDDD405-82E4-4C56-A6A6-E2B51ACAB5CF, 2021-04-06T06:29:52, true
9DDDD405-82E4-4C56-A6A6-E2B51ACAB5CF, 2021-04-06T06:30:53, true
9DDDD405-82E4-4C56-A6A6-E2B51ACAB5CF, 2021-04-06T06:31:53, true
9DDDD405-82E4-4C56-A6A6-E2B51ACAB5CF, 2021-04-06T06:32:55, true
9DDDD405-82E4-4C56-A6A6-E2B51ACAB5CF, 2021-04-06T06:33:58, true
9DDDD405-82E4-4C56-A6A6-E2B51ACAB5CF, 2021-04-06T06:34:58, true
9DDDD405-82E4-4C56-A6A6-E2B51ACAB5CF, 2021-04-06T06:36:01, true
9DDDD405-82E4-4C56-A6A6-E2B51ACAB5CF, 2021-04-06T06:37:05, true
9DDDD405-82E4-4C56-A6A6-E2B51ACAB5CF, 2021-04-06T06:38:19, true
9DDDD405-82E4-4C56-A6A6-E2B51ACAB5CF, 2021-04-06T06:39:23, true
9DDDD405-82E4-4C56-A6A6-E2B51ACAB5CF, 2021-04-06T06:40:24, true
9DDDD405-82E4-4C56-A6A6-E2B51ACAB5CF, 2021-04-06T06:41:25, true
9DDDD405-82E4-4C56-A6A6-E2B51ACAB5CF, 2021-04-06T06:42:25, true
9DDDD405-82E4-4C56-A6A6-E2B51ACAB5CF, 2021-04-06T06:43:26, true
9DDDD405-82E4-4C56-A6A6-E2B51ACAB5CF, 2021-04-06T06:44:38, true
9DDDD405-82E4-4C56-A6A6-E2B51ACAB5CF, 2021-04-06T06:45:41, true
9DDDD405-82E4-4C56-A6A6-E2B51ACAB5CF, 2021-04-06T06:46:49, true
9DDDD405-82E4-4C56-A6A6-E2B51ACAB5CF, 2021-04-06T06:47:51, true
9DDDD405-82E4-4C56-A6A6-E2B51ACAB5CF, 2021-04-06T06:48:54, true
9DDDD405-82E4-4C56-A6A6-E2B51ACAB5CF, 2021-04-06T06:49:57, true
9DDDD405-82E4-4C56-A6A6-E2B51ACAB5CF, 2021-04-06T06:51:25, true
9DDDD405-82E4-4C56-A6A6-E2B51ACAB5CF, 2021-04-06T06:52:39, true
9DDDD405-82E4-4C56-A6A6-E2B51ACAB5CF, 2021-04-06T06:53:40, true
9DDDD405-82E4-4C56-A6A6-E2B51ACAB5CF, 2021-04-06T06:54:55, true
9DDDD405-82E4-4C56-A6A6-E2B51ACAB5CF, 2021-04-06T06:56:08, true
9DDDD405-82E4-4C56-A6A6-E2B51ACAB5CF, 2021-04-06T06:57:16, true
9DDDD405-82E4-4C56-A6A6-E2B51ACAB5CF, 2021-04-06T06:58:20, true
9DDDD405-82E4-4C56-A6A6-E2B51ACAB5CF, 2021-04-06T06:59:20, true
9DDDD405-82E4-4C56-A6A6-E2B51ACAB5CF, 2021-04-06T07:00:21, true
9DDDD405-82E4-4C56-A6A6-E2B51ACAB5CF, 2021-04-06T07:01:23, true
9DDDD405-82E4-4C56-A6A6-E2B51ACAB5CF, 2021-04-06T07:02:27, true
9DDDD405-82E4-4C56-A6A6-E2B51ACAB5CF, 2021-04-06T07:03:29, true
9DDDD405-82E4-4C56-A6A6-E2B51ACAB5CF, 2021-04-06T07:04:29, true
9DDDD405-82E4-4C56-A6A6-E2B51ACAB5CF, 2021-04-06T07:05:50, true
9DDDD405-82E4-4C56-A6A6-E2B51ACAB5CF, 2021-04-06T07:06:52, true
9DDDD405-82E4-4C56-A6A6-E2B51ACAB5CF, 2021-04-06T07:07:53, true
9DDDD405-82E4-4C56-A6A6-E2B51ACAB5CF, 2021-04-06T07:08:56, true
9DDDD405-82E4-4C56-A6A6-E2B51ACAB5CF, 2021-04-06T07:09:59, true
9DDDD405-82E4-4C56-A6A6-E2B51ACAB5CF, 2021-04-06T07:10:59, false
9DDDD405-82E4-4C56-A6A6-E2B51ACAB5CF, 2021-04-06T07:11:43, true
9DDDD405-82E4-4C56-A6A6-E2B51ACAB5CF, 2021-04-06T07:12:46, true
9DDDD405-82E4-4C56-A6A6-E2B51ACAB5CF, 2021-04-06T07:13:48, true
9DDDD405-82E4-4C56-A6A6-E2B51ACAB5CF, 2021-04-06T07:14:50, true
9DDDD405-82E4-4C56-A6A6-E2B51ACAB5CF, 2021-04-06T07:15:58, true
9DDDD405-82E4-4C56-A6A6-E2B51ACAB5CF, 2021-04-06T07:17:11, true
9DDDD405-82E4-4C56-A6A6-E2B51ACAB5CF, 2021-04-06T07:18:11, true
9DDDD405-82E4-4C56-A6A6-E2B51ACAB5CF, 2021-04-06T07:19:28, true
9DDDD405-82E4-4C56-A6A6-E2B51ACAB5CF, 2021-04-06T07:20:57, true
9DDDD405-82E4-4C56-A6A6-E2B51ACAB5CF, 2021-04-06T07:21:57, true
9DDDD405-82E4-4C56-A6A6-E2B51ACAB5CF, 2021-04-06T07:23:00, true
9DDDD405-82E4-4C56-A6A6-E2B51ACAB5CF, 2021-04-06T07:24:06, true
9DDDD405-82E4-4C56-A6A6-E2B51ACAB5CF, 2021-04-06T07:25:09, true
9DDDD405-82E4-4C56-A6A6-E2B51ACAB5CF, 2021-04-06T07:26:13, true
9DDDD405-82E4-4C56-A6A6-E2B51ACAB5CF, 2021-04-06T07:27:15, true
9DDDD405-82E4-4C56-A6A6-E2B51ACAB5CF, 2021-04-06T07:28:21, true
9DDDD405-82E4-4C56-A6A6-E2B51ACAB5CF, 2021-04-06T07:29:22, true
9DDDD405-82E4-4C56-A6A6-E2B51ACAB5CF, 2021-04-06T07:30:39, true
9DDDD405-82E4-4C56-A6A6-E2B51ACAB5CF, 2021-04-06T07:31:39, true
9DDDD405-82E4-4C56-A6A6-E2B51ACAB5CF, 2021-04-06T07:32:43, true
9DDDD405-82E4-4C56-A6A6-E2B51ACAB5CF, 2021-04-06T07:33:45, true
9DDDD405-82E4-4C56-A6A6-E2B51ACAB5CF, 2021-04-06T07:34:48, true
9DDDD405-82E4-4C56-A6A6-E2B51ACAB5CF, 2021-04-06T07:35:52, true
9DDDD405-82E4-4C56-A6A6-E2B51ACAB5CF, 2021-04-06T07:36:56, true
9DDDD405-82E4-4C56-A6A6-E2B51ACAB5CF, 2021-04-06T07:37:56, false
9DDDD405-82E4-4C56-A6A6-E2B51ACAB5CF, 2021-04-06T07:38:56, false
9DDDD405-82E4-4C56-A6A6-E2B51ACAB5CF, 2021-04-06T07:39:56, false
9DDDD405-82E4-4C56-A6A6-E2B51ACAB5CF, 2021-04-06T07:40:56, false
9DDDD405-82E4-4C56-A6A6-E2B51ACAB5CF, 2021-04-06T07:42:17, true
9DDDD405-82E4-4C56-A6A6-E2B51ACAB5CF, 2021-04-06T07:43:21, true
9DDDD405-82E4-4C56-A6A6-E2B51ACAB5CF, 2021-04-06T07:44:21, true
9DDDD405-82E4-4C56-A6A6-E2B51ACAB5CF, 2021-04-06T07:45:33, true
9DDDD405-82E4-4C56-A6A6-E2B51ACAB5CF, 2021-04-06T07:46:35, true
9DDDD405-82E4-4C56-A6A6-E2B51ACAB5CF, 2021-04-06T07:47:35, false
9DDDD405-82E4-4C56-A6A6-E2B51ACAB5CF, 2021-04-06T07:48:35, true
9DDDD405-82E4-4C56-A6A6-E2B51ACAB5CF, 2021-04-06T07:49:43, true
9DDDD405-82E4-4C56-A6A6-E2B51ACAB5CF, 2021-04-06T07:50:56, true
9DDDD405-82E4-4C56-A6A6-E2B51ACAB5CF, 2021-04-06T07:52:04, true
9DDDD405-82E4-4C56-A6A6-E2B51ACAB5CF, 2021-04-06T07:53:07, true
9DDDD405-82E4-4C56-A6A6-E2B51ACAB5CF, 2021-04-06T07:54:12, true
9DDDD405-82E4-4C56-A6A6-E2B51ACAB5CF, 2021-04-06T07:55:30, true
9DDDD405-82E4-4C56-A6A6-E2B51ACAB5CF, 2021-04-06T07:56:30, false
9DDDD405-82E4-4C56-A6A6-E2B51ACAB5CF, 2021-04-06T07:57:03, true
9DDDD405-82E4-4C56-A6A6-E2B51ACAB5CF, 2021-04-06T07:58:22, true
9DDDD405-82E4-4C56-A6A6-E2B51ACAB5CF, 2021-04-06T07:59:25, true
9DDDD405-82E4-4C56-A6A6-E2B51ACAB5CF, 2021-04-06T08:00:33, true
9DDDD405-82E4-4C56-A6A6-E2B51ACAB5CF, 2021-04-06T08:01:35, true
9DDDD405-82E4-4C56-A6A6-E2B51ACAB5CF, 2021-04-06T08:02:39, true
9DDDD405-82E4-4C56-A6A6-E2B51ACAB5CF, 2021-04-06T08:03:55, true
9DDDD405-82E4-4C56-A6A6-E2B51ACAB5CF, 2021-04-06T08:04:57, true
9DDDD405-82E4-4C56-A6A6-E2B51ACAB5CF, 2021-04-06T08:05:58, true
9DDDD405-82E4-4C56-A6A6-E2B51ACAB5CF, 2021-04-06T08:07:03, true
9DDDD405-82E4-4C56-A6A6-E2B51ACAB5CF, 2021-04-06T08:08:05, true
9DDDD405-82E4-4C56-A6A6-E2B51ACAB5CF, 2021-04-06T08:09:07, true
9DDDD405-82E4-4C56-A6A6-E2B51ACAB5CF, 2021-04-06T08:10:11, true
9DDDD405-82E4-4C56-A6A6-E2B51ACAB5CF, 2021-04-06T08:11:12, true
9DDDD405-82E4-4C56-A6A6-E2B51ACAB5CF, 2021-04-06T08:12:15, true
9DDDD405-82E4-4C56-A6A6-E2B51ACAB5CF, 2021-04-06T08:13:18, true
9DDDD405-82E4-4C56-A6A6-E2B51ACAB5CF, 2021-04-06T08:14:20, true
9DDDD405-82E4-4C56-A6A6-E2B51ACAB5CF, 2021-04-06T08:15:34, true
9DDDD405-82E4-4C56-A6A6-E2B51ACAB5CF, 2021-04-06T08:16:35, true
9DDDD405-82E4-4C56-A6A6-E2B51ACAB5CF, 2021-04-06T08:17:36, true
9DDDD405-82E4-4C56-A6A6-E2B51ACAB5CF, 2021-04-06T08:18:37, true
9DDDD405-82E4-4C56-A6A6-E2B51ACAB5CF, 2021-04-06T08:19:39, true
9DDDD405-82E4-4C56-A6A6-E2B51ACAB5CF, 2021-04-06T08:20:39, true
9DDDD405-82E4-4C56-A6A6-E2B51ACAB5CF, 2021-04-06T08:21:41, true
9DDDD405-82E4-4C56-A6A6-E2B51ACAB5CF, 2021-04-06T08:23:01, true
9DDDD405-82E4-4C56-A6A6-E2B51ACAB5CF, 2021-04-06T08:24:02, true
9DDDD405-82E4-4C56-A6A6-E2B51ACAB5CF, 2021-04-06T08:25:03, true
9DDDD405-82E4-4C56-A6A6-E2B51ACAB5CF, 2021-04-06T08:26:05, true
9DDDD405-82E4-4C56-A6A6-E2B51ACAB5CF, 2021-04-06T08:27:06, true
9DDDD405-82E4-4C56-A6A6-E2B51ACAB5CF, 2021-04-06T08:28:06, true
9DDDD405-82E4-4C56-A6A6-E2B51ACAB5CF, 2021-04-06T08:29:10, true
9DDDD405-82E4-4C56-A6A6-E2B51ACAB5CF, 2021-04-06T08:30:10, true
9DDDD405-82E4-4C56-A6A6-E2B51ACAB5CF, 2021-04-06T08:31:11, true
9DDDD405-82E4-4C56-A6A6-E2B51ACAB5CF, 2021-04-06T08:32:15, true
9DDDD405-82E4-4C56-A6A6-E2B51ACAB5CF, 2021-04-06T08:33:15, true
9DDDD405-82E4-4C56-A6A6-E2B51ACAB5CF, 2021-04-06T08:34:18, true
9DDDD405-82E4-4C56-A6A6-E2B51ACAB5CF, 2021-04-06T08:35:18, true
9DDDD405-82E4-4C56-A6A6-E2B51ACAB5CF, 2021-04-06T08:36:20, true
9DDDD405-82E4-4C56-A6A6-E2B51ACAB5CF, 2021-04-06T08:37:23, true
9DDDD405-82E4-4C56-A6A6-E2B51ACAB5CF, 2021-04-06T08:38:40, true
9DDDD405-82E4-4C56-A6A6-E2B51ACAB5CF, 2021-04-06T08:39:41, true
9DDDD405-82E4-4C56-A6A6-E2B51ACAB5CF, 2021-04-06T08:40:43, true
9DDDD405-82E4-4C56-A6A6-E2B51ACAB5CF, 2021-04-06T08:41:44, true
9DDDD405-82E4-4C56-A6A6-E2B51ACAB5CF, 2021-04-06T08:42:46, true
9DDDD405-82E4-4C56-A6A6-E2B51ACAB5CF, 2021-04-06T08:43:49, true
9DDDD405-82E4-4C56-A6A6-E2B51ACAB5CF, 2021-04-06T08:44:50, true
9DDDD405-82E4-4C56-A6A6-E2B51ACAB5CF, 2021-04-06T08:45:53, true
9DDDD405-82E4-4C56-A6A6-E2B51ACAB5CF, 2021-04-06T08:46:55, true
9DDDD405-82E4-4C56-A6A6-E2B51ACAB5CF, 2021-04-06T08:47:55, true
9DDDD405-82E4-4C56-A6A6-E2B51ACAB5CF, 2021-04-06T08:48:57, true
9DDDD405-82E4-4C56-A6A6-E2B51ACAB5CF, 2021-04-06T08:49:58, true
9DDDD405-82E4-4C56-A6A6-E2B51ACAB5CF, 2021-04-06T08:51:00, true
9DDDD405-82E4-4C56-A6A6-E2B51ACAB5CF, 2021-04-06T08:52:01, true
9DDDD405-82E4-4C56-A6A6-E2B51ACAB5CF, 2021-04-06T08:53:02, true
9DDDD405-82E4-4C56-A6A6-E2B51ACAB5CF, 2021-04-06T08:54:17, true
9DDDD405-82E4-4C56-A6A6-E2B51ACAB5CF, 2021-04-06T08:55:21, true
9DDDD405-82E4-4C56-A6A6-E2B51ACAB5CF, 2021-04-06T08:56:21, true
9DDDD405-82E4-4C56-A6A6-E2B51ACAB5CF, 2021-04-06T08:57:21, true
9DDDD405-82E4-4C56-A6A6-E2B51ACAB5CF, 2021-04-06T08:58:22, true
9DDDD405-82E4-4C56-A6A6-E2B51ACAB5CF, 2021-04-06T08:59:23, true
9DDDD405-82E4-4C56-A6A6-E2B51ACAB5CF, 2021-04-06T09:00:27, true
9DDDD405-82E4-4C56-A6A6-E2B51ACAB5CF, 2021-04-06T09:01:28, true
9DDDD405-82E4-4C56-A6A6-E2B51ACAB5CF, 2021-04-06T09:02:33, true
9DDDD405-82E4-4C56-A6A6-E2B51ACAB5CF, 2021-04-06T09:03:36, true
9DDDD405-82E4-4C56-A6A6-E2B51ACAB5CF, 2021-04-06T09:04:39, true
9DDDD405-82E4-4C56-A6A6-E2B51ACAB5CF, 2021-04-06T09:05:56, true
9DDDD405-82E4-4C56-A6A6-E2B51ACAB5CF, 2021-04-06T09:06:59, true
9DDDD405-82E4-4C56-A6A6-E2B51ACAB5CF, 2021-04-06T09:08:00, true
9DDDD405-82E4-4C56-A6A6-E2B51ACAB5CF, 2021-04-06T09:09:02, true
9DDDD405-82E4-4C56-A6A6-E2B51ACAB5CF, 2021-04-06T09:10:08, true
9DDDD405-82E4-4C56-A6A6-E2B51ACAB5CF, 2021-04-06T09:11:13, true
9DDDD405-82E4-4C56-A6A6-E2B51ACAB5CF, 2021-04-06T09:12:14, true
9DDDD405-82E4-4C56-A6A6-E2B51ACAB5CF, 2021-04-06T09:13:15, true
9DDDD405-82E4-4C56-A6A6-E2B51ACAB5CF, 2021-04-06T09:14:15, true
9DDDD405-82E4-4C56-A6A6-E2B51ACAB5CF, 2021-04-06T09:15:16, true
9DDDD405-82E4-4C56-A6A6-E2B51ACAB5CF, 2021-04-06T09:16:17, true
9DDDD405-82E4-4C56-A6A6-E2B51ACAB5CF, 2021-04-06T09:17:23, true
9DDDD405-82E4-4C56-A6A6-E2B51ACAB5CF, 2021-04-06T09:18:23, true
9DDDD405-82E4-4C56-A6A6-E2B51ACAB5CF, 2021-04-06T09:19:26, true
9DDDD405-82E4-4C56-A6A6-E2B51ACAB5CF, 2021-04-06T09:20:26, true
9DDDD405-82E4-4C56-A6A6-E2B51ACAB5CF, 2021-04-06T09:21:38, true
9DDDD405-82E4-4C56-A6A6-E2B51ACAB5CF, 2021-04-06T09:22:39, true
9DDDD405-82E4-4C56-A6A6-E2B51ACAB5CF, 2021-04-06T09:23:41, true
9DDDD405-82E4-4C56-A6A6-E2B51ACAB5CF, 2021-04-06T09:24:41, true
9DDDD405-82E4-4C56-A6A6-E2B51ACAB5CF, 2021-04-06T09:25:44, true
9DDDD405-82E4-4C56-A6A6-E2B51ACAB5CF, 2021-04-06T09:26:45, true
9DDDD405-82E4-4C56-A6A6-E2B51ACAB5CF, 2021-04-06T09:28:02, true
9DDDD405-82E4-4C56-A6A6-E2B51ACAB5CF, 2021-04-06T09:29:02, true
9DDDD405-82E4-4C56-A6A6-E2B51ACAB5CF, 2021-04-06T09:30:03, true
9DDDD405-82E4-4C56-A6A6-E2B51ACAB5CF, 2021-04-06T09:31:07, true
9DDDD405-82E4-4C56-A6A6-E2B51ACAB5CF, 2021-04-06T09:32:11, true
9DDDD405-82E4-4C56-A6A6-E2B51ACAB5CF, 2021-04-06T09:33:16, true
9DDDD405-82E4-4C56-A6A6-E2B51ACAB5CF, 2021-04-06T09:34:22, true
9DDDD405-82E4-4C56-A6A6-E2B51ACAB5CF, 2021-04-06T09:35:27, true
9DDDD405-82E4-4C56-A6A6-E2B51ACAB5CF, 2021-04-06T09:36:31, true
9DDDD405-82E4-4C56-A6A6-E2B51ACAB5CF, 2021-04-06T09:37:34, true
9DDDD405-82E4-4C56-A6A6-E2B51ACAB5CF, 2021-04-06T09:38:34, true
9DDDD405-82E4-4C56-A6A6-E2B51ACAB5CF, 2021-04-06T09:39:34, true
9DDDD405-82E4-4C56-A6A6-E2B51ACAB5CF, 2021-04-06T09:40:39, true
9DDDD405-82E4-4C56-A6A6-E2B51ACAB5CF, 2021-04-06T09:42:07, true
9DDDD405-82E4-4C56-A6A6-E2B51ACAB5CF, 2021-04-06T09:43:12, true
9DDDD405-82E4-4C56-A6A6-E2B51ACAB5CF, 2021-04-06T09:44:14, true
9DDDD405-82E4-4C56-A6A6-E2B51ACAB5CF, 2021-04-06T09:45:17, true
9DDDD405-82E4-4C56-A6A6-E2B51ACAB5CF, 2021-04-06T09:46:20, true
9DDDD405-82E4-4C56-A6A6-E2B51ACAB5CF, 2021-04-06T09:47:24, true
9DDDD405-82E4-4C56-A6A6-E2B51ACAB5CF, 2021-04-06T09:48:24, false
9DDDD405-82E4-4C56-A6A6-E2B51ACAB5CF, 2021-04-06T09:49:24, false
9DDDD405-82E4-4C56-A6A6-E2B51ACAB5CF, 2021-04-06T09:50:24, false
9DDDD405-82E4-4C56-A6A6-E2B51ACAB5CF, 2021-04-06T09:51:24, false
9DDDD405-82E4-4C56-A6A6-E2B51ACAB5CF, 2021-04-06T09:52:04, true
9DDDD405-82E4-4C56-A6A6-E2B51ACAB5CF, 2021-04-06T09:53:08, true
9DDDD405-82E4-4C56-A6A6-E2B51ACAB5CF, 2021-04-06T09:54:20, true
9DDDD405-82E4-4C56-A6A6-E2B51ACAB5CF, 2021-04-06T09:55:46, true
9DDDD405-82E4-4C56-A6A6-E2B51ACAB5CF, 2021-04-06T09:56:46, false
9DDDD405-82E4-4C56-A6A6-E2B51ACAB5CF, 2021-04-06T09:57:20, true
9DDDD405-82E4-4C56-A6A6-E2B51ACAB5CF, 2021-04-06T09:58:21, true
9DDDD405-82E4-4C56-A6A6-E2B51ACAB5CF, 2021-04-06T09:59:21, false
9DDDD405-82E4-4C56-A6A6-E2B51ACAB5CF, 2021-04-06T10:00:21, false
9DDDD405-82E4-4C56-A6A6-E2B51ACAB5CF, 2021-04-06T10:01:21, false
9DDDD405-82E4-4C56-A6A6-E2B51ACAB5CF, 2021-04-06T10:02:21, false
9DDDD405-82E4-4C56-A6A6-E2B51ACAB5CF, 2021-04-06T10:03:21, false
9DDDD405-82E4-4C56-A6A6-E2B51ACAB5CF, 2021-04-06T10:04:21, false
9DDDD405-82E4-4C56-A6A6-E2B51ACAB5CF, 2021-04-06T10:05:21, false
9DDDD405-82E4-4C56-A6A6-E2B51ACAB5CF, 2021-04-06T10:06:21, false
9DDDD405-82E4-4C56-A6A6-E2B51ACAB5CF, 2021-04-06T10:07:21, false
9DDDD405-82E4-4C56-A6A6-E2B51ACAB5CF, 2021-04-06T10:08:21, false
9DDDD405-82E4-4C56-A6A6-E2B51ACAB5CF, 2021-04-06T10:09:21, false
9DDDD405-82E4-4C56-A6A6-E2B51ACAB5CF, 2021-04-06T10:10:21, false
9DDDD405-82E4-4C56-A6A6-E2B51ACAB5CF, 2021-04-06T10:11:21, false
9DDDD405-82E4-4C56-A6A6-E2B51ACAB5CF, 2021-04-06T10:12:21, false
9DDDD405-82E4-4C56-A6A6-E2B51ACAB5CF, 2021-04-06T10:13:21, false
9DDDD405-82E4-4C56-A6A6-E2B51ACAB5CF, 2021-04-06T10:14:21, false
9DDDD405-82E4-4C56-A6A6-E2B51ACAB5CF, 2021-04-06T10:15:21, false
9DDDD405-82E4-4C56-A6A6-E2B51ACAB5CF, 2021-04-06T10:16:21, false
9DDDD405-82E4-4C56-A6A6-E2B51ACAB5CF, 2021-04-06T10:17:21, false
9DDDD405-82E4-4C56-A6A6-E2B51ACAB5CF, 2021-04-06T10:18:21, false
9DDDD405-82E4-4C56-A6A6-E2B51ACAB5CF, 2021-04-06T10:19:21, false
9DDDD405-82E4-4C56-A6A6-E2B51ACAB5CF, 2021-04-06T10:20:21, false
9DDDD405-82E4-4C56-A6A6-E2B51ACAB5CF, 2021-04-06T10:21:21, false
9DDDD405-82E4-4C56-A6A6-E2B51ACAB5CF, 2021-04-06T10:22:21, false
9DDDD405-82E4-4C56-A6A6-E2B51ACAB5CF, 2021-04-06T10:23:21, false
9DDDD405-82E4-4C56-A6A6-E2B51ACAB5CF, 2021-04-06T10:24:21, false
9DDDD405-82E4-4C56-A6A6-E2B51ACAB5CF, 2021-04-06T10:25:21, false
9DDDD405-82E4-4C56-A6A6-E2B51ACAB5CF, 2021-04-06T10:26:21, false
9DDDD405-82E4-4C56-A6A6-E2B51ACAB5CF, 2021-04-06T10:27:21, false
9DDDD405-82E4-4C56-A6A6-E2B51ACAB5CF, 2021-04-06T10:28:21, false
9DDDD405-82E4-4C56-A6A6-E2B51ACAB5CF, 2021-04-06T10:29:21, false
9DDDD405-82E4-4C56-A6A6-E2B51ACAB5CF, 2021-04-06T10:30:21, false
9DDDD405-82E4-4C56-A6A6-E2B51ACAB5CF, 2021-04-06T10:31:21, false
9DDDD405-82E4-4C56-A6A6-E2B51ACAB5CF, 2021-04-06T10:32:21, false
9DDDD405-82E4-4C56-A6A6-E2B51ACAB5CF, 2021-04-06T10:33:21, false
9DDDD405-82E4-4C56-A6A6-E2B51ACAB5CF, 2021-04-06T10:34:21, false
9DDDD405-82E4-4C56-A6A6-E2B51ACAB5CF, 2021-04-06T10:35:21, false
9DDDD405-82E4-4C56-A6A6-E2B51ACAB5CF, 2021-04-06T10:36:21, false
9DDDD405-82E4-4C56-A6A6-E2B51ACAB5CF, 2021-04-06T10:37:21, false
9DDDD405-82E4-4C56-A6A6-E2B51ACAB5CF, 2021-04-06T10:38:21, false
9DDDD405-82E4-4C56-A6A6-E2B51ACAB5CF, 2021-04-06T10:39:21, false
9DDDD405-82E4-4C56-A6A6-E2B51ACAB5CF, 2021-04-06T10:40:21, false
9DDDD405-82E4-4C56-A6A6-E2B51ACAB5CF, 2021-04-06T10:41:21, false
9DDDD405-82E4-4C56-A6A6-E2B51ACAB5CF, 2021-04-06T10:42:21, false
9DDDD405-82E4-4C56-A6A6-E2B51ACAB5CF, 2021-04-06T10:43:21, false
9DDDD405-82E4-4C56-A6A6-E2B51ACAB5CF, 2021-04-06T10:44:21, false
9DDDD405-82E4-4C56-A6A6-E2B51ACAB5CF, 2021-04-06T10:45:21, false
9DDDD405-82E4-4C56-A6A6-E2B51ACAB5CF, 2021-04-06T10:46:21, false
9DDDD405-82E4-4C56-A6A6-E2B51ACAB5CF, 2021-04-06T10:47:21, false
9DDDD405-82E4-4C56-A6A6-E2B51ACAB5CF, 2021-04-06T10:48:21, false
9DDDD405-82E4-4C56-A6A6-E2B51ACAB5CF, 2021-04-06T10:49:21, false
9DDDD405-82E4-4C56-A6A6-E2B51ACAB5CF, 2021-04-06T10:50:21, false
9DDDD405-82E4-4C56-A6A6-E2B51ACAB5CF, 2021-04-06T10:51:21, false
9DDDD405-82E4-4C56-A6A6-E2B51ACAB5CF, 2021-04-06T10:52:21, false
9DDDD405-82E4-4C56-A6A6-E2B51ACAB5CF, 2021-04-06T10:53:21, false
9DDDD405-82E4-4C56-A6A6-E2B51ACAB5CF, 2021-04-06T10:54:21, false
9DDDD405-82E4-4C56-A6A6-E2B51ACAB5CF, 2021-04-06T10:55:21, false
9DDDD405-82E4-4C56-A6A6-E2B51ACAB5CF, 2021-04-06T10:56:21, false
9DDDD405-82E4-4C56-A6A6-E2B51ACAB5CF, 2021-04-06T10:57:21, false
9DDDD405-82E4-4C56-A6A6-E2B51ACAB5CF, 2021-04-06T10:58:21, false
9DDDD405-82E4-4C56-A6A6-E2B51ACAB5CF, 2021-04-06T10:59:21, false
9DDDD405-82E4-4C56-A6A6-E2B51ACAB5CF, 2021-04-06T11:00:21, false
9DDDD405-82E4-4C56-A6A6-E2B51ACAB5CF, 2021-04-06T11:01:21, false
9DDDD405-82E4-4C56-A6A6-E2B51ACAB5CF, 2021-04-06T11:02:21, false
9DDDD405-82E4-4C56-A6A6-E2B51ACAB5CF, 2021-04-06T11:03:21, false
9DDDD405-82E4-4C56-A6A6-E2B51ACAB5CF, 2021-04-06T11:04:21, false
9DDDD405-82E4-4C56-A6A6-E2B51ACAB5CF, 2021-04-06T11:05:21, false
9DDDD405-82E4-4C56-A6A6-E2B51ACAB5CF, 2021-04-06T11:06:21, false
9DDDD405-82E4-4C56-A6A6-E2B51ACAB5CF, 2021-04-06T11:07:21, false
9DDDD405-82E4-4C56-A6A6-E2B51ACAB5CF, 2021-04-06T11:08:21, false
9DDDD405-82E4-4C56-A6A6-E2B51ACAB5CF, 2021-04-06T11:09:21, false
9DDDD405-82E4-4C56-A6A6-E2B51ACAB5CF, 2021-04-06T11:10:21, false
9DDDD405-82E4-4C56-A6A6-E2B51ACAB5CF, 2021-04-06T11:11:21, false
9DDDD405-82E4-4C56-A6A6-E2B51ACAB5CF, 2021-04-06T11:12:21, false
9DDDD405-82E4-4C56-A6A6-E2B51ACAB5CF, 2021-04-06T11:13:21, false
9DDDD405-82E4-4C56-A6A6-E2B51ACAB5CF, 2021-04-06T11:14:21, false
9DDDD405-82E4-4C56-A6A6-E2B51ACAB5CF, 2021-04-06T11:15:21, false
9DDDD405-82E4-4C56-A6A6-E2B51ACAB5CF, 2021-04-06T11:16:21, false
9DDDD405-82E4-4C56-A6A6-E2B51ACAB5CF, 2021-04-06T11:17:21, false
9DDDD405-82E4-4C56-A6A6-E2B51ACAB5CF, 2021-04-06T11:18:21, false
9DDDD405-82E4-4C56-A6A6-E2B51ACAB5CF, 2021-04-06T11:19:21, false
9DDDD405-82E4-4C56-A6A6-E2B51ACAB5CF, 2021-04-06T11:20:21, false
9DDDD405-82E4-4C56-A6A6-E2B51ACAB5CF, 2021-04-06T11:21:21, false
9DDDD405-82E4-4C56-A6A6-E2B51ACAB5CF, 2021-04-06T11:22:21, false
9DDDD405-82E4-4C56-A6A6-E2B51ACAB5CF, 2021-04-06T11:23:21, false
9DDDD405-82E4-4C56-A6A6-E2B51ACAB5CF, 2021-04-06T11:24:21, false
9DDDD405-82E4-4C56-A6A6-E2B51ACAB5CF, 2021-04-06T11:25:21, false
9DDDD405-82E4-4C56-A6A6-E2B51ACAB5CF, 2021-04-06T11:26:21, false
9DDDD405-82E4-4C56-A6A6-E2B51ACAB5CF, 2021-04-06T11:27:21, false
9DDDD405-82E4-4C56-A6A6-E2B51ACAB5CF, 2021-04-06T11:28:21, false
9DDDD405-82E4-4C56-A6A6-E2B51ACAB5CF, 2021-04-06T11:29:21, false
9DDDD405-82E4-4C56-A6A6-E2B51ACAB5CF, 2021-04-06T11:30:21, false
9DDDD405-82E4-4C56-A6A6-E2B51ACAB5CF, 2021-04-06T11:31:21, false
9DDDD405-82E4-4C56-A6A6-E2B51ACAB5CF, 2021-04-06T11:32:21, false
9DDDD405-82E4-4C56-A6A6-E2B51ACAB5CF, 2021-04-06T11:33:21, false
9DDDD405-82E4-4C56-A6A6-E2B51ACAB5CF, 2021-04-06T11:34:21, false
9DDDD405-82E4-4C56-A6A6-E2B51ACAB5CF, 2021-04-06T11:35:21, false
9DDDD405-82E4-4C56-A6A6-E2B51ACAB5CF, 2021-04-06T11:36:21, false
9DDDD405-82E4-4C56-A6A6-E2B51ACAB5CF, 2021-04-06T11:37:21, false
9DDDD405-82E4-4C56-A6A6-E2B51ACAB5CF, 2021-04-06T11:38:21, false
9DDDD405-82E4-4C56-A6A6-E2B51ACAB5CF, 2021-04-06T11:39:21, false
9DDDD405-82E4-4C56-A6A6-E2B51ACAB5CF, 2021-04-06T11:40:21, false
9DDDD405-82E4-4C56-A6A6-E2B51ACAB5CF, 2021-04-06T11:41:21, false
9DDDD405-82E4-4C56-A6A6-E2B51ACAB5CF, 2021-04-06T11:42:21, false
9DDDD405-82E4-4C56-A6A6-E2B51ACAB5CF, 2021-04-06T11:43:21, false
9DDDD405-82E4-4C56-A6A6-E2B51ACAB5CF, 2021-04-06T11:44:21, false
9DDDD405-82E4-4C56-A6A6-E2B51ACAB5CF, 2021-04-06T11:45:21, false
9DDDD405-82E4-4C56-A6A6-E2B51ACAB5CF, 2021-04-06T11:46:21, false
9DDDD405-82E4-4C56-A6A6-E2B51ACAB5CF, 2021-04-06T11:47:21, false
9DDDD405-82E4-4C56-A6A6-E2B51ACAB5CF, 2021-04-06T11:48:21, false
9DDDD405-82E4-4C56-A6A6-E2B51ACAB5CF, 2021-04-06T11:49:21, false
9DDDD405-82E4-4C56-A6A6-E2B51ACAB5CF, 2021-04-06T11:50:21, false
9DDDD405-82E4-4C56-A6A6-E2B51ACAB5CF, 2021-04-06T11:51:21, false
9DDDD405-82E4-4C56-A6A6-E2B51ACAB5CF, 2021-04-06T11:52:21, false
9DDDD405-82E4-4C56-A6A6-E2B51ACAB5CF, 2021-04-06T11:53:21, false
9DDDD405-82E4-4C56-A6A6-E2B51ACAB5CF, 2021-04-06T11:54:21, false
9DDDD405-82E4-4C56-A6A6-E2B51ACAB5CF, 2021-04-06T11:55:21, false
9DDDD405-82E4-4C56-A6A6-E2B51ACAB5CF, 2021-04-06T11:56:21, false
9DDDD405-82E4-4C56-A6A6-E2B51ACAB5CF, 2021-04-06T11:57:21, false
9DDDD405-82E4-4C56-A6A6-E2B51ACAB5CF, 2021-04-06T11:58:21, false
9DDDD405-82E4-4C56-A6A6-E2B51ACAB5CF, 2021-04-06T11:59:21, false
9DDDD405-82E4-4C56-A6A6-E2B51ACAB5CF, 2021-04-06T12:00:21, false
9DDDD405-82E4-4C56-A6A6-E2B51ACAB5CF, 2021-04-06T12:01:21, false
9DDDD405-82E4-4C56-A6A6-E2B51ACAB5CF, 2021-04-06T12:02:21, false
9DDDD405-82E4-4C56-A6A6-E2B51ACAB5CF, 2021-04-06T12:03:21, false
9DDDD405-82E4-4C56-A6A6-E2B51ACAB5CF, 2021-04-06T12:04:21, false
9DDDD405-82E4-4C56-A6A6-E2B51ACAB5CF, 2021-04-06T12:05:21, false
9DDDD405-82E4-4C56-A6A6-E2B51ACAB5CF, 2021-04-06T12:06:21, false
9DDDD405-82E4-4C56-A6A6-E2B51ACAB5CF, 2021-04-06T12:07:21, false
9DDDD405-82E4-4C56-A6A6-E2B51ACAB5CF, 2021-04-06T12:08:21, false
9DDDD405-82E4-4C56-A6A6-E2B51ACAB5CF, 2021-04-06T12:09:21, false
9DDDD405-82E4-4C56-A6A6-E2B51ACAB5CF, 2021-04-06T12:10:21, false
9DDDD405-82E4-4C56-A6A6-E2B51ACAB5CF, 2021-04-06T12:11:21, false
9DDDD405-82E4-4C56-A6A6-E2B51ACAB5CF, 2021-04-06T12:12:21, false
9DDDD405-82E4-4C56-A6A6-E2B51ACAB5CF, 2021-04-06T12:13:21, false
9DDDD405-82E4-4C56-A6A6-E2B51ACAB5CF, 2021-04-06T12:14:21, false
9DDDD405-82E4-4C56-A6A6-E2B51ACAB5CF, 2021-04-06T12:15:21, false
9DDDD405-82E4-4C56-A6A6-E2B51ACAB5CF, 2021-04-06T12:16:21, false
9DDDD405-82E4-4C56-A6A6-E2B51ACAB5CF, 2021-04-06T12:17:21, false
9DDDD405-82E4-4C56-A6A6-E2B51ACAB5CF, 2021-04-06T12:18:21, false
9DDDD405-82E4-4C56-A6A6-E2B51ACAB5CF, 2021-04-06T12:19:21, false
9DDDD405-82E4-4C56-A6A6-E2B51ACAB5CF, 2021-04-06T12:20:21, false
9DDDD405-82E4-4C56-A6A6-E2B51ACAB5CF, 2021-04-06T12:21:21, false
9DDDD405-82E4-4C56-A6A6-E2B51ACAB5CF, 2021-04-06T12:22:21, false
9DDDD405-82E4-4C56-A6A6-E2B51ACAB5CF, 2021-04-06T12:23:21, false
9DDDD405-82E4-4C56-A6A6-E2B51ACAB5CF, 2021-04-06T12:24:21, false
9DDDD405-82E4-4C56-A6A6-E2B51ACAB5CF, 2021-04-06T12:25:21, false
9DDDD405-82E4-4C56-A6A6-E2B51ACAB5CF, 2021-04-06T12:26:21, false
9DDDD405-82E4-4C56-A6A6-E2B51ACAB5CF, 2021-04-06T12:27:21, false
9DDDD405-82E4-4C56-A6A6-E2B51ACAB5CF, 2021-04-06T12:28:21, false
9DDDD405-82E4-4C56-A6A6-E2B51ACAB5CF, 2021-04-06T12:29:21, false
9DDDD405-82E4-4C56-A6A6-E2B51ACAB5CF, 2021-04-06T12:30:21, false
9DDDD405-82E4-4C56-A6A6-E2B51ACAB5CF, 2021-04-06T12:31:21, false
9DDDD405-82E4-4C56-A6A6-E2B51ACAB5CF, 2021-04-06T12:32:21, false
9DDDD405-82E4-4C56-A6A6-E2B51ACAB5CF, 2021-04-06T12:33:21, false
9DDDD405-82E4-4C56-A6A6-E2B51ACAB5CF, 2021-04-06T12:34:21, false
9DDDD405-82E4-4C56-A6A6-E2B51ACAB5CF, 2021-04-06T12:35:21, false
9DDDD405-82E4-4C56-A6A6-E2B51ACAB5CF, 2021-04-06T12:36:21, false
9DDDD405-82E4-4C56-A6A6-E2B51ACAB5CF, 2021-04-06T12:37:21, false
9DDDD405-82E4-4C56-A6A6-E2B51ACAB5CF, 2021-04-06T12:38:21, false
9DDDD405-82E4-4C56-A6A6-E2B51ACAB5CF, 2021-04-06T12:39:21, false
9DDDD405-82E4-4C56-A6A6-E2B51ACAB5CF, 2021-04-06T12:40:21, false
9DDDD405-82E4-4C56-A6A6-E2B51ACAB5CF, 2021-04-06T12:41:21, false
9DDDD405-82E4-4C56-A6A6-E2B51ACAB5CF, 2021-04-06T12:42:21, false
9DDDD405-82E4-4C56-A6A6-E2B51ACAB5CF, 2021-04-06T12:43:21, false
9DDDD405-82E4-4C56-A6A6-E2B51ACAB5CF, 2021-04-06T12:44:21, false
9DDDD405-82E4-4C56-A6A6-E2B51ACAB5CF, 2021-04-06T12:45:21, false
9DDDD405-82E4-4C56-A6A6-E2B51ACAB5CF, 2021-04-06T12:46:21, false
9DDDD405-82E4-4C56-A6A6-E2B51ACAB5CF, 2021-04-06T12:47:21, false
9DDDD405-82E4-4C56-A6A6-E2B51ACAB5CF, 2021-04-06T12:48:21, false
9DDDD405-82E4-4C56-A6A6-E2B51ACAB5CF, 2021-04-06T12:49:21, false
9DDDD405-82E4-4C56-A6A6-E2B51ACAB5CF, 2021-04-06T12:50:21, false
9DDDD405-82E4-4C56-A6A6-E2B51ACAB5CF, 2021-04-06T12:51:21, false
9DDDD405-82E4-4C56-A6A6-E2B51ACAB5CF, 2021-04-06T12:52:21, false
9DDDD405-82E4-4C56-A6A6-E2B51ACAB5CF, 2021-04-06T12:53:21, false
9DDDD405-82E4-4C56-A6A6-E2B51ACAB5CF, 2021-04-06T12:54:21, false
9DDDD405-82E4-4C56-A6A6-E2B51ACAB5CF, 2021-04-06T12:55:21, false
9DDDD405-82E4-4C56-A6A6-E2B51ACAB5CF, 2021-04-06T12:56:21, false
9DDDD405-82E4-4C56-A6A6-E2B51ACAB5CF, 2021-04-06T12:57:21, false
9DDDD405-82E4-4C56-A6A6-E2B51ACAB5CF, 2021-04-06T12:58:21, false
9DDDD405-82E4-4C56-A6A6-E2B51ACAB5CF, 2021-04-06T12:59:21, false
9DDDD405-82E4-4C56-A6A6-E2B51ACAB5CF, 2021-04-06T13:00:21, false
9DDDD405-82E4-4C56-A6A6-E2B51ACAB5CF, 2021-04-06T13:01:21, false
9DDDD405-82E4-4C56-A6A6-E2B51ACAB5CF, 2021-04-06T13:02:21, false
9DDDD405-82E4-4C56-A6A6-E2B51ACAB5CF, 2021-04-06T13:03:21, false
9DDDD405-82E4-4C56-A6A6-E2B51ACAB5CF, 2021-04-06T13:04:21, false
9DDDD405-82E4-4C56-A6A6-E2B51ACAB5CF, 2021-04-06T13:05:21, false
9DDDD405-82E4-4C56-A6A6-E2B51ACAB5CF, 2021-04-06T13:06:21, false
9DDDD405-82E4-4C56-A6A6-E2B51ACAB5CF, 2021-04-06T13:07:21, false
9DDDD405-82E4-4C56-A6A6-E2B51ACAB5CF, 2021-04-06T13:08:21, false
9DDDD405-82E4-4C56-A6A6-E2B51ACAB5CF, 2021-04-06T13:09:21, false
9DDDD405-82E4-4C56-A6A6-E2B51ACAB5CF, 2021-04-06T13:10:21, false
9DDDD405-82E4-4C56-A6A6-E2B51ACAB5CF, 2021-04-06T13:11:21, false
9DDDD405-82E4-4C56-A6A6-E2B51ACAB5CF, 2021-04-06T13:12:21, false
9DDDD405-82E4-4C56-A6A6-E2B51ACAB5CF, 2021-04-06T13:13:21, false
9DDDD405-82E4-4C56-A6A6-E2B51ACAB5CF, 2021-04-06T13:14:21, false
9DDDD405-82E4-4C56-A6A6-E2B51ACAB5CF, 2021-04-06T13:15:21, false
9DDDD405-82E4-4C56-A6A6-E2B51ACAB5CF, 2021-04-06T13:16:21, false
9DDDD405-82E4-4C56-A6A6-E2B51ACAB5CF, 2021-04-06T13:17:21, false
9DDDD405-82E4-4C56-A6A6-E2B51ACAB5CF, 2021-04-06T13:18:21, false
9DDDD405-82E4-4C56-A6A6-E2B51ACAB5CF, 2021-04-06T13:19:21, false
9DDDD405-82E4-4C56-A6A6-E2B51ACAB5CF, 2021-04-06T13:20:21, false
9DDDD405-82E4-4C56-A6A6-E2B51ACAB5CF, 2021-04-06T13:21:21, false
9DDDD405-82E4-4C56-A6A6-E2B51ACAB5CF, 2021-04-06T13:22:21, false
9DDDD405-82E4-4C56-A6A6-E2B51ACAB5CF, 2021-04-06T13:23:21, false
9DDDD405-82E4-4C56-A6A6-E2B51ACAB5CF, 2021-04-06T13:24:21, false
9DDDD405-82E4-4C56-A6A6-E2B51ACAB5CF, 2021-04-06T13:25:21, false
9DDDD405-82E4-4C56-A6A6-E2B51ACAB5CF, 2021-04-06T13:26:21, false
9DDDD405-82E4-4C56-A6A6-E2B51ACAB5CF, 2021-04-06T13:27:21, false
9DDDD405-82E4-4C56-A6A6-E2B51ACAB5CF, 2021-04-06T13:28:21, false
9DDDD405-82E4-4C56-A6A6-E2B51ACAB5CF, 2021-04-06T13:29:21, false
9DDDD405-82E4-4C56-A6A6-E2B51ACAB5CF, 2021-04-06T13:30:21, false
9DDDD405-82E4-4C56-A6A6-E2B51ACAB5CF, 2021-04-06T13:31:21, false
9DDDD405-82E4-4C56-A6A6-E2B51ACAB5CF, 2021-04-06T13:32:21, false
9DDDD405-82E4-4C56-A6A6-E2B51ACAB5CF, 2021-04-06T13:33:21, false
9DDDD405-82E4-4C56-A6A6-E2B51ACAB5CF, 2021-04-06T13:34:21, false
9DDDD405-82E4-4C56-A6A6-E2B51ACAB5CF, 2021-04-06T13:35:21, false
9DDDD405-82E4-4C56-A6A6-E2B51ACAB5CF, 2021-04-06T13:36:21, false
9DDDD405-82E4-4C56-A6A6-E2B51ACAB5CF, 2021-04-06T13:37:21, false
9DDDD405-82E4-4C56-A6A6-E2B51ACAB5CF, 2021-04-06T13:38:21, false
9DDDD405-82E4-4C56-A6A6-E2B51ACAB5CF, 2021-04-06T13:39:21, false
9DDDD405-82E4-4C56-A6A6-E2B51ACAB5CF, 2021-04-06T13:40:21, false
9DDDD405-82E4-4C56-A6A6-E2B51ACAB5CF, 2021-04-06T13:41:21, false
9DDDD405-82E4-4C56-A6A6-E2B51ACAB5CF, 2021-04-06T13:42:21, false
9DDDD405-82E4-4C56-A6A6-E2B51ACAB5CF, 2021-04-06T13:43:21, false
9DDDD405-82E4-4C56-A6A6-E2B51ACAB5CF, 2021-04-06T13:44:21, false
9DDDD405-82E4-4C56-A6A6-E2B51ACAB5CF, 2021-04-06T13:45:21, false
9DDDD405-82E4-4C56-A6A6-E2B51ACAB5CF, 2021-04-06T13:46:21, false
9DDDD405-82E4-4C56-A6A6-E2B51ACAB5CF, 2021-04-06T13:47:21, false
9DDDD405-82E4-4C56-A6A6-E2B51ACAB5CF, 2021-04-06T13:48:21, false
9DDDD405-82E4-4C56-A6A6-E2B51ACAB5CF, 2021-04-06T13:49:21, false
9DDDD405-82E4-4C56-A6A6-E2B51ACAB5CF, 2021-04-06T13:50:21, false
9DDDD405-82E4-4C56-A6A6-E2B51ACAB5CF, 2021-04-06T13:51:21, false
9DDDD405-82E4-4C56-A6A6-E2B51ACAB5CF, 2021-04-06T13:52:21, false
9DDDD405-82E4-4C56-A6A6-E2B51ACAB5CF, 2021-04-06T13:53:21, false
9DDDD405-82E4-4C56-A6A6-E2B51ACAB5CF, 2021-04-06T13:54:21, false
9DDDD405-82E4-4C56-A6A6-E2B51ACAB5CF, 2021-04-06T13:55:21, false
9DDDD405-82E4-4C56-A6A6-E2B51ACAB5CF, 2021-04-06T13:56:21, false
9DDDD405-82E4-4C56-A6A6-E2B51ACAB5CF, 2021-04-06T13:57:21, false
9DDDD405-82E4-4C56-A6A6-E2B51ACAB5CF, 2021-04-06T13:58:21, false
9DDDD405-82E4-4C56-A6A6-E2B51ACAB5CF, 2021-04-06T13:59:21, false
9DDDD405-82E4-4C56-A6A6-E2B51ACAB5CF, 2021-04-06T14:00:21, false
9DDDD405-82E4-4C56-A6A6-E2B51ACAB5CF, 2021-04-06T14:01:21, false
9DDDD405-82E4-4C56-A6A6-E2B51ACAB5CF, 2021-04-06T14:02:21, false
9DDDD405-82E4-4C56-A6A6-E2B51ACAB5CF, 2021-04-06T14:03:21, false
9DDDD405-82E4-4C56-A6A6-E2B51ACAB5CF, 2021-04-06T14:04:21, false
9DDDD405-82E4-4C56-A6A6-E2B51ACAB5CF, 2021-04-06T14:05:21, false
9DDDD405-82E4-4C56-A6A6-E2B51ACAB5CF, 2021-04-06T14:06:21, true
9DDDD405-82E4-4C56-A6A6-E2B51ACAB5CF, 2021-04-06T14:07:22, true
9DDDD405-82E4-4C56-A6A6-E2B51ACAB5CF, 2021-04-06T14:08:23, true
9DDDD405-82E4-4C56-A6A6-E2B51ACAB5CF, 2021-04-06T14:09:26, true
9DDDD405-82E4-4C56-A6A6-E2B51ACAB5CF, 2021-04-06T14:10:28, true
9DDDD405-82E4-4C56-A6A6-E2B51ACAB5CF, 2021-04-06T14:11:30, true
9DDDD405-82E4-4C56-A6A6-E2B51ACAB5CF, 2021-04-06T14:12:31, true
9DDDD405-82E4-4C56-A6A6-E2B51ACAB5CF, 2021-04-06T14:13:37, true
9DDDD405-82E4-4C56-A6A6-E2B51ACAB5CF, 2021-04-06T14:14:39, true
9DDDD405-82E4-4C56-A6A6-E2B51ACAB5CF, 2021-04-06T14:15:52, true
9DDDD405-82E4-4C56-A6A6-E2B51ACAB5CF, 2021-04-06T14:17:07, true
9DDDD405-82E4-4C56-A6A6-E2B51ACAB5CF, 2021-04-06T14:18:13, true
9DDDD405-82E4-4C56-A6A6-E2B51ACAB5CF, 2021-04-06T14:19:14, true
9DDDD405-82E4-4C56-A6A6-E2B51ACAB5CF, 2021-04-06T14:20:15, true
9DDDD405-82E4-4C56-A6A6-E2B51ACAB5CF, 2021-04-06T14:21:16, true
9DDDD405-82E4-4C56-A6A6-E2B51ACAB5CF, 2021-04-06T14:22:16, true
9DDDD405-82E4-4C56-A6A6-E2B51ACAB5CF, 2021-04-06T14:23:21, true
9DDDD405-82E4-4C56-A6A6-E2B51ACAB5CF, 2021-04-06T14:24:23, true
9DDDD405-82E4-4C56-A6A6-E2B51ACAB5CF, 2021-04-06T14:25:23, true
9DDDD405-82E4-4C56-A6A6-E2B51ACAB5CF, 2021-04-06T14:26:24, true
9DDDD405-82E4-4C56-A6A6-E2B51ACAB5CF, 2021-04-06T14:27:31, true
9DDDD405-82E4-4C56-A6A6-E2B51ACAB5CF, 2021-04-06T14:28:31, false
9DDDD405-82E4-4C56-A6A6-E2B51ACAB5CF, 2021-04-06T14:29:31, false
9DDDD405-82E4-4C56-A6A6-E2B51ACAB5CF, 2021-04-06T14:30:31, false
9DDDD405-82E4-4C56-A6A6-E2B51ACAB5CF, 2021-04-06T14:31:31, false
9DDDD405-82E4-4C56-A6A6-E2B51ACAB5CF, 2021-04-06T14:32:42, true
9DDDD405-82E4-4C56-A6A6-E2B51ACAB5CF, 2021-04-06T14:33:52, true
9DDDD405-82E4-4C56-A6A6-E2B51ACAB5CF, 2021-04-06T14:34:53, true
9DDDD405-82E4-4C56-A6A6-E2B51ACAB5CF, 2021-04-06T14:35:55, true
9DDDD405-82E4-4C56-A6A6-E2B51ACAB5CF, 2021-04-06T14:36:56, true
9DDDD405-82E4-4C56-A6A6-E2B51ACAB5CF, 2021-04-06T14:37:56, false
9DDDD405-82E4-4C56-A6A6-E2B51ACAB5CF, 2021-04-06T14:38:56, false
9DDDD405-82E4-4C56-A6A6-E2B51ACAB5CF, 2021-04-06T14:39:56, false
9DDDD405-82E4-4C56-A6A6-E2B51ACAB5CF, 2021-04-06T14:40:56, false
9DDDD405-82E4-4C56-A6A6-E2B51ACAB5CF, 2021-04-06T14:41:56, false
9DDDD405-82E4-4C56-A6A6-E2B51ACAB5CF, 2021-04-06T14:42:56, false
9DDDD405-82E4-4C56-A6A6-E2B51ACAB5CF, 2021-04-06T14:43:56, false
9DDDD405-82E4-4C56-A6A6-E2B51ACAB5CF, 2021-04-06T14:44:56, false
9DDDD405-82E4-4C56-A6A6-E2B51ACAB5CF, 2021-04-06T14:45:56, false
9DDDD405-82E4-4C56-A6A6-E2B51ACAB5CF, 2021-04-06T14:46:56, false
9DDDD405-82E4-4C56-A6A6-E2B51ACAB5CF, 2021-04-06T14:47:56, false
9DDDD405-82E4-4C56-A6A6-E2B51ACAB5CF, 2021-04-06T14:48:56, false
9DDDD405-82E4-4C56-A6A6-E2B51ACAB5CF, 2021-04-06T14:49:40, true
9DDDD405-82E4-4C56-A6A6-E2B51ACAB5CF, 2021-04-06T14:50:44, true
9DDDD405-82E4-4C56-A6A6-E2B51ACAB5CF, 2021-04-06T14:51:49, true
9DDDD405-82E4-4C56-A6A6-E2B51ACAB5CF, 2021-04-06T14:52:59, true
9DDDD405-82E4-4C56-A6A6-E2B51ACAB5CF, 2021-04-06T14:54:01, true
9DDDD405-82E4-4C56-A6A6-E2B51ACAB5CF, 2021-04-06T14:55:03, true
9DDDD405-82E4-4C56-A6A6-E2B51ACAB5CF, 2021-04-06T14:56:04, true
9DDDD405-82E4-4C56-A6A6-E2B51ACAB5CF, 2021-04-06T14:57:06, true
9DDDD405-82E4-4C56-A6A6-E2B51ACAB5CF, 2021-04-06T14:58:07, true
9DDDD405-82E4-4C56-A6A6-E2B51ACAB5CF, 2021-04-06T14:59:18, true
9DDDD405-82E4-4C56-A6A6-E2B51ACAB5CF, 2021-04-06T15:00:18, true
9DDDD405-82E4-4C56-A6A6-E2B51ACAB5CF, 2021-04-06T15:01:24, true
9DDDD405-82E4-4C56-A6A6-E2B51ACAB5CF, 2021-04-06T15:02:26, true
9DDDD405-82E4-4C56-A6A6-E2B51ACAB5CF, 2021-04-06T15:03:27, true
9DDDD405-82E4-4C56-A6A6-E2B51ACAB5CF, 2021-04-06T15:04:29, true
9DDDD405-82E4-4C56-A6A6-E2B51ACAB5CF, 2021-04-06T15:05:31, true
9DDDD405-82E4-4C56-A6A6-E2B51ACAB5CF, 2021-04-06T15:06:35, true
9DDDD405-82E4-4C56-A6A6-E2B51ACAB5CF, 2021-04-06T15:07:38, true
9DDDD405-82E4-4C56-A6A6-E2B51ACAB5CF, 2021-04-06T15:08:40, true
9DDDD405-82E4-4C56-A6A6-E2B51ACAB5CF, 2021-04-06T15:09:41, true
9DDDD405-82E4-4C56-A6A6-E2B51ACAB5CF, 2021-04-06T15:10:43, true
9DDDD405-82E4-4C56-A6A6-E2B51ACAB5CF, 2021-04-06T15:11:43, true
9DDDD405-82E4-4C56-A6A6-E2B51ACAB5CF, 2021-04-06T15:12:50, true
9DDDD405-82E4-4C56-A6A6-E2B51ACAB5CF, 2021-04-06T15:13:53, true
9DDDD405-82E4-4C56-A6A6-E2B51ACAB5CF, 2021-04-06T15:14:54, true
9DDDD405-82E4-4C56-A6A6-E2B51ACAB5CF, 2021-04-06T15:15:56, true
9DDDD405-82E4-4C56-A6A6-E2B51ACAB5CF, 2021-04-06T15:16:57, true
9DDDD405-82E4-4C56-A6A6-E2B51ACAB5CF, 2021-04-06T15:18:00, true
9DDDD405-82E4-4C56-A6A6-E2B51ACAB5CF, 2021-04-06T15:19:01, true
9DDDD405-82E4-4C56-A6A6-E2B51ACAB5CF, 2021-04-06T15:20:04, true
9DDDD405-82E4-4C56-A6A6-E2B51ACAB5CF, 2021-04-06T15:21:06, true
9DDDD405-82E4-4C56-A6A6-E2B51ACAB5CF, 2021-04-06T15:22:06, true
9DDDD405-82E4-4C56-A6A6-E2B51ACAB5CF, 2021-04-06T15:23:09, true
9DDDD405-82E4-4C56-A6A6-E2B51ACAB5CF, 2021-04-06T15:24:15, true
9DDDD405-82E4-4C56-A6A6-E2B51ACAB5CF, 2021-04-06T15:25:15, true
9DDDD405-82E4-4C56-A6A6-E2B51ACAB5CF, 2021-04-06T15:26:18, true
9DDDD405-82E4-4C56-A6A6-E2B51ACAB5CF, 2021-04-06T15:27:19, true
9DDDD405-82E4-4C56-A6A6-E2B51ACAB5CF, 2021-04-06T15:28:19, true
9DDDD405-82E4-4C56-A6A6-E2B51ACAB5CF, 2021-04-06T15:29:20, true
9DDDD405-82E4-4C56-A6A6-E2B51ACAB5CF, 2021-04-06T15:30:22, true
9DDDD405-82E4-4C56-A6A6-E2B51ACAB5CF, 2021-04-06T15:31:25, true
9DDDD405-82E4-4C56-A6A6-E2B51ACAB5CF, 2021-04-06T15:32:32, true
9DDDD405-82E4-4C56-A6A6-E2B51ACAB5CF, 2021-04-06T15:33:36, true
9DDDD405-82E4-4C56-A6A6-E2B51ACAB5CF, 2021-04-06T15:34:38, true
9DDDD405-82E4-4C56-A6A6-E2B51ACAB5CF, 2021-04-06T15:36:03, true
9DDDD405-82E4-4C56-A6A6-E2B51ACAB5CF, 2021-04-06T15:37:05, true
9DDDD405-82E4-4C56-A6A6-E2B51ACAB5CF, 2021-04-06T15:38:09, true
9DDDD405-82E4-4C56-A6A6-E2B51ACAB5CF, 2021-04-06T15:39:14, true
9DDDD405-82E4-4C56-A6A6-E2B51ACAB5CF, 2021-04-06T15:40:16, true
9DDDD405-82E4-4C56-A6A6-E2B51ACAB5CF, 2021-04-06T15:41:23, true
9DDDD405-82E4-4C56-A6A6-E2B51ACAB5CF, 2021-04-06T15:42:25, true
9DDDD405-82E4-4C56-A6A6-E2B51ACAB5CF, 2021-04-06T15:43:28, true
9DDDD405-82E4-4C56-A6A6-E2B51ACAB5CF, 2021-04-06T15:44:28, true
9DDDD405-82E4-4C56-A6A6-E2B51ACAB5CF, 2021-04-06T15:45:30, true
9DDDD405-82E4-4C56-A6A6-E2B51ACAB5CF, 2021-04-06T15:46:33, true
9DDDD405-82E4-4C56-A6A6-E2B51ACAB5CF, 2021-04-06T15:47:34, true
9DDDD405-82E4-4C56-A6A6-E2B51ACAB5CF, 2021-04-06T15:48:36, true
9DDDD405-82E4-4C56-A6A6-E2B51ACAB5CF, 2021-04-06T15:49:39, true
9DDDD405-82E4-4C56-A6A6-E2B51ACAB5CF, 2021-04-06T15:50:45, true
9DDDD405-82E4-4C56-A6A6-E2B51ACAB5CF, 2021-04-06T15:51:48, true
9DDDD405-82E4-4C56-A6A6-E2B51ACAB5CF, 2021-04-06T15:52:48, true
9DDDD405-82E4-4C56-A6A6-E2B51ACAB5CF, 2021-04-06T15:53:58, true
9DDDD405-82E4-4C56-A6A6-E2B51ACAB5CF, 2021-04-06T15:54:58, true
9DDDD405-82E4-4C56-A6A6-E2B51ACAB5CF, 2021-04-06T15:56:00, true
9DDDD405-82E4-4C56-A6A6-E2B51ACAB5CF, 2021-04-06T15:57:03, true
9DDDD405-82E4-4C56-A6A6-E2B51ACAB5CF, 2021-04-06T15:58:05, true
9DDDD405-82E4-4C56-A6A6-E2B51ACAB5CF, 2021-04-06T15:59:10, true
9DDDD405-82E4-4C56-A6A6-E2B51ACAB5CF, 2021-04-06T16:00:10, true
9DDDD405-82E4-4C56-A6A6-E2B51ACAB5CF, 2021-04-06T16:01:13, true
9DDDD405-82E4-4C56-A6A6-E2B51ACAB5CF, 2021-04-06T16:02:15, true
9DDDD405-82E4-4C56-A6A6-E2B51ACAB5CF, 2021-04-06T16:03:20, true
9DDDD405-82E4-4C56-A6A6-E2B51ACAB5CF, 2021-04-06T16:04:22, true
9DDDD405-82E4-4C56-A6A6-E2B51ACAB5CF, 2021-04-06T16:05:29, true
9DDDD405-82E4-4C56-A6A6-E2B51ACAB5CF, 2021-04-06T16:06:30, true
9DDDD405-82E4-4C56-A6A6-E2B51ACAB5CF, 2021-04-06T16:07:30, true
9DDDD405-82E4-4C56-A6A6-E2B51ACAB5CF, 2021-04-06T16:08:33, true
9DDDD405-82E4-4C56-A6A6-E2B51ACAB5CF, 2021-04-06T16:09:40, true
9DDDD405-82E4-4C56-A6A6-E2B51ACAB5CF, 2021-04-06T16:10:43, true
9DDDD405-82E4-4C56-A6A6-E2B51ACAB5CF, 2021-04-06T16:11:46, true
9DDDD405-82E4-4C56-A6A6-E2B51ACAB5CF, 2021-04-06T16:12:48, true
9DDDD405-82E4-4C56-A6A6-E2B51ACAB5CF, 2021-04-06T16:13:50, true
9DDDD405-82E4-4C56-A6A6-E2B51ACAB5CF, 2021-04-06T16:14:50, true
9DDDD405-82E4-4C56-A6A6-E2B51ACAB5CF, 2021-04-06T16:15:52, true
9DDDD405-82E4-4C56-A6A6-E2B51ACAB5CF, 2021-04-06T16:16:54, true
9DDDD405-82E4-4C56-A6A6-E2B51ACAB5CF, 2021-04-06T16:17:57, true
9DDDD405-82E4-4C56-A6A6-E2B51ACAB5CF, 2021-04-06T16:19:00, true
9DDDD405-82E4-4C56-A6A6-E2B51ACAB5CF, 2021-04-06T16:20:03, true
9DDDD405-82E4-4C56-A6A6-E2B51ACAB5CF, 2021-04-06T16:21:04, true
9DDDD405-82E4-4C56-A6A6-E2B51ACAB5CF, 2021-04-06T16:22:07, true
9DDDD405-82E4-4C56-A6A6-E2B51ACAB5CF, 2021-04-06T16:23:10, true
9DDDD405-82E4-4C56-A6A6-E2B51ACAB5CF, 2021-04-06T16:24:13, true
9DDDD405-82E4-4C56-A6A6-E2B51ACAB5CF, 2021-04-06T16:25:15, true
9DDDD405-82E4-4C56-A6A6-E2B51ACAB5CF, 2021-04-06T16:26:20, true
9DDDD405-82E4-4C56-A6A6-E2B51ACAB5CF, 2021-04-06T16:27:23, true
9DDDD405-82E4-4C56-A6A6-E2B51ACAB5CF, 2021-04-06T16:28:23, true
9DDDD405-82E4-4C56-A6A6-E2B51ACAB5CF, 2021-04-06T16:29:49, true
9DDDD405-82E4-4C56-A6A6-E2B51ACAB5CF, 2021-04-06T16:30:52, true
9DDDD405-82E4-4C56-A6A6-E2B51ACAB5CF, 2021-04-06T16:32:00, true
9DDDD405-82E4-4C56-A6A6-E2B51ACAB5CF, 2021-04-06T16:33:05, true
9DDDD405-82E4-4C56-A6A6-E2B51ACAB5CF, 2021-04-06T16:34:08, true
9DDDD405-82E4-4C56-A6A6-E2B51ACAB5CF, 2021-04-06T16:35:10, true
9DDDD405-82E4-4C56-A6A6-E2B51ACAB5CF, 2021-04-06T16:36:10, true
9DDDD405-82E4-4C56-A6A6-E2B51ACAB5CF, 2021-04-06T16:37:14, true
9DDDD405-82E4-4C56-A6A6-E2B51ACAB5CF, 2021-04-06T16:38:21, true
9DDDD405-82E4-4C56-A6A6-E2B51ACAB5CF, 2021-04-06T16:39:21, true
9DDDD405-82E4-4C56-A6A6-E2B51ACAB5CF, 2021-04-06T16:40:23, true
9DDDD405-82E4-4C56-A6A6-E2B51ACAB5CF, 2021-04-06T16:41:28, true
9DDDD405-82E4-4C56-A6A6-E2B51ACAB5CF, 2021-04-06T16:42:32, true
9DDDD405-82E4-4C56-A6A6-E2B51ACAB5CF, 2021-04-06T16:43:35, true
9DDDD405-82E4-4C56-A6A6-E2B51ACAB5CF, 2021-04-06T16:44:43, true
9DDDD405-82E4-4C56-A6A6-E2B51ACAB5CF, 2021-04-06T16:45:44, true
9DDDD405-82E4-4C56-A6A6-E2B51ACAB5CF, 2021-04-06T16:46:44, true
9DDDD405-82E4-4C56-A6A6-E2B51ACAB5CF, 2021-04-06T16:47:44, true
9DDDD405-82E4-4C56-A6A6-E2B51ACAB5CF, 2021-04-06T16:48:52, true
9DDDD405-82E4-4C56-A6A6-E2B51ACAB5CF, 2021-04-06T16:49:53, true
9DDDD405-82E4-4C56-A6A6-E2B51ACAB5CF, 2021-04-06T16:50:55, true
9DDDD405-82E4-4C56-A6A6-E2B51ACAB5CF, 2021-04-06T16:51:58, true
9DDDD405-82E4-4C56-A6A6-E2B51ACAB5CF, 2021-04-06T16:53:00, true
9DDDD405-82E4-4C56-A6A6-E2B51ACAB5CF, 2021-04-06T16:54:01, true
9DDDD405-82E4-4C56-A6A6-E2B51ACAB5CF, 2021-04-06T16:55:04, true
9DDDD405-82E4-4C56-A6A6-E2B51ACAB5CF, 2021-04-06T16:56:06, true
9DDDD405-82E4-4C56-A6A6-E2B51ACAB5CF, 2021-04-06T16:57:06, true
9DDDD405-82E4-4C56-A6A6-E2B51ACAB5CF, 2021-04-06T16:58:09, true
9DDDD405-82E4-4C56-A6A6-E2B51ACAB5CF, 2021-04-06T16:59:16, true
9DDDD405-82E4-4C56-A6A6-E2B51ACAB5CF, 2021-04-06T17:00:17, true
9DDDD405-82E4-4C56-A6A6-E2B51ACAB5CF, 2021-04-06T17:01:19, true
9DDDD405-82E4-4C56-A6A6-E2B51ACAB5CF, 2021-04-06T17:02:21, true
9DDDD405-82E4-4C56-A6A6-E2B51ACAB5CF, 2021-04-06T17:03:31, true
9DDDD405-82E4-4C56-A6A6-E2B51ACAB5CF, 2021-04-06T17:04:34, true
9DDDD405-82E4-4C56-A6A6-E2B51ACAB5CF, 2021-04-06T17:05:37, true
9DDDD405-82E4-4C56-A6A6-E2B51ACAB5CF, 2021-04-06T17:06:38, true
9DDDD405-82E4-4C56-A6A6-E2B51ACAB5CF, 2021-04-06T17:07:38, true
9DDDD405-82E4-4C56-A6A6-E2B51ACAB5CF, 2021-04-06T17:08:41, true
9DDDD405-82E4-4C56-A6A6-E2B51ACAB5CF, 2021-04-06T17:09:41, false
9DDDD405-82E4-4C56-A6A6-E2B51ACAB5CF, 2021-04-06T17:10:12, true
9DDDD405-82E4-4C56-A6A6-E2B51ACAB5CF, 2021-04-06T17:11:12, false
9DDDD405-82E4-4C56-A6A6-E2B51ACAB5CF, 2021-04-06T17:12:12, false
9DDDD405-82E4-4C56-A6A6-E2B51ACAB5CF, 2021-04-06T17:12:46, true
9DDDD405-82E4-4C56-A6A6-E2B51ACAB5CF, 2021-04-06T17:13:50, true
9DDDD405-82E4-4C56-A6A6-E2B51ACAB5CF, 2021-04-06T17:14:52, true
9DDDD405-82E4-4C56-A6A6-E2B51ACAB5CF, 2021-04-06T17:15:54, true
9DDDD405-82E4-4C56-A6A6-E2B51ACAB5CF, 2021-04-06T17:16:55, true
9DDDD405-82E4-4C56-A6A6-E2B51ACAB5CF, 2021-04-06T17:17:58, true
9DDDD405-82E4-4C56-A6A6-E2B51ACAB5CF, 2021-04-06T17:18:59, true
9DDDD405-82E4-4C56-A6A6-E2B51ACAB5CF, 2021-04-06T17:20:00, true
9DDDD405-82E4-4C56-A6A6-E2B51ACAB5CF, 2021-04-06T17:21:00, true
9DDDD405-82E4-4C56-A6A6-E2B51ACAB5CF, 2021-04-06T17:22:00, false
9DDDD405-82E4-4C56-A6A6-E2B51ACAB5CF, 2021-04-06T17:22:37, true
9DDDD405-82E4-4C56-A6A6-E2B51ACAB5CF, 2021-04-06T17:23:39, true
9DDDD405-82E4-4C56-A6A6-E2B51ACAB5CF, 2021-04-06T17:24:39, true
9DDDD405-82E4-4C56-A6A6-E2B51ACAB5CF, 2021-04-06T17:25:41, true
9DDDD405-82E4-4C56-A6A6-E2B51ACAB5CF, 2021-04-06T17:26:43, true
9DDDD405-82E4-4C56-A6A6-E2B51ACAB5CF, 2021-04-06T17:27:44, true
9DDDD405-82E4-4C56-A6A6-E2B51ACAB5CF, 2021-04-06T17:28:45, true
9DDDD405-82E4-4C56-A6A6-E2B51ACAB5CF, 2021-04-06T17:29:47, true
9DDDD405-82E4-4C56-A6A6-E2B51ACAB5CF, 2021-04-06T17:30:49, true
9DDDD405-82E4-4C56-A6A6-E2B51ACAB5CF, 2021-04-06T17:31:52, true
9DDDD405-82E4-4C56-A6A6-E2B51ACAB5CF, 2021-04-06T17:32:53, true
9DDDD405-82E4-4C56-A6A6-E2B51ACAB5CF, 2021-04-06T17:33:58, true
9DDDD405-82E4-4C56-A6A6-E2B51ACAB5CF, 2021-04-06T17:35:06, true
9DDDD405-82E4-4C56-A6A6-E2B51ACAB5CF, 2021-04-06T17:36:09, true
9DDDD405-82E4-4C56-A6A6-E2B51ACAB5CF, 2021-04-06T17:37:10, true
9DDDD405-82E4-4C56-A6A6-E2B51ACAB5CF, 2021-04-06T17:38:23, true
9DDDD405-82E4-4C56-A6A6-E2B51ACAB5CF, 2021-04-06T17:39:29, true
9DDDD405-82E4-4C56-A6A6-E2B51ACAB5CF, 2021-04-06T17:40:31, true
9DDDD405-82E4-4C56-A6A6-E2B51ACAB5CF, 2021-04-06T17:41:56, true
9DDDD405-82E4-4C56-A6A6-E2B51ACAB5CF, 2021-04-06T17:42:58, true
9DDDD405-82E4-4C56-A6A6-E2B51ACAB5CF, 2021-04-06T17:44:00, true
9DDDD405-82E4-4C56-A6A6-E2B51ACAB5CF, 2021-04-06T17:45:03, true
9DDDD405-82E4-4C56-A6A6-E2B51ACAB5CF, 2021-04-06T17:46:05, true
9DDDD405-82E4-4C56-A6A6-E2B51ACAB5CF, 2021-04-06T17:47:07, true
9DDDD405-82E4-4C56-A6A6-E2B51ACAB5CF, 2021-04-06T17:48:13, true
9DDDD405-82E4-4C56-A6A6-E2B51ACAB5CF, 2021-04-06T17:49:16, true
9DDDD405-82E4-4C56-A6A6-E2B51ACAB5CF, 2021-04-06T17:50:22, true
9DDDD405-82E4-4C56-A6A6-E2B51ACAB5CF, 2021-04-06T17:51:23, true
9DDDD405-82E4-4C56-A6A6-E2B51ACAB5CF, 2021-04-06T17:52:24, true
9DDDD405-82E4-4C56-A6A6-E2B51ACAB5CF, 2021-04-06T17:53:24, true
9DDDD405-82E4-4C56-A6A6-E2B51ACAB5CF, 2021-04-06T17:54:27, true
9DDDD405-82E4-4C56-A6A6-E2B51ACAB5CF, 2021-04-06T17:55:29, true
9DDDD405-82E4-4C56-A6A6-E2B51ACAB5CF, 2021-04-06T17:56:31, true
9DDDD405-82E4-4C56-A6A6-E2B51ACAB5CF, 2021-04-06T17:57:36, true
9DDDD405-82E4-4C56-A6A6-E2B51ACAB5CF, 2021-04-06T17:58:40, true
9DDDD405-82E4-4C56-A6A6-E2B51ACAB5CF, 2021-04-06T17:59:45, true
9DDDD405-82E4-4C56-A6A6-E2B51ACAB5CF, 2021-04-06T18:00:54, true
9DDDD405-82E4-4C56-A6A6-E2B51ACAB5CF, 2021-04-06T18:02:00, true
9DDDD405-82E4-4C56-A6A6-E2B51ACAB5CF, 2021-04-06T18:03:01, true
9DDDD405-82E4-4C56-A6A6-E2B51ACAB5CF, 2021-04-06T18:04:02, true
9DDDD405-82E4-4C56-A6A6-E2B51ACAB5CF, 2021-04-06T18:05:07, true
9DDDD405-82E4-4C56-A6A6-E2B51ACAB5CF, 2021-04-06T18:06:10, true
9DDDD405-82E4-4C56-A6A6-E2B51ACAB5CF, 2021-04-06T18:07:12, true
9DDDD405-82E4-4C56-A6A6-E2B51ACAB5CF, 2021-04-06T18:08:14, true
9DDDD405-82E4-4C56-A6A6-E2B51ACAB5CF, 2021-04-06T18:09:20, true
9DDDD405-82E4-4C56-A6A6-E2B51ACAB5CF, 2021-04-06T18:10:22, true
9DDDD405-82E4-4C56-A6A6-E2B51ACAB5CF, 2021-04-06T18:11:25, true
9DDDD405-82E4-4C56-A6A6-E2B51ACAB5CF, 2021-04-06T18:12:29, true
9DDDD405-82E4-4C56-A6A6-E2B51ACAB5CF, 2021-04-06T18:13:34, true
9DDDD405-82E4-4C56-A6A6-E2B51ACAB5CF, 2021-04-06T18:14:39, true
9DDDD405-82E4-4C56-A6A6-E2B51ACAB5CF, 2021-04-06T18:15:39, true
9DDDD405-82E4-4C56-A6A6-E2B51ACAB5CF, 2021-04-06T18:16:43, true
9DDDD405-82E4-4C56-A6A6-E2B51ACAB5CF, 2021-04-06T18:17:46, true
9DDDD405-82E4-4C56-A6A6-E2B51ACAB5CF, 2021-04-06T18:18:59, true
9DDDD405-82E4-4C56-A6A6-E2B51ACAB5CF, 2021-04-06T18:19:59, true
9DDDD405-82E4-4C56-A6A6-E2B51ACAB5CF, 2021-04-06T18:21:04, true
9DDDD405-82E4-4C56-A6A6-E2B51ACAB5CF, 2021-04-06T18:22:07, true
9DDDD405-82E4-4C56-A6A6-E2B51ACAB5CF, 2021-04-06T18:23:12, true
9DDDD405-82E4-4C56-A6A6-E2B51ACAB5CF, 2021-04-06T18:24:14, true
9DDDD405-82E4-4C56-A6A6-E2B51ACAB5CF, 2021-04-06T18:25:17, true
9DDDD405-82E4-4C56-A6A6-E2B51ACAB5CF, 2021-04-06T18:26:21, true
9DDDD405-82E4-4C56-A6A6-E2B51ACAB5CF, 2021-04-06T18:27:26, true
9DDDD405-82E4-4C56-A6A6-E2B51ACAB5CF, 2021-04-06T18:28:28, true
9DDDD405-82E4-4C56-A6A6-E2B51ACAB5CF, 2021-04-06T18:29:31, true
9DDDD405-82E4-4C56-A6A6-E2B51ACAB5CF, 2021-04-06T18:30:35, true
9DDDD405-82E4-4C56-A6A6-E2B51ACAB5CF, 2021-04-06T18:31:38, true
9DDDD405-82E4-4C56-A6A6-E2B51ACAB5CF, 2021-04-06T18:32:38, true
9DDDD405-82E4-4C56-A6A6-E2B51ACAB5CF, 2021-04-06T18:33:42, true
9DDDD405-82E4-4C56-A6A6-E2B51ACAB5CF, 2021-04-06T18:34:46, true
9DDDD405-82E4-4C56-A6A6-E2B51ACAB5CF, 2021-04-06T18:35:47, true
9DDDD405-82E4-4C56-A6A6-E2B51ACAB5CF, 2021-04-06T18:36:48, true
9DDDD405-82E4-4C56-A6A6-E2B51ACAB5CF, 2021-04-06T18:37:50, true
9DDDD405-82E4-4C56-A6A6-E2B51ACAB5CF, 2021-04-06T18:38:52, true
9DDDD405-82E4-4C56-A6A6-E2B51ACAB5CF, 2021-04-06T18:39:53, true
9DDDD405-82E4-4C56-A6A6-E2B51ACAB5CF, 2021-04-06T18:40:57, true
9DDDD405-82E4-4C56-A6A6-E2B51ACAB5CF, 2021-04-06T18:42:22, true
9DDDD405-82E4-4C56-A6A6-E2B51ACAB5CF, 2021-04-06T18:43:22, false
9DDDD405-82E4-4C56-A6A6-E2B51ACAB5CF, 2021-04-06T18:43:52, true
9DDDD405-82E4-4C56-A6A6-E2B51ACAB5CF, 2021-04-06T18:44:54, true
9DDDD405-82E4-4C56-A6A6-E2B51ACAB5CF, 2021-04-06T18:45:56, true
9DDDD405-82E4-4C56-A6A6-E2B51ACAB5CF, 2021-04-06T18:46:57, true
9DDDD405-82E4-4C56-A6A6-E2B51ACAB5CF, 2021-04-06T18:48:23, true
9DDDD405-82E4-4C56-A6A6-E2B51ACAB5CF, 2021-04-06T18:49:25, true
9DDDD405-82E4-4C56-A6A6-E2B51ACAB5CF, 2021-04-06T18:50:26, true
9DDDD405-82E4-4C56-A6A6-E2B51ACAB5CF, 2021-04-06T18:51:26, true
9DDDD405-82E4-4C56-A6A6-E2B51ACAB5CF, 2021-04-06T18:52:29, true
9DDDD405-82E4-4C56-A6A6-E2B51ACAB5CF, 2021-04-06T18:53:32, true
9DDDD405-82E4-4C56-A6A6-E2B51ACAB5CF, 2021-04-06T18:54:36, true
9DDDD405-82E4-4C56-A6A6-E2B51ACAB5CF, 2021-04-06T18:55:38, true
9DDDD405-82E4-4C56-A6A6-E2B51ACAB5CF, 2021-04-06T18:56:47, true
9DDDD405-82E4-4C56-A6A6-E2B51ACAB5CF, 2021-04-06T18:57:49, true
9DDDD405-82E4-4C56-A6A6-E2B51ACAB5CF, 2021-04-06T18:58:54, true
9DDDD405-82E4-4C56-A6A6-E2B51ACAB5CF, 2021-04-06T18:59:56, true
9DDDD405-82E4-4C56-A6A6-E2B51ACAB5CF, 2021-04-06T19:01:23, true
9DDDD405-82E4-4C56-A6A6-E2B51ACAB5CF, 2021-04-06T19:02:24, true
9DDDD405-82E4-4C56-A6A6-E2B51ACAB5CF, 2021-04-06T19:03:35, true
9DDDD405-82E4-4C56-A6A6-E2B51ACAB5CF, 2021-04-06T19:04:39, true
9DDDD405-82E4-4C56-A6A6-E2B51ACAB5CF, 2021-04-06T19:05:43, true
9DDDD405-82E4-4C56-A6A6-E2B51ACAB5CF, 2021-04-06T19:06:44, true
9DDDD405-82E4-4C56-A6A6-E2B51ACAB5CF, 2021-04-06T19:07:52, true
9DDDD405-82E4-4C56-A6A6-E2B51ACAB5CF, 2021-04-06T19:08:55, true
9DDDD405-82E4-4C56-A6A6-E2B51ACAB5CF, 2021-04-06T19:09:59, true
9DDDD405-82E4-4C56-A6A6-E2B51ACAB5CF, 2021-04-06T19:10:59, true
9DDDD405-82E4-4C56-A6A6-E2B51ACAB5CF, 2021-04-06T19:12:02, true
9DDDD405-82E4-4C56-A6A6-E2B51ACAB5CF, 2021-04-06T19:13:05, true
9DDDD405-82E4-4C56-A6A6-E2B51ACAB5CF, 2021-04-06T19:14:11, true
9DDDD405-82E4-4C56-A6A6-E2B51ACAB5CF, 2021-04-06T19:15:12, true
9DDDD405-82E4-4C56-A6A6-E2B51ACAB5CF, 2021-04-06T19:16:14, true
9DDDD405-82E4-4C56-A6A6-E2B51ACAB5CF, 2021-04-06T19:17:15, true
9DDDD405-82E4-4C56-A6A6-E2B51ACAB5CF, 2021-04-06T19:18:43, true
9DDDD405-82E4-4C56-A6A6-E2B51ACAB5CF, 2021-04-06T19:19:45, true
9DDDD405-82E4-4C56-A6A6-E2B51ACAB5CF, 2021-04-06T19:20:47, true
9DDDD405-82E4-4C56-A6A6-E2B51ACAB5CF, 2021-04-06T19:21:48, true
9DDDD405-82E4-4C56-A6A6-E2B51ACAB5CF, 2021-04-06T19:22:49, true
9DDDD405-82E4-4C56-A6A6-E2B51ACAB5CF, 2021-04-06T19:23:50, true
9DDDD405-82E4-4C56-A6A6-E2B51ACAB5CF, 2021-04-06T19:24:57, true
9DDDD405-82E4-4C56-A6A6-E2B51ACAB5CF, 2021-04-06T19:25:57, false
9DDDD405-82E4-4C56-A6A6-E2B51ACAB5CF, 2021-04-06T19:26:35, true
9DDDD405-82E4-4C56-A6A6-E2B51ACAB5CF, 2021-04-06T19:27:35, true
9DDDD405-82E4-4C56-A6A6-E2B51ACAB5CF, 2021-04-06T19:28:39, true
9DDDD405-82E4-4C56-A6A6-E2B51ACAB5CF, 2021-04-06T19:29:57, true
9DDDD405-82E4-4C56-A6A6-E2B51ACAB5CF, 2021-04-06T19:31:01, true
9DDDD405-82E4-4C56-A6A6-E2B51ACAB5CF, 2021-04-06T19:32:01, true
9DDDD405-82E4-4C56-A6A6-E2B51ACAB5CF, 2021-04-06T19:33:02, true
9DDDD405-82E4-4C56-A6A6-E2B51ACAB5CF, 2021-04-06T19:34:05, true
9DDDD405-82E4-4C56-A6A6-E2B51ACAB5CF, 2021-04-06T19:35:08, true
9DDDD405-82E4-4C56-A6A6-E2B51ACAB5CF, 2021-04-06T19:36:09, true
9DDDD405-82E4-4C56-A6A6-E2B51ACAB5CF, 2021-04-06T19:37:16, true
9DDDD405-82E4-4C56-A6A6-E2B51ACAB5CF, 2021-04-06T19:38:17, true
9DDDD405-82E4-4C56-A6A6-E2B51ACAB5CF, 2021-04-06T19:39:19, true
9DDDD405-82E4-4C56-A6A6-E2B51ACAB5CF, 2021-04-06T19:40:24, true
9DDDD405-82E4-4C56-A6A6-E2B51ACAB5CF, 2021-04-06T19:41:26, true
9DDDD405-82E4-4C56-A6A6-E2B51ACAB5CF, 2021-04-06T19:42:52, true
9DDDD405-82E4-4C56-A6A6-E2B51ACAB5CF, 2021-04-06T19:43:53, true
9DDDD405-82E4-4C56-A6A6-E2B51ACAB5CF, 2021-04-06T19:44:53, false
9DDDD405-82E4-4C56-A6A6-E2B51ACAB5CF, 2021-04-06T19:45:53, false
9DDDD405-82E4-4C56-A6A6-E2B51ACAB5CF, 2021-04-06T19:46:53, false
9DDDD405-82E4-4C56-A6A6-E2B51ACAB5CF, 2021-04-06T19:47:53, false
9DDDD405-82E4-4C56-A6A6-E2B51ACAB5CF, 2021-04-06T19:48:53, false
9DDDD405-82E4-4C56-A6A6-E2B51ACAB5CF, 2021-04-06T19:49:53, false
9DDDD405-82E4-4C56-A6A6-E2B51ACAB5CF, 2021-04-06T19:50:53, false
9DDDD405-82E4-4C56-A6A6-E2B51ACAB5CF, 2021-04-06T19:51:53, false
9DDDD405-82E4-4C56-A6A6-E2B51ACAB5CF, 2021-04-06T19:52:53, false
9DDDD405-82E4-4C56-A6A6-E2B51ACAB5CF, 2021-04-06T19:53:53, false
9DDDD405-82E4-4C56-A6A6-E2B51ACAB5CF, 2021-04-06T19:54:53, false
9DDDD405-82E4-4C56-A6A6-E2B51ACAB5CF, 2021-04-06T19:55:53, false
9DDDD405-82E4-4C56-A6A6-E2B51ACAB5CF, 2021-04-06T19:56:53, false
9DDDD405-82E4-4C56-A6A6-E2B51ACAB5CF, 2021-04-06T19:57:53, false
9DDDD405-82E4-4C56-A6A6-E2B51ACAB5CF, 2021-04-06T19:58:53, false
9DDDD405-82E4-4C56-A6A6-E2B51ACAB5CF, 2021-04-06T19:59:53, false
9DDDD405-82E4-4C56-A6A6-E2B51ACAB5CF, 2021-04-06T20:00:53, false
9DDDD405-82E4-4C56-A6A6-E2B51ACAB5CF, 2021-04-06T20:01:53, false
9DDDD405-82E4-4C56-A6A6-E2B51ACAB5CF, 2021-04-06T20:02:53, false
9DDDD405-82E4-4C56-A6A6-E2B51ACAB5CF, 2021-04-06T20:03:53, false
9DDDD405-82E4-4C56-A6A6-E2B51ACAB5CF, 2021-04-06T20:04:53, false
9DDDD405-82E4-4C56-A6A6-E2B51ACAB5CF, 2021-04-06T20:05:53, false
9DDDD405-82E4-4C56-A6A6-E2B51ACAB5CF, 2021-04-06T20:06:53, false
9DDDD405-82E4-4C56-A6A6-E2B51ACAB5CF, 2021-04-06T20:07:53, false
9DDDD405-82E4-4C56-A6A6-E2B51ACAB5CF, 2021-04-06T20:08:53, false
9DDDD405-82E4-4C56-A6A6-E2B51ACAB5CF, 2021-04-06T20:09:53, false
9DDDD405-82E4-4C56-A6A6-E2B51ACAB5CF, 2021-04-06T20:10:53, false
9DDDD405-82E4-4C56-A6A6-E2B51ACAB5CF, 2021-04-06T20:11:53, false
9DDDD405-82E4-4C56-A6A6-E2B51ACAB5CF, 2021-04-06T20:12:53, false
9DDDD405-82E4-4C56-A6A6-E2B51ACAB5CF, 2021-04-06T20:13:53, false
9DDDD405-82E4-4C56-A6A6-E2B51ACAB5CF, 2021-04-06T20:14:53, false
9DDDD405-82E4-4C56-A6A6-E2B51ACAB5CF, 2021-04-06T20:15:53, false
9DDDD405-82E4-4C56-A6A6-E2B51ACAB5CF, 2021-04-06T20:16:53, false
9DDDD405-82E4-4C56-A6A6-E2B51ACAB5CF, 2021-04-06T20:17:53, false
9DDDD405-82E4-4C56-A6A6-E2B51ACAB5CF, 2021-04-06T20:18:53, false
9DDDD405-82E4-4C56-A6A6-E2B51ACAB5CF, 2021-04-06T20:19:53, false
9DDDD405-82E4-4C56-A6A6-E2B51ACAB5CF, 2021-04-06T20:20:53, false
9DDDD405-82E4-4C56-A6A6-E2B51ACAB5CF, 2021-04-06T20:21:53, false
9DDDD405-82E4-4C56-A6A6-E2B51ACAB5CF, 2021-04-06T20:22:53, false
9DDDD405-82E4-4C56-A6A6-E2B51ACAB5CF, 2021-04-06T20:23:53, false
9DDDD405-82E4-4C56-A6A6-E2B51ACAB5CF, 2021-04-06T20:24:53, false
9DDDD405-82E4-4C56-A6A6-E2B51ACAB5CF, 2021-04-06T20:25:53, false
9DDDD405-82E4-4C56-A6A6-E2B51ACAB5CF, 2021-04-06T20:26:53, false
9DDDD405-82E4-4C56-A6A6-E2B51ACAB5CF, 2021-04-06T20:27:53, false
9DDDD405-82E4-4C56-A6A6-E2B51ACAB5CF, 2021-04-06T20:28:53, false
9DDDD405-82E4-4C56-A6A6-E2B51ACAB5CF, 2021-04-06T20:29:53, false
9DDDD405-82E4-4C56-A6A6-E2B51ACAB5CF, 2021-04-06T20:30:53, false
9DDDD405-82E4-4C56-A6A6-E2B51ACAB5CF, 2021-04-06T20:31:53, false
9DDDD405-82E4-4C56-A6A6-E2B51ACAB5CF, 2021-04-06T20:32:53, false
9DDDD405-82E4-4C56-A6A6-E2B51ACAB5CF, 2021-04-06T20:33:53, false
9DDDD405-82E4-4C56-A6A6-E2B51ACAB5CF, 2021-04-06T20:34:53, false
9DDDD405-82E4-4C56-A6A6-E2B51ACAB5CF, 2021-04-06T20:35:53, false
9DDDD405-82E4-4C56-A6A6-E2B51ACAB5CF, 2021-04-06T20:36:53, false
9DDDD405-82E4-4C56-A6A6-E2B51ACAB5CF, 2021-04-06T20:37:53, false
9DDDD405-82E4-4C56-A6A6-E2B51ACAB5CF, 2021-04-06T20:38:56, true
9DDDD405-82E4-4C56-A6A6-E2B51ACAB5CF, 2021-04-06T20:40:01, true
9DDDD405-82E4-4C56-A6A6-E2B51ACAB5CF, 2021-04-06T20:41:05, true
9DDDD405-82E4-4C56-A6A6-E2B51ACAB5CF, 2021-04-06T20:42:08, true
9DDDD405-82E4-4C56-A6A6-E2B51ACAB5CF, 2021-04-06T20:43:10, true
9DDDD405-82E4-4C56-A6A6-E2B51ACAB5CF, 2021-04-06T20:44:12, true
9DDDD405-82E4-4C56-A6A6-E2B51ACAB5CF, 2021-04-06T20:45:17, true
9DDDD405-82E4-4C56-A6A6-E2B51ACAB5CF, 2021-04-06T20:46:18, true
9DDDD405-82E4-4C56-A6A6-E2B51ACAB5CF, 2021-04-06T20:47:24, true
9DDDD405-82E4-4C56-A6A6-E2B51ACAB5CF, 2021-04-06T20:48:52, true
9DDDD405-82E4-4C56-A6A6-E2B51ACAB5CF, 2021-04-06T20:49:57, true
9DDDD405-82E4-4C56-A6A6-E2B51ACAB5CF, 2021-04-06T20:50:57, true
9DDDD405-82E4-4C56-A6A6-E2B51ACAB5CF, 2021-04-06T20:51:58, true
9DDDD405-82E4-4C56-A6A6-E2B51ACAB5CF, 2021-04-06T20:53:00, true
9DDDD405-82E4-4C56-A6A6-E2B51ACAB5CF, 2021-04-06T20:54:03, true
9DDDD405-82E4-4C56-A6A6-E2B51ACAB5CF, 2021-04-06T20:55:16, true
9DDDD405-82E4-4C56-A6A6-E2B51ACAB5CF, 2021-04-06T20:56:18, true
9DDDD405-82E4-4C56-A6A6-E2B51ACAB5CF, 2021-04-06T20:57:19, true
9DDDD405-82E4-4C56-A6A6-E2B51ACAB5CF, 2021-04-06T20:58:31, true
9DDDD405-82E4-4C56-A6A6-E2B51ACAB5CF, 2021-04-06T20:59:34, true
9DDDD405-82E4-4C56-A6A6-E2B51ACAB5CF, 2021-04-06T21:00:38, true
9DDDD405-82E4-4C56-A6A6-E2B51ACAB5CF, 2021-04-06T21:01:38, true
9DDDD405-82E4-4C56-A6A6-E2B51ACAB5CF, 2021-04-06T21:02:45, true
9DDDD405-82E4-4C56-A6A6-E2B51ACAB5CF, 2021-04-06T21:04:02, true
9DDDD405-82E4-4C56-A6A6-E2B51ACAB5CF, 2021-04-06T21:05:06, true
9DDDD405-82E4-4C56-A6A6-E2B51ACAB5CF, 2021-04-06T21:06:06, true
9DDDD405-82E4-4C56-A6A6-E2B51ACAB5CF, 2021-04-06T21:07:08, true
9DDDD405-82E4-4C56-A6A6-E2B51ACAB5CF, 2021-04-06T21:08:16, true
9DDDD405-82E4-4C56-A6A6-E2B51ACAB5CF, 2021-04-06T21:09:21, true
9DDDD405-82E4-4C56-A6A6-E2B51ACAB5CF, 2021-04-06T21:10:23, true
9DDDD405-82E4-4C56-A6A6-E2B51ACAB5CF, 2021-04-06T21:11:25, true
9DDDD405-82E4-4C56-A6A6-E2B51ACAB5CF, 2021-04-06T21:12:26, true
9DDDD405-82E4-4C56-A6A6-E2B51ACAB5CF, 2021-04-06T21:13:29, true
9DDDD405-82E4-4C56-A6A6-E2B51ACAB5CF, 2021-04-06T21:14:31, true
9DDDD405-82E4-4C56-A6A6-E2B51ACAB5CF, 2021-04-06T21:15:32, true
9DDDD405-82E4-4C56-A6A6-E2B51ACAB5CF, 2021-04-06T21:16:33, true
9DDDD405-82E4-4C56-A6A6-E2B51ACAB5CF, 2021-04-06T21:17:34, true
9DDDD405-82E4-4C56-A6A6-E2B51ACAB5CF, 2021-04-06T21:18:35, true
9DDDD405-82E4-4C56-A6A6-E2B51ACAB5CF, 2021-04-06T21:19:38, true
9DDDD405-82E4-4C56-A6A6-E2B51ACAB5CF, 2021-04-06T21:20:39, true
9DDDD405-82E4-4C56-A6A6-E2B51ACAB5CF, 2021-04-06T21:21:43, true
9DDDD405-82E4-4C56-A6A6-E2B51ACAB5CF, 2021-04-06T21:22:46, true
9DDDD405-82E4-4C56-A6A6-E2B51ACAB5CF, 2021-04-06T21:23:46, true
9DDDD405-82E4-4C56-A6A6-E2B51ACAB5CF, 2021-04-06T21:24:49, true
9DDDD405-82E4-4C56-A6A6-E2B51ACAB5CF, 2021-04-06T21:25:51, true
9DDDD405-82E4-4C56-A6A6-E2B51ACAB5CF, 2021-04-06T21:26:53, true
9DDDD405-82E4-4C56-A6A6-E2B51ACAB5CF, 2021-04-06T21:27:57, true
9DDDD405-82E4-4C56-A6A6-E2B51ACAB5CF, 2021-04-06T21:29:00, true
9DDDD405-82E4-4C56-A6A6-E2B51ACAB5CF, 2021-04-06T21:30:02, true
9DDDD405-82E4-4C56-A6A6-E2B51ACAB5CF, 2021-04-06T21:31:03, true
9DDDD405-82E4-4C56-A6A6-E2B51ACAB5CF, 2021-04-06T21:32:10, true
9DDDD405-82E4-4C56-A6A6-E2B51ACAB5CF, 2021-04-06T21:33:32, true
9DDDD405-82E4-4C56-A6A6-E2B51ACAB5CF, 2021-04-06T21:34:34, true
9DDDD405-82E4-4C56-A6A6-E2B51ACAB5CF, 2021-04-06T21:35:39, true
9DDDD405-82E4-4C56-A6A6-E2B51ACAB5CF, 2021-04-06T21:36:55, true
9DDDD405-82E4-4C56-A6A6-E2B51ACAB5CF, 2021-04-06T21:37:56, true
9DDDD405-82E4-4C56-A6A6-E2B51ACAB5CF, 2021-04-06T21:39:00, true
9DDDD405-82E4-4C56-A6A6-E2B51ACAB5CF, 2021-04-06T21:40:08, true
9DDDD405-82E4-4C56-A6A6-E2B51ACAB5CF, 2021-04-06T21:41:08, true
9DDDD405-82E4-4C56-A6A6-E2B51ACAB5CF, 2021-04-06T21:42:21, true
9DDDD405-82E4-4C56-A6A6-E2B51ACAB5CF, 2021-04-06T21:43:22, true
9DDDD405-82E4-4C56-A6A6-E2B51ACAB5CF, 2021-04-06T21:44:27, true
9DDDD405-82E4-4C56-A6A6-E2B51ACAB5CF, 2021-04-06T21:45:28, true
9DDDD405-82E4-4C56-A6A6-E2B51ACAB5CF, 2021-04-06T21:46:30, true
9DDDD405-82E4-4C56-A6A6-E2B51ACAB5CF, 2021-04-06T21:47:32, true
9DDDD405-82E4-4C56-A6A6-E2B51ACAB5CF, 2021-04-06T21:48:35, true
9DDDD405-82E4-4C56-A6A6-E2B51ACAB5CF, 2021-04-06T21:49:35, true
9DDDD405-82E4-4C56-A6A6-E2B51ACAB5CF, 2021-04-06T21:50:37, true
9DDDD405-82E4-4C56-A6A6-E2B51ACAB5CF, 2021-04-06T21:51:37, true
9DDDD405-82E4-4C56-A6A6-E2B51ACAB5CF, 2021-04-06T21:52:40, true
9DDDD405-82E4-4C56-A6A6-E2B51ACAB5CF, 2021-04-06T21:53:44, true
9DDDD405-82E4-4C56-A6A6-E2B51ACAB5CF, 2021-04-06T21:54:55, true
9DDDD405-82E4-4C56-A6A6-E2B51ACAB5CF, 2021-04-06T21:55:56, true
9DDDD405-82E4-4C56-A6A6-E2B51ACAB5CF, 2021-04-06T21:56:59, true
9DDDD405-82E4-4C56-A6A6-E2B51ACAB5CF, 2021-04-06T21:58:01, true
9DDDD405-82E4-4C56-A6A6-E2B51ACAB5CF, 2021-04-06T21:59:02, true
9DDDD405-82E4-4C56-A6A6-E2B51ACAB5CF, 2021-04-06T22:00:05, true
9DDDD405-82E4-4C56-A6A6-E2B51ACAB5CF, 2021-04-06T22:01:07, true
9DDDD405-82E4-4C56-A6A6-E2B51ACAB5CF, 2021-04-06T22:02:12, true
9DDDD405-82E4-4C56-A6A6-E2B51ACAB5CF, 2021-04-06T22:03:14, true
9DDDD405-82E4-4C56-A6A6-E2B51ACAB5CF, 2021-04-06T22:04:15, true
9DDDD405-82E4-4C56-A6A6-E2B51ACAB5CF, 2021-04-06T22:05:17, true
9DDDD405-82E4-4C56-A6A6-E2B51ACAB5CF, 2021-04-06T22:06:22, true
9DDDD405-82E4-4C56-A6A6-E2B51ACAB5CF, 2021-04-06T22:07:23, true
9DDDD405-82E4-4C56-A6A6-E2B51ACAB5CF, 2021-04-06T22:08:23, true
9DDDD405-82E4-4C56-A6A6-E2B51ACAB5CF, 2021-04-06T22:09:25, true
9DDDD405-82E4-4C56-A6A6-E2B51ACAB5CF, 2021-04-06T22:10:41, true
9DDDD405-82E4-4C56-A6A6-E2B51ACAB5CF, 2021-04-06T22:11:44, true
9DDDD405-82E4-4C56-A6A6-E2B51ACAB5CF, 2021-04-06T22:12:45, true
9DDDD405-82E4-4C56-A6A6-E2B51ACAB5CF, 2021-04-06T22:13:46, true
9DDDD405-82E4-4C56-A6A6-E2B51ACAB5CF, 2021-04-06T22:14:48, true
9DDDD405-82E4-4C56-A6A6-E2B51ACAB5CF, 2021-04-06T22:15:49, true
9DDDD405-82E4-4C56-A6A6-E2B51ACAB5CF, 2021-04-06T22:16:51, true
9DDDD405-82E4-4C56-A6A6-E2B51ACAB5CF, 2021-04-06T22:17:53, true
9DDDD405-82E4-4C56-A6A6-E2B51ACAB5CF, 2021-04-06T22:18:54, true
9DDDD405-82E4-4C56-A6A6-E2B51ACAB5CF, 2021-04-06T22:19:54, true
9DDDD405-82E4-4C56-A6A6-E2B51ACAB5CF, 2021-04-06T22:20:55, true
9DDDD405-82E4-4C56-A6A6-E2B51ACAB5CF, 2021-04-06T22:21:56, true
9DDDD405-82E4-4C56-A6A6-E2B51ACAB5CF, 2021-04-06T22:22:58, true
9DDDD405-82E4-4C56-A6A6-E2B51ACAB5CF, 2021-04-06T22:24:00, true
9DDDD405-82E4-4C56-A6A6-E2B51ACAB5CF, 2021-04-06T22:25:02, true
9DDDD405-82E4-4C56-A6A6-E2B51ACAB5CF, 2021-04-06T22:26:25, true
9DDDD405-82E4-4C56-A6A6-E2B51ACAB5CF, 2021-04-06T22:27:31, true
9DDDD405-82E4-4C56-A6A6-E2B51ACAB5CF, 2021-04-06T22:28:32, true
9DDDD405-82E4-4C56-A6A6-E2B51ACAB5CF, 2021-04-06T22:29:34, true
9DDDD405-82E4-4C56-A6A6-E2B51ACAB5CF, 2021-04-06T22:30:37, true
9DDDD405-82E4-4C56-A6A6-E2B51ACAB5CF, 2021-04-06T22:31:38, true
9DDDD405-82E4-4C56-A6A6-E2B51ACAB5CF, 2021-04-06T22:32:39, true
9DDDD405-82E4-4C56-A6A6-E2B51ACAB5CF, 2021-04-06T22:33:42, true
9DDDD405-82E4-4C56-A6A6-E2B51ACAB5CF, 2021-04-06T22:34:43, true
9DDDD405-82E4-4C56-A6A6-E2B51ACAB5CF, 2021-04-06T22:35:46, true
9DDDD405-82E4-4C56-A6A6-E2B51ACAB5CF, 2021-04-06T22:36:48, true
9DDDD405-82E4-4C56-A6A6-E2B51ACAB5CF, 2021-04-06T22:37:50, true
9DDDD405-82E4-4C56-A6A6-E2B51ACAB5CF, 2021-04-06T22:38:51, true
9DDDD405-82E4-4C56-A6A6-E2B51ACAB5CF, 2021-04-06T22:39:56, true
9DDDD405-82E4-4C56-A6A6-E2B51ACAB5CF, 2021-04-06T22:40:58, true
9DDDD405-82E4-4C56-A6A6-E2B51ACAB5CF, 2021-04-06T22:42:03, true
9DDDD405-82E4-4C56-A6A6-E2B51ACAB5CF, 2021-04-06T22:43:04, true
9DDDD405-82E4-4C56-A6A6-E2B51ACAB5CF, 2021-04-06T22:44:06, true
