Device, Measure Date Time, Exist
9DDDD405-82E4-4C56-A6A6-E2B51ACAB5CF, 2021-04-12T22:45:49, false
9DDDD405-82E4-4C56-A6A6-E2B51ACAB5CF, 2021-04-12T22:46:37, true
9DDDD405-82E4-4C56-A6A6-E2B51ACAB5CF, 2021-04-12T22:47:38, true
9DDDD405-82E4-4C56-A6A6-E2B51ACAB5CF, 2021-04-12T22:48:44, true
9DDDD405-82E4-4C56-A6A6-E2B51ACAB5CF, 2021-04-12T22:49:46, true
9DDDD405-82E4-4C56-A6A6-E2B51ACAB5CF, 2021-04-12T22:50:46, true
9DDDD405-82E4-4C56-A6A6-E2B51ACAB5CF, 2021-04-12T22:51:48, true
9DDDD405-82E4-4C56-A6A6-E2B51ACAB5CF, 2021-04-12T22:52:50, true
9DDDD405-82E4-4C56-A6A6-E2B51ACAB5CF, 2021-04-12T22:53:52, true
9DDDD405-82E4-4C56-A6A6-E2B51ACAB5CF, 2021-04-12T22:54:54, true
9DDDD405-82E4-4C56-A6A6-E2B51ACAB5CF, 2021-04-12T22:55:54, false
9DDDD405-82E4-4C56-A6A6-E2B51ACAB5CF, 2021-04-12T22:56:49, true
9DDDD405-82E4-4C56-A6A6-E2B51ACAB5CF, 2021-04-12T22:57:49, false
9DDDD405-82E4-4C56-A6A6-E2B51ACAB5CF, 2021-04-12T22:58:29, true
9DDDD405-82E4-4C56-A6A6-E2B51ACAB5CF, 2021-04-12T22:59:43, true
9DDDD405-82E4-4C56-A6A6-E2B51ACAB5CF, 2021-04-12T23:00:46, true
9DDDD405-82E4-4C56-A6A6-E2B51ACAB5CF, 2021-04-12T23:01:46, false
9DDDD405-82E4-4C56-A6A6-E2B51ACAB5CF, 2021-04-12T23:02:17, true
9DDDD405-82E4-4C56-A6A6-E2B51ACAB5CF, 2021-04-12T23:03:17, false
9DDDD405-82E4-4C56-A6A6-E2B51ACAB5CF, 2021-04-12T23:04:05, true
9DDDD405-82E4-4C56-A6A6-E2B51ACAB5CF, 2021-04-12T23:05:07, true
9DDDD405-82E4-4C56-A6A6-E2B51ACAB5CF, 2021-04-12T23:06:24, true
9DDDD405-82E4-4C56-A6A6-E2B51ACAB5CF, 2021-04-12T23:07:25, true
9DDDD405-82E4-4C56-A6A6-E2B51ACAB5CF, 2021-04-12T23:08:27, true
9DDDD405-82E4-4C56-A6A6-E2B51ACAB5CF, 2021-04-12T23:09:27, false
9DDDD405-82E4-4C56-A6A6-E2B51ACAB5CF, 2021-04-12T23:10:31, true
9DDDD405-82E4-4C56-A6A6-E2B51ACAB5CF, 2021-04-12T23:11:31, false
9DDDD405-82E4-4C56-A6A6-E2B51ACAB5CF, 2021-04-12T23:12:16, true
9DDDD405-82E4-4C56-A6A6-E2B51ACAB5CF, 2021-04-12T23:13:23, true
9DDDD405-82E4-4C56-A6A6-E2B51ACAB5CF, 2021-04-12T23:14:24, true
9DDDD405-82E4-4C56-A6A6-E2B51ACAB5CF, 2021-04-12T23:15:26, true
9DDDD405-82E4-4C56-A6A6-E2B51ACAB5CF, 2021-04-12T23:16:43, true
9DDDD405-82E4-4C56-A6A6-E2B51ACAB5CF, 2021-04-12T23:17:43, false
9DDDD405-82E4-4C56-A6A6-E2B51ACAB5CF, 2021-04-12T23:18:21, true
9DDDD405-82E4-4C56-A6A6-E2B51ACAB5CF, 2021-04-12T23:19:22, true
9DDDD405-82E4-4C56-A6A6-E2B51ACAB5CF, 2021-04-12T23:20:23, true
9DDDD405-82E4-4C56-A6A6-E2B51ACAB5CF, 2021-04-12T23:21:29, true
9DDDD405-82E4-4C56-A6A6-E2B51ACAB5CF, 2021-04-12T23:22:32, true
9DDDD405-82E4-4C56-A6A6-E2B51ACAB5CF, 2021-04-12T23:23:33, true
9DDDD405-82E4-4C56-A6A6-E2B51ACAB5CF, 2021-04-12T23:24:33, false
9DDDD405-82E4-4C56-A6A6-E2B51ACAB5CF, 2021-04-12T23:25:15, true
9DDDD405-82E4-4C56-A6A6-E2B51ACAB5CF, 2021-04-12T23:26:17, true
9DDDD405-82E4-4C56-A6A6-E2B51ACAB5CF, 2021-04-12T23:27:29, true
9DDDD405-82E4-4C56-A6A6-E2B51ACAB5CF, 2021-04-12T23:28:31, true
9DDDD405-82E4-4C56-A6A6-E2B51ACAB5CF, 2021-04-12T23:29:34, true
9DDDD405-82E4-4C56-A6A6-E2B51ACAB5CF, 2021-04-12T23:30:48, true
9DDDD405-82E4-4C56-A6A6-E2B51ACAB5CF, 2021-04-12T23:31:49, true
9DDDD405-82E4-4C56-A6A6-E2B51ACAB5CF, 2021-04-12T23:32:54, true
9DDDD405-82E4-4C56-A6A6-E2B51ACAB5CF, 2021-04-12T23:33:54, false
9DDDD405-82E4-4C56-A6A6-E2B51ACAB5CF, 2021-04-12T23:34:41, true
9DDDD405-82E4-4C56-A6A6-E2B51ACAB5CF, 2021-04-12T23:35:45, true
9DDDD405-82E4-4C56-A6A6-E2B51ACAB5CF, 2021-04-12T23:36:46, true
9DDDD405-82E4-4C56-A6A6-E2B51ACAB5CF, 2021-04-12T23:37:56, true
9DDDD405-82E4-4C56-A6A6-E2B51ACAB5CF, 2021-04-12T23:39:02, true
9DDDD405-82E4-4C56-A6A6-E2B51ACAB5CF, 2021-04-12T23:40:03, true
9DDDD405-82E4-4C56-A6A6-E2B51ACAB5CF, 2021-04-12T23:41:04, true
9DDDD405-82E4-4C56-A6A6-E2B51ACAB5CF, 2021-04-12T23:42:07, true
9DDDD405-82E4-4C56-A6A6-E2B51ACAB5CF, 2021-04-12T23:43:08, true
9DDDD405-82E4-4C56-A6A6-E2B51ACAB5CF, 2021-04-12T23:44:10, true
9DDDD405-82E4-4C56-A6A6-E2B51ACAB5CF, 2021-04-12T23:45:13, true
9DDDD405-82E4-4C56-A6A6-E2B51ACAB5CF, 2021-04-12T23:46:13, false
9DDDD405-82E4-4C56-A6A6-E2B51ACAB5CF, 2021-04-12T23:46:54, true
9DDDD405-82E4-4C56-A6A6-E2B51ACAB5CF, 2021-04-12T23:47:55, true
9DDDD405-82E4-4C56-A6A6-E2B51ACAB5CF, 2021-04-12T23:49:16, true
9DDDD405-82E4-4C56-A6A6-E2B51ACAB5CF, 2021-04-12T23:50:16, true
9DDDD405-82E4-4C56-A6A6-E2B51ACAB5CF, 2021-04-12T23:51:18, true
9DDDD405-82E4-4C56-A6A6-E2B51ACAB5CF, 2021-04-12T23:52:19, true
9DDDD405-82E4-4C56-A6A6-E2B51ACAB5CF, 2021-04-12T23:53:21, true
9DDDD405-82E4-4C56-A6A6-E2B51ACAB5CF, 2021-04-12T23:54:23, true
9DDDD405-82E4-4C56-A6A6-E2B51ACAB5CF, 2021-04-12T23:55:35, true
9DDDD405-82E4-4C56-A6A6-E2B51ACAB5CF, 2021-04-12T23:56:36, true
9DDDD405-82E4-4C56-A6A6-E2B51ACAB5CF, 2021-04-12T23:57:52, true
9DDDD405-82E4-4C56-A6A6-E2B51ACAB5CF, 2021-04-12T23:58:55, true
9DDDD405-82E4-4C56-A6A6-E2B51ACAB5CF, 2021-04-12T23:59:57, true
9DDDD405-82E4-4C56-A6A6-E2B51ACAB5CF, 2021-04-13T00:01:03, true
9DDDD405-82E4-4C56-A6A6-E2B51ACAB5CF, 2021-04-13T00:02:22, true
9DDDD405-82E4-4C56-A6A6-E2B51ACAB5CF, 2021-04-13T00:03:23, true
9DDDD405-82E4-4C56-A6A6-E2B51ACAB5CF, 2021-04-13T00:04:24, true
9DDDD405-82E4-4C56-A6A6-E2B51ACAB5CF, 2021-04-13T00:05:24, false
9DDDD405-82E4-4C56-A6A6-E2B51ACAB5CF, 2021-04-13T00:06:26, true
9DDDD405-82E4-4C56-A6A6-E2B51ACAB5CF, 2021-04-13T00:07:31, true
9DDDD405-82E4-4C56-A6A6-E2B51ACAB5CF, 2021-04-13T00:08:33, true
9DDDD405-82E4-4C56-A6A6-E2B51ACAB5CF, 2021-04-13T00:09:35, true
9DDDD405-82E4-4C56-A6A6-E2B51ACAB5CF, 2021-04-13T00:10:35, true
9DDDD405-82E4-4C56-A6A6-E2B51ACAB5CF, 2021-04-13T00:11:39, true
9DDDD405-82E4-4C56-A6A6-E2B51ACAB5CF, 2021-04-13T00:12:39, false
9DDDD405-82E4-4C56-A6A6-E2B51ACAB5CF, 2021-04-13T00:13:46, true
9DDDD405-82E4-4C56-A6A6-E2B51ACAB5CF, 2021-04-13T00:14:55, true
9DDDD405-82E4-4C56-A6A6-E2B51ACAB5CF, 2021-04-13T00:15:58, true
9DDDD405-82E4-4C56-A6A6-E2B51ACAB5CF, 2021-04-13T00:17:00, true
9DDDD405-82E4-4C56-A6A6-E2B51ACAB5CF, 2021-04-13T00:18:00, false
9DDDD405-82E4-4C56-A6A6-E2B51ACAB5CF, 2021-04-13T00:19:20, true
9DDDD405-82E4-4C56-A6A6-E2B51ACAB5CF, 2021-04-13T00:20:35, true
9DDDD405-82E4-4C56-A6A6-E2B51ACAB5CF, 2021-04-13T00:21:36, true
9DDDD405-82E4-4C56-A6A6-E2B51ACAB5CF, 2021-04-13T00:22:39, true
9DDDD405-82E4-4C56-A6A6-E2B51ACAB5CF, 2021-04-13T00:23:48, true
9DDDD405-82E4-4C56-A6A6-E2B51ACAB5CF, 2021-04-13T00:24:54, true
9DDDD405-82E4-4C56-A6A6-E2B51ACAB5CF, 2021-04-13T00:25:54, false
9DDDD405-82E4-4C56-A6A6-E2B51ACAB5CF, 2021-04-13T00:26:24, true
9DDDD405-82E4-4C56-A6A6-E2B51ACAB5CF, 2021-04-13T00:27:24, false
9DDDD405-82E4-4C56-A6A6-E2B51ACAB5CF, 2021-04-13T00:28:28, true
9DDDD405-82E4-4C56-A6A6-E2B51ACAB5CF, 2021-04-13T00:29:28, false
9DDDD405-82E4-4C56-A6A6-E2B51ACAB5CF, 2021-04-13T00:30:28, false
9DDDD405-82E4-4C56-A6A6-E2B51ACAB5CF, 2021-04-13T00:31:13, true
9DDDD405-82E4-4C56-A6A6-E2B51ACAB5CF, 2021-04-13T00:32:17, true
9DDDD405-82E4-4C56-A6A6-E2B51ACAB5CF, 2021-04-13T00:33:19, true
9DDDD405-82E4-4C56-A6A6-E2B51ACAB5CF, 2021-04-13T00:34:25, true
9DDDD405-82E4-4C56-A6A6-E2B51ACAB5CF, 2021-04-13T00:35:46, true
9DDDD405-82E4-4C56-A6A6-E2B51ACAB5CF, 2021-04-13T00:36:52, true
9DDDD405-82E4-4C56-A6A6-E2B51ACAB5CF, 2021-04-13T00:37:58, true
9DDDD405-82E4-4C56-A6A6-E2B51ACAB5CF, 2021-04-13T00:39:01, true
9DDDD405-82E4-4C56-A6A6-E2B51ACAB5CF, 2021-04-13T00:40:04, true
9DDDD405-82E4-4C56-A6A6-E2B51ACAB5CF, 2021-04-13T00:41:06, true
9DDDD405-82E4-4C56-A6A6-E2B51ACAB5CF, 2021-04-13T00:42:06, false
9DDDD405-82E4-4C56-A6A6-E2B51ACAB5CF, 2021-04-13T00:42:41, true
9DDDD405-82E4-4C56-A6A6-E2B51ACAB5CF, 2021-04-13T00:43:49, true
9DDDD405-82E4-4C56-A6A6-E2B51ACAB5CF, 2021-04-13T00:44:49, false
9DDDD405-82E4-4C56-A6A6-E2B51ACAB5CF, 2021-04-13T00:45:46, true
9DDDD405-82E4-4C56-A6A6-E2B51ACAB5CF, 2021-04-13T00:46:47, true
9DDDD405-82E4-4C56-A6A6-E2B51ACAB5CF, 2021-04-13T00:48:12, true
9DDDD405-82E4-4C56-A6A6-E2B51ACAB5CF, 2021-04-13T00:49:13, true
9DDDD405-82E4-4C56-A6A6-E2B51ACAB5CF, 2021-04-13T00:50:13, false
9DDDD405-82E4-4C56-A6A6-E2B51ACAB5CF, 2021-04-13T00:50:46, true
9DDDD405-82E4-4C56-A6A6-E2B51ACAB5CF, 2021-04-13T00:52:09, true
9DDDD405-82E4-4C56-A6A6-E2B51ACAB5CF, 2021-04-13T00:53:11, true
9DDDD405-82E4-4C56-A6A6-E2B51ACAB5CF, 2021-04-13T00:54:13, true
9DDDD405-82E4-4C56-A6A6-E2B51ACAB5CF, 2021-04-13T00:55:14, true
9DDDD405-82E4-4C56-A6A6-E2B51ACAB5CF, 2021-04-13T00:56:22, true
9DDDD405-82E4-4C56-A6A6-E2B51ACAB5CF, 2021-04-13T00:57:23, true
9DDDD405-82E4-4C56-A6A6-E2B51ACAB5CF, 2021-04-13T00:58:26, true
9DDDD405-82E4-4C56-A6A6-E2B51ACAB5CF, 2021-04-13T00:59:27, true
9DDDD405-82E4-4C56-A6A6-E2B51ACAB5CF, 2021-04-13T01:00:40, true
9DDDD405-82E4-4C56-A6A6-E2B51ACAB5CF, 2021-04-13T01:01:47, true
9DDDD405-82E4-4C56-A6A6-E2B51ACAB5CF, 2021-04-13T01:02:50, true
9DDDD405-82E4-4C56-A6A6-E2B51ACAB5CF, 2021-04-13T01:03:53, true
9DDDD405-82E4-4C56-A6A6-E2B51ACAB5CF, 2021-04-13T01:04:53, false
9DDDD405-82E4-4C56-A6A6-E2B51ACAB5CF, 2021-04-13T01:05:59, true
9DDDD405-82E4-4C56-A6A6-E2B51ACAB5CF, 2021-04-13T01:07:01, true
9DDDD405-82E4-4C56-A6A6-E2B51ACAB5CF, 2021-04-13T01:08:04, true
9DDDD405-82E4-4C56-A6A6-E2B51ACAB5CF, 2021-04-13T01:09:06, true
9DDDD405-82E4-4C56-A6A6-E2B51ACAB5CF, 2021-04-13T01:10:25, true
9DDDD405-82E4-4C56-A6A6-E2B51ACAB5CF, 2021-04-13T01:11:26, true
9DDDD405-82E4-4C56-A6A6-E2B51ACAB5CF, 2021-04-13T01:12:29, true
9DDDD405-82E4-4C56-A6A6-E2B51ACAB5CF, 2021-04-13T01:13:33, true
9DDDD405-82E4-4C56-A6A6-E2B51ACAB5CF, 2021-04-13T01:14:42, true
9DDDD405-82E4-4C56-A6A6-E2B51ACAB5CF, 2021-04-13T01:15:44, true
9DDDD405-82E4-4C56-A6A6-E2B51ACAB5CF, 2021-04-13T01:16:56, true
9DDDD405-82E4-4C56-A6A6-E2B51ACAB5CF, 2021-04-13T01:18:14, true
9DDDD405-82E4-4C56-A6A6-E2B51ACAB5CF, 2021-04-13T01:19:14, false
9DDDD405-82E4-4C56-A6A6-E2B51ACAB5CF, 2021-04-13T01:20:11, true
9DDDD405-82E4-4C56-A6A6-E2B51ACAB5CF, 2021-04-13T01:21:13, true
9DDDD405-82E4-4C56-A6A6-E2B51ACAB5CF, 2021-04-13T01:22:24, true
9DDDD405-82E4-4C56-A6A6-E2B51ACAB5CF, 2021-04-13T01:23:25, true
9DDDD405-82E4-4C56-A6A6-E2B51ACAB5CF, 2021-04-13T01:24:41, true
9DDDD405-82E4-4C56-A6A6-E2B51ACAB5CF, 2021-04-13T01:25:43, true
9DDDD405-82E4-4C56-A6A6-E2B51ACAB5CF, 2021-04-13T01:26:43, true
9DDDD405-82E4-4C56-A6A6-E2B51ACAB5CF, 2021-04-13T01:27:43, false
9DDDD405-82E4-4C56-A6A6-E2B51ACAB5CF, 2021-04-13T01:28:28, true
9DDDD405-82E4-4C56-A6A6-E2B51ACAB5CF, 2021-04-13T01:29:29, true
9DDDD405-82E4-4C56-A6A6-E2B51ACAB5CF, 2021-04-13T01:30:29, false
9DDDD405-82E4-4C56-A6A6-E2B51ACAB5CF, 2021-04-13T01:31:33, true
9DDDD405-82E4-4C56-A6A6-E2B51ACAB5CF, 2021-04-13T01:32:53, true
9DDDD405-82E4-4C56-A6A6-E2B51ACAB5CF, 2021-04-13T01:33:53, true
9DDDD405-82E4-4C56-A6A6-E2B51ACAB5CF, 2021-04-13T01:34:56, true
9DDDD405-82E4-4C56-A6A6-E2B51ACAB5CF, 2021-04-13T01:35:56, false
9DDDD405-82E4-4C56-A6A6-E2B51ACAB5CF, 2021-04-13T01:36:57, true
9DDDD405-82E4-4C56-A6A6-E2B51ACAB5CF, 2021-04-13T01:38:01, true
9DDDD405-82E4-4C56-A6A6-E2B51ACAB5CF, 2021-04-13T01:39:02, true
9DDDD405-82E4-4C56-A6A6-E2B51ACAB5CF, 2021-04-13T01:40:02, false
9DDDD405-82E4-4C56-A6A6-E2B51ACAB5CF, 2021-04-13T01:40:40, true
9DDDD405-82E4-4C56-A6A6-E2B51ACAB5CF, 2021-04-13T01:41:50, true
9DDDD405-82E4-4C56-A6A6-E2B51ACAB5CF, 2021-04-13T01:42:50, false
9DDDD405-82E4-4C56-A6A6-E2B51ACAB5CF, 2021-04-13T01:43:57, true
9DDDD405-82E4-4C56-A6A6-E2B51ACAB5CF, 2021-04-13T01:44:57, false
9DDDD405-82E4-4C56-A6A6-E2B51ACAB5CF, 2021-04-13T01:45:50, true
9DDDD405-82E4-4C56-A6A6-E2B51ACAB5CF, 2021-04-13T01:46:51, true
9DDDD405-82E4-4C56-A6A6-E2B51ACAB5CF, 2021-04-13T01:47:53, true
9DDDD405-82E4-4C56-A6A6-E2B51ACAB5CF, 2021-04-13T01:48:55, true
9DDDD405-82E4-4C56-A6A6-E2B51ACAB5CF, 2021-04-13T01:49:55, true
9DDDD405-82E4-4C56-A6A6-E2B51ACAB5CF, 2021-04-13T01:51:21, true
9DDDD405-82E4-4C56-A6A6-E2B51ACAB5CF, 2021-04-13T01:52:21, false
9DDDD405-82E4-4C56-A6A6-E2B51ACAB5CF, 2021-04-13T01:53:11, true
9DDDD405-82E4-4C56-A6A6-E2B51ACAB5CF, 2021-04-13T01:54:35, true
9DDDD405-82E4-4C56-A6A6-E2B51ACAB5CF, 2021-04-13T01:55:43, true
9DDDD405-82E4-4C56-A6A6-E2B51ACAB5CF, 2021-04-13T01:56:46, true
9DDDD405-82E4-4C56-A6A6-E2B51ACAB5CF, 2021-04-13T01:57:48, true
9DDDD405-82E4-4C56-A6A6-E2B51ACAB5CF, 2021-04-13T01:58:50, true
9DDDD405-82E4-4C56-A6A6-E2B51ACAB5CF, 2021-04-13T01:59:50, false
9DDDD405-82E4-4C56-A6A6-E2B51ACAB5CF, 2021-04-13T02:00:50, false
9DDDD405-82E4-4C56-A6A6-E2B51ACAB5CF, 2021-04-13T02:01:32, true
9DDDD405-82E4-4C56-A6A6-E2B51ACAB5CF, 2021-04-13T02:02:32, false
9DDDD405-82E4-4C56-A6A6-E2B51ACAB5CF, 2021-04-13T02:03:14, true
9DDDD405-82E4-4C56-A6A6-E2B51ACAB5CF, 2021-04-13T02:04:16, true
9DDDD405-82E4-4C56-A6A6-E2B51ACAB5CF, 2021-04-13T02:05:43, true
9DDDD405-82E4-4C56-A6A6-E2B51ACAB5CF, 2021-04-13T02:06:47, true
9DDDD405-82E4-4C56-A6A6-E2B51ACAB5CF, 2021-04-13T02:08:13, true
9DDDD405-82E4-4C56-A6A6-E2B51ACAB5CF, 2021-04-13T02:09:14, true
9DDDD405-82E4-4C56-A6A6-E2B51ACAB5CF, 2021-04-13T02:10:18, true
9DDDD405-82E4-4C56-A6A6-E2B51ACAB5CF, 2021-04-13T02:11:30, true
9DDDD405-82E4-4C56-A6A6-E2B51ACAB5CF, 2021-04-13T02:12:54, true
9DDDD405-82E4-4C56-A6A6-E2B51ACAB5CF, 2021-04-13T02:13:57, true
9DDDD405-82E4-4C56-A6A6-E2B51ACAB5CF, 2021-04-13T02:14:57, false
9DDDD405-82E4-4C56-A6A6-E2B51ACAB5CF, 2021-04-13T02:15:55, true
9DDDD405-82E4-4C56-A6A6-E2B51ACAB5CF, 2021-04-13T02:16:56, true
9DDDD405-82E4-4C56-A6A6-E2B51ACAB5CF, 2021-04-13T02:17:56, false
9DDDD405-82E4-4C56-A6A6-E2B51ACAB5CF, 2021-04-13T02:18:41, true
9DDDD405-82E4-4C56-A6A6-E2B51ACAB5CF, 2021-04-13T02:19:41, false
9DDDD405-82E4-4C56-A6A6-E2B51ACAB5CF, 2021-04-13T02:20:41, false
9DDDD405-82E4-4C56-A6A6-E2B51ACAB5CF, 2021-04-13T02:21:48, true
9DDDD405-82E4-4C56-A6A6-E2B51ACAB5CF, 2021-04-13T02:22:48, false
9DDDD405-82E4-4C56-A6A6-E2B51ACAB5CF, 2021-04-13T02:23:40, true
9DDDD405-82E4-4C56-A6A6-E2B51ACAB5CF, 2021-04-13T02:24:41, true
9DDDD405-82E4-4C56-A6A6-E2B51ACAB5CF, 2021-04-13T02:25:44, true
9DDDD405-82E4-4C56-A6A6-E2B51ACAB5CF, 2021-04-13T02:26:46, true
9DDDD405-82E4-4C56-A6A6-E2B51ACAB5CF, 2021-04-13T02:27:48, true
9DDDD405-82E4-4C56-A6A6-E2B51ACAB5CF, 2021-04-13T02:28:54, true
9DDDD405-82E4-4C56-A6A6-E2B51ACAB5CF, 2021-04-13T02:29:56, true
9DDDD405-82E4-4C56-A6A6-E2B51ACAB5CF, 2021-04-13T02:31:00, true
9DDDD405-82E4-4C56-A6A6-E2B51ACAB5CF, 2021-04-13T02:32:00, false
9DDDD405-82E4-4C56-A6A6-E2B51ACAB5CF, 2021-04-13T02:33:05, true
9DDDD405-82E4-4C56-A6A6-E2B51ACAB5CF, 2021-04-13T02:34:07, true
9DDDD405-82E4-4C56-A6A6-E2B51ACAB5CF, 2021-04-13T02:35:09, true
9DDDD405-82E4-4C56-A6A6-E2B51ACAB5CF, 2021-04-13T02:36:09, false
9DDDD405-82E4-4C56-A6A6-E2B51ACAB5CF, 2021-04-13T02:36:55, true
9DDDD405-82E4-4C56-A6A6-E2B51ACAB5CF, 2021-04-13T02:37:56, true
9DDDD405-82E4-4C56-A6A6-E2B51ACAB5CF, 2021-04-13T02:39:01, true
9DDDD405-82E4-4C56-A6A6-E2B51ACAB5CF, 2021-04-13T02:40:02, true
9DDDD405-82E4-4C56-A6A6-E2B51ACAB5CF, 2021-04-13T02:41:06, true
9DDDD405-82E4-4C56-A6A6-E2B51ACAB5CF, 2021-04-13T02:42:06, false
9DDDD405-82E4-4C56-A6A6-E2B51ACAB5CF, 2021-04-13T02:42:59, true
9DDDD405-82E4-4C56-A6A6-E2B51ACAB5CF, 2021-04-13T02:44:01, true
9DDDD405-82E4-4C56-A6A6-E2B51ACAB5CF, 2021-04-13T02:45:02, true
9DDDD405-82E4-4C56-A6A6-E2B51ACAB5CF, 2021-04-13T02:46:06, true
9DDDD405-82E4-4C56-A6A6-E2B51ACAB5CF, 2021-04-13T02:47:08, true
9DDDD405-82E4-4C56-A6A6-E2B51ACAB5CF, 2021-04-13T02:48:08, false
9DDDD405-82E4-4C56-A6A6-E2B51ACAB5CF, 2021-04-13T02:48:57, true
9DDDD405-82E4-4C56-A6A6-E2B51ACAB5CF, 2021-04-13T02:49:58, true
9DDDD405-82E4-4C56-A6A6-E2B51ACAB5CF, 2021-04-13T02:51:24, true
9DDDD405-82E4-4C56-A6A6-E2B51ACAB5CF, 2021-04-13T02:52:24, false
9DDDD405-82E4-4C56-A6A6-E2B51ACAB5CF, 2021-04-13T02:53:03, true
9DDDD405-82E4-4C56-A6A6-E2B51ACAB5CF, 2021-04-13T02:54:07, true
9DDDD405-82E4-4C56-A6A6-E2B51ACAB5CF, 2021-04-13T02:55:07, true
9DDDD405-82E4-4C56-A6A6-E2B51ACAB5CF, 2021-04-13T02:56:07, false
9DDDD405-82E4-4C56-A6A6-E2B51ACAB5CF, 2021-04-13T02:56:40, true
9DDDD405-82E4-4C56-A6A6-E2B51ACAB5CF, 2021-04-13T02:57:40, false
9DDDD405-82E4-4C56-A6A6-E2B51ACAB5CF, 2021-04-13T02:58:22, true
9DDDD405-82E4-4C56-A6A6-E2B51ACAB5CF, 2021-04-13T02:59:23, true
9DDDD405-82E4-4C56-A6A6-E2B51ACAB5CF, 2021-04-13T03:00:25, true
9DDDD405-82E4-4C56-A6A6-E2B51ACAB5CF, 2021-04-13T03:01:25, false
9DDDD405-82E4-4C56-A6A6-E2B51ACAB5CF, 2021-04-13T03:02:10, true
9DDDD405-82E4-4C56-A6A6-E2B51ACAB5CF, 2021-04-13T03:03:10, true
9DDDD405-82E4-4C56-A6A6-E2B51ACAB5CF, 2021-04-13T03:04:13, true
9DDDD405-82E4-4C56-A6A6-E2B51ACAB5CF, 2021-04-13T03:05:13, true
9DDDD405-82E4-4C56-A6A6-E2B51ACAB5CF, 2021-04-13T03:06:28, true
9DDDD405-82E4-4C56-A6A6-E2B51ACAB5CF, 2021-04-13T03:07:46, true
9DDDD405-82E4-4C56-A6A6-E2B51ACAB5CF, 2021-04-13T03:08:46, false
9DDDD405-82E4-4C56-A6A6-E2B51ACAB5CF, 2021-04-13T03:09:44, true
9DDDD405-82E4-4C56-A6A6-E2B51ACAB5CF, 2021-04-13T03:10:46, true
9DDDD405-82E4-4C56-A6A6-E2B51ACAB5CF, 2021-04-13T03:11:46, false
9DDDD405-82E4-4C56-A6A6-E2B51ACAB5CF, 2021-04-13T03:12:31, true
9DDDD405-82E4-4C56-A6A6-E2B51ACAB5CF, 2021-04-13T03:13:42, true
9DDDD405-82E4-4C56-A6A6-E2B51ACAB5CF, 2021-04-13T03:15:04, true
9DDDD405-82E4-4C56-A6A6-E2B51ACAB5CF, 2021-04-13T03:16:05, true
9DDDD405-82E4-4C56-A6A6-E2B51ACAB5CF, 2021-04-13T03:17:13, true
9DDDD405-82E4-4C56-A6A6-E2B51ACAB5CF, 2021-04-13T03:18:17, true
9DDDD405-82E4-4C56-A6A6-E2B51ACAB5CF, 2021-04-13T03:19:18, true
9DDDD405-82E4-4C56-A6A6-E2B51ACAB5CF, 2021-04-13T03:20:20, true
9DDDD405-82E4-4C56-A6A6-E2B51ACAB5CF, 2021-04-13T03:21:22, true
9DDDD405-82E4-4C56-A6A6-E2B51ACAB5CF, 2021-04-13T03:22:38, true
9DDDD405-82E4-4C56-A6A6-E2B51ACAB5CF, 2021-04-13T03:23:39, true
9DDDD405-82E4-4C56-A6A6-E2B51ACAB5CF, 2021-04-13T03:24:42, true
9DDDD405-82E4-4C56-A6A6-E2B51ACAB5CF, 2021-04-13T03:25:43, true
9DDDD405-82E4-4C56-A6A6-E2B51ACAB5CF, 2021-04-13T03:26:44, true
9DDDD405-82E4-4C56-A6A6-E2B51ACAB5CF, 2021-04-13T03:27:45, true
9DDDD405-82E4-4C56-A6A6-E2B51ACAB5CF, 2021-04-13T03:29:12, true
9DDDD405-82E4-4C56-A6A6-E2B51ACAB5CF, 2021-04-13T03:30:12, false
9DDDD405-82E4-4C56-A6A6-E2B51ACAB5CF, 2021-04-13T03:30:57, true
9DDDD405-82E4-4C56-A6A6-E2B51ACAB5CF, 2021-04-13T03:32:07, true
9DDDD405-82E4-4C56-A6A6-E2B51ACAB5CF, 2021-04-13T03:33:26, true
9DDDD405-82E4-4C56-A6A6-E2B51ACAB5CF, 2021-04-13T03:34:40, true
9DDDD405-82E4-4C56-A6A6-E2B51ACAB5CF, 2021-04-13T03:35:40, false
9DDDD405-82E4-4C56-A6A6-E2B51ACAB5CF, 2021-04-13T03:36:35, true
9DDDD405-82E4-4C56-A6A6-E2B51ACAB5CF, 2021-04-13T03:37:35, false
9DDDD405-82E4-4C56-A6A6-E2B51ACAB5CF, 2021-04-13T03:38:30, true
9DDDD405-82E4-4C56-A6A6-E2B51ACAB5CF, 2021-04-13T03:39:34, true
9DDDD405-82E4-4C56-A6A6-E2B51ACAB5CF, 2021-04-13T03:41:03, true
9DDDD405-82E4-4C56-A6A6-E2B51ACAB5CF, 2021-04-13T03:42:04, true
9DDDD405-82E4-4C56-A6A6-E2B51ACAB5CF, 2021-04-13T03:43:28, true
9DDDD405-82E4-4C56-A6A6-E2B51ACAB5CF, 2021-04-13T03:44:29, true
9DDDD405-82E4-4C56-A6A6-E2B51ACAB5CF, 2021-04-13T03:45:49, true
9DDDD405-82E4-4C56-A6A6-E2B51ACAB5CF, 2021-04-13T03:46:59, true
9DDDD405-82E4-4C56-A6A6-E2B51ACAB5CF, 2021-04-13T03:48:01, true
9DDDD405-82E4-4C56-A6A6-E2B51ACAB5CF, 2021-04-13T03:49:05, true
9DDDD405-82E4-4C56-A6A6-E2B51ACAB5CF, 2021-04-13T03:50:07, true
9DDDD405-82E4-4C56-A6A6-E2B51ACAB5CF, 2021-04-13T03:51:11, true
9DDDD405-82E4-4C56-A6A6-E2B51ACAB5CF, 2021-04-13T03:52:11, false
9DDDD405-82E4-4C56-A6A6-E2B51ACAB5CF, 2021-04-13T03:53:10, true
9DDDD405-82E4-4C56-A6A6-E2B51ACAB5CF, 2021-04-13T03:54:12, true
9DDDD405-82E4-4C56-A6A6-E2B51ACAB5CF, 2021-04-13T03:55:24, true
9DDDD405-82E4-4C56-A6A6-E2B51ACAB5CF, 2021-04-13T03:56:24, true
9DDDD405-82E4-4C56-A6A6-E2B51ACAB5CF, 2021-04-13T03:57:40, true
9DDDD405-82E4-4C56-A6A6-E2B51ACAB5CF, 2021-04-13T03:58:40, false
9DDDD405-82E4-4C56-A6A6-E2B51ACAB5CF, 2021-04-13T03:59:13, true
9DDDD405-82E4-4C56-A6A6-E2B51ACAB5CF, 2021-04-13T04:00:13, false
9DDDD405-82E4-4C56-A6A6-E2B51ACAB5CF, 2021-04-13T04:01:09, true
9DDDD405-82E4-4C56-A6A6-E2B51ACAB5CF, 2021-04-13T04:02:10, true
9DDDD405-82E4-4C56-A6A6-E2B51ACAB5CF, 2021-04-13T04:03:11, true
9DDDD405-82E4-4C56-A6A6-E2B51ACAB5CF, 2021-04-13T04:04:14, true
9DDDD405-82E4-4C56-A6A6-E2B51ACAB5CF, 2021-04-13T04:05:39, true
9DDDD405-82E4-4C56-A6A6-E2B51ACAB5CF, 2021-04-13T04:06:53, true
9DDDD405-82E4-4C56-A6A6-E2B51ACAB5CF, 2021-04-13T04:07:53, false
9DDDD405-82E4-4C56-A6A6-E2B51ACAB5CF, 2021-04-13T04:08:51, true
9DDDD405-82E4-4C56-A6A6-E2B51ACAB5CF, 2021-04-13T04:10:07, true
9DDDD405-82E4-4C56-A6A6-E2B51ACAB5CF, 2021-04-13T04:11:08, true
9DDDD405-82E4-4C56-A6A6-E2B51ACAB5CF, 2021-04-13T04:12:10, true
9DDDD405-82E4-4C56-A6A6-E2B51ACAB5CF, 2021-04-13T04:13:13, true
9DDDD405-82E4-4C56-A6A6-E2B51ACAB5CF, 2021-04-13T04:14:13, false
9DDDD405-82E4-4C56-A6A6-E2B51ACAB5CF, 2021-04-13T04:15:19, true
9DDDD405-82E4-4C56-A6A6-E2B51ACAB5CF, 2021-04-13T04:16:21, true
9DDDD405-82E4-4C56-A6A6-E2B51ACAB5CF, 2021-04-13T04:17:24, true
9DDDD405-82E4-4C56-A6A6-E2B51ACAB5CF, 2021-04-13T04:18:27, true
9DDDD405-82E4-4C56-A6A6-E2B51ACAB5CF, 2021-04-13T04:19:30, true
9DDDD405-82E4-4C56-A6A6-E2B51ACAB5CF, 2021-04-13T04:20:50, true
9DDDD405-82E4-4C56-A6A6-E2B51ACAB5CF, 2021-04-13T04:21:53, true
9DDDD405-82E4-4C56-A6A6-E2B51ACAB5CF, 2021-04-13T04:23:18, true
9DDDD405-82E4-4C56-A6A6-E2B51ACAB5CF, 2021-04-13T04:24:19, true
9DDDD405-82E4-4C56-A6A6-E2B51ACAB5CF, 2021-04-13T04:25:20, true
9DDDD405-82E4-4C56-A6A6-E2B51ACAB5CF, 2021-04-13T04:26:22, true
9DDDD405-82E4-4C56-A6A6-E2B51ACAB5CF, 2021-04-13T04:27:24, true
9DDDD405-82E4-4C56-A6A6-E2B51ACAB5CF, 2021-04-13T04:28:27, true
9DDDD405-82E4-4C56-A6A6-E2B51ACAB5CF, 2021-04-13T04:29:30, true
9DDDD405-82E4-4C56-A6A6-E2B51ACAB5CF, 2021-04-13T04:30:48, true
9DDDD405-82E4-4C56-A6A6-E2B51ACAB5CF, 2021-04-13T04:31:59, true
9DDDD405-82E4-4C56-A6A6-E2B51ACAB5CF, 2021-04-13T04:33:00, true
9DDDD405-82E4-4C56-A6A6-E2B51ACAB5CF, 2021-04-13T04:34:00, false
9DDDD405-82E4-4C56-A6A6-E2B51ACAB5CF, 2021-04-13T04:35:03, true
9DDDD405-82E4-4C56-A6A6-E2B51ACAB5CF, 2021-04-13T04:36:03, false
9DDDD405-82E4-4C56-A6A6-E2B51ACAB5CF, 2021-04-13T04:36:50, true
9DDDD405-82E4-4C56-A6A6-E2B51ACAB5CF, 2021-04-13T04:38:05, true
9DDDD405-82E4-4C56-A6A6-E2B51ACAB5CF, 2021-04-13T04:39:07, true
9DDDD405-82E4-4C56-A6A6-E2B51ACAB5CF, 2021-04-13T04:40:08, true
9DDDD405-82E4-4C56-A6A6-E2B51ACAB5CF, 2021-04-13T04:41:11, true
9DDDD405-82E4-4C56-A6A6-E2B51ACAB5CF, 2021-04-13T04:42:24, true
9DDDD405-82E4-4C56-A6A6-E2B51ACAB5CF, 2021-04-13T04:43:24, true
9DDDD405-82E4-4C56-A6A6-E2B51ACAB5CF, 2021-04-13T04:44:26, true
9DDDD405-82E4-4C56-A6A6-E2B51ACAB5CF, 2021-04-13T04:45:28, true
9DDDD405-82E4-4C56-A6A6-E2B51ACAB5CF, 2021-04-13T04:46:28, false
9DDDD405-82E4-4C56-A6A6-E2B51ACAB5CF, 2021-04-13T04:47:00, true
9DDDD405-82E4-4C56-A6A6-E2B51ACAB5CF, 2021-04-13T04:48:01, true
9DDDD405-82E4-4C56-A6A6-E2B51ACAB5CF, 2021-04-13T04:49:01, false
9DDDD405-82E4-4C56-A6A6-E2B51ACAB5CF, 2021-04-13T04:49:33, true
9DDDD405-82E4-4C56-A6A6-E2B51ACAB5CF, 2021-04-13T04:50:41, true
9DDDD405-82E4-4C56-A6A6-E2B51ACAB5CF, 2021-04-13T04:51:42, true
9DDDD405-82E4-4C56-A6A6-E2B51ACAB5CF, 2021-04-13T04:52:42, false
9DDDD405-82E4-4C56-A6A6-E2B51ACAB5CF, 2021-04-13T04:53:31, true
9DDDD405-82E4-4C56-A6A6-E2B51ACAB5CF, 2021-04-13T04:54:33, true
9DDDD405-82E4-4C56-A6A6-E2B51ACAB5CF, 2021-04-13T04:55:33, false
9DDDD405-82E4-4C56-A6A6-E2B51ACAB5CF, 2021-04-13T04:56:23, true
9DDDD405-82E4-4C56-A6A6-E2B51ACAB5CF, 2021-04-13T04:57:39, true
9DDDD405-82E4-4C56-A6A6-E2B51ACAB5CF, 2021-04-13T04:58:39, false
9DDDD405-82E4-4C56-A6A6-E2B51ACAB5CF, 2021-04-13T05:00:08, true
9DDDD405-82E4-4C56-A6A6-E2B51ACAB5CF, 2021-04-13T05:01:24, true
9DDDD405-82E4-4C56-A6A6-E2B51ACAB5CF, 2021-04-13T05:02:24, false
9DDDD405-82E4-4C56-A6A6-E2B51ACAB5CF, 2021-04-13T05:03:28, true
9DDDD405-82E4-4C56-A6A6-E2B51ACAB5CF, 2021-04-13T05:04:38, true
9DDDD405-82E4-4C56-A6A6-E2B51ACAB5CF, 2021-04-13T05:05:38, false
9DDDD405-82E4-4C56-A6A6-E2B51ACAB5CF, 2021-04-13T05:06:12, true
9DDDD405-82E4-4C56-A6A6-E2B51ACAB5CF, 2021-04-13T05:07:18, true
9DDDD405-82E4-4C56-A6A6-E2B51ACAB5CF, 2021-04-13T05:08:20, true
9DDDD405-82E4-4C56-A6A6-E2B51ACAB5CF, 2021-04-13T05:09:21, true
9DDDD405-82E4-4C56-A6A6-E2B51ACAB5CF, 2021-04-13T05:10:26, true
9DDDD405-82E4-4C56-A6A6-E2B51ACAB5CF, 2021-04-13T05:11:28, true
9DDDD405-82E4-4C56-A6A6-E2B51ACAB5CF, 2021-04-13T05:12:30, true
9DDDD405-82E4-4C56-A6A6-E2B51ACAB5CF, 2021-04-13T05:13:31, true
9DDDD405-82E4-4C56-A6A6-E2B51ACAB5CF, 2021-04-13T05:14:36, true
9DDDD405-82E4-4C56-A6A6-E2B51ACAB5CF, 2021-04-13T05:15:38, true
9DDDD405-82E4-4C56-A6A6-E2B51ACAB5CF, 2021-04-13T05:16:39, true
9DDDD405-82E4-4C56-A6A6-E2B51ACAB5CF, 2021-04-13T05:17:41, true
9DDDD405-82E4-4C56-A6A6-E2B51ACAB5CF, 2021-04-13T05:18:43, true
9DDDD405-82E4-4C56-A6A6-E2B51ACAB5CF, 2021-04-13T05:19:46, true
9DDDD405-82E4-4C56-A6A6-E2B51ACAB5CF, 2021-04-13T05:20:46, true
9DDDD405-82E4-4C56-A6A6-E2B51ACAB5CF, 2021-04-13T05:21:52, true
9DDDD405-82E4-4C56-A6A6-E2B51ACAB5CF, 2021-04-13T05:22:53, true
9DDDD405-82E4-4C56-A6A6-E2B51ACAB5CF, 2021-04-13T05:23:54, true
9DDDD405-82E4-4C56-A6A6-E2B51ACAB5CF, 2021-04-13T05:24:56, true
9DDDD405-82E4-4C56-A6A6-E2B51ACAB5CF, 2021-04-13T05:25:58, true
9DDDD405-82E4-4C56-A6A6-E2B51ACAB5CF, 2021-04-13T05:27:02, true
9DDDD405-82E4-4C56-A6A6-E2B51ACAB5CF, 2021-04-13T05:28:04, true
9DDDD405-82E4-4C56-A6A6-E2B51ACAB5CF, 2021-04-13T05:29:07, true
9DDDD405-82E4-4C56-A6A6-E2B51ACAB5CF, 2021-04-13T05:30:08, true
9DDDD405-82E4-4C56-A6A6-E2B51ACAB5CF, 2021-04-13T05:31:09, true
9DDDD405-82E4-4C56-A6A6-E2B51ACAB5CF, 2021-04-13T05:32:09, true
9DDDD405-82E4-4C56-A6A6-E2B51ACAB5CF, 2021-04-13T05:33:11, true
9DDDD405-82E4-4C56-A6A6-E2B51ACAB5CF, 2021-04-13T05:34:33, true
9DDDD405-82E4-4C56-A6A6-E2B51ACAB5CF, 2021-04-13T05:35:36, true
9DDDD405-82E4-4C56-A6A6-E2B51ACAB5CF, 2021-04-13T05:36:38, true
9DDDD405-82E4-4C56-A6A6-E2B51ACAB5CF, 2021-04-13T05:37:41, true
9DDDD405-82E4-4C56-A6A6-E2B51ACAB5CF, 2021-04-13T05:38:57, true
9DDDD405-82E4-4C56-A6A6-E2B51ACAB5CF, 2021-04-13T05:39:59, true
9DDDD405-82E4-4C56-A6A6-E2B51ACAB5CF, 2021-04-13T05:41:18, true
9DDDD405-82E4-4C56-A6A6-E2B51ACAB5CF, 2021-04-13T05:42:25, true
9DDDD405-82E4-4C56-A6A6-E2B51ACAB5CF, 2021-04-13T05:43:26, true
9DDDD405-82E4-4C56-A6A6-E2B51ACAB5CF, 2021-04-13T05:44:47, true
9DDDD405-82E4-4C56-A6A6-E2B51ACAB5CF, 2021-04-13T05:45:50, true
9DDDD405-82E4-4C56-A6A6-E2B51ACAB5CF, 2021-04-13T05:46:52, true
9DDDD405-82E4-4C56-A6A6-E2B51ACAB5CF, 2021-04-13T05:48:02, true
9DDDD405-82E4-4C56-A6A6-E2B51ACAB5CF, 2021-04-13T05:49:02, true
9DDDD405-82E4-4C56-A6A6-E2B51ACAB5CF, 2021-04-13T05:50:26, true
9DDDD405-82E4-4C56-A6A6-E2B51ACAB5CF, 2021-04-13T05:51:27, true
9DDDD405-82E4-4C56-A6A6-E2B51ACAB5CF, 2021-04-13T05:52:30, true
9DDDD405-82E4-4C56-A6A6-E2B51ACAB5CF, 2021-04-13T05:53:30, true
9DDDD405-82E4-4C56-A6A6-E2B51ACAB5CF, 2021-04-13T05:54:36, true
9DDDD405-82E4-4C56-A6A6-E2B51ACAB5CF, 2021-04-13T05:55:36, true
9DDDD405-82E4-4C56-A6A6-E2B51ACAB5CF, 2021-04-13T05:56:37, true
9DDDD405-82E4-4C56-A6A6-E2B51ACAB5CF, 2021-04-13T05:57:41, true
9DDDD405-82E4-4C56-A6A6-E2B51ACAB5CF, 2021-04-13T05:58:44, true
9DDDD405-82E4-4C56-A6A6-E2B51ACAB5CF, 2021-04-13T05:59:56, true
9DDDD405-82E4-4C56-A6A6-E2B51ACAB5CF, 2021-04-13T06:00:58, true
9DDDD405-82E4-4C56-A6A6-E2B51ACAB5CF, 2021-04-13T06:02:00, true
9DDDD405-82E4-4C56-A6A6-E2B51ACAB5CF, 2021-04-13T06:03:03, true
9DDDD405-82E4-4C56-A6A6-E2B51ACAB5CF, 2021-04-13T06:04:27, true
9DDDD405-82E4-4C56-A6A6-E2B51ACAB5CF, 2021-04-13T06:05:27, false
9DDDD405-82E4-4C56-A6A6-E2B51ACAB5CF, 2021-04-13T06:06:11, true
9DDDD405-82E4-4C56-A6A6-E2B51ACAB5CF, 2021-04-13T06:07:11, false
9DDDD405-82E4-4C56-A6A6-E2B51ACAB5CF, 2021-04-13T06:08:07, true
9DDDD405-82E4-4C56-A6A6-E2B51ACAB5CF, 2021-04-13T06:09:10, true
9DDDD405-82E4-4C56-A6A6-E2B51ACAB5CF, 2021-04-13T06:10:14, true
9DDDD405-82E4-4C56-A6A6-E2B51ACAB5CF, 2021-04-13T06:11:15, true
9DDDD405-82E4-4C56-A6A6-E2B51ACAB5CF, 2021-04-13T06:12:16, true
9DDDD405-82E4-4C56-A6A6-E2B51ACAB5CF, 2021-04-13T06:13:18, true
9DDDD405-82E4-4C56-A6A6-E2B51ACAB5CF, 2021-04-13T06:14:23, true
9DDDD405-82E4-4C56-A6A6-E2B51ACAB5CF, 2021-04-13T06:15:26, true
9DDDD405-82E4-4C56-A6A6-E2B51ACAB5CF, 2021-04-13T06:16:28, true
9DDDD405-82E4-4C56-A6A6-E2B51ACAB5CF, 2021-04-13T06:17:29, true
9DDDD405-82E4-4C56-A6A6-E2B51ACAB5CF, 2021-04-13T06:18:31, true
9DDDD405-82E4-4C56-A6A6-E2B51ACAB5CF, 2021-04-13T06:19:32, true
9DDDD405-82E4-4C56-A6A6-E2B51ACAB5CF, 2021-04-13T06:20:32, true
9DDDD405-82E4-4C56-A6A6-E2B51ACAB5CF, 2021-04-13T06:21:44, true
9DDDD405-82E4-4C56-A6A6-E2B51ACAB5CF, 2021-04-13T06:22:47, true
9DDDD405-82E4-4C56-A6A6-E2B51ACAB5CF, 2021-04-13T06:23:51, true
9DDDD405-82E4-4C56-A6A6-E2B51ACAB5CF, 2021-04-13T06:24:53, true
9DDDD405-82E4-4C56-A6A6-E2B51ACAB5CF, 2021-04-13T06:26:14, true
9DDDD405-82E4-4C56-A6A6-E2B51ACAB5CF, 2021-04-13T06:27:14, true
9DDDD405-82E4-4C56-A6A6-E2B51ACAB5CF, 2021-04-13T06:28:17, true
9DDDD405-82E4-4C56-A6A6-E2B51ACAB5CF, 2021-04-13T06:29:19, true
9DDDD405-82E4-4C56-A6A6-E2B51ACAB5CF, 2021-04-13T06:30:23, true
9DDDD405-82E4-4C56-A6A6-E2B51ACAB5CF, 2021-04-13T06:31:40, true
9DDDD405-82E4-4C56-A6A6-E2B51ACAB5CF, 2021-04-13T06:32:45, true
9DDDD405-82E4-4C56-A6A6-E2B51ACAB5CF, 2021-04-13T06:33:49, true
9DDDD405-82E4-4C56-A6A6-E2B51ACAB5CF, 2021-04-13T06:34:56, true
9DDDD405-82E4-4C56-A6A6-E2B51ACAB5CF, 2021-04-13T06:36:00, true
9DDDD405-82E4-4C56-A6A6-E2B51ACAB5CF, 2021-04-13T06:37:02, true
9DDDD405-82E4-4C56-A6A6-E2B51ACAB5CF, 2021-04-13T06:38:06, true
9DDDD405-82E4-4C56-A6A6-E2B51ACAB5CF, 2021-04-13T06:39:11, true
9DDDD405-82E4-4C56-A6A6-E2B51ACAB5CF, 2021-04-13T06:40:12, true
9DDDD405-82E4-4C56-A6A6-E2B51ACAB5CF, 2021-04-13T06:41:16, true
9DDDD405-82E4-4C56-A6A6-E2B51ACAB5CF, 2021-04-13T06:42:17, true
9DDDD405-82E4-4C56-A6A6-E2B51ACAB5CF, 2021-04-13T06:43:28, true
9DDDD405-82E4-4C56-A6A6-E2B51ACAB5CF, 2021-04-13T06:44:31, true
9DDDD405-82E4-4C56-A6A6-E2B51ACAB5CF, 2021-04-13T06:45:48, true
9DDDD405-82E4-4C56-A6A6-E2B51ACAB5CF, 2021-04-13T06:46:52, true
9DDDD405-82E4-4C56-A6A6-E2B51ACAB5CF, 2021-04-13T06:48:07, true
9DDDD405-82E4-4C56-A6A6-E2B51ACAB5CF, 2021-04-13T06:49:09, true
9DDDD405-82E4-4C56-A6A6-E2B51ACAB5CF, 2021-04-13T06:50:10, true
9DDDD405-82E4-4C56-A6A6-E2B51ACAB5CF, 2021-04-13T06:51:10, true
9DDDD405-82E4-4C56-A6A6-E2B51ACAB5CF, 2021-04-13T06:52:12, true
9DDDD405-82E4-4C56-A6A6-E2B51ACAB5CF, 2021-04-13T06:53:13, true
9DDDD405-82E4-4C56-A6A6-E2B51ACAB5CF, 2021-04-13T06:54:16, true
9DDDD405-82E4-4C56-A6A6-E2B51ACAB5CF, 2021-04-13T06:55:19, true
9DDDD405-82E4-4C56-A6A6-E2B51ACAB5CF, 2021-04-13T06:56:24, true
9DDDD405-82E4-4C56-A6A6-E2B51ACAB5CF, 2021-04-13T06:57:27, true
9DDDD405-82E4-4C56-A6A6-E2B51ACAB5CF, 2021-04-13T06:58:28, true
9DDDD405-82E4-4C56-A6A6-E2B51ACAB5CF, 2021-04-13T06:59:32, true
9DDDD405-82E4-4C56-A6A6-E2B51ACAB5CF, 2021-04-13T07:00:34, true
9DDDD405-82E4-4C56-A6A6-E2B51ACAB5CF, 2021-04-13T07:01:59, true
9DDDD405-82E4-4C56-A6A6-E2B51ACAB5CF, 2021-04-13T07:03:01, true
9DDDD405-82E4-4C56-A6A6-E2B51ACAB5CF, 2021-04-13T07:04:04, true
9DDDD405-82E4-4C56-A6A6-E2B51ACAB5CF, 2021-04-13T07:05:15, true
9DDDD405-82E4-4C56-A6A6-E2B51ACAB5CF, 2021-04-13T07:06:17, true
9DDDD405-82E4-4C56-A6A6-E2B51ACAB5CF, 2021-04-13T07:07:25, true
9DDDD405-82E4-4C56-A6A6-E2B51ACAB5CF, 2021-04-13T07:08:27, true
9DDDD405-82E4-4C56-A6A6-E2B51ACAB5CF, 2021-04-13T07:09:44, true
9DDDD405-82E4-4C56-A6A6-E2B51ACAB5CF, 2021-04-13T07:10:50, true
9DDDD405-82E4-4C56-A6A6-E2B51ACAB5CF, 2021-04-13T07:11:50, true
9DDDD405-82E4-4C56-A6A6-E2B51ACAB5CF, 2021-04-13T07:12:51, true
9DDDD405-82E4-4C56-A6A6-E2B51ACAB5CF, 2021-04-13T07:13:53, true
9DDDD405-82E4-4C56-A6A6-E2B51ACAB5CF, 2021-04-13T07:14:56, true
9DDDD405-82E4-4C56-A6A6-E2B51ACAB5CF, 2021-04-13T07:16:00, true
9DDDD405-82E4-4C56-A6A6-E2B51ACAB5CF, 2021-04-13T07:17:01, true
9DDDD405-82E4-4C56-A6A6-E2B51ACAB5CF, 2021-04-13T07:18:03, true
9DDDD405-82E4-4C56-A6A6-E2B51ACAB5CF, 2021-04-13T07:19:07, true
9DDDD405-82E4-4C56-A6A6-E2B51ACAB5CF, 2021-04-13T07:20:10, true
9DDDD405-82E4-4C56-A6A6-E2B51ACAB5CF, 2021-04-13T07:21:13, true
9DDDD405-82E4-4C56-A6A6-E2B51ACAB5CF, 2021-04-13T07:22:15, true
9DDDD405-82E4-4C56-A6A6-E2B51ACAB5CF, 2021-04-13T07:23:16, true
9DDDD405-82E4-4C56-A6A6-E2B51ACAB5CF, 2021-04-13T07:24:18, true
9DDDD405-82E4-4C56-A6A6-E2B51ACAB5CF, 2021-04-13T07:25:21, true
9DDDD405-82E4-4C56-A6A6-E2B51ACAB5CF, 2021-04-13T07:26:23, true
9DDDD405-82E4-4C56-A6A6-E2B51ACAB5CF, 2021-04-13T07:27:30, true
9DDDD405-82E4-4C56-A6A6-E2B51ACAB5CF, 2021-04-13T07:28:31, true
9DDDD405-82E4-4C56-A6A6-E2B51ACAB5CF, 2021-04-13T07:29:34, true
9DDDD405-82E4-4C56-A6A6-E2B51ACAB5CF, 2021-04-13T07:30:37, true
9DDDD405-82E4-4C56-A6A6-E2B51ACAB5CF, 2021-04-13T07:31:41, true
9DDDD405-82E4-4C56-A6A6-E2B51ACAB5CF, 2021-04-13T07:32:47, true
9DDDD405-82E4-4C56-A6A6-E2B51ACAB5CF, 2021-04-13T07:33:51, true
9DDDD405-82E4-4C56-A6A6-E2B51ACAB5CF, 2021-04-13T07:34:51, true
9DDDD405-82E4-4C56-A6A6-E2B51ACAB5CF, 2021-04-13T07:35:56, true
9DDDD405-82E4-4C56-A6A6-E2B51ACAB5CF, 2021-04-13T07:36:57, true
9DDDD405-82E4-4C56-A6A6-E2B51ACAB5CF, 2021-04-13T07:37:59, true
9DDDD405-82E4-4C56-A6A6-E2B51ACAB5CF, 2021-04-13T07:39:04, true
9DDDD405-82E4-4C56-A6A6-E2B51ACAB5CF, 2021-04-13T07:40:09, true
9DDDD405-82E4-4C56-A6A6-E2B51ACAB5CF, 2021-04-13T07:41:12, true
9DDDD405-82E4-4C56-A6A6-E2B51ACAB5CF, 2021-04-13T07:42:19, true
9DDDD405-82E4-4C56-A6A6-E2B51ACAB5CF, 2021-04-13T07:43:27, true
9DDDD405-82E4-4C56-A6A6-E2B51ACAB5CF, 2021-04-13T07:44:38, true
9DDDD405-82E4-4C56-A6A6-E2B51ACAB5CF, 2021-04-13T07:45:41, true
9DDDD405-82E4-4C56-A6A6-E2B51ACAB5CF, 2021-04-13T07:46:41, false
9DDDD405-82E4-4C56-A6A6-E2B51ACAB5CF, 2021-04-13T07:47:44, true
9DDDD405-82E4-4C56-A6A6-E2B51ACAB5CF, 2021-04-13T07:48:48, true
9DDDD405-82E4-4C56-A6A6-E2B51ACAB5CF, 2021-04-13T07:49:50, true
9DDDD405-82E4-4C56-A6A6-E2B51ACAB5CF, 2021-04-13T07:50:52, true
9DDDD405-82E4-4C56-A6A6-E2B51ACAB5CF, 2021-04-13T07:51:53, true
9DDDD405-82E4-4C56-A6A6-E2B51ACAB5CF, 2021-04-13T07:53:04, true
9DDDD405-82E4-4C56-A6A6-E2B51ACAB5CF, 2021-04-13T07:54:07, true
9DDDD405-82E4-4C56-A6A6-E2B51ACAB5CF, 2021-04-13T07:55:11, true
9DDDD405-82E4-4C56-A6A6-E2B51ACAB5CF, 2021-04-13T07:56:14, true
9DDDD405-82E4-4C56-A6A6-E2B51ACAB5CF, 2021-04-13T07:57:16, true
9DDDD405-82E4-4C56-A6A6-E2B51ACAB5CF, 2021-04-13T07:58:21, true
9DDDD405-82E4-4C56-A6A6-E2B51ACAB5CF, 2021-04-13T07:59:22, true
9DDDD405-82E4-4C56-A6A6-E2B51ACAB5CF, 2021-04-13T08:00:34, true
9DDDD405-82E4-4C56-A6A6-E2B51ACAB5CF, 2021-04-13T08:01:40, true
9DDDD405-82E4-4C56-A6A6-E2B51ACAB5CF, 2021-04-13T08:02:44, true
9DDDD405-82E4-4C56-A6A6-E2B51ACAB5CF, 2021-04-13T08:03:46, true
9DDDD405-82E4-4C56-A6A6-E2B51ACAB5CF, 2021-04-13T08:04:46, true
9DDDD405-82E4-4C56-A6A6-E2B51ACAB5CF, 2021-04-13T08:05:48, true
9DDDD405-82E4-4C56-A6A6-E2B51ACAB5CF, 2021-04-13T08:06:56, true
9DDDD405-82E4-4C56-A6A6-E2B51ACAB5CF, 2021-04-13T08:07:56, true
9DDDD405-82E4-4C56-A6A6-E2B51ACAB5CF, 2021-04-13T08:08:58, true
9DDDD405-82E4-4C56-A6A6-E2B51ACAB5CF, 2021-04-13T08:10:03, true
9DDDD405-82E4-4C56-A6A6-E2B51ACAB5CF, 2021-04-13T08:11:16, true
9DDDD405-82E4-4C56-A6A6-E2B51ACAB5CF, 2021-04-13T08:12:20, true
9DDDD405-82E4-4C56-A6A6-E2B51ACAB5CF, 2021-04-13T08:13:20, true
9DDDD405-82E4-4C56-A6A6-E2B51ACAB5CF, 2021-04-13T08:14:21, true
9DDDD405-82E4-4C56-A6A6-E2B51ACAB5CF, 2021-04-13T08:15:24, true
9DDDD405-82E4-4C56-A6A6-E2B51ACAB5CF, 2021-04-13T08:16:31, true
9DDDD405-82E4-4C56-A6A6-E2B51ACAB5CF, 2021-04-13T08:17:35, true
9DDDD405-82E4-4C56-A6A6-E2B51ACAB5CF, 2021-04-13T08:18:37, true
9DDDD405-82E4-4C56-A6A6-E2B51ACAB5CF, 2021-04-13T08:19:39, true
9DDDD405-82E4-4C56-A6A6-E2B51ACAB5CF, 2021-04-13T08:20:40, true
9DDDD405-82E4-4C56-A6A6-E2B51ACAB5CF, 2021-04-13T08:21:45, true
9DDDD405-82E4-4C56-A6A6-E2B51ACAB5CF, 2021-04-13T08:22:50, true
9DDDD405-82E4-4C56-A6A6-E2B51ACAB5CF, 2021-04-13T08:23:50, true
9DDDD405-82E4-4C56-A6A6-E2B51ACAB5CF, 2021-04-13T08:24:53, true
9DDDD405-82E4-4C56-A6A6-E2B51ACAB5CF, 2021-04-13T08:25:54, true
9DDDD405-82E4-4C56-A6A6-E2B51ACAB5CF, 2021-04-13T08:27:05, true
9DDDD405-82E4-4C56-A6A6-E2B51ACAB5CF, 2021-04-13T08:28:05, true
9DDDD405-82E4-4C56-A6A6-E2B51ACAB5CF, 2021-04-13T08:29:11, true
9DDDD405-82E4-4C56-A6A6-E2B51ACAB5CF, 2021-04-13T08:30:13, true
9DDDD405-82E4-4C56-A6A6-E2B51ACAB5CF, 2021-04-13T08:31:31, true
9DDDD405-82E4-4C56-A6A6-E2B51ACAB5CF, 2021-04-13T08:32:31, false
9DDDD405-82E4-4C56-A6A6-E2B51ACAB5CF, 2021-04-13T08:33:12, true
9DDDD405-82E4-4C56-A6A6-E2B51ACAB5CF, 2021-04-13T08:34:14, true
9DDDD405-82E4-4C56-A6A6-E2B51ACAB5CF, 2021-04-13T08:35:15, true
9DDDD405-82E4-4C56-A6A6-E2B51ACAB5CF, 2021-04-13T08:36:16, true
9DDDD405-82E4-4C56-A6A6-E2B51ACAB5CF, 2021-04-13T08:37:16, true
9DDDD405-82E4-4C56-A6A6-E2B51ACAB5CF, 2021-04-13T08:38:21, true
9DDDD405-82E4-4C56-A6A6-E2B51ACAB5CF, 2021-04-13T08:39:23, true
9DDDD405-82E4-4C56-A6A6-E2B51ACAB5CF, 2021-04-13T08:40:27, true
9DDDD405-82E4-4C56-A6A6-E2B51ACAB5CF, 2021-04-13T08:41:34, true
9DDDD405-82E4-4C56-A6A6-E2B51ACAB5CF, 2021-04-13T08:42:59, true
9DDDD405-82E4-4C56-A6A6-E2B51ACAB5CF, 2021-04-13T08:43:59, true
9DDDD405-82E4-4C56-A6A6-E2B51ACAB5CF, 2021-04-13T08:45:03, true
9DDDD405-82E4-4C56-A6A6-E2B51ACAB5CF, 2021-04-13T08:46:03, true
9DDDD405-82E4-4C56-A6A6-E2B51ACAB5CF, 2021-04-13T08:47:04, true
9DDDD405-82E4-4C56-A6A6-E2B51ACAB5CF, 2021-04-13T08:48:09, true
9DDDD405-82E4-4C56-A6A6-E2B51ACAB5CF, 2021-04-13T08:49:11, true
9DDDD405-82E4-4C56-A6A6-E2B51ACAB5CF, 2021-04-13T08:50:14, true
9DDDD405-82E4-4C56-A6A6-E2B51ACAB5CF, 2021-04-13T08:51:16, true
9DDDD405-82E4-4C56-A6A6-E2B51ACAB5CF, 2021-04-13T08:52:17, true
9DDDD405-82E4-4C56-A6A6-E2B51ACAB5CF, 2021-04-13T08:53:17, false
9DDDD405-82E4-4C56-A6A6-E2B51ACAB5CF, 2021-04-13T08:53:52, true
9DDDD405-82E4-4C56-A6A6-E2B51ACAB5CF, 2021-04-13T08:54:55, true
9DDDD405-82E4-4C56-A6A6-E2B51ACAB5CF, 2021-04-13T08:56:04, true
9DDDD405-82E4-4C56-A6A6-E2B51ACAB5CF, 2021-04-13T08:57:09, true
9DDDD405-82E4-4C56-A6A6-E2B51ACAB5CF, 2021-04-13T08:58:10, true
9DDDD405-82E4-4C56-A6A6-E2B51ACAB5CF, 2021-04-13T08:59:16, true
9DDDD405-82E4-4C56-A6A6-E2B51ACAB5CF, 2021-04-13T09:00:16, false
9DDDD405-82E4-4C56-A6A6-E2B51ACAB5CF, 2021-04-13T09:01:16, false
9DDDD405-82E4-4C56-A6A6-E2B51ACAB5CF, 2021-04-13T09:02:25, true
9DDDD405-82E4-4C56-A6A6-E2B51ACAB5CF, 2021-04-13T09:03:25, false
9DDDD405-82E4-4C56-A6A6-E2B51ACAB5CF, 2021-04-13T09:04:25, false
9DDDD405-82E4-4C56-A6A6-E2B51ACAB5CF, 2021-04-13T09:05:25, false
9DDDD405-82E4-4C56-A6A6-E2B51ACAB5CF, 2021-04-13T09:06:25, false
9DDDD405-82E4-4C56-A6A6-E2B51ACAB5CF, 2021-04-13T09:07:25, false
9DDDD405-82E4-4C56-A6A6-E2B51ACAB5CF, 2021-04-13T09:08:28, true
9DDDD405-82E4-4C56-A6A6-E2B51ACAB5CF, 2021-04-13T09:09:28, false
9DDDD405-82E4-4C56-A6A6-E2B51ACAB5CF, 2021-04-13T09:10:11, true
9DDDD405-82E4-4C56-A6A6-E2B51ACAB5CF, 2021-04-13T09:11:18, true
9DDDD405-82E4-4C56-A6A6-E2B51ACAB5CF, 2021-04-13T09:12:19, true
9DDDD405-82E4-4C56-A6A6-E2B51ACAB5CF, 2021-04-13T09:13:28, true
9DDDD405-82E4-4C56-A6A6-E2B51ACAB5CF, 2021-04-13T09:14:29, true
9DDDD405-82E4-4C56-A6A6-E2B51ACAB5CF, 2021-04-13T09:15:32, true
9DDDD405-82E4-4C56-A6A6-E2B51ACAB5CF, 2021-04-13T09:16:32, true
9DDDD405-82E4-4C56-A6A6-E2B51ACAB5CF, 2021-04-13T09:17:35, true
9DDDD405-82E4-4C56-A6A6-E2B51ACAB5CF, 2021-04-13T09:18:35, false
9DDDD405-82E4-4C56-A6A6-E2B51ACAB5CF, 2021-04-13T09:19:35, false
9DDDD405-82E4-4C56-A6A6-E2B51ACAB5CF, 2021-04-13T09:20:35, false
9DDDD405-82E4-4C56-A6A6-E2B51ACAB5CF, 2021-04-13T09:21:35, false
9DDDD405-82E4-4C56-A6A6-E2B51ACAB5CF, 2021-04-13T09:22:35, false
9DDDD405-82E4-4C56-A6A6-E2B51ACAB5CF, 2021-04-13T09:23:35, false
9DDDD405-82E4-4C56-A6A6-E2B51ACAB5CF, 2021-04-13T09:24:35, false
9DDDD405-82E4-4C56-A6A6-E2B51ACAB5CF, 2021-04-13T09:25:35, false
9DDDD405-82E4-4C56-A6A6-E2B51ACAB5CF, 2021-04-13T09:26:09, true
9DDDD405-82E4-4C56-A6A6-E2B51ACAB5CF, 2021-04-13T09:27:13, true
9DDDD405-82E4-4C56-A6A6-E2B51ACAB5CF, 2021-04-13T09:28:13, true
9DDDD405-82E4-4C56-A6A6-E2B51ACAB5CF, 2021-04-13T09:29:15, true
9DDDD405-82E4-4C56-A6A6-E2B51ACAB5CF, 2021-04-13T09:30:16, true
9DDDD405-82E4-4C56-A6A6-E2B51ACAB5CF, 2021-04-13T09:31:19, true
9DDDD405-82E4-4C56-A6A6-E2B51ACAB5CF, 2021-04-13T09:32:19, true
9DDDD405-82E4-4C56-A6A6-E2B51ACAB5CF, 2021-04-13T09:33:22, true
9DDDD405-82E4-4C56-A6A6-E2B51ACAB5CF, 2021-04-13T09:34:23, true
9DDDD405-82E4-4C56-A6A6-E2B51ACAB5CF, 2021-04-13T09:35:24, true
9DDDD405-82E4-4C56-A6A6-E2B51ACAB5CF, 2021-04-13T09:36:26, true
9DDDD405-82E4-4C56-A6A6-E2B51ACAB5CF, 2021-04-13T09:37:28, true
9DDDD405-82E4-4C56-A6A6-E2B51ACAB5CF, 2021-04-13T09:38:29, true
9DDDD405-82E4-4C56-A6A6-E2B51ACAB5CF, 2021-04-13T09:39:30, true
9DDDD405-82E4-4C56-A6A6-E2B51ACAB5CF, 2021-04-13T09:40:32, true
9DDDD405-82E4-4C56-A6A6-E2B51ACAB5CF, 2021-04-13T09:41:37, true
9DDDD405-82E4-4C56-A6A6-E2B51ACAB5CF, 2021-04-13T09:42:40, true
9DDDD405-82E4-4C56-A6A6-E2B51ACAB5CF, 2021-04-13T09:43:41, true
9DDDD405-82E4-4C56-A6A6-E2B51ACAB5CF, 2021-04-13T09:44:42, true
9DDDD405-82E4-4C56-A6A6-E2B51ACAB5CF, 2021-04-13T09:45:44, true
9DDDD405-82E4-4C56-A6A6-E2B51ACAB5CF, 2021-04-13T09:46:45, true
9DDDD405-82E4-4C56-A6A6-E2B51ACAB5CF, 2021-04-13T09:47:48, true
9DDDD405-82E4-4C56-A6A6-E2B51ACAB5CF, 2021-04-13T09:48:59, true
9DDDD405-82E4-4C56-A6A6-E2B51ACAB5CF, 2021-04-13T09:49:59, true
9DDDD405-82E4-4C56-A6A6-E2B51ACAB5CF, 2021-04-13T09:51:00, true
9DDDD405-82E4-4C56-A6A6-E2B51ACAB5CF, 2021-04-13T09:52:02, true
9DDDD405-82E4-4C56-A6A6-E2B51ACAB5CF, 2021-04-13T09:53:04, true
9DDDD405-82E4-4C56-A6A6-E2B51ACAB5CF, 2021-04-13T09:54:09, true
9DDDD405-82E4-4C56-A6A6-E2B51ACAB5CF, 2021-04-13T09:55:10, true
9DDDD405-82E4-4C56-A6A6-E2B51ACAB5CF, 2021-04-13T09:56:10, true
9DDDD405-82E4-4C56-A6A6-E2B51ACAB5CF, 2021-04-13T09:57:11, true
9DDDD405-82E4-4C56-A6A6-E2B51ACAB5CF, 2021-04-13T09:58:11, true
9DDDD405-82E4-4C56-A6A6-E2B51ACAB5CF, 2021-04-13T09:59:11, false
9DDDD405-82E4-4C56-A6A6-E2B51ACAB5CF, 2021-04-13T10:00:11, false
9DDDD405-82E4-4C56-A6A6-E2B51ACAB5CF, 2021-04-13T10:01:11, false
9DDDD405-82E4-4C56-A6A6-E2B51ACAB5CF, 2021-04-13T10:02:11, false
9DDDD405-82E4-4C56-A6A6-E2B51ACAB5CF, 2021-04-13T10:03:11, false
9DDDD405-82E4-4C56-A6A6-E2B51ACAB5CF, 2021-04-13T10:04:11, false
9DDDD405-82E4-4C56-A6A6-E2B51ACAB5CF, 2021-04-13T10:05:11, false
9DDDD405-82E4-4C56-A6A6-E2B51ACAB5CF, 2021-04-13T10:06:11, false
9DDDD405-82E4-4C56-A6A6-E2B51ACAB5CF, 2021-04-13T10:07:11, false
9DDDD405-82E4-4C56-A6A6-E2B51ACAB5CF, 2021-04-13T10:08:11, false
9DDDD405-82E4-4C56-A6A6-E2B51ACAB5CF, 2021-04-13T10:09:11, false
9DDDD405-82E4-4C56-A6A6-E2B51ACAB5CF, 2021-04-13T10:10:11, false
9DDDD405-82E4-4C56-A6A6-E2B51ACAB5CF, 2021-04-13T10:11:11, false
9DDDD405-82E4-4C56-A6A6-E2B51ACAB5CF, 2021-04-13T10:12:11, false
9DDDD405-82E4-4C56-A6A6-E2B51ACAB5CF, 2021-04-13T10:13:11, false
9DDDD405-82E4-4C56-A6A6-E2B51ACAB5CF, 2021-04-13T10:14:11, false
9DDDD405-82E4-4C56-A6A6-E2B51ACAB5CF, 2021-04-13T10:15:11, false
9DDDD405-82E4-4C56-A6A6-E2B51ACAB5CF, 2021-04-13T10:16:11, false
9DDDD405-82E4-4C56-A6A6-E2B51ACAB5CF, 2021-04-13T10:17:11, false
9DDDD405-82E4-4C56-A6A6-E2B51ACAB5CF, 2021-04-13T10:18:11, false
9DDDD405-82E4-4C56-A6A6-E2B51ACAB5CF, 2021-04-13T10:19:11, false
9DDDD405-82E4-4C56-A6A6-E2B51ACAB5CF, 2021-04-13T10:20:11, false
9DDDD405-82E4-4C56-A6A6-E2B51ACAB5CF, 2021-04-13T10:21:11, false
9DDDD405-82E4-4C56-A6A6-E2B51ACAB5CF, 2021-04-13T10:22:11, false
9DDDD405-82E4-4C56-A6A6-E2B51ACAB5CF, 2021-04-13T10:23:11, false
9DDDD405-82E4-4C56-A6A6-E2B51ACAB5CF, 2021-04-13T10:24:11, false
9DDDD405-82E4-4C56-A6A6-E2B51ACAB5CF, 2021-04-13T10:25:11, false
9DDDD405-82E4-4C56-A6A6-E2B51ACAB5CF, 2021-04-13T10:26:11, false
9DDDD405-82E4-4C56-A6A6-E2B51ACAB5CF, 2021-04-13T10:27:11, false
9DDDD405-82E4-4C56-A6A6-E2B51ACAB5CF, 2021-04-13T10:28:11, false
9DDDD405-82E4-4C56-A6A6-E2B51ACAB5CF, 2021-04-13T10:29:11, false
9DDDD405-82E4-4C56-A6A6-E2B51ACAB5CF, 2021-04-13T10:30:11, false
9DDDD405-82E4-4C56-A6A6-E2B51ACAB5CF, 2021-04-13T10:31:11, false
9DDDD405-82E4-4C56-A6A6-E2B51ACAB5CF, 2021-04-13T10:32:11, false
9DDDD405-82E4-4C56-A6A6-E2B51ACAB5CF, 2021-04-13T10:33:11, false
9DDDD405-82E4-4C56-A6A6-E2B51ACAB5CF, 2021-04-13T10:34:11, false
9DDDD405-82E4-4C56-A6A6-E2B51ACAB5CF, 2021-04-13T10:35:11, false
9DDDD405-82E4-4C56-A6A6-E2B51ACAB5CF, 2021-04-13T10:36:11, false
9DDDD405-82E4-4C56-A6A6-E2B51ACAB5CF, 2021-04-13T10:37:11, false
9DDDD405-82E4-4C56-A6A6-E2B51ACAB5CF, 2021-04-13T10:38:11, false
9DDDD405-82E4-4C56-A6A6-E2B51ACAB5CF, 2021-04-13T10:39:11, false
9DDDD405-82E4-4C56-A6A6-E2B51ACAB5CF, 2021-04-13T10:40:11, false
9DDDD405-82E4-4C56-A6A6-E2B51ACAB5CF, 2021-04-13T10:41:11, false
9DDDD405-82E4-4C56-A6A6-E2B51ACAB5CF, 2021-04-13T10:42:11, false
9DDDD405-82E4-4C56-A6A6-E2B51ACAB5CF, 2021-04-13T10:43:11, false
9DDDD405-82E4-4C56-A6A6-E2B51ACAB5CF, 2021-04-13T10:44:11, false
9DDDD405-82E4-4C56-A6A6-E2B51ACAB5CF, 2021-04-13T10:45:11, false
9DDDD405-82E4-4C56-A6A6-E2B51ACAB5CF, 2021-04-13T10:46:11, false
9DDDD405-82E4-4C56-A6A6-E2B51ACAB5CF, 2021-04-13T10:47:11, false
9DDDD405-82E4-4C56-A6A6-E2B51ACAB5CF, 2021-04-13T10:48:11, false
9DDDD405-82E4-4C56-A6A6-E2B51ACAB5CF, 2021-04-13T10:49:11, false
9DDDD405-82E4-4C56-A6A6-E2B51ACAB5CF, 2021-04-13T10:50:11, false
9DDDD405-82E4-4C56-A6A6-E2B51ACAB5CF, 2021-04-13T10:51:11, false
9DDDD405-82E4-4C56-A6A6-E2B51ACAB5CF, 2021-04-13T10:52:11, false
9DDDD405-82E4-4C56-A6A6-E2B51ACAB5CF, 2021-04-13T10:53:11, false
9DDDD405-82E4-4C56-A6A6-E2B51ACAB5CF, 2021-04-13T10:54:11, false
9DDDD405-82E4-4C56-A6A6-E2B51ACAB5CF, 2021-04-13T10:55:11, false
9DDDD405-82E4-4C56-A6A6-E2B51ACAB5CF, 2021-04-13T10:56:11, false
9DDDD405-82E4-4C56-A6A6-E2B51ACAB5CF, 2021-04-13T10:57:11, false
9DDDD405-82E4-4C56-A6A6-E2B51ACAB5CF, 2021-04-13T10:58:11, false
9DDDD405-82E4-4C56-A6A6-E2B51ACAB5CF, 2021-04-13T10:59:11, false
9DDDD405-82E4-4C56-A6A6-E2B51ACAB5CF, 2021-04-13T11:00:11, false
9DDDD405-82E4-4C56-A6A6-E2B51ACAB5CF, 2021-04-13T11:01:11, false
9DDDD405-82E4-4C56-A6A6-E2B51ACAB5CF, 2021-04-13T11:02:11, false
9DDDD405-82E4-4C56-A6A6-E2B51ACAB5CF, 2021-04-13T11:03:11, false
9DDDD405-82E4-4C56-A6A6-E2B51ACAB5CF, 2021-04-13T11:04:11, false
9DDDD405-82E4-4C56-A6A6-E2B51ACAB5CF, 2021-04-13T11:05:11, false
9DDDD405-82E4-4C56-A6A6-E2B51ACAB5CF, 2021-04-13T11:06:11, false
9DDDD405-82E4-4C56-A6A6-E2B51ACAB5CF, 2021-04-13T11:07:11, false
9DDDD405-82E4-4C56-A6A6-E2B51ACAB5CF, 2021-04-13T11:08:11, false
9DDDD405-82E4-4C56-A6A6-E2B51ACAB5CF, 2021-04-13T11:09:11, false
9DDDD405-82E4-4C56-A6A6-E2B51ACAB5CF, 2021-04-13T11:10:11, false
9DDDD405-82E4-4C56-A6A6-E2B51ACAB5CF, 2021-04-13T11:11:11, false
9DDDD405-82E4-4C56-A6A6-E2B51ACAB5CF, 2021-04-13T11:12:11, false
9DDDD405-82E4-4C56-A6A6-E2B51ACAB5CF, 2021-04-13T11:13:11, false
9DDDD405-82E4-4C56-A6A6-E2B51ACAB5CF, 2021-04-13T11:14:11, false
9DDDD405-82E4-4C56-A6A6-E2B51ACAB5CF, 2021-04-13T11:15:11, false
9DDDD405-82E4-4C56-A6A6-E2B51ACAB5CF, 2021-04-13T11:16:11, false
9DDDD405-82E4-4C56-A6A6-E2B51ACAB5CF, 2021-04-13T11:17:11, false
9DDDD405-82E4-4C56-A6A6-E2B51ACAB5CF, 2021-04-13T11:18:11, false
9DDDD405-82E4-4C56-A6A6-E2B51ACAB5CF, 2021-04-13T11:19:11, false
9DDDD405-82E4-4C56-A6A6-E2B51ACAB5CF, 2021-04-13T11:20:11, false
9DDDD405-82E4-4C56-A6A6-E2B51ACAB5CF, 2021-04-13T11:21:11, false
9DDDD405-82E4-4C56-A6A6-E2B51ACAB5CF, 2021-04-13T11:22:11, false
9DDDD405-82E4-4C56-A6A6-E2B51ACAB5CF, 2021-04-13T11:23:11, false
9DDDD405-82E4-4C56-A6A6-E2B51ACAB5CF, 2021-04-13T11:24:11, false
9DDDD405-82E4-4C56-A6A6-E2B51ACAB5CF, 2021-04-13T11:25:11, false
9DDDD405-82E4-4C56-A6A6-E2B51ACAB5CF, 2021-04-13T11:26:11, false
9DDDD405-82E4-4C56-A6A6-E2B51ACAB5CF, 2021-04-13T11:27:11, false
9DDDD405-82E4-4C56-A6A6-E2B51ACAB5CF, 2021-04-13T11:28:11, false
9DDDD405-82E4-4C56-A6A6-E2B51ACAB5CF, 2021-04-13T11:29:11, false
9DDDD405-82E4-4C56-A6A6-E2B51ACAB5CF, 2021-04-13T11:30:11, false
9DDDD405-82E4-4C56-A6A6-E2B51ACAB5CF, 2021-04-13T11:31:11, false
9DDDD405-82E4-4C56-A6A6-E2B51ACAB5CF, 2021-04-13T11:32:11, false
9DDDD405-82E4-4C56-A6A6-E2B51ACAB5CF, 2021-04-13T11:33:11, false
9DDDD405-82E4-4C56-A6A6-E2B51ACAB5CF, 2021-04-13T11:34:11, false
9DDDD405-82E4-4C56-A6A6-E2B51ACAB5CF, 2021-04-13T11:35:11, false
9DDDD405-82E4-4C56-A6A6-E2B51ACAB5CF, 2021-04-13T11:36:11, false
9DDDD405-82E4-4C56-A6A6-E2B51ACAB5CF, 2021-04-13T11:37:11, false
9DDDD405-82E4-4C56-A6A6-E2B51ACAB5CF, 2021-04-13T11:38:11, false
9DDDD405-82E4-4C56-A6A6-E2B51ACAB5CF, 2021-04-13T11:39:11, false
9DDDD405-82E4-4C56-A6A6-E2B51ACAB5CF, 2021-04-13T11:40:11, false
9DDDD405-82E4-4C56-A6A6-E2B51ACAB5CF, 2021-04-13T11:41:11, false
9DDDD405-82E4-4C56-A6A6-E2B51ACAB5CF, 2021-04-13T11:42:11, false
9DDDD405-82E4-4C56-A6A6-E2B51ACAB5CF, 2021-04-13T11:43:11, false
9DDDD405-82E4-4C56-A6A6-E2B51ACAB5CF, 2021-04-13T11:44:11, false
9DDDD405-82E4-4C56-A6A6-E2B51ACAB5CF, 2021-04-13T11:45:11, false
9DDDD405-82E4-4C56-A6A6-E2B51ACAB5CF, 2021-04-13T11:46:11, false
9DDDD405-82E4-4C56-A6A6-E2B51ACAB5CF, 2021-04-13T11:47:11, false
9DDDD405-82E4-4C56-A6A6-E2B51ACAB5CF, 2021-04-13T11:48:11, false
9DDDD405-82E4-4C56-A6A6-E2B51ACAB5CF, 2021-04-13T11:49:11, false
9DDDD405-82E4-4C56-A6A6-E2B51ACAB5CF, 2021-04-13T11:50:11, false
9DDDD405-82E4-4C56-A6A6-E2B51ACAB5CF, 2021-04-13T11:51:11, false
9DDDD405-82E4-4C56-A6A6-E2B51ACAB5CF, 2021-04-13T11:52:11, false
9DDDD405-82E4-4C56-A6A6-E2B51ACAB5CF, 2021-04-13T11:53:11, false
9DDDD405-82E4-4C56-A6A6-E2B51ACAB5CF, 2021-04-13T11:54:11, false
9DDDD405-82E4-4C56-A6A6-E2B51ACAB5CF, 2021-04-13T11:55:11, false
9DDDD405-82E4-4C56-A6A6-E2B51ACAB5CF, 2021-04-13T11:56:11, false
9DDDD405-82E4-4C56-A6A6-E2B51ACAB5CF, 2021-04-13T11:57:11, false
9DDDD405-82E4-4C56-A6A6-E2B51ACAB5CF, 2021-04-13T11:58:11, false
9DDDD405-82E4-4C56-A6A6-E2B51ACAB5CF, 2021-04-13T11:59:11, false
9DDDD405-82E4-4C56-A6A6-E2B51ACAB5CF, 2021-04-13T12:00:11, false
9DDDD405-82E4-4C56-A6A6-E2B51ACAB5CF, 2021-04-13T12:01:11, false
9DDDD405-82E4-4C56-A6A6-E2B51ACAB5CF, 2021-04-13T12:02:11, false
9DDDD405-82E4-4C56-A6A6-E2B51ACAB5CF, 2021-04-13T12:03:11, false
9DDDD405-82E4-4C56-A6A6-E2B51ACAB5CF, 2021-04-13T12:04:11, false
9DDDD405-82E4-4C56-A6A6-E2B51ACAB5CF, 2021-04-13T12:05:11, false
9DDDD405-82E4-4C56-A6A6-E2B51ACAB5CF, 2021-04-13T12:06:11, false
9DDDD405-82E4-4C56-A6A6-E2B51ACAB5CF, 2021-04-13T12:07:11, false
9DDDD405-82E4-4C56-A6A6-E2B51ACAB5CF, 2021-04-13T12:08:11, false
9DDDD405-82E4-4C56-A6A6-E2B51ACAB5CF, 2021-04-13T12:09:11, false
9DDDD405-82E4-4C56-A6A6-E2B51ACAB5CF, 2021-04-13T12:10:11, false
9DDDD405-82E4-4C56-A6A6-E2B51ACAB5CF, 2021-04-13T12:11:11, false
9DDDD405-82E4-4C56-A6A6-E2B51ACAB5CF, 2021-04-13T12:12:11, false
9DDDD405-82E4-4C56-A6A6-E2B51ACAB5CF, 2021-04-13T12:13:11, false
9DDDD405-82E4-4C56-A6A6-E2B51ACAB5CF, 2021-04-13T12:14:11, false
9DDDD405-82E4-4C56-A6A6-E2B51ACAB5CF, 2021-04-13T12:15:11, false
9DDDD405-82E4-4C56-A6A6-E2B51ACAB5CF, 2021-04-13T12:16:11, false
9DDDD405-82E4-4C56-A6A6-E2B51ACAB5CF, 2021-04-13T12:17:11, false
9DDDD405-82E4-4C56-A6A6-E2B51ACAB5CF, 2021-04-13T12:18:11, false
9DDDD405-82E4-4C56-A6A6-E2B51ACAB5CF, 2021-04-13T12:19:11, false
9DDDD405-82E4-4C56-A6A6-E2B51ACAB5CF, 2021-04-13T12:20:11, false
9DDDD405-82E4-4C56-A6A6-E2B51ACAB5CF, 2021-04-13T12:21:11, false
9DDDD405-82E4-4C56-A6A6-E2B51ACAB5CF, 2021-04-13T12:22:11, false
9DDDD405-82E4-4C56-A6A6-E2B51ACAB5CF, 2021-04-13T12:23:11, false
9DDDD405-82E4-4C56-A6A6-E2B51ACAB5CF, 2021-04-13T12:24:11, false
9DDDD405-82E4-4C56-A6A6-E2B51ACAB5CF, 2021-04-13T12:25:11, false
9DDDD405-82E4-4C56-A6A6-E2B51ACAB5CF, 2021-04-13T12:26:11, false
9DDDD405-82E4-4C56-A6A6-E2B51ACAB5CF, 2021-04-13T12:27:11, false
9DDDD405-82E4-4C56-A6A6-E2B51ACAB5CF, 2021-04-13T12:28:11, false
9DDDD405-82E4-4C56-A6A6-E2B51ACAB5CF, 2021-04-13T12:29:11, false
9DDDD405-82E4-4C56-A6A6-E2B51ACAB5CF, 2021-04-13T12:30:11, false
9DDDD405-82E4-4C56-A6A6-E2B51ACAB5CF, 2021-04-13T12:31:11, false
9DDDD405-82E4-4C56-A6A6-E2B51ACAB5CF, 2021-04-13T12:32:11, false
9DDDD405-82E4-4C56-A6A6-E2B51ACAB5CF, 2021-04-13T12:33:11, false
9DDDD405-82E4-4C56-A6A6-E2B51ACAB5CF, 2021-04-13T12:34:11, false
9DDDD405-82E4-4C56-A6A6-E2B51ACAB5CF, 2021-04-13T12:35:11, false
9DDDD405-82E4-4C56-A6A6-E2B51ACAB5CF, 2021-04-13T12:36:11, false
9DDDD405-82E4-4C56-A6A6-E2B51ACAB5CF, 2021-04-13T12:37:11, false
9DDDD405-82E4-4C56-A6A6-E2B51ACAB5CF, 2021-04-13T12:38:11, false
9DDDD405-82E4-4C56-A6A6-E2B51ACAB5CF, 2021-04-13T12:39:11, false
9DDDD405-82E4-4C56-A6A6-E2B51ACAB5CF, 2021-04-13T12:40:11, false
9DDDD405-82E4-4C56-A6A6-E2B51ACAB5CF, 2021-04-13T12:41:11, false
9DDDD405-82E4-4C56-A6A6-E2B51ACAB5CF, 2021-04-13T12:42:11, false
9DDDD405-82E4-4C56-A6A6-E2B51ACAB5CF, 2021-04-13T12:43:11, false
9DDDD405-82E4-4C56-A6A6-E2B51ACAB5CF, 2021-04-13T12:44:11, false
9DDDD405-82E4-4C56-A6A6-E2B51ACAB5CF, 2021-04-13T12:45:11, false
9DDDD405-82E4-4C56-A6A6-E2B51ACAB5CF, 2021-04-13T12:46:11, false
9DDDD405-82E4-4C56-A6A6-E2B51ACAB5CF, 2021-04-13T12:47:11, false
9DDDD405-82E4-4C56-A6A6-E2B51ACAB5CF, 2021-04-13T12:48:11, false
9DDDD405-82E4-4C56-A6A6-E2B51ACAB5CF, 2021-04-13T12:49:11, false
9DDDD405-82E4-4C56-A6A6-E2B51ACAB5CF, 2021-04-13T12:50:11, false
9DDDD405-82E4-4C56-A6A6-E2B51ACAB5CF, 2021-04-13T12:51:11, false
9DDDD405-82E4-4C56-A6A6-E2B51ACAB5CF, 2021-04-13T12:52:11, false
9DDDD405-82E4-4C56-A6A6-E2B51ACAB5CF, 2021-04-13T12:53:11, false
9DDDD405-82E4-4C56-A6A6-E2B51ACAB5CF, 2021-04-13T12:54:11, false
9DDDD405-82E4-4C56-A6A6-E2B51ACAB5CF, 2021-04-13T12:55:11, false
9DDDD405-82E4-4C56-A6A6-E2B51ACAB5CF, 2021-04-13T12:56:11, false
9DDDD405-82E4-4C56-A6A6-E2B51ACAB5CF, 2021-04-13T12:57:11, false
9DDDD405-82E4-4C56-A6A6-E2B51ACAB5CF, 2021-04-13T12:58:11, false
9DDDD405-82E4-4C56-A6A6-E2B51ACAB5CF, 2021-04-13T12:59:11, false
9DDDD405-82E4-4C56-A6A6-E2B51ACAB5CF, 2021-04-13T13:00:11, false
9DDDD405-82E4-4C56-A6A6-E2B51ACAB5CF, 2021-04-13T13:01:11, false
9DDDD405-82E4-4C56-A6A6-E2B51ACAB5CF, 2021-04-13T13:02:11, false
9DDDD405-82E4-4C56-A6A6-E2B51ACAB5CF, 2021-04-13T13:03:11, false
9DDDD405-82E4-4C56-A6A6-E2B51ACAB5CF, 2021-04-13T13:04:11, false
9DDDD405-82E4-4C56-A6A6-E2B51ACAB5CF, 2021-04-13T13:05:11, false
9DDDD405-82E4-4C56-A6A6-E2B51ACAB5CF, 2021-04-13T13:06:11, false
9DDDD405-82E4-4C56-A6A6-E2B51ACAB5CF, 2021-04-13T13:07:11, false
9DDDD405-82E4-4C56-A6A6-E2B51ACAB5CF, 2021-04-13T13:08:11, false
9DDDD405-82E4-4C56-A6A6-E2B51ACAB5CF, 2021-04-13T13:09:11, false
9DDDD405-82E4-4C56-A6A6-E2B51ACAB5CF, 2021-04-13T13:10:11, false
9DDDD405-82E4-4C56-A6A6-E2B51ACAB5CF, 2021-04-13T13:11:11, false
9DDDD405-82E4-4C56-A6A6-E2B51ACAB5CF, 2021-04-13T13:12:11, false
9DDDD405-82E4-4C56-A6A6-E2B51ACAB5CF, 2021-04-13T13:13:11, false
9DDDD405-82E4-4C56-A6A6-E2B51ACAB5CF, 2021-04-13T13:14:11, false
9DDDD405-82E4-4C56-A6A6-E2B51ACAB5CF, 2021-04-13T13:15:11, false
9DDDD405-82E4-4C56-A6A6-E2B51ACAB5CF, 2021-04-13T13:16:11, false
9DDDD405-82E4-4C56-A6A6-E2B51ACAB5CF, 2021-04-13T13:16:53, true
9DDDD405-82E4-4C56-A6A6-E2B51ACAB5CF, 2021-04-13T13:18:00, true
9DDDD405-82E4-4C56-A6A6-E2B51ACAB5CF, 2021-04-13T13:19:08, true
9DDDD405-82E4-4C56-A6A6-E2B51ACAB5CF, 2021-04-13T13:20:10, true
9DDDD405-82E4-4C56-A6A6-E2B51ACAB5CF, 2021-04-13T13:21:15, true
9DDDD405-82E4-4C56-A6A6-E2B51ACAB5CF, 2021-04-13T13:22:18, true
9DDDD405-82E4-4C56-A6A6-E2B51ACAB5CF, 2021-04-13T13:23:20, true
9DDDD405-82E4-4C56-A6A6-E2B51ACAB5CF, 2021-04-13T13:24:20, true
9DDDD405-82E4-4C56-A6A6-E2B51ACAB5CF, 2021-04-13T13:25:21, true
9DDDD405-82E4-4C56-A6A6-E2B51ACAB5CF, 2021-04-13T13:26:24, true
9DDDD405-82E4-4C56-A6A6-E2B51ACAB5CF, 2021-04-13T13:27:26, true
9DDDD405-82E4-4C56-A6A6-E2B51ACAB5CF, 2021-04-13T13:28:30, true
9DDDD405-82E4-4C56-A6A6-E2B51ACAB5CF, 2021-04-13T13:29:32, true
9DDDD405-82E4-4C56-A6A6-E2B51ACAB5CF, 2021-04-13T13:30:42, true
9DDDD405-82E4-4C56-A6A6-E2B51ACAB5CF, 2021-04-13T13:31:46, true
9DDDD405-82E4-4C56-A6A6-E2B51ACAB5CF, 2021-04-13T13:32:48, true
9DDDD405-82E4-4C56-A6A6-E2B51ACAB5CF, 2021-04-13T13:33:49, true
9DDDD405-82E4-4C56-A6A6-E2B51ACAB5CF, 2021-04-13T13:34:56, true
9DDDD405-82E4-4C56-A6A6-E2B51ACAB5CF, 2021-04-13T13:36:01, true
9DDDD405-82E4-4C56-A6A6-E2B51ACAB5CF, 2021-04-13T13:37:01, true
9DDDD405-82E4-4C56-A6A6-E2B51ACAB5CF, 2021-04-13T13:38:02, true
9DDDD405-82E4-4C56-A6A6-E2B51ACAB5CF, 2021-04-13T13:39:04, true
9DDDD405-82E4-4C56-A6A6-E2B51ACAB5CF, 2021-04-13T13:40:05, true
9DDDD405-82E4-4C56-A6A6-E2B51ACAB5CF, 2021-04-13T13:41:16, true
9DDDD405-82E4-4C56-A6A6-E2B51ACAB5CF, 2021-04-13T13:42:18, true
9DDDD405-82E4-4C56-A6A6-E2B51ACAB5CF, 2021-04-13T13:43:18, true
9DDDD405-82E4-4C56-A6A6-E2B51ACAB5CF, 2021-04-13T13:44:18, true
9DDDD405-82E4-4C56-A6A6-E2B51ACAB5CF, 2021-04-13T13:45:19, true
9DDDD405-82E4-4C56-A6A6-E2B51ACAB5CF, 2021-04-13T13:46:20, true
9DDDD405-82E4-4C56-A6A6-E2B51ACAB5CF, 2021-04-13T13:47:23, true
9DDDD405-82E4-4C56-A6A6-E2B51ACAB5CF, 2021-04-13T13:48:24, true
9DDDD405-82E4-4C56-A6A6-E2B51ACAB5CF, 2021-04-13T13:49:26, true
9DDDD405-82E4-4C56-A6A6-E2B51ACAB5CF, 2021-04-13T13:50:32, true
9DDDD405-82E4-4C56-A6A6-E2B51ACAB5CF, 2021-04-13T13:51:34, true
9DDDD405-82E4-4C56-A6A6-E2B51ACAB5CF, 2021-04-13T13:52:35, true
9DDDD405-82E4-4C56-A6A6-E2B51ACAB5CF, 2021-04-13T13:53:39, true
9DDDD405-82E4-4C56-A6A6-E2B51ACAB5CF, 2021-04-13T13:54:40, true
9DDDD405-82E4-4C56-A6A6-E2B51ACAB5CF, 2021-04-13T13:55:43, true
9DDDD405-82E4-4C56-A6A6-E2B51ACAB5CF, 2021-04-13T13:56:43, true
9DDDD405-82E4-4C56-A6A6-E2B51ACAB5CF, 2021-04-13T13:57:45, true
9DDDD405-82E4-4C56-A6A6-E2B51ACAB5CF, 2021-04-13T13:58:48, true
9DDDD405-82E4-4C56-A6A6-E2B51ACAB5CF, 2021-04-13T13:59:56, true
9DDDD405-82E4-4C56-A6A6-E2B51ACAB5CF, 2021-04-13T14:00:57, true
9DDDD405-82E4-4C56-A6A6-E2B51ACAB5CF, 2021-04-13T14:02:00, true
9DDDD405-82E4-4C56-A6A6-E2B51ACAB5CF, 2021-04-13T14:03:02, true
9DDDD405-82E4-4C56-A6A6-E2B51ACAB5CF, 2021-04-13T14:04:02, true
9DDDD405-82E4-4C56-A6A6-E2B51ACAB5CF, 2021-04-13T14:05:05, true
9DDDD405-82E4-4C56-A6A6-E2B51ACAB5CF, 2021-04-13T14:06:14, true
9DDDD405-82E4-4C56-A6A6-E2B51ACAB5CF, 2021-04-13T14:07:14, true
9DDDD405-82E4-4C56-A6A6-E2B51ACAB5CF, 2021-04-13T14:08:18, true
9DDDD405-82E4-4C56-A6A6-E2B51ACAB5CF, 2021-04-13T14:09:19, true
9DDDD405-82E4-4C56-A6A6-E2B51ACAB5CF, 2021-04-13T14:10:31, true
9DDDD405-82E4-4C56-A6A6-E2B51ACAB5CF, 2021-04-13T14:11:36, true
9DDDD405-82E4-4C56-A6A6-E2B51ACAB5CF, 2021-04-13T14:12:39, true
9DDDD405-82E4-4C56-A6A6-E2B51ACAB5CF, 2021-04-13T14:13:42, true
9DDDD405-82E4-4C56-A6A6-E2B51ACAB5CF, 2021-04-13T14:14:45, true
9DDDD405-82E4-4C56-A6A6-E2B51ACAB5CF, 2021-04-13T14:15:51, true
9DDDD405-82E4-4C56-A6A6-E2B51ACAB5CF, 2021-04-13T14:16:51, false
9DDDD405-82E4-4C56-A6A6-E2B51ACAB5CF, 2021-04-13T14:17:24, true
9DDDD405-82E4-4C56-A6A6-E2B51ACAB5CF, 2021-04-13T14:18:29, true
9DDDD405-82E4-4C56-A6A6-E2B51ACAB5CF, 2021-04-13T14:19:31, true
9DDDD405-82E4-4C56-A6A6-E2B51ACAB5CF, 2021-04-13T14:20:33, true
9DDDD405-82E4-4C56-A6A6-E2B51ACAB5CF, 2021-04-13T14:21:38, true
9DDDD405-82E4-4C56-A6A6-E2B51ACAB5CF, 2021-04-13T14:22:40, true
9DDDD405-82E4-4C56-A6A6-E2B51ACAB5CF, 2021-04-13T14:23:46, true
9DDDD405-82E4-4C56-A6A6-E2B51ACAB5CF, 2021-04-13T14:24:59, true
9DDDD405-82E4-4C56-A6A6-E2B51ACAB5CF, 2021-04-13T14:26:08, true
9DDDD405-82E4-4C56-A6A6-E2B51ACAB5CF, 2021-04-13T14:27:11, true
9DDDD405-82E4-4C56-A6A6-E2B51ACAB5CF, 2021-04-13T14:28:15, true
9DDDD405-82E4-4C56-A6A6-E2B51ACAB5CF, 2021-04-13T14:29:44, true
9DDDD405-82E4-4C56-A6A6-E2B51ACAB5CF, 2021-04-13T14:30:49, true
9DDDD405-82E4-4C56-A6A6-E2B51ACAB5CF, 2021-04-13T14:31:51, true
9DDDD405-82E4-4C56-A6A6-E2B51ACAB5CF, 2021-04-13T14:32:53, true
9DDDD405-82E4-4C56-A6A6-E2B51ACAB5CF, 2021-04-13T14:34:01, true
9DDDD405-82E4-4C56-A6A6-E2B51ACAB5CF, 2021-04-13T14:35:04, true
9DDDD405-82E4-4C56-A6A6-E2B51ACAB5CF, 2021-04-13T14:36:11, true
9DDDD405-82E4-4C56-A6A6-E2B51ACAB5CF, 2021-04-13T14:37:11, true
9DDDD405-82E4-4C56-A6A6-E2B51ACAB5CF, 2021-04-13T14:38:22, true
9DDDD405-82E4-4C56-A6A6-E2B51ACAB5CF, 2021-04-13T14:39:25, true
9DDDD405-82E4-4C56-A6A6-E2B51ACAB5CF, 2021-04-13T14:40:28, true
9DDDD405-82E4-4C56-A6A6-E2B51ACAB5CF, 2021-04-13T14:41:29, true
9DDDD405-82E4-4C56-A6A6-E2B51ACAB5CF, 2021-04-13T14:42:29, true
9DDDD405-82E4-4C56-A6A6-E2B51ACAB5CF, 2021-04-13T14:43:32, true
9DDDD405-82E4-4C56-A6A6-E2B51ACAB5CF, 2021-04-13T14:44:35, true
9DDDD405-82E4-4C56-A6A6-E2B51ACAB5CF, 2021-04-13T14:45:36, true
9DDDD405-82E4-4C56-A6A6-E2B51ACAB5CF, 2021-04-13T14:46:36, false
9DDDD405-82E4-4C56-A6A6-E2B51ACAB5CF, 2021-04-13T14:47:19, true
9DDDD405-82E4-4C56-A6A6-E2B51ACAB5CF, 2021-04-13T14:48:20, true
9DDDD405-82E4-4C56-A6A6-E2B51ACAB5CF, 2021-04-13T14:49:21, true
9DDDD405-82E4-4C56-A6A6-E2B51ACAB5CF, 2021-04-13T14:50:25, true
9DDDD405-82E4-4C56-A6A6-E2B51ACAB5CF, 2021-04-13T14:51:27, true
9DDDD405-82E4-4C56-A6A6-E2B51ACAB5CF, 2021-04-13T14:52:30, true
9DDDD405-82E4-4C56-A6A6-E2B51ACAB5CF, 2021-04-13T14:53:33, true
9DDDD405-82E4-4C56-A6A6-E2B51ACAB5CF, 2021-04-13T14:54:46, true
9DDDD405-82E4-4C56-A6A6-E2B51ACAB5CF, 2021-04-13T14:55:48, true
9DDDD405-82E4-4C56-A6A6-E2B51ACAB5CF, 2021-04-13T14:56:48, false
9DDDD405-82E4-4C56-A6A6-E2B51ACAB5CF, 2021-04-13T14:57:27, true
9DDDD405-82E4-4C56-A6A6-E2B51ACAB5CF, 2021-04-13T14:58:29, true
9DDDD405-82E4-4C56-A6A6-E2B51ACAB5CF, 2021-04-13T14:59:31, true
9DDDD405-82E4-4C56-A6A6-E2B51ACAB5CF, 2021-04-13T15:00:34, true
9DDDD405-82E4-4C56-A6A6-E2B51ACAB5CF, 2021-04-13T15:01:39, true
9DDDD405-82E4-4C56-A6A6-E2B51ACAB5CF, 2021-04-13T15:02:40, true
9DDDD405-82E4-4C56-A6A6-E2B51ACAB5CF, 2021-04-13T15:03:47, true
9DDDD405-82E4-4C56-A6A6-E2B51ACAB5CF, 2021-04-13T15:04:48, true
9DDDD405-82E4-4C56-A6A6-E2B51ACAB5CF, 2021-04-13T15:05:48, false
9DDDD405-82E4-4C56-A6A6-E2B51ACAB5CF, 2021-04-13T15:06:48, false
9DDDD405-82E4-4C56-A6A6-E2B51ACAB5CF, 2021-04-13T15:07:48, false
9DDDD405-82E4-4C56-A6A6-E2B51ACAB5CF, 2021-04-13T15:08:23, true
9DDDD405-82E4-4C56-A6A6-E2B51ACAB5CF, 2021-04-13T15:09:32, true
9DDDD405-82E4-4C56-A6A6-E2B51ACAB5CF, 2021-04-13T15:10:35, true
9DDDD405-82E4-4C56-A6A6-E2B51ACAB5CF, 2021-04-13T15:11:36, true
9DDDD405-82E4-4C56-A6A6-E2B51ACAB5CF, 2021-04-13T15:12:36, true
9DDDD405-82E4-4C56-A6A6-E2B51ACAB5CF, 2021-04-13T15:13:38, true
9DDDD405-82E4-4C56-A6A6-E2B51ACAB5CF, 2021-04-13T15:14:38, true
9DDDD405-82E4-4C56-A6A6-E2B51ACAB5CF, 2021-04-13T15:15:41, true
9DDDD405-82E4-4C56-A6A6-E2B51ACAB5CF, 2021-04-13T15:16:41, true
9DDDD405-82E4-4C56-A6A6-E2B51ACAB5CF, 2021-04-13T15:17:42, true
9DDDD405-82E4-4C56-A6A6-E2B51ACAB5CF, 2021-04-13T15:18:44, true
9DDDD405-82E4-4C56-A6A6-E2B51ACAB5CF, 2021-04-13T15:19:46, true
9DDDD405-82E4-4C56-A6A6-E2B51ACAB5CF, 2021-04-13T15:20:47, true
9DDDD405-82E4-4C56-A6A6-E2B51ACAB5CF, 2021-04-13T15:21:50, true
9DDDD405-82E4-4C56-A6A6-E2B51ACAB5CF, 2021-04-13T15:22:55, true
9DDDD405-82E4-4C56-A6A6-E2B51ACAB5CF, 2021-04-13T15:23:55, false
9DDDD405-82E4-4C56-A6A6-E2B51ACAB5CF, 2021-04-13T15:24:32, true
9DDDD405-82E4-4C56-A6A6-E2B51ACAB5CF, 2021-04-13T15:25:34, true
9DDDD405-82E4-4C56-A6A6-E2B51ACAB5CF, 2021-04-13T15:26:36, true
9DDDD405-82E4-4C56-A6A6-E2B51ACAB5CF, 2021-04-13T15:27:37, true
9DDDD405-82E4-4C56-A6A6-E2B51ACAB5CF, 2021-04-13T15:28:38, true
9DDDD405-82E4-4C56-A6A6-E2B51ACAB5CF, 2021-04-13T15:29:41, true
9DDDD405-82E4-4C56-A6A6-E2B51ACAB5CF, 2021-04-13T15:30:42, true
9DDDD405-82E4-4C56-A6A6-E2B51ACAB5CF, 2021-04-13T15:31:43, true
9DDDD405-82E4-4C56-A6A6-E2B51ACAB5CF, 2021-04-13T15:32:46, true
9DDDD405-82E4-4C56-A6A6-E2B51ACAB5CF, 2021-04-13T15:33:50, true
9DDDD405-82E4-4C56-A6A6-E2B51ACAB5CF, 2021-04-13T15:34:52, true
9DDDD405-82E4-4C56-A6A6-E2B51ACAB5CF, 2021-04-13T15:35:55, true
9DDDD405-82E4-4C56-A6A6-E2B51ACAB5CF, 2021-04-13T15:36:58, true
9DDDD405-82E4-4C56-A6A6-E2B51ACAB5CF, 2021-04-13T15:38:02, true
9DDDD405-82E4-4C56-A6A6-E2B51ACAB5CF, 2021-04-13T15:39:04, true
9DDDD405-82E4-4C56-A6A6-E2B51ACAB5CF, 2021-04-13T15:40:05, true
9DDDD405-82E4-4C56-A6A6-E2B51ACAB5CF, 2021-04-13T15:41:09, true
9DDDD405-82E4-4C56-A6A6-E2B51ACAB5CF, 2021-04-13T15:42:14, true
9DDDD405-82E4-4C56-A6A6-E2B51ACAB5CF, 2021-04-13T15:43:15, true
9DDDD405-82E4-4C56-A6A6-E2B51ACAB5CF, 2021-04-13T15:44:32, true
9DDDD405-82E4-4C56-A6A6-E2B51ACAB5CF, 2021-04-13T15:45:35, true
9DDDD405-82E4-4C56-A6A6-E2B51ACAB5CF, 2021-04-13T15:46:39, true
9DDDD405-82E4-4C56-A6A6-E2B51ACAB5CF, 2021-04-13T15:47:42, true
9DDDD405-82E4-4C56-A6A6-E2B51ACAB5CF, 2021-04-13T15:48:44, true
9DDDD405-82E4-4C56-A6A6-E2B51ACAB5CF, 2021-04-13T15:50:11, true
9DDDD405-82E4-4C56-A6A6-E2B51ACAB5CF, 2021-04-13T15:51:14, true
9DDDD405-82E4-4C56-A6A6-E2B51ACAB5CF, 2021-04-13T15:52:15, true
9DDDD405-82E4-4C56-A6A6-E2B51ACAB5CF, 2021-04-13T15:53:23, true
9DDDD405-82E4-4C56-A6A6-E2B51ACAB5CF, 2021-04-13T15:54:25, true
9DDDD405-82E4-4C56-A6A6-E2B51ACAB5CF, 2021-04-13T15:55:26, true
9DDDD405-82E4-4C56-A6A6-E2B51ACAB5CF, 2021-04-13T15:56:26, true
9DDDD405-82E4-4C56-A6A6-E2B51ACAB5CF, 2021-04-13T15:57:27, true
9DDDD405-82E4-4C56-A6A6-E2B51ACAB5CF, 2021-04-13T15:58:29, true
9DDDD405-82E4-4C56-A6A6-E2B51ACAB5CF, 2021-04-13T15:59:31, true
9DDDD405-82E4-4C56-A6A6-E2B51ACAB5CF, 2021-04-13T16:00:36, true
9DDDD405-82E4-4C56-A6A6-E2B51ACAB5CF, 2021-04-13T16:01:39, true
9DDDD405-82E4-4C56-A6A6-E2B51ACAB5CF, 2021-04-13T16:02:44, true
9DDDD405-82E4-4C56-A6A6-E2B51ACAB5CF, 2021-04-13T16:03:48, true
9DDDD405-82E4-4C56-A6A6-E2B51ACAB5CF, 2021-04-13T16:04:51, true
9DDDD405-82E4-4C56-A6A6-E2B51ACAB5CF, 2021-04-13T16:05:53, true
9DDDD405-82E4-4C56-A6A6-E2B51ACAB5CF, 2021-04-13T16:06:55, true
9DDDD405-82E4-4C56-A6A6-E2B51ACAB5CF, 2021-04-13T16:07:56, true
9DDDD405-82E4-4C56-A6A6-E2B51ACAB5CF, 2021-04-13T16:08:57, true
9DDDD405-82E4-4C56-A6A6-E2B51ACAB5CF, 2021-04-13T16:10:00, true
9DDDD405-82E4-4C56-A6A6-E2B51ACAB5CF, 2021-04-13T16:11:03, true
9DDDD405-82E4-4C56-A6A6-E2B51ACAB5CF, 2021-04-13T16:12:05, true
9DDDD405-82E4-4C56-A6A6-E2B51ACAB5CF, 2021-04-13T16:13:07, true
9DDDD405-82E4-4C56-A6A6-E2B51ACAB5CF, 2021-04-13T16:14:08, true
9DDDD405-82E4-4C56-A6A6-E2B51ACAB5CF, 2021-04-13T16:15:13, true
9DDDD405-82E4-4C56-A6A6-E2B51ACAB5CF, 2021-04-13T16:16:15, true
9DDDD405-82E4-4C56-A6A6-E2B51ACAB5CF, 2021-04-13T16:17:15, true
9DDDD405-82E4-4C56-A6A6-E2B51ACAB5CF, 2021-04-13T16:18:18, true
9DDDD405-82E4-4C56-A6A6-E2B51ACAB5CF, 2021-04-13T16:19:18, true
9DDDD405-82E4-4C56-A6A6-E2B51ACAB5CF, 2021-04-13T16:20:25, true
9DDDD405-82E4-4C56-A6A6-E2B51ACAB5CF, 2021-04-13T16:21:26, true
9DDDD405-82E4-4C56-A6A6-E2B51ACAB5CF, 2021-04-13T16:22:26, false
9DDDD405-82E4-4C56-A6A6-E2B51ACAB5CF, 2021-04-13T16:23:00, true
9DDDD405-82E4-4C56-A6A6-E2B51ACAB5CF, 2021-04-13T16:24:02, true
9DDDD405-82E4-4C56-A6A6-E2B51ACAB5CF, 2021-04-13T16:25:03, true
9DDDD405-82E4-4C56-A6A6-E2B51ACAB5CF, 2021-04-13T16:26:14, true
9DDDD405-82E4-4C56-A6A6-E2B51ACAB5CF, 2021-04-13T16:27:18, true
9DDDD405-82E4-4C56-A6A6-E2B51ACAB5CF, 2021-04-13T16:28:19, true
9DDDD405-82E4-4C56-A6A6-E2B51ACAB5CF, 2021-04-13T16:29:22, true
9DDDD405-82E4-4C56-A6A6-E2B51ACAB5CF, 2021-04-13T16:30:33, true
9DDDD405-82E4-4C56-A6A6-E2B51ACAB5CF, 2021-04-13T16:31:36, true
9DDDD405-82E4-4C56-A6A6-E2B51ACAB5CF, 2021-04-13T16:32:38, true
9DDDD405-82E4-4C56-A6A6-E2B51ACAB5CF, 2021-04-13T16:33:42, true
9DDDD405-82E4-4C56-A6A6-E2B51ACAB5CF, 2021-04-13T16:34:46, true
9DDDD405-82E4-4C56-A6A6-E2B51ACAB5CF, 2021-04-13T16:35:47, true
9DDDD405-82E4-4C56-A6A6-E2B51ACAB5CF, 2021-04-13T16:36:51, true
9DDDD405-82E4-4C56-A6A6-E2B51ACAB5CF, 2021-04-13T16:37:51, false
9DDDD405-82E4-4C56-A6A6-E2B51ACAB5CF, 2021-04-13T16:38:32, true
9DDDD405-82E4-4C56-A6A6-E2B51ACAB5CF, 2021-04-13T16:39:38, true
9DDDD405-82E4-4C56-A6A6-E2B51ACAB5CF, 2021-04-13T16:40:40, true
9DDDD405-82E4-4C56-A6A6-E2B51ACAB5CF, 2021-04-13T16:41:50, true
9DDDD405-82E4-4C56-A6A6-E2B51ACAB5CF, 2021-04-13T16:42:53, true
9DDDD405-82E4-4C56-A6A6-E2B51ACAB5CF, 2021-04-13T16:43:56, true
9DDDD405-82E4-4C56-A6A6-E2B51ACAB5CF, 2021-04-13T16:44:59, true
9DDDD405-82E4-4C56-A6A6-E2B51ACAB5CF, 2021-04-13T16:46:00, true
9DDDD405-82E4-4C56-A6A6-E2B51ACAB5CF, 2021-04-13T16:47:03, true
9DDDD405-82E4-4C56-A6A6-E2B51ACAB5CF, 2021-04-13T16:48:05, true
9DDDD405-82E4-4C56-A6A6-E2B51ACAB5CF, 2021-04-13T16:49:09, true
9DDDD405-82E4-4C56-A6A6-E2B51ACAB5CF, 2021-04-13T16:50:09, true
9DDDD405-82E4-4C56-A6A6-E2B51ACAB5CF, 2021-04-13T16:51:14, true
9DDDD405-82E4-4C56-A6A6-E2B51ACAB5CF, 2021-04-13T16:52:18, true
9DDDD405-82E4-4C56-A6A6-E2B51ACAB5CF, 2021-04-13T16:53:21, true
9DDDD405-82E4-4C56-A6A6-E2B51ACAB5CF, 2021-04-13T16:54:24, true
9DDDD405-82E4-4C56-A6A6-E2B51ACAB5CF, 2021-04-13T16:55:38, true
9DDDD405-82E4-4C56-A6A6-E2B51ACAB5CF, 2021-04-13T16:56:42, true
9DDDD405-82E4-4C56-A6A6-E2B51ACAB5CF, 2021-04-13T16:57:47, true
9DDDD405-82E4-4C56-A6A6-E2B51ACAB5CF, 2021-04-13T16:58:50, true
9DDDD405-82E4-4C56-A6A6-E2B51ACAB5CF, 2021-04-13T17:00:00, true
9DDDD405-82E4-4C56-A6A6-E2B51ACAB5CF, 2021-04-13T17:01:06, true
9DDDD405-82E4-4C56-A6A6-E2B51ACAB5CF, 2021-04-13T17:02:08, true
9DDDD405-82E4-4C56-A6A6-E2B51ACAB5CF, 2021-04-13T17:03:08, true
9DDDD405-82E4-4C56-A6A6-E2B51ACAB5CF, 2021-04-13T17:04:17, true
9DDDD405-82E4-4C56-A6A6-E2B51ACAB5CF, 2021-04-13T17:05:19, true
9DDDD405-82E4-4C56-A6A6-E2B51ACAB5CF, 2021-04-13T17:06:19, true
9DDDD405-82E4-4C56-A6A6-E2B51ACAB5CF, 2021-04-13T17:07:28, true
9DDDD405-82E4-4C56-A6A6-E2B51ACAB5CF, 2021-04-13T17:08:30, true
9DDDD405-82E4-4C56-A6A6-E2B51ACAB5CF, 2021-04-13T17:09:33, true
9DDDD405-82E4-4C56-A6A6-E2B51ACAB5CF, 2021-04-13T17:10:39, true
9DDDD405-82E4-4C56-A6A6-E2B51ACAB5CF, 2021-04-13T17:11:41, true
9DDDD405-82E4-4C56-A6A6-E2B51ACAB5CF, 2021-04-13T17:12:43, true
9DDDD405-82E4-4C56-A6A6-E2B51ACAB5CF, 2021-04-13T17:13:46, true
9DDDD405-82E4-4C56-A6A6-E2B51ACAB5CF, 2021-04-13T17:14:48, true
9DDDD405-82E4-4C56-A6A6-E2B51ACAB5CF, 2021-04-13T17:15:48, true
9DDDD405-82E4-4C56-A6A6-E2B51ACAB5CF, 2021-04-13T17:16:50, true
9DDDD405-82E4-4C56-A6A6-E2B51ACAB5CF, 2021-04-13T17:17:58, true
9DDDD405-82E4-4C56-A6A6-E2B51ACAB5CF, 2021-04-13T17:19:02, true
9DDDD405-82E4-4C56-A6A6-E2B51ACAB5CF, 2021-04-13T17:20:03, true
9DDDD405-82E4-4C56-A6A6-E2B51ACAB5CF, 2021-04-13T17:21:06, true
9DDDD405-82E4-4C56-A6A6-E2B51ACAB5CF, 2021-04-13T17:22:08, true
9DDDD405-82E4-4C56-A6A6-E2B51ACAB5CF, 2021-04-13T17:23:10, true
9DDDD405-82E4-4C56-A6A6-E2B51ACAB5CF, 2021-04-13T17:24:10, true
9DDDD405-82E4-4C56-A6A6-E2B51ACAB5CF, 2021-04-13T17:25:12, true
9DDDD405-82E4-4C56-A6A6-E2B51ACAB5CF, 2021-04-13T17:26:13, true
9DDDD405-82E4-4C56-A6A6-E2B51ACAB5CF, 2021-04-13T17:27:33, true
9DDDD405-82E4-4C56-A6A6-E2B51ACAB5CF, 2021-04-13T17:28:37, true
9DDDD405-82E4-4C56-A6A6-E2B51ACAB5CF, 2021-04-13T17:29:37, true
9DDDD405-82E4-4C56-A6A6-E2B51ACAB5CF, 2021-04-13T17:30:37, true
9DDDD405-82E4-4C56-A6A6-E2B51ACAB5CF, 2021-04-13T17:31:41, true
9DDDD405-82E4-4C56-A6A6-E2B51ACAB5CF, 2021-04-13T17:32:56, true
9DDDD405-82E4-4C56-A6A6-E2B51ACAB5CF, 2021-04-13T17:33:58, true
9DDDD405-82E4-4C56-A6A6-E2B51ACAB5CF, 2021-04-13T17:35:01, true
9DDDD405-82E4-4C56-A6A6-E2B51ACAB5CF, 2021-04-13T17:36:02, true
9DDDD405-82E4-4C56-A6A6-E2B51ACAB5CF, 2021-04-13T17:37:06, true
9DDDD405-82E4-4C56-A6A6-E2B51ACAB5CF, 2021-04-13T17:38:08, true
9DDDD405-82E4-4C56-A6A6-E2B51ACAB5CF, 2021-04-13T17:39:10, true
9DDDD405-82E4-4C56-A6A6-E2B51ACAB5CF, 2021-04-13T17:40:12, true
9DDDD405-82E4-4C56-A6A6-E2B51ACAB5CF, 2021-04-13T17:41:15, true
9DDDD405-82E4-4C56-A6A6-E2B51ACAB5CF, 2021-04-13T17:42:17, true
9DDDD405-82E4-4C56-A6A6-E2B51ACAB5CF, 2021-04-13T17:43:30, true
9DDDD405-82E4-4C56-A6A6-E2B51ACAB5CF, 2021-04-13T17:44:37, true
9DDDD405-82E4-4C56-A6A6-E2B51ACAB5CF, 2021-04-13T17:45:42, true
9DDDD405-82E4-4C56-A6A6-E2B51ACAB5CF, 2021-04-13T17:46:45, true
9DDDD405-82E4-4C56-A6A6-E2B51ACAB5CF, 2021-04-13T17:47:46, true
9DDDD405-82E4-4C56-A6A6-E2B51ACAB5CF, 2021-04-13T17:48:49, true
9DDDD405-82E4-4C56-A6A6-E2B51ACAB5CF, 2021-04-13T17:49:53, true
9DDDD405-82E4-4C56-A6A6-E2B51ACAB5CF, 2021-04-13T17:50:59, true
9DDDD405-82E4-4C56-A6A6-E2B51ACAB5CF, 2021-04-13T17:52:00, true
9DDDD405-82E4-4C56-A6A6-E2B51ACAB5CF, 2021-04-13T17:53:00, true
9DDDD405-82E4-4C56-A6A6-E2B51ACAB5CF, 2021-04-13T17:54:19, true
9DDDD405-82E4-4C56-A6A6-E2B51ACAB5CF, 2021-04-13T17:55:37, true
9DDDD405-82E4-4C56-A6A6-E2B51ACAB5CF, 2021-04-13T17:56:39, true
9DDDD405-82E4-4C56-A6A6-E2B51ACAB5CF, 2021-04-13T17:57:41, true
9DDDD405-82E4-4C56-A6A6-E2B51ACAB5CF, 2021-04-13T17:58:43, true
9DDDD405-82E4-4C56-A6A6-E2B51ACAB5CF, 2021-04-13T17:59:45, true
9DDDD405-82E4-4C56-A6A6-E2B51ACAB5CF, 2021-04-13T18:00:52, true
9DDDD405-82E4-4C56-A6A6-E2B51ACAB5CF, 2021-04-13T18:01:57, true
9DDDD405-82E4-4C56-A6A6-E2B51ACAB5CF, 2021-04-13T18:03:02, true
9DDDD405-82E4-4C56-A6A6-E2B51ACAB5CF, 2021-04-13T18:04:04, true
9DDDD405-82E4-4C56-A6A6-E2B51ACAB5CF, 2021-04-13T18:05:13, true
9DDDD405-82E4-4C56-A6A6-E2B51ACAB5CF, 2021-04-13T18:06:13, true
9DDDD405-82E4-4C56-A6A6-E2B51ACAB5CF, 2021-04-13T18:07:19, true
9DDDD405-82E4-4C56-A6A6-E2B51ACAB5CF, 2021-04-13T18:08:20, true
9DDDD405-82E4-4C56-A6A6-E2B51ACAB5CF, 2021-04-13T18:09:22, true
9DDDD405-82E4-4C56-A6A6-E2B51ACAB5CF, 2021-04-13T18:10:25, true
9DDDD405-82E4-4C56-A6A6-E2B51ACAB5CF, 2021-04-13T18:11:27, true
9DDDD405-82E4-4C56-A6A6-E2B51ACAB5CF, 2021-04-13T18:12:29, true
9DDDD405-82E4-4C56-A6A6-E2B51ACAB5CF, 2021-04-13T18:13:33, true
9DDDD405-82E4-4C56-A6A6-E2B51ACAB5CF, 2021-04-13T18:14:37, true
9DDDD405-82E4-4C56-A6A6-E2B51ACAB5CF, 2021-04-13T18:15:46, true
9DDDD405-82E4-4C56-A6A6-E2B51ACAB5CF, 2021-04-13T18:16:47, true
9DDDD405-82E4-4C56-A6A6-E2B51ACAB5CF, 2021-04-13T18:17:47, true
9DDDD405-82E4-4C56-A6A6-E2B51ACAB5CF, 2021-04-13T18:18:51, true
9DDDD405-82E4-4C56-A6A6-E2B51ACAB5CF, 2021-04-13T18:19:56, true
9DDDD405-82E4-4C56-A6A6-E2B51ACAB5CF, 2021-04-13T18:20:57, true
9DDDD405-82E4-4C56-A6A6-E2B51ACAB5CF, 2021-04-13T18:22:00, true
9DDDD405-82E4-4C56-A6A6-E2B51ACAB5CF, 2021-04-13T18:23:01, true
9DDDD405-82E4-4C56-A6A6-E2B51ACAB5CF, 2021-04-13T18:24:02, true
9DDDD405-82E4-4C56-A6A6-E2B51ACAB5CF, 2021-04-13T18:25:04, true
9DDDD405-82E4-4C56-A6A6-E2B51ACAB5CF, 2021-04-13T18:26:04, false
9DDDD405-82E4-4C56-A6A6-E2B51ACAB5CF, 2021-04-13T18:27:04, false
9DDDD405-82E4-4C56-A6A6-E2B51ACAB5CF, 2021-04-13T18:27:36, true
9DDDD405-82E4-4C56-A6A6-E2B51ACAB5CF, 2021-04-13T18:28:39, true
9DDDD405-82E4-4C56-A6A6-E2B51ACAB5CF, 2021-04-13T18:29:40, true
9DDDD405-82E4-4C56-A6A6-E2B51ACAB5CF, 2021-04-13T18:30:42, true
9DDDD405-82E4-4C56-A6A6-E2B51ACAB5CF, 2021-04-13T18:31:42, false
9DDDD405-82E4-4C56-A6A6-E2B51ACAB5CF, 2021-04-13T18:32:42, false
9DDDD405-82E4-4C56-A6A6-E2B51ACAB5CF, 2021-04-13T18:33:42, false
9DDDD405-82E4-4C56-A6A6-E2B51ACAB5CF, 2021-04-13T18:34:42, false
9DDDD405-82E4-4C56-A6A6-E2B51ACAB5CF, 2021-04-13T18:35:42, false
9DDDD405-82E4-4C56-A6A6-E2B51ACAB5CF, 2021-04-13T18:36:42, false
9DDDD405-82E4-4C56-A6A6-E2B51ACAB5CF, 2021-04-13T18:37:42, false
9DDDD405-82E4-4C56-A6A6-E2B51ACAB5CF, 2021-04-13T18:38:42, false
9DDDD405-82E4-4C56-A6A6-E2B51ACAB5CF, 2021-04-13T18:39:42, false
9DDDD405-82E4-4C56-A6A6-E2B51ACAB5CF, 2021-04-13T18:40:42, false
9DDDD405-82E4-4C56-A6A6-E2B51ACAB5CF, 2021-04-13T18:41:42, false
9DDDD405-82E4-4C56-A6A6-E2B51ACAB5CF, 2021-04-13T18:42:42, false
9DDDD405-82E4-4C56-A6A6-E2B51ACAB5CF, 2021-04-13T18:43:42, false
9DDDD405-82E4-4C56-A6A6-E2B51ACAB5CF, 2021-04-13T18:44:42, false
9DDDD405-82E4-4C56-A6A6-E2B51ACAB5CF, 2021-04-13T18:45:42, false
9DDDD405-82E4-4C56-A6A6-E2B51ACAB5CF, 2021-04-13T18:46:42, false
9DDDD405-82E4-4C56-A6A6-E2B51ACAB5CF, 2021-04-13T18:47:28, true
9DDDD405-82E4-4C56-A6A6-E2B51ACAB5CF, 2021-04-13T18:48:30, true
9DDDD405-82E4-4C56-A6A6-E2B51ACAB5CF, 2021-04-13T18:49:34, true
9DDDD405-82E4-4C56-A6A6-E2B51ACAB5CF, 2021-04-13T18:50:38, true
9DDDD405-82E4-4C56-A6A6-E2B51ACAB5CF, 2021-04-13T18:51:41, true
9DDDD405-82E4-4C56-A6A6-E2B51ACAB5CF, 2021-04-13T18:52:42, true
9DDDD405-82E4-4C56-A6A6-E2B51ACAB5CF, 2021-04-13T18:53:54, true
9DDDD405-82E4-4C56-A6A6-E2B51ACAB5CF, 2021-04-13T18:54:55, true
9DDDD405-82E4-4C56-A6A6-E2B51ACAB5CF, 2021-04-13T18:55:56, true
9DDDD405-82E4-4C56-A6A6-E2B51ACAB5CF, 2021-04-13T18:57:15, true
9DDDD405-82E4-4C56-A6A6-E2B51ACAB5CF, 2021-04-13T18:58:27, true
9DDDD405-82E4-4C56-A6A6-E2B51ACAB5CF, 2021-04-13T18:59:28, true
9DDDD405-82E4-4C56-A6A6-E2B51ACAB5CF, 2021-04-13T19:00:30, true
9DDDD405-82E4-4C56-A6A6-E2B51ACAB5CF, 2021-04-13T19:01:47, true
9DDDD405-82E4-4C56-A6A6-E2B51ACAB5CF, 2021-04-13T19:02:49, true
9DDDD405-82E4-4C56-A6A6-E2B51ACAB5CF, 2021-04-13T19:03:51, true
9DDDD405-82E4-4C56-A6A6-E2B51ACAB5CF, 2021-04-13T19:04:53, true
9DDDD405-82E4-4C56-A6A6-E2B51ACAB5CF, 2021-04-13T19:05:56, true
9DDDD405-82E4-4C56-A6A6-E2B51ACAB5CF, 2021-04-13T19:07:00, true
9DDDD405-82E4-4C56-A6A6-E2B51ACAB5CF, 2021-04-13T19:08:03, true
9DDDD405-82E4-4C56-A6A6-E2B51ACAB5CF, 2021-04-13T19:09:07, true
9DDDD405-82E4-4C56-A6A6-E2B51ACAB5CF, 2021-04-13T19:10:10, true
9DDDD405-82E4-4C56-A6A6-E2B51ACAB5CF, 2021-04-13T19:11:10, false
9DDDD405-82E4-4C56-A6A6-E2B51ACAB5CF, 2021-04-13T19:12:10, false
9DDDD405-82E4-4C56-A6A6-E2B51ACAB5CF, 2021-04-13T19:13:10, false
9DDDD405-82E4-4C56-A6A6-E2B51ACAB5CF, 2021-04-13T19:14:10, false
9DDDD405-82E4-4C56-A6A6-E2B51ACAB5CF, 2021-04-13T19:15:26, true
9DDDD405-82E4-4C56-A6A6-E2B51ACAB5CF, 2021-04-13T19:16:29, true
9DDDD405-82E4-4C56-A6A6-E2B51ACAB5CF, 2021-04-13T19:17:38, true
9DDDD405-82E4-4C56-A6A6-E2B51ACAB5CF, 2021-04-13T19:18:47, true
9DDDD405-82E4-4C56-A6A6-E2B51ACAB5CF, 2021-04-13T19:19:47, true
9DDDD405-82E4-4C56-A6A6-E2B51ACAB5CF, 2021-04-13T19:20:53, true
9DDDD405-82E4-4C56-A6A6-E2B51ACAB5CF, 2021-04-13T19:21:56, true
9DDDD405-82E4-4C56-A6A6-E2B51ACAB5CF, 2021-04-13T19:23:05, true
9DDDD405-82E4-4C56-A6A6-E2B51ACAB5CF, 2021-04-13T19:24:07, true
9DDDD405-82E4-4C56-A6A6-E2B51ACAB5CF, 2021-04-13T19:25:09, true
9DDDD405-82E4-4C56-A6A6-E2B51ACAB5CF, 2021-04-13T19:26:10, true
9DDDD405-82E4-4C56-A6A6-E2B51ACAB5CF, 2021-04-13T19:27:18, true
9DDDD405-82E4-4C56-A6A6-E2B51ACAB5CF, 2021-04-13T19:28:20, true
9DDDD405-82E4-4C56-A6A6-E2B51ACAB5CF, 2021-04-13T19:29:20, true
9DDDD405-82E4-4C56-A6A6-E2B51ACAB5CF, 2021-04-13T19:30:21, true
9DDDD405-82E4-4C56-A6A6-E2B51ACAB5CF, 2021-04-13T19:31:31, true
9DDDD405-82E4-4C56-A6A6-E2B51ACAB5CF, 2021-04-13T19:32:34, true
9DDDD405-82E4-4C56-A6A6-E2B51ACAB5CF, 2021-04-13T19:33:35, true
9DDDD405-82E4-4C56-A6A6-E2B51ACAB5CF, 2021-04-13T19:34:35, false
9DDDD405-82E4-4C56-A6A6-E2B51ACAB5CF, 2021-04-13T19:35:35, false
9DDDD405-82E4-4C56-A6A6-E2B51ACAB5CF, 2021-04-13T19:36:35, false
9DDDD405-82E4-4C56-A6A6-E2B51ACAB5CF, 2021-04-13T19:37:35, false
9DDDD405-82E4-4C56-A6A6-E2B51ACAB5CF, 2021-04-13T19:38:35, false
9DDDD405-82E4-4C56-A6A6-E2B51ACAB5CF, 2021-04-13T19:39:35, false
9DDDD405-82E4-4C56-A6A6-E2B51ACAB5CF, 2021-04-13T19:40:35, false
9DDDD405-82E4-4C56-A6A6-E2B51ACAB5CF, 2021-04-13T19:41:35, false
9DDDD405-82E4-4C56-A6A6-E2B51ACAB5CF, 2021-04-13T19:42:35, false
9DDDD405-82E4-4C56-A6A6-E2B51ACAB5CF, 2021-04-13T19:43:35, false
9DDDD405-82E4-4C56-A6A6-E2B51ACAB5CF, 2021-04-13T19:44:35, false
9DDDD405-82E4-4C56-A6A6-E2B51ACAB5CF, 2021-04-13T19:45:35, false
9DDDD405-82E4-4C56-A6A6-E2B51ACAB5CF, 2021-04-13T19:46:35, false
9DDDD405-82E4-4C56-A6A6-E2B51ACAB5CF, 2021-04-13T19:47:35, false
9DDDD405-82E4-4C56-A6A6-E2B51ACAB5CF, 2021-04-13T19:48:35, false
9DDDD405-82E4-4C56-A6A6-E2B51ACAB5CF, 2021-04-13T19:49:35, false
9DDDD405-82E4-4C56-A6A6-E2B51ACAB5CF, 2021-04-13T19:50:35, false
9DDDD405-82E4-4C56-A6A6-E2B51ACAB5CF, 2021-04-13T19:51:35, false
9DDDD405-82E4-4C56-A6A6-E2B51ACAB5CF, 2021-04-13T19:52:35, false
9DDDD405-82E4-4C56-A6A6-E2B51ACAB5CF, 2021-04-13T19:53:35, false
9DDDD405-82E4-4C56-A6A6-E2B51ACAB5CF, 2021-04-13T19:54:35, false
9DDDD405-82E4-4C56-A6A6-E2B51ACAB5CF, 2021-04-13T19:55:35, false
9DDDD405-82E4-4C56-A6A6-E2B51ACAB5CF, 2021-04-13T19:56:15, true
9DDDD405-82E4-4C56-A6A6-E2B51ACAB5CF, 2021-04-13T19:57:15, true
9DDDD405-82E4-4C56-A6A6-E2B51ACAB5CF, 2021-04-13T19:58:16, true
9DDDD405-82E4-4C56-A6A6-E2B51ACAB5CF, 2021-04-13T19:59:23, true
9DDDD405-82E4-4C56-A6A6-E2B51ACAB5CF, 2021-04-13T20:00:23, true
9DDDD405-82E4-4C56-A6A6-E2B51ACAB5CF, 2021-04-13T20:01:30, true
9DDDD405-82E4-4C56-A6A6-E2B51ACAB5CF, 2021-04-13T20:02:35, true
9DDDD405-82E4-4C56-A6A6-E2B51ACAB5CF, 2021-04-13T20:03:39, true
9DDDD405-82E4-4C56-A6A6-E2B51ACAB5CF, 2021-04-13T20:04:42, true
9DDDD405-82E4-4C56-A6A6-E2B51ACAB5CF, 2021-04-13T20:05:45, true
9DDDD405-82E4-4C56-A6A6-E2B51ACAB5CF, 2021-04-13T20:06:47, true
9DDDD405-82E4-4C56-A6A6-E2B51ACAB5CF, 2021-04-13T20:07:48, true
9DDDD405-82E4-4C56-A6A6-E2B51ACAB5CF, 2021-04-13T20:08:49, true
9DDDD405-82E4-4C56-A6A6-E2B51ACAB5CF, 2021-04-13T20:09:57, true
9DDDD405-82E4-4C56-A6A6-E2B51ACAB5CF, 2021-04-13T20:10:59, true
9DDDD405-82E4-4C56-A6A6-E2B51ACAB5CF, 2021-04-13T20:12:04, true
9DDDD405-82E4-4C56-A6A6-E2B51ACAB5CF, 2021-04-13T20:13:13, true
9DDDD405-82E4-4C56-A6A6-E2B51ACAB5CF, 2021-04-13T20:14:14, true
9DDDD405-82E4-4C56-A6A6-E2B51ACAB5CF, 2021-04-13T20:15:16, true
9DDDD405-82E4-4C56-A6A6-E2B51ACAB5CF, 2021-04-13T20:16:17, true
9DDDD405-82E4-4C56-A6A6-E2B51ACAB5CF, 2021-04-13T20:17:18, true
9DDDD405-82E4-4C56-A6A6-E2B51ACAB5CF, 2021-04-13T20:18:27, true
9DDDD405-82E4-4C56-A6A6-E2B51ACAB5CF, 2021-04-13T20:19:28, true
9DDDD405-82E4-4C56-A6A6-E2B51ACAB5CF, 2021-04-13T20:20:29, true
9DDDD405-82E4-4C56-A6A6-E2B51ACAB5CF, 2021-04-13T20:21:29, false
9DDDD405-82E4-4C56-A6A6-E2B51ACAB5CF, 2021-04-13T20:22:08, true
9DDDD405-82E4-4C56-A6A6-E2B51ACAB5CF, 2021-04-13T20:23:10, true
9DDDD405-82E4-4C56-A6A6-E2B51ACAB5CF, 2021-04-13T20:24:14, true
9DDDD405-82E4-4C56-A6A6-E2B51ACAB5CF, 2021-04-13T20:25:17, true
9DDDD405-82E4-4C56-A6A6-E2B51ACAB5CF, 2021-04-13T20:26:22, true
9DDDD405-82E4-4C56-A6A6-E2B51ACAB5CF, 2021-04-13T20:27:28, true
9DDDD405-82E4-4C56-A6A6-E2B51ACAB5CF, 2021-04-13T20:28:30, true
9DDDD405-82E4-4C56-A6A6-E2B51ACAB5CF, 2021-04-13T20:29:30, true
9DDDD405-82E4-4C56-A6A6-E2B51ACAB5CF, 2021-04-13T20:30:33, true
9DDDD405-82E4-4C56-A6A6-E2B51ACAB5CF, 2021-04-13T20:31:36, true
9DDDD405-82E4-4C56-A6A6-E2B51ACAB5CF, 2021-04-13T20:32:42, true
9DDDD405-82E4-4C56-A6A6-E2B51ACAB5CF, 2021-04-13T20:33:43, true
9DDDD405-82E4-4C56-A6A6-E2B51ACAB5CF, 2021-04-13T20:34:45, true
9DDDD405-82E4-4C56-A6A6-E2B51ACAB5CF, 2021-04-13T20:36:00, true
9DDDD405-82E4-4C56-A6A6-E2B51ACAB5CF, 2021-04-13T20:37:03, true
9DDDD405-82E4-4C56-A6A6-E2B51ACAB5CF, 2021-04-13T20:38:08, true
9DDDD405-82E4-4C56-A6A6-E2B51ACAB5CF, 2021-04-13T20:39:09, true
9DDDD405-82E4-4C56-A6A6-E2B51ACAB5CF, 2021-04-13T20:40:09, true
9DDDD405-82E4-4C56-A6A6-E2B51ACAB5CF, 2021-04-13T20:41:11, true
9DDDD405-82E4-4C56-A6A6-E2B51ACAB5CF, 2021-04-13T20:42:13, true
9DDDD405-82E4-4C56-A6A6-E2B51ACAB5CF, 2021-04-13T20:43:15, true
9DDDD405-82E4-4C56-A6A6-E2B51ACAB5CF, 2021-04-13T20:44:16, true
9DDDD405-82E4-4C56-A6A6-E2B51ACAB5CF, 2021-04-13T20:45:19, true
9DDDD405-82E4-4C56-A6A6-E2B51ACAB5CF, 2021-04-13T20:46:19, true
9DDDD405-82E4-4C56-A6A6-E2B51ACAB5CF, 2021-04-13T20:47:19, true
9DDDD405-82E4-4C56-A6A6-E2B51ACAB5CF, 2021-04-13T20:48:22, true
9DDDD405-82E4-4C56-A6A6-E2B51ACAB5CF, 2021-04-13T20:49:27, true
9DDDD405-82E4-4C56-A6A6-E2B51ACAB5CF, 2021-04-13T20:50:28, true
9DDDD405-82E4-4C56-A6A6-E2B51ACAB5CF, 2021-04-13T20:51:42, true
9DDDD405-82E4-4C56-A6A6-E2B51ACAB5CF, 2021-04-13T20:52:45, true
9DDDD405-82E4-4C56-A6A6-E2B51ACAB5CF, 2021-04-13T20:53:45, true
9DDDD405-82E4-4C56-A6A6-E2B51ACAB5CF, 2021-04-13T20:54:57, true
9DDDD405-82E4-4C56-A6A6-E2B51ACAB5CF, 2021-04-13T20:55:59, true
9DDDD405-82E4-4C56-A6A6-E2B51ACAB5CF, 2021-04-13T20:57:05, true
9DDDD405-82E4-4C56-A6A6-E2B51ACAB5CF, 2021-04-13T20:58:24, true
9DDDD405-82E4-4C56-A6A6-E2B51ACAB5CF, 2021-04-13T20:59:24, true
9DDDD405-82E4-4C56-A6A6-E2B51ACAB5CF, 2021-04-13T21:00:25, true
9DDDD405-82E4-4C56-A6A6-E2B51ACAB5CF, 2021-04-13T21:01:27, true
9DDDD405-82E4-4C56-A6A6-E2B51ACAB5CF, 2021-04-13T21:02:37, true
9DDDD405-82E4-4C56-A6A6-E2B51ACAB5CF, 2021-04-13T21:03:38, true
9DDDD405-82E4-4C56-A6A6-E2B51ACAB5CF, 2021-04-13T21:04:40, true
9DDDD405-82E4-4C56-A6A6-E2B51ACAB5CF, 2021-04-13T21:05:42, true
9DDDD405-82E4-4C56-A6A6-E2B51ACAB5CF, 2021-04-13T21:06:47, true
9DDDD405-82E4-4C56-A6A6-E2B51ACAB5CF, 2021-04-13T21:07:49, true
9DDDD405-82E4-4C56-A6A6-E2B51ACAB5CF, 2021-04-13T21:08:57, true
9DDDD405-82E4-4C56-A6A6-E2B51ACAB5CF, 2021-04-13T21:09:59, true
9DDDD405-82E4-4C56-A6A6-E2B51ACAB5CF, 2021-04-13T21:11:07, true
9DDDD405-82E4-4C56-A6A6-E2B51ACAB5CF, 2021-04-13T21:12:10, true
9DDDD405-82E4-4C56-A6A6-E2B51ACAB5CF, 2021-04-13T21:13:10, true
9DDDD405-82E4-4C56-A6A6-E2B51ACAB5CF, 2021-04-13T21:14:11, true
9DDDD405-82E4-4C56-A6A6-E2B51ACAB5CF, 2021-04-13T21:15:11, true
9DDDD405-82E4-4C56-A6A6-E2B51ACAB5CF, 2021-04-13T21:16:11, true
9DDDD405-82E4-4C56-A6A6-E2B51ACAB5CF, 2021-04-13T21:17:12, true
9DDDD405-82E4-4C56-A6A6-E2B51ACAB5CF, 2021-04-13T21:18:12, true
9DDDD405-82E4-4C56-A6A6-E2B51ACAB5CF, 2021-04-13T21:19:17, true
9DDDD405-82E4-4C56-A6A6-E2B51ACAB5CF, 2021-04-13T21:20:29, true
9DDDD405-82E4-4C56-A6A6-E2B51ACAB5CF, 2021-04-13T21:21:30, true
9DDDD405-82E4-4C56-A6A6-E2B51ACAB5CF, 2021-04-13T21:22:30, true
9DDDD405-82E4-4C56-A6A6-E2B51ACAB5CF, 2021-04-13T21:23:32, true
9DDDD405-82E4-4C56-A6A6-E2B51ACAB5CF, 2021-04-13T21:24:33, true
9DDDD405-82E4-4C56-A6A6-E2B51ACAB5CF, 2021-04-13T21:25:35, true
9DDDD405-82E4-4C56-A6A6-E2B51ACAB5CF, 2021-04-13T21:26:35, true
9DDDD405-82E4-4C56-A6A6-E2B51ACAB5CF, 2021-04-13T21:27:36, true
9DDDD405-82E4-4C56-A6A6-E2B51ACAB5CF, 2021-04-13T21:28:38, true
9DDDD405-82E4-4C56-A6A6-E2B51ACAB5CF, 2021-04-13T21:29:39, true
9DDDD405-82E4-4C56-A6A6-E2B51ACAB5CF, 2021-04-13T21:30:49, true
9DDDD405-82E4-4C56-A6A6-E2B51ACAB5CF, 2021-04-13T21:31:49, true
9DDDD405-82E4-4C56-A6A6-E2B51ACAB5CF, 2021-04-13T21:32:52, true
9DDDD405-82E4-4C56-A6A6-E2B51ACAB5CF, 2021-04-13T21:33:56, true
9DDDD405-82E4-4C56-A6A6-E2B51ACAB5CF, 2021-04-13T21:34:59, true
9DDDD405-82E4-4C56-A6A6-E2B51ACAB5CF, 2021-04-13T21:36:02, true
9DDDD405-82E4-4C56-A6A6-E2B51ACAB5CF, 2021-04-13T21:37:03, true
9DDDD405-82E4-4C56-A6A6-E2B51ACAB5CF, 2021-04-13T21:38:03, true
9DDDD405-82E4-4C56-A6A6-E2B51ACAB5CF, 2021-04-13T21:39:06, true
9DDDD405-82E4-4C56-A6A6-E2B51ACAB5CF, 2021-04-13T21:40:06, true
9DDDD405-82E4-4C56-A6A6-E2B51ACAB5CF, 2021-04-13T21:41:09, true
9DDDD405-82E4-4C56-A6A6-E2B51ACAB5CF, 2021-04-13T21:42:16, true
9DDDD405-82E4-4C56-A6A6-E2B51ACAB5CF, 2021-04-13T21:43:16, true
9DDDD405-82E4-4C56-A6A6-E2B51ACAB5CF, 2021-04-13T21:44:18, true
9DDDD405-82E4-4C56-A6A6-E2B51ACAB5CF, 2021-04-13T21:45:18, true
9DDDD405-82E4-4C56-A6A6-E2B51ACAB5CF, 2021-04-13T21:46:22, true
9DDDD405-82E4-4C56-A6A6-E2B51ACAB5CF, 2021-04-13T21:47:24, true
9DDDD405-82E4-4C56-A6A6-E2B51ACAB5CF, 2021-04-13T21:48:27, true
9DDDD405-82E4-4C56-A6A6-E2B51ACAB5CF, 2021-04-13T21:49:29, true
9DDDD405-82E4-4C56-A6A6-E2B51ACAB5CF, 2021-04-13T21:50:30, true
9DDDD405-82E4-4C56-A6A6-E2B51ACAB5CF, 2021-04-13T21:51:32, true
9DDDD405-82E4-4C56-A6A6-E2B51ACAB5CF, 2021-04-13T21:52:33, true
9DDDD405-82E4-4C56-A6A6-E2B51ACAB5CF, 2021-04-13T21:53:35, true
9DDDD405-82E4-4C56-A6A6-E2B51ACAB5CF, 2021-04-13T21:54:40, true
9DDDD405-82E4-4C56-A6A6-E2B51ACAB5CF, 2021-04-13T21:55:41, true
9DDDD405-82E4-4C56-A6A6-E2B51ACAB5CF, 2021-04-13T21:56:43, true
9DDDD405-82E4-4C56-A6A6-E2B51ACAB5CF, 2021-04-13T21:57:44, true
9DDDD405-82E4-4C56-A6A6-E2B51ACAB5CF, 2021-04-13T21:58:44, true
9DDDD405-82E4-4C56-A6A6-E2B51ACAB5CF, 2021-04-13T21:59:47, true
9DDDD405-82E4-4C56-A6A6-E2B51ACAB5CF, 2021-04-13T22:00:48, true
9DDDD405-82E4-4C56-A6A6-E2B51ACAB5CF, 2021-04-13T22:01:50, true
9DDDD405-82E4-4C56-A6A6-E2B51ACAB5CF, 2021-04-13T22:02:53, true
9DDDD405-82E4-4C56-A6A6-E2B51ACAB5CF, 2021-04-13T22:03:55, true
9DDDD405-82E4-4C56-A6A6-E2B51ACAB5CF, 2021-04-13T22:04:56, true
9DDDD405-82E4-4C56-A6A6-E2B51ACAB5CF, 2021-04-13T22:06:07, true
9DDDD405-82E4-4C56-A6A6-E2B51ACAB5CF, 2021-04-13T22:07:10, true
9DDDD405-82E4-4C56-A6A6-E2B51ACAB5CF, 2021-04-13T22:08:10, true
9DDDD405-82E4-4C56-A6A6-E2B51ACAB5CF, 2021-04-13T22:09:15, true
9DDDD405-82E4-4C56-A6A6-E2B51ACAB5CF, 2021-04-13T22:10:17, true
9DDDD405-82E4-4C56-A6A6-E2B51ACAB5CF, 2021-04-13T22:11:19, true
9DDDD405-82E4-4C56-A6A6-E2B51ACAB5CF, 2021-04-13T22:12:22, true
9DDDD405-82E4-4C56-A6A6-E2B51ACAB5CF, 2021-04-13T22:13:23, true
9DDDD405-82E4-4C56-A6A6-E2B51ACAB5CF, 2021-04-13T22:14:26, true
9DDDD405-82E4-4C56-A6A6-E2B51ACAB5CF, 2021-04-13T22:15:28, true
9DDDD405-82E4-4C56-A6A6-E2B51ACAB5CF, 2021-04-13T22:16:30, true
9DDDD405-82E4-4C56-A6A6-E2B51ACAB5CF, 2021-04-13T22:17:35, true
9DDDD405-82E4-4C56-A6A6-E2B51ACAB5CF, 2021-04-13T22:18:36, true
9DDDD405-82E4-4C56-A6A6-E2B51ACAB5CF, 2021-04-13T22:19:38, true
9DDDD405-82E4-4C56-A6A6-E2B51ACAB5CF, 2021-04-13T22:20:39, true
9DDDD405-82E4-4C56-A6A6-E2B51ACAB5CF, 2021-04-13T22:21:42, true
9DDDD405-82E4-4C56-A6A6-E2B51ACAB5CF, 2021-04-13T22:22:43, true
9DDDD405-82E4-4C56-A6A6-E2B51ACAB5CF, 2021-04-13T22:23:45, true
9DDDD405-82E4-4C56-A6A6-E2B51ACAB5CF, 2021-04-13T22:24:45, true
9DDDD405-82E4-4C56-A6A6-E2B51ACAB5CF, 2021-04-13T22:25:57, true
9DDDD405-82E4-4C56-A6A6-E2B51ACAB5CF, 2021-04-13T22:26:58, true
9DDDD405-82E4-4C56-A6A6-E2B51ACAB5CF, 2021-04-13T22:28:02, true
9DDDD405-82E4-4C56-A6A6-E2B51ACAB5CF, 2021-04-13T22:29:03, true
9DDDD405-82E4-4C56-A6A6-E2B51ACAB5CF, 2021-04-13T22:30:05, true
9DDDD405-82E4-4C56-A6A6-E2B51ACAB5CF, 2021-04-13T22:31:09, true
9DDDD405-82E4-4C56-A6A6-E2B51ACAB5CF, 2021-04-13T22:32:09, true
9DDDD405-82E4-4C56-A6A6-E2B51ACAB5CF, 2021-04-13T22:33:13, true
9DDDD405-82E4-4C56-A6A6-E2B51ACAB5CF, 2021-04-13T22:34:17, true
9DDDD405-82E4-4C56-A6A6-E2B51ACAB5CF, 2021-04-13T22:35:18, true
9DDDD405-82E4-4C56-A6A6-E2B51ACAB5CF, 2021-04-13T22:36:19, true
9DDDD405-82E4-4C56-A6A6-E2B51ACAB5CF, 2021-04-13T22:37:29, true
9DDDD405-82E4-4C56-A6A6-E2B51ACAB5CF, 2021-04-13T22:38:30, true
9DDDD405-82E4-4C56-A6A6-E2B51ACAB5CF, 2021-04-13T22:39:31, true
9DDDD405-82E4-4C56-A6A6-E2B51ACAB5CF, 2021-04-13T22:40:33, true
9DDDD405-82E4-4C56-A6A6-E2B51ACAB5CF, 2021-04-13T22:41:35, true
9DDDD405-82E4-4C56-A6A6-E2B51ACAB5CF, 2021-04-13T22:42:37, true
9DDDD405-82E4-4C56-A6A6-E2B51ACAB5CF, 2021-04-13T22:43:38, true
9DDDD405-82E4-4C56-A6A6-E2B51ACAB5CF, 2021-04-13T22:44:39, true
