Device, Measure Date Time, Exist
9DDDD405-82E4-4C56-A6A6-E2B51ACAB5CF, 2021-04-14T22:45:57, true
9DDDD405-82E4-4C56-A6A6-E2B51ACAB5CF, 2021-04-14T22:47:01, true
9DDDD405-82E4-4C56-A6A6-E2B51ACAB5CF, 2021-04-14T22:48:16, true
9DDDD405-82E4-4C56-A6A6-E2B51ACAB5CF, 2021-04-14T22:49:20, true
9DDDD405-82E4-4C56-A6A6-E2B51ACAB5CF, 2021-04-14T22:50:20, true
9DDDD405-82E4-4C56-A6A6-E2B51ACAB5CF, 2021-04-14T22:51:22, true
9DDDD405-82E4-4C56-A6A6-E2B51ACAB5CF, 2021-04-14T22:52:23, true
9DDDD405-82E4-4C56-A6A6-E2B51ACAB5CF, 2021-04-14T22:53:24, true
9DDDD405-82E4-4C56-A6A6-E2B51ACAB5CF, 2021-04-14T22:54:24, true
9DDDD405-82E4-4C56-A6A6-E2B51ACAB5CF, 2021-04-14T22:55:26, true
9DDDD405-82E4-4C56-A6A6-E2B51ACAB5CF, 2021-04-14T22:56:35, true
9DDDD405-82E4-4C56-A6A6-E2B51ACAB5CF, 2021-04-14T22:57:37, true
9DDDD405-82E4-4C56-A6A6-E2B51ACAB5CF, 2021-04-14T22:58:42, true
9DDDD405-82E4-4C56-A6A6-E2B51ACAB5CF, 2021-04-14T22:59:42, true
9DDDD405-82E4-4C56-A6A6-E2B51ACAB5CF, 2021-04-14T23:00:43, true
9DDDD405-82E4-4C56-A6A6-E2B51ACAB5CF, 2021-04-14T23:01:51, true
9DDDD405-82E4-4C56-A6A6-E2B51ACAB5CF, 2021-04-14T23:02:53, true
9DDDD405-82E4-4C56-A6A6-E2B51ACAB5CF, 2021-04-14T23:03:55, true
9DDDD405-82E4-4C56-A6A6-E2B51ACAB5CF, 2021-04-14T23:04:56, true
9DDDD405-82E4-4C56-A6A6-E2B51ACAB5CF, 2021-04-14T23:05:56, true
9DDDD405-82E4-4C56-A6A6-E2B51ACAB5CF, 2021-04-14T23:07:10, true
9DDDD405-82E4-4C56-A6A6-E2B51ACAB5CF, 2021-04-14T23:08:14, true
9DDDD405-82E4-4C56-A6A6-E2B51ACAB5CF, 2021-04-14T23:09:16, true
9DDDD405-82E4-4C56-A6A6-E2B51ACAB5CF, 2021-04-14T23:10:18, true
9DDDD405-82E4-4C56-A6A6-E2B51ACAB5CF, 2021-04-14T23:11:32, true
9DDDD405-82E4-4C56-A6A6-E2B51ACAB5CF, 2021-04-14T23:12:34, true
9DDDD405-82E4-4C56-A6A6-E2B51ACAB5CF, 2021-04-14T23:13:36, true
9DDDD405-82E4-4C56-A6A6-E2B51ACAB5CF, 2021-04-14T23:14:36, true
9DDDD405-82E4-4C56-A6A6-E2B51ACAB5CF, 2021-04-14T23:15:38, true
9DDDD405-82E4-4C56-A6A6-E2B51ACAB5CF, 2021-04-14T23:16:42, true
9DDDD405-82E4-4C56-A6A6-E2B51ACAB5CF, 2021-04-14T23:17:43, true
9DDDD405-82E4-4C56-A6A6-E2B51ACAB5CF, 2021-04-14T23:18:50, true
9DDDD405-82E4-4C56-A6A6-E2B51ACAB5CF, 2021-04-14T23:19:54, true
9DDDD405-82E4-4C56-A6A6-E2B51ACAB5CF, 2021-04-14T23:20:54, true
9DDDD405-82E4-4C56-A6A6-E2B51ACAB5CF, 2021-04-14T23:21:57, true
9DDDD405-82E4-4C56-A6A6-E2B51ACAB5CF, 2021-04-14T23:23:00, true
9DDDD405-82E4-4C56-A6A6-E2B51ACAB5CF, 2021-04-14T23:24:17, true
9DDDD405-82E4-4C56-A6A6-E2B51ACAB5CF, 2021-04-14T23:25:17, true
9DDDD405-82E4-4C56-A6A6-E2B51ACAB5CF, 2021-04-14T23:26:19, true
9DDDD405-82E4-4C56-A6A6-E2B51ACAB5CF, 2021-04-14T23:27:21, true
9DDDD405-82E4-4C56-A6A6-E2B51ACAB5CF, 2021-04-14T23:28:21, true
9DDDD405-82E4-4C56-A6A6-E2B51ACAB5CF, 2021-04-14T23:29:22, true
9DDDD405-82E4-4C56-A6A6-E2B51ACAB5CF, 2021-04-14T23:30:24, true
9DDDD405-82E4-4C56-A6A6-E2B51ACAB5CF, 2021-04-14T23:31:26, true
9DDDD405-82E4-4C56-A6A6-E2B51ACAB5CF, 2021-04-14T23:32:28, true
9DDDD405-82E4-4C56-A6A6-E2B51ACAB5CF, 2021-04-14T23:33:29, true
9DDDD405-82E4-4C56-A6A6-E2B51ACAB5CF, 2021-04-14T23:34:33, true
9DDDD405-82E4-4C56-A6A6-E2B51ACAB5CF, 2021-04-14T23:35:35, true
9DDDD405-82E4-4C56-A6A6-E2B51ACAB5CF, 2021-04-14T23:36:39, true
9DDDD405-82E4-4C56-A6A6-E2B51ACAB5CF, 2021-04-14T23:37:39, true
9DDDD405-82E4-4C56-A6A6-E2B51ACAB5CF, 2021-04-14T23:38:43, true
9DDDD405-82E4-4C56-A6A6-E2B51ACAB5CF, 2021-04-14T23:39:46, true
9DDDD405-82E4-4C56-A6A6-E2B51ACAB5CF, 2021-04-14T23:40:50, true
9DDDD405-82E4-4C56-A6A6-E2B51ACAB5CF, 2021-04-14T23:41:51, true
9DDDD405-82E4-4C56-A6A6-E2B51ACAB5CF, 2021-04-14T23:42:51, true
9DDDD405-82E4-4C56-A6A6-E2B51ACAB5CF, 2021-04-14T23:43:54, true
9DDDD405-82E4-4C56-A6A6-E2B51ACAB5CF, 2021-04-14T23:44:58, true
9DDDD405-82E4-4C56-A6A6-E2B51ACAB5CF, 2021-04-14T23:46:00, true
9DDDD405-82E4-4C56-A6A6-E2B51ACAB5CF, 2021-04-14T23:47:01, true
9DDDD405-82E4-4C56-A6A6-E2B51ACAB5CF, 2021-04-14T23:48:02, true
9DDDD405-82E4-4C56-A6A6-E2B51ACAB5CF, 2021-04-14T23:49:03, true
9DDDD405-82E4-4C56-A6A6-E2B51ACAB5CF, 2021-04-14T23:50:04, true
9DDDD405-82E4-4C56-A6A6-E2B51ACAB5CF, 2021-04-14T23:51:10, true
9DDDD405-82E4-4C56-A6A6-E2B51ACAB5CF, 2021-04-14T23:52:12, true
9DDDD405-82E4-4C56-A6A6-E2B51ACAB5CF, 2021-04-14T23:53:14, true
9DDDD405-82E4-4C56-A6A6-E2B51ACAB5CF, 2021-04-14T23:54:19, true
9DDDD405-82E4-4C56-A6A6-E2B51ACAB5CF, 2021-04-14T23:55:22, true
9DDDD405-82E4-4C56-A6A6-E2B51ACAB5CF, 2021-04-14T23:56:24, true
9DDDD405-82E4-4C56-A6A6-E2B51ACAB5CF, 2021-04-14T23:57:25, true
9DDDD405-82E4-4C56-A6A6-E2B51ACAB5CF, 2021-04-14T23:58:26, true
9DDDD405-82E4-4C56-A6A6-E2B51ACAB5CF, 2021-04-14T23:59:29, true
9DDDD405-82E4-4C56-A6A6-E2B51ACAB5CF, 2021-04-15T00:00:30, true
9DDDD405-82E4-4C56-A6A6-E2B51ACAB5CF, 2021-04-15T00:01:31, true
9DDDD405-82E4-4C56-A6A6-E2B51ACAB5CF, 2021-04-15T00:02:33, true
9DDDD405-82E4-4C56-A6A6-E2B51ACAB5CF, 2021-04-15T00:03:34, true
9DDDD405-82E4-4C56-A6A6-E2B51ACAB5CF, 2021-04-15T00:04:38, true
9DDDD405-82E4-4C56-A6A6-E2B51ACAB5CF, 2021-04-15T00:05:39, true
9DDDD405-82E4-4C56-A6A6-E2B51ACAB5CF, 2021-04-15T00:06:42, true
9DDDD405-82E4-4C56-A6A6-E2B51ACAB5CF, 2021-04-15T00:07:45, true
9DDDD405-82E4-4C56-A6A6-E2B51ACAB5CF, 2021-04-15T00:08:47, true
9DDDD405-82E4-4C56-A6A6-E2B51ACAB5CF, 2021-04-15T00:09:50, true
9DDDD405-82E4-4C56-A6A6-E2B51ACAB5CF, 2021-04-15T00:10:52, true
9DDDD405-82E4-4C56-A6A6-E2B51ACAB5CF, 2021-04-15T00:11:54, true
9DDDD405-82E4-4C56-A6A6-E2B51ACAB5CF, 2021-04-15T00:13:07, true
9DDDD405-82E4-4C56-A6A6-E2B51ACAB5CF, 2021-04-15T00:14:09, true
9DDDD405-82E4-4C56-A6A6-E2B51ACAB5CF, 2021-04-15T00:15:10, true
9DDDD405-82E4-4C56-A6A6-E2B51ACAB5CF, 2021-04-15T00:16:12, true
9DDDD405-82E4-4C56-A6A6-E2B51ACAB5CF, 2021-04-15T00:17:12, true
9DDDD405-82E4-4C56-A6A6-E2B51ACAB5CF, 2021-04-15T00:18:14, true
9DDDD405-82E4-4C56-A6A6-E2B51ACAB5CF, 2021-04-15T00:19:15, true
9DDDD405-82E4-4C56-A6A6-E2B51ACAB5CF, 2021-04-15T00:20:15, true
9DDDD405-82E4-4C56-A6A6-E2B51ACAB5CF, 2021-04-15T00:21:18, true
9DDDD405-82E4-4C56-A6A6-E2B51ACAB5CF, 2021-04-15T00:22:19, true
9DDDD405-82E4-4C56-A6A6-E2B51ACAB5CF, 2021-04-15T00:23:32, true
9DDDD405-82E4-4C56-A6A6-E2B51ACAB5CF, 2021-04-15T00:24:36, true
9DDDD405-82E4-4C56-A6A6-E2B51ACAB5CF, 2021-04-15T00:25:38, true
9DDDD405-82E4-4C56-A6A6-E2B51ACAB5CF, 2021-04-15T00:26:40, true
9DDDD405-82E4-4C56-A6A6-E2B51ACAB5CF, 2021-04-15T00:27:46, true
9DDDD405-82E4-4C56-A6A6-E2B51ACAB5CF, 2021-04-15T00:28:47, true
9DDDD405-82E4-4C56-A6A6-E2B51ACAB5CF, 2021-04-15T00:30:14, true
9DDDD405-82E4-4C56-A6A6-E2B51ACAB5CF, 2021-04-15T00:31:17, true
9DDDD405-82E4-4C56-A6A6-E2B51ACAB5CF, 2021-04-15T00:32:22, true
9DDDD405-82E4-4C56-A6A6-E2B51ACAB5CF, 2021-04-15T00:33:23, true
9DDDD405-82E4-4C56-A6A6-E2B51ACAB5CF, 2021-04-15T00:34:23, true
9DDDD405-82E4-4C56-A6A6-E2B51ACAB5CF, 2021-04-15T00:35:24, true
9DDDD405-82E4-4C56-A6A6-E2B51ACAB5CF, 2021-04-15T00:36:28, true
9DDDD405-82E4-4C56-A6A6-E2B51ACAB5CF, 2021-04-15T00:37:31, true
9DDDD405-82E4-4C56-A6A6-E2B51ACAB5CF, 2021-04-15T00:38:32, true
9DDDD405-82E4-4C56-A6A6-E2B51ACAB5CF, 2021-04-15T00:39:35, true
9DDDD405-82E4-4C56-A6A6-E2B51ACAB5CF, 2021-04-15T00:40:36, true
9DDDD405-82E4-4C56-A6A6-E2B51ACAB5CF, 2021-04-15T00:41:37, true
9DDDD405-82E4-4C56-A6A6-E2B51ACAB5CF, 2021-04-15T00:42:39, true
9DDDD405-82E4-4C56-A6A6-E2B51ACAB5CF, 2021-04-15T00:43:42, true
9DDDD405-82E4-4C56-A6A6-E2B51ACAB5CF, 2021-04-15T00:44:44, true
9DDDD405-82E4-4C56-A6A6-E2B51ACAB5CF, 2021-04-15T00:45:48, true
9DDDD405-82E4-4C56-A6A6-E2B51ACAB5CF, 2021-04-15T00:46:55, true
9DDDD405-82E4-4C56-A6A6-E2B51ACAB5CF, 2021-04-15T00:47:59, true
9DDDD405-82E4-4C56-A6A6-E2B51ACAB5CF, 2021-04-15T00:49:04, true
9DDDD405-82E4-4C56-A6A6-E2B51ACAB5CF, 2021-04-15T00:50:06, true
9DDDD405-82E4-4C56-A6A6-E2B51ACAB5CF, 2021-04-15T00:51:07, true
9DDDD405-82E4-4C56-A6A6-E2B51ACAB5CF, 2021-04-15T00:52:09, true
9DDDD405-82E4-4C56-A6A6-E2B51ACAB5CF, 2021-04-15T00:53:13, true
9DDDD405-82E4-4C56-A6A6-E2B51ACAB5CF, 2021-04-15T00:54:14, true
9DDDD405-82E4-4C56-A6A6-E2B51ACAB5CF, 2021-04-15T00:55:14, true
9DDDD405-82E4-4C56-A6A6-E2B51ACAB5CF, 2021-04-15T00:56:16, true
9DDDD405-82E4-4C56-A6A6-E2B51ACAB5CF, 2021-04-15T00:57:24, true
9DDDD405-82E4-4C56-A6A6-E2B51ACAB5CF, 2021-04-15T00:58:24, true
9DDDD405-82E4-4C56-A6A6-E2B51ACAB5CF, 2021-04-15T00:59:25, true
9DDDD405-82E4-4C56-A6A6-E2B51ACAB5CF, 2021-04-15T01:00:27, true
9DDDD405-82E4-4C56-A6A6-E2B51ACAB5CF, 2021-04-15T01:01:29, true
9DDDD405-82E4-4C56-A6A6-E2B51ACAB5CF, 2021-04-15T01:02:32, true
9DDDD405-82E4-4C56-A6A6-E2B51ACAB5CF, 2021-04-15T01:03:33, true
9DDDD405-82E4-4C56-A6A6-E2B51ACAB5CF, 2021-04-15T01:04:33, true
9DDDD405-82E4-4C56-A6A6-E2B51ACAB5CF, 2021-04-15T01:05:34, true
9DDDD405-82E4-4C56-A6A6-E2B51ACAB5CF, 2021-04-15T01:06:37, true
9DDDD405-82E4-4C56-A6A6-E2B51ACAB5CF, 2021-04-15T01:07:39, true
9DDDD405-82E4-4C56-A6A6-E2B51ACAB5CF, 2021-04-15T01:08:54, true
9DDDD405-82E4-4C56-A6A6-E2B51ACAB5CF, 2021-04-15T01:09:56, true
9DDDD405-82E4-4C56-A6A6-E2B51ACAB5CF, 2021-04-15T01:10:57, true
9DDDD405-82E4-4C56-A6A6-E2B51ACAB5CF, 2021-04-15T01:11:59, true
9DDDD405-82E4-4C56-A6A6-E2B51ACAB5CF, 2021-04-15T01:13:02, true
9DDDD405-82E4-4C56-A6A6-E2B51ACAB5CF, 2021-04-15T01:14:06, true
9DDDD405-82E4-4C56-A6A6-E2B51ACAB5CF, 2021-04-15T01:15:08, true
9DDDD405-82E4-4C56-A6A6-E2B51ACAB5CF, 2021-04-15T01:16:11, true
9DDDD405-82E4-4C56-A6A6-E2B51ACAB5CF, 2021-04-15T01:17:11, true
9DDDD405-82E4-4C56-A6A6-E2B51ACAB5CF, 2021-04-15T01:18:12, true
9DDDD405-82E4-4C56-A6A6-E2B51ACAB5CF, 2021-04-15T01:19:27, true
9DDDD405-82E4-4C56-A6A6-E2B51ACAB5CF, 2021-04-15T01:20:33, true
9DDDD405-82E4-4C56-A6A6-E2B51ACAB5CF, 2021-04-15T01:21:38, true
9DDDD405-82E4-4C56-A6A6-E2B51ACAB5CF, 2021-04-15T01:22:38, true
9DDDD405-82E4-4C56-A6A6-E2B51ACAB5CF, 2021-04-15T01:23:39, true
9DDDD405-82E4-4C56-A6A6-E2B51ACAB5CF, 2021-04-15T01:24:40, true
9DDDD405-82E4-4C56-A6A6-E2B51ACAB5CF, 2021-04-15T01:25:43, true
9DDDD405-82E4-4C56-A6A6-E2B51ACAB5CF, 2021-04-15T01:26:46, true
9DDDD405-82E4-4C56-A6A6-E2B51ACAB5CF, 2021-04-15T01:27:50, true
9DDDD405-82E4-4C56-A6A6-E2B51ACAB5CF, 2021-04-15T01:28:52, true
9DDDD405-82E4-4C56-A6A6-E2B51ACAB5CF, 2021-04-15T01:29:53, true
9DDDD405-82E4-4C56-A6A6-E2B51ACAB5CF, 2021-04-15T01:30:55, true
9DDDD405-82E4-4C56-A6A6-E2B51ACAB5CF, 2021-04-15T01:31:56, true
9DDDD405-82E4-4C56-A6A6-E2B51ACAB5CF, 2021-04-15T01:32:57, true
9DDDD405-82E4-4C56-A6A6-E2B51ACAB5CF, 2021-04-15T01:33:58, true
9DDDD405-82E4-4C56-A6A6-E2B51ACAB5CF, 2021-04-15T01:34:59, true
9DDDD405-82E4-4C56-A6A6-E2B51ACAB5CF, 2021-04-15T01:36:01, true
9DDDD405-82E4-4C56-A6A6-E2B51ACAB5CF, 2021-04-15T01:37:12, true
9DDDD405-82E4-4C56-A6A6-E2B51ACAB5CF, 2021-04-15T01:38:13, true
9DDDD405-82E4-4C56-A6A6-E2B51ACAB5CF, 2021-04-15T01:39:16, true
9DDDD405-82E4-4C56-A6A6-E2B51ACAB5CF, 2021-04-15T01:40:17, true
9DDDD405-82E4-4C56-A6A6-E2B51ACAB5CF, 2021-04-15T01:41:24, true
9DDDD405-82E4-4C56-A6A6-E2B51ACAB5CF, 2021-04-15T01:42:41, true
9DDDD405-82E4-4C56-A6A6-E2B51ACAB5CF, 2021-04-15T01:43:42, true
9DDDD405-82E4-4C56-A6A6-E2B51ACAB5CF, 2021-04-15T01:44:42, true
9DDDD405-82E4-4C56-A6A6-E2B51ACAB5CF, 2021-04-15T01:45:44, true
9DDDD405-82E4-4C56-A6A6-E2B51ACAB5CF, 2021-04-15T01:46:47, true
9DDDD405-82E4-4C56-A6A6-E2B51ACAB5CF, 2021-04-15T01:47:49, true
9DDDD405-82E4-4C56-A6A6-E2B51ACAB5CF, 2021-04-15T01:48:50, true
9DDDD405-82E4-4C56-A6A6-E2B51ACAB5CF, 2021-04-15T01:49:51, true
9DDDD405-82E4-4C56-A6A6-E2B51ACAB5CF, 2021-04-15T01:50:53, true
9DDDD405-82E4-4C56-A6A6-E2B51ACAB5CF, 2021-04-15T01:51:54, true
9DDDD405-82E4-4C56-A6A6-E2B51ACAB5CF, 2021-04-15T01:53:03, true
9DDDD405-82E4-4C56-A6A6-E2B51ACAB5CF, 2021-04-15T01:54:05, true
9DDDD405-82E4-4C56-A6A6-E2B51ACAB5CF, 2021-04-15T01:55:05, true
9DDDD405-82E4-4C56-A6A6-E2B51ACAB5CF, 2021-04-15T01:56:21, true
9DDDD405-82E4-4C56-A6A6-E2B51ACAB5CF, 2021-04-15T01:57:24, true
9DDDD405-82E4-4C56-A6A6-E2B51ACAB5CF, 2021-04-15T01:58:25, true
9DDDD405-82E4-4C56-A6A6-E2B51ACAB5CF, 2021-04-15T01:59:29, true
9DDDD405-82E4-4C56-A6A6-E2B51ACAB5CF, 2021-04-15T02:00:33, true
9DDDD405-82E4-4C56-A6A6-E2B51ACAB5CF, 2021-04-15T02:01:35, true
9DDDD405-82E4-4C56-A6A6-E2B51ACAB5CF, 2021-04-15T02:02:36, true
9DDDD405-82E4-4C56-A6A6-E2B51ACAB5CF, 2021-04-15T02:03:45, true
9DDDD405-82E4-4C56-A6A6-E2B51ACAB5CF, 2021-04-15T02:04:47, true
9DDDD405-82E4-4C56-A6A6-E2B51ACAB5CF, 2021-04-15T02:05:47, true
9DDDD405-82E4-4C56-A6A6-E2B51ACAB5CF, 2021-04-15T02:06:48, true
9DDDD405-82E4-4C56-A6A6-E2B51ACAB5CF, 2021-04-15T02:07:49, true
9DDDD405-82E4-4C56-A6A6-E2B51ACAB5CF, 2021-04-15T02:08:49, true
9DDDD405-82E4-4C56-A6A6-E2B51ACAB5CF, 2021-04-15T02:09:50, true
9DDDD405-82E4-4C56-A6A6-E2B51ACAB5CF, 2021-04-15T02:10:53, true
9DDDD405-82E4-4C56-A6A6-E2B51ACAB5CF, 2021-04-15T02:11:54, true
9DDDD405-82E4-4C56-A6A6-E2B51ACAB5CF, 2021-04-15T02:12:55, true
9DDDD405-82E4-4C56-A6A6-E2B51ACAB5CF, 2021-04-15T02:14:07, true
9DDDD405-82E4-4C56-A6A6-E2B51ACAB5CF, 2021-04-15T02:15:08, true
9DDDD405-82E4-4C56-A6A6-E2B51ACAB5CF, 2021-04-15T02:16:11, true
9DDDD405-82E4-4C56-A6A6-E2B51ACAB5CF, 2021-04-15T02:17:15, true
9DDDD405-82E4-4C56-A6A6-E2B51ACAB5CF, 2021-04-15T02:18:16, true
9DDDD405-82E4-4C56-A6A6-E2B51ACAB5CF, 2021-04-15T02:19:17, true
9DDDD405-82E4-4C56-A6A6-E2B51ACAB5CF, 2021-04-15T02:20:20, true
9DDDD405-82E4-4C56-A6A6-E2B51ACAB5CF, 2021-04-15T02:21:27, true
9DDDD405-82E4-4C56-A6A6-E2B51ACAB5CF, 2021-04-15T02:22:28, true
9DDDD405-82E4-4C56-A6A6-E2B51ACAB5CF, 2021-04-15T02:23:30, true
9DDDD405-82E4-4C56-A6A6-E2B51ACAB5CF, 2021-04-15T02:24:34, true
9DDDD405-82E4-4C56-A6A6-E2B51ACAB5CF, 2021-04-15T02:25:38, true
9DDDD405-82E4-4C56-A6A6-E2B51ACAB5CF, 2021-04-15T02:26:41, true
9DDDD405-82E4-4C56-A6A6-E2B51ACAB5CF, 2021-04-15T02:27:45, true
9DDDD405-82E4-4C56-A6A6-E2B51ACAB5CF, 2021-04-15T02:28:48, true
9DDDD405-82E4-4C56-A6A6-E2B51ACAB5CF, 2021-04-15T02:29:48, true
9DDDD405-82E4-4C56-A6A6-E2B51ACAB5CF, 2021-04-15T02:30:49, true
9DDDD405-82E4-4C56-A6A6-E2B51ACAB5CF, 2021-04-15T02:31:52, true
9DDDD405-82E4-4C56-A6A6-E2B51ACAB5CF, 2021-04-15T02:32:52, true
9DDDD405-82E4-4C56-A6A6-E2B51ACAB5CF, 2021-04-15T02:33:55, true
9DDDD405-82E4-4C56-A6A6-E2B51ACAB5CF, 2021-04-15T02:34:56, true
9DDDD405-82E4-4C56-A6A6-E2B51ACAB5CF, 2021-04-15T02:36:00, true
9DDDD405-82E4-4C56-A6A6-E2B51ACAB5CF, 2021-04-15T02:37:04, true
9DDDD405-82E4-4C56-A6A6-E2B51ACAB5CF, 2021-04-15T02:38:07, true
9DDDD405-82E4-4C56-A6A6-E2B51ACAB5CF, 2021-04-15T02:39:14, true
9DDDD405-82E4-4C56-A6A6-E2B51ACAB5CF, 2021-04-15T02:40:17, true
9DDDD405-82E4-4C56-A6A6-E2B51ACAB5CF, 2021-04-15T02:41:21, true
9DDDD405-82E4-4C56-A6A6-E2B51ACAB5CF, 2021-04-15T02:42:22, true
9DDDD405-82E4-4C56-A6A6-E2B51ACAB5CF, 2021-04-15T02:43:36, true
9DDDD405-82E4-4C56-A6A6-E2B51ACAB5CF, 2021-04-15T02:44:40, true
9DDDD405-82E4-4C56-A6A6-E2B51ACAB5CF, 2021-04-15T02:45:43, true
9DDDD405-82E4-4C56-A6A6-E2B51ACAB5CF, 2021-04-15T02:46:43, true
9DDDD405-82E4-4C56-A6A6-E2B51ACAB5CF, 2021-04-15T02:47:51, true
9DDDD405-82E4-4C56-A6A6-E2B51ACAB5CF, 2021-04-15T02:48:52, true
9DDDD405-82E4-4C56-A6A6-E2B51ACAB5CF, 2021-04-15T02:49:55, true
9DDDD405-82E4-4C56-A6A6-E2B51ACAB5CF, 2021-04-15T02:50:56, true
9DDDD405-82E4-4C56-A6A6-E2B51ACAB5CF, 2021-04-15T02:51:59, true
9DDDD405-82E4-4C56-A6A6-E2B51ACAB5CF, 2021-04-15T02:53:01, true
9DDDD405-82E4-4C56-A6A6-E2B51ACAB5CF, 2021-04-15T02:54:02, true
9DDDD405-82E4-4C56-A6A6-E2B51ACAB5CF, 2021-04-15T02:55:07, true
9DDDD405-82E4-4C56-A6A6-E2B51ACAB5CF, 2021-04-15T02:56:12, true
9DDDD405-82E4-4C56-A6A6-E2B51ACAB5CF, 2021-04-15T02:57:15, true
9DDDD405-82E4-4C56-A6A6-E2B51ACAB5CF, 2021-04-15T02:58:25, true
9DDDD405-82E4-4C56-A6A6-E2B51ACAB5CF, 2021-04-15T02:59:26, true
9DDDD405-82E4-4C56-A6A6-E2B51ACAB5CF, 2021-04-15T03:00:29, true
9DDDD405-82E4-4C56-A6A6-E2B51ACAB5CF, 2021-04-15T03:01:30, true
9DDDD405-82E4-4C56-A6A6-E2B51ACAB5CF, 2021-04-15T03:02:32, true
9DDDD405-82E4-4C56-A6A6-E2B51ACAB5CF, 2021-04-15T03:03:33, true
9DDDD405-82E4-4C56-A6A6-E2B51ACAB5CF, 2021-04-15T03:04:35, true
9DDDD405-82E4-4C56-A6A6-E2B51ACAB5CF, 2021-04-15T03:05:38, true
9DDDD405-82E4-4C56-A6A6-E2B51ACAB5CF, 2021-04-15T03:06:42, true
9DDDD405-82E4-4C56-A6A6-E2B51ACAB5CF, 2021-04-15T03:07:44, true
9DDDD405-82E4-4C56-A6A6-E2B51ACAB5CF, 2021-04-15T03:08:46, true
9DDDD405-82E4-4C56-A6A6-E2B51ACAB5CF, 2021-04-15T03:09:47, true
9DDDD405-82E4-4C56-A6A6-E2B51ACAB5CF, 2021-04-15T03:10:48, true
9DDDD405-82E4-4C56-A6A6-E2B51ACAB5CF, 2021-04-15T03:11:49, true
9DDDD405-82E4-4C56-A6A6-E2B51ACAB5CF, 2021-04-15T03:12:52, true
9DDDD405-82E4-4C56-A6A6-E2B51ACAB5CF, 2021-04-15T03:13:53, true
9DDDD405-82E4-4C56-A6A6-E2B51ACAB5CF, 2021-04-15T03:14:54, true
9DDDD405-82E4-4C56-A6A6-E2B51ACAB5CF, 2021-04-15T03:15:57, true
9DDDD405-82E4-4C56-A6A6-E2B51ACAB5CF, 2021-04-15T03:16:59, true
9DDDD405-82E4-4C56-A6A6-E2B51ACAB5CF, 2021-04-15T03:18:02, true
9DDDD405-82E4-4C56-A6A6-E2B51ACAB5CF, 2021-04-15T03:19:05, true
9DDDD405-82E4-4C56-A6A6-E2B51ACAB5CF, 2021-04-15T03:20:09, true
9DDDD405-82E4-4C56-A6A6-E2B51ACAB5CF, 2021-04-15T03:21:09, true
9DDDD405-82E4-4C56-A6A6-E2B51ACAB5CF, 2021-04-15T03:22:12, true
9DDDD405-82E4-4C56-A6A6-E2B51ACAB5CF, 2021-04-15T03:23:13, true
9DDDD405-82E4-4C56-A6A6-E2B51ACAB5CF, 2021-04-15T03:24:13, true
9DDDD405-82E4-4C56-A6A6-E2B51ACAB5CF, 2021-04-15T03:25:15, true
9DDDD405-82E4-4C56-A6A6-E2B51ACAB5CF, 2021-04-15T03:26:15, true
9DDDD405-82E4-4C56-A6A6-E2B51ACAB5CF, 2021-04-15T03:27:19, true
9DDDD405-82E4-4C56-A6A6-E2B51ACAB5CF, 2021-04-15T03:28:19, true
9DDDD405-82E4-4C56-A6A6-E2B51ACAB5CF, 2021-04-15T03:29:22, true
9DDDD405-82E4-4C56-A6A6-E2B51ACAB5CF, 2021-04-15T03:30:24, true
9DDDD405-82E4-4C56-A6A6-E2B51ACAB5CF, 2021-04-15T03:31:37, true
9DDDD405-82E4-4C56-A6A6-E2B51ACAB5CF, 2021-04-15T03:32:37, true
9DDDD405-82E4-4C56-A6A6-E2B51ACAB5CF, 2021-04-15T03:33:43, true
9DDDD405-82E4-4C56-A6A6-E2B51ACAB5CF, 2021-04-15T03:34:43, true
9DDDD405-82E4-4C56-A6A6-E2B51ACAB5CF, 2021-04-15T03:35:46, true
9DDDD405-82E4-4C56-A6A6-E2B51ACAB5CF, 2021-04-15T03:36:57, true
9DDDD405-82E4-4C56-A6A6-E2B51ACAB5CF, 2021-04-15T03:37:59, true
9DDDD405-82E4-4C56-A6A6-E2B51ACAB5CF, 2021-04-15T03:39:02, true
9DDDD405-82E4-4C56-A6A6-E2B51ACAB5CF, 2021-04-15T03:40:05, true
9DDDD405-82E4-4C56-A6A6-E2B51ACAB5CF, 2021-04-15T03:41:09, true
9DDDD405-82E4-4C56-A6A6-E2B51ACAB5CF, 2021-04-15T03:42:22, true
9DDDD405-82E4-4C56-A6A6-E2B51ACAB5CF, 2021-04-15T03:43:22, true
9DDDD405-82E4-4C56-A6A6-E2B51ACAB5CF, 2021-04-15T03:44:24, true
9DDDD405-82E4-4C56-A6A6-E2B51ACAB5CF, 2021-04-15T03:45:27, true
9DDDD405-82E4-4C56-A6A6-E2B51ACAB5CF, 2021-04-15T03:46:28, true
9DDDD405-82E4-4C56-A6A6-E2B51ACAB5CF, 2021-04-15T03:47:29, true
9DDDD405-82E4-4C56-A6A6-E2B51ACAB5CF, 2021-04-15T03:48:31, true
9DDDD405-82E4-4C56-A6A6-E2B51ACAB5CF, 2021-04-15T03:49:31, true
9DDDD405-82E4-4C56-A6A6-E2B51ACAB5CF, 2021-04-15T03:50:32, true
9DDDD405-82E4-4C56-A6A6-E2B51ACAB5CF, 2021-04-15T03:51:34, true
9DDDD405-82E4-4C56-A6A6-E2B51ACAB5CF, 2021-04-15T03:52:38, true
9DDDD405-82E4-4C56-A6A6-E2B51ACAB5CF, 2021-04-15T03:53:38, true
9DDDD405-82E4-4C56-A6A6-E2B51ACAB5CF, 2021-04-15T03:54:38, true
9DDDD405-82E4-4C56-A6A6-E2B51ACAB5CF, 2021-04-15T03:55:39, true
9DDDD405-82E4-4C56-A6A6-E2B51ACAB5CF, 2021-04-15T03:56:40, true
9DDDD405-82E4-4C56-A6A6-E2B51ACAB5CF, 2021-04-15T03:57:41, true
9DDDD405-82E4-4C56-A6A6-E2B51ACAB5CF, 2021-04-15T03:58:42, true
9DDDD405-82E4-4C56-A6A6-E2B51ACAB5CF, 2021-04-15T03:59:45, true
9DDDD405-82E4-4C56-A6A6-E2B51ACAB5CF, 2021-04-15T04:00:47, true
9DDDD405-82E4-4C56-A6A6-E2B51ACAB5CF, 2021-04-15T04:01:48, true
9DDDD405-82E4-4C56-A6A6-E2B51ACAB5CF, 2021-04-15T04:02:49, true
9DDDD405-82E4-4C56-A6A6-E2B51ACAB5CF, 2021-04-15T04:03:51, true
9DDDD405-82E4-4C56-A6A6-E2B51ACAB5CF, 2021-04-15T04:05:05, true
9DDDD405-82E4-4C56-A6A6-E2B51ACAB5CF, 2021-04-15T04:06:09, true
9DDDD405-82E4-4C56-A6A6-E2B51ACAB5CF, 2021-04-15T04:07:11, true
9DDDD405-82E4-4C56-A6A6-E2B51ACAB5CF, 2021-04-15T04:08:15, true
9DDDD405-82E4-4C56-A6A6-E2B51ACAB5CF, 2021-04-15T04:09:20, true
9DDDD405-82E4-4C56-A6A6-E2B51ACAB5CF, 2021-04-15T04:10:23, true
9DDDD405-82E4-4C56-A6A6-E2B51ACAB5CF, 2021-04-15T04:11:25, true
9DDDD405-82E4-4C56-A6A6-E2B51ACAB5CF, 2021-04-15T04:12:30, true
9DDDD405-82E4-4C56-A6A6-E2B51ACAB5CF, 2021-04-15T04:13:32, true
9DDDD405-82E4-4C56-A6A6-E2B51ACAB5CF, 2021-04-15T04:14:35, true
9DDDD405-82E4-4C56-A6A6-E2B51ACAB5CF, 2021-04-15T04:15:47, true
9DDDD405-82E4-4C56-A6A6-E2B51ACAB5CF, 2021-04-15T04:16:51, true
9DDDD405-82E4-4C56-A6A6-E2B51ACAB5CF, 2021-04-15T04:17:55, true
9DDDD405-82E4-4C56-A6A6-E2B51ACAB5CF, 2021-04-15T04:19:00, true
9DDDD405-82E4-4C56-A6A6-E2B51ACAB5CF, 2021-04-15T04:20:02, true
9DDDD405-82E4-4C56-A6A6-E2B51ACAB5CF, 2021-04-15T04:21:05, true
9DDDD405-82E4-4C56-A6A6-E2B51ACAB5CF, 2021-04-15T04:22:07, true
9DDDD405-82E4-4C56-A6A6-E2B51ACAB5CF, 2021-04-15T04:23:09, true
9DDDD405-82E4-4C56-A6A6-E2B51ACAB5CF, 2021-04-15T04:24:12, true
9DDDD405-82E4-4C56-A6A6-E2B51ACAB5CF, 2021-04-15T04:25:13, true
9DDDD405-82E4-4C56-A6A6-E2B51ACAB5CF, 2021-04-15T04:26:25, true
9DDDD405-82E4-4C56-A6A6-E2B51ACAB5CF, 2021-04-15T04:27:26, true
9DDDD405-82E4-4C56-A6A6-E2B51ACAB5CF, 2021-04-15T04:28:29, true
9DDDD405-82E4-4C56-A6A6-E2B51ACAB5CF, 2021-04-15T04:29:30, true
9DDDD405-82E4-4C56-A6A6-E2B51ACAB5CF, 2021-04-15T04:30:33, true
9DDDD405-82E4-4C56-A6A6-E2B51ACAB5CF, 2021-04-15T04:31:34, true
9DDDD405-82E4-4C56-A6A6-E2B51ACAB5CF, 2021-04-15T04:32:38, true
9DDDD405-82E4-4C56-A6A6-E2B51ACAB5CF, 2021-04-15T04:33:40, true
9DDDD405-82E4-4C56-A6A6-E2B51ACAB5CF, 2021-04-15T04:34:41, true
9DDDD405-82E4-4C56-A6A6-E2B51ACAB5CF, 2021-04-15T04:35:45, true
9DDDD405-82E4-4C56-A6A6-E2B51ACAB5CF, 2021-04-15T04:37:00, true
9DDDD405-82E4-4C56-A6A6-E2B51ACAB5CF, 2021-04-15T04:38:04, true
9DDDD405-82E4-4C56-A6A6-E2B51ACAB5CF, 2021-04-15T04:39:05, true
9DDDD405-82E4-4C56-A6A6-E2B51ACAB5CF, 2021-04-15T04:40:05, true
9DDDD405-82E4-4C56-A6A6-E2B51ACAB5CF, 2021-04-15T04:41:06, true
9DDDD405-82E4-4C56-A6A6-E2B51ACAB5CF, 2021-04-15T04:42:08, true
9DDDD405-82E4-4C56-A6A6-E2B51ACAB5CF, 2021-04-15T04:43:10, true
9DDDD405-82E4-4C56-A6A6-E2B51ACAB5CF, 2021-04-15T04:44:14, true
9DDDD405-82E4-4C56-A6A6-E2B51ACAB5CF, 2021-04-15T04:45:17, true
9DDDD405-82E4-4C56-A6A6-E2B51ACAB5CF, 2021-04-15T04:46:20, true
9DDDD405-82E4-4C56-A6A6-E2B51ACAB5CF, 2021-04-15T04:47:22, true
9DDDD405-82E4-4C56-A6A6-E2B51ACAB5CF, 2021-04-15T04:48:28, true
9DDDD405-82E4-4C56-A6A6-E2B51ACAB5CF, 2021-04-15T04:49:28, true
9DDDD405-82E4-4C56-A6A6-E2B51ACAB5CF, 2021-04-15T04:50:33, true
9DDDD405-82E4-4C56-A6A6-E2B51ACAB5CF, 2021-04-15T04:51:34, true
9DDDD405-82E4-4C56-A6A6-E2B51ACAB5CF, 2021-04-15T04:52:35, true
9DDDD405-82E4-4C56-A6A6-E2B51ACAB5CF, 2021-04-15T04:53:38, true
9DDDD405-82E4-4C56-A6A6-E2B51ACAB5CF, 2021-04-15T04:54:41, true
9DDDD405-82E4-4C56-A6A6-E2B51ACAB5CF, 2021-04-15T04:55:43, true
9DDDD405-82E4-4C56-A6A6-E2B51ACAB5CF, 2021-04-15T04:56:44, true
9DDDD405-82E4-4C56-A6A6-E2B51ACAB5CF, 2021-04-15T04:57:47, true
9DDDD405-82E4-4C56-A6A6-E2B51ACAB5CF, 2021-04-15T04:58:48, true
9DDDD405-82E4-4C56-A6A6-E2B51ACAB5CF, 2021-04-15T04:59:53, true
9DDDD405-82E4-4C56-A6A6-E2B51ACAB5CF, 2021-04-15T05:00:53, true
9DDDD405-82E4-4C56-A6A6-E2B51ACAB5CF, 2021-04-15T05:01:54, true
9DDDD405-82E4-4C56-A6A6-E2B51ACAB5CF, 2021-04-15T05:02:56, true
9DDDD405-82E4-4C56-A6A6-E2B51ACAB5CF, 2021-04-15T05:03:57, true
9DDDD405-82E4-4C56-A6A6-E2B51ACAB5CF, 2021-04-15T05:04:59, true
9DDDD405-82E4-4C56-A6A6-E2B51ACAB5CF, 2021-04-15T05:06:00, true
9DDDD405-82E4-4C56-A6A6-E2B51ACAB5CF, 2021-04-15T05:07:01, true
9DDDD405-82E4-4C56-A6A6-E2B51ACAB5CF, 2021-04-15T05:08:05, true
9DDDD405-82E4-4C56-A6A6-E2B51ACAB5CF, 2021-04-15T05:09:09, true
9DDDD405-82E4-4C56-A6A6-E2B51ACAB5CF, 2021-04-15T05:10:10, true
9DDDD405-82E4-4C56-A6A6-E2B51ACAB5CF, 2021-04-15T05:11:11, true
9DDDD405-82E4-4C56-A6A6-E2B51ACAB5CF, 2021-04-15T05:12:13, true
9DDDD405-82E4-4C56-A6A6-E2B51ACAB5CF, 2021-04-15T05:13:14, true
9DDDD405-82E4-4C56-A6A6-E2B51ACAB5CF, 2021-04-15T05:14:15, true
9DDDD405-82E4-4C56-A6A6-E2B51ACAB5CF, 2021-04-15T05:15:17, true
9DDDD405-82E4-4C56-A6A6-E2B51ACAB5CF, 2021-04-15T05:16:20, true
9DDDD405-82E4-4C56-A6A6-E2B51ACAB5CF, 2021-04-15T05:17:25, true
9DDDD405-82E4-4C56-A6A6-E2B51ACAB5CF, 2021-04-15T05:18:26, true
9DDDD405-82E4-4C56-A6A6-E2B51ACAB5CF, 2021-04-15T05:19:29, true
9DDDD405-82E4-4C56-A6A6-E2B51ACAB5CF, 2021-04-15T05:20:30, true
9DDDD405-82E4-4C56-A6A6-E2B51ACAB5CF, 2021-04-15T05:21:32, true
9DDDD405-82E4-4C56-A6A6-E2B51ACAB5CF, 2021-04-15T05:22:34, true
9DDDD405-82E4-4C56-A6A6-E2B51ACAB5CF, 2021-04-15T05:23:36, true
9DDDD405-82E4-4C56-A6A6-E2B51ACAB5CF, 2021-04-15T05:24:38, true
9DDDD405-82E4-4C56-A6A6-E2B51ACAB5CF, 2021-04-15T05:25:40, true
9DDDD405-82E4-4C56-A6A6-E2B51ACAB5CF, 2021-04-15T05:26:42, true
9DDDD405-82E4-4C56-A6A6-E2B51ACAB5CF, 2021-04-15T05:27:43, true
9DDDD405-82E4-4C56-A6A6-E2B51ACAB5CF, 2021-04-15T05:28:43, true
9DDDD405-82E4-4C56-A6A6-E2B51ACAB5CF, 2021-04-15T05:29:46, true
9DDDD405-82E4-4C56-A6A6-E2B51ACAB5CF, 2021-04-15T05:30:48, true
9DDDD405-82E4-4C56-A6A6-E2B51ACAB5CF, 2021-04-15T05:31:53, true
9DDDD405-82E4-4C56-A6A6-E2B51ACAB5CF, 2021-04-15T05:33:00, true
9DDDD405-82E4-4C56-A6A6-E2B51ACAB5CF, 2021-04-15T05:34:05, true
9DDDD405-82E4-4C56-A6A6-E2B51ACAB5CF, 2021-04-15T05:35:06, true
9DDDD405-82E4-4C56-A6A6-E2B51ACAB5CF, 2021-04-15T05:36:07, true
9DDDD405-82E4-4C56-A6A6-E2B51ACAB5CF, 2021-04-15T05:37:09, true
9DDDD405-82E4-4C56-A6A6-E2B51ACAB5CF, 2021-04-15T05:38:09, true
9DDDD405-82E4-4C56-A6A6-E2B51ACAB5CF, 2021-04-15T05:39:12, true
9DDDD405-82E4-4C56-A6A6-E2B51ACAB5CF, 2021-04-15T05:40:13, true
9DDDD405-82E4-4C56-A6A6-E2B51ACAB5CF, 2021-04-15T05:41:14, true
9DDDD405-82E4-4C56-A6A6-E2B51ACAB5CF, 2021-04-15T05:42:16, true
9DDDD405-82E4-4C56-A6A6-E2B51ACAB5CF, 2021-04-15T05:43:20, true
9DDDD405-82E4-4C56-A6A6-E2B51ACAB5CF, 2021-04-15T05:44:23, true
9DDDD405-82E4-4C56-A6A6-E2B51ACAB5CF, 2021-04-15T05:45:26, true
9DDDD405-82E4-4C56-A6A6-E2B51ACAB5CF, 2021-04-15T05:46:33, true
9DDDD405-82E4-4C56-A6A6-E2B51ACAB5CF, 2021-04-15T05:47:36, true
9DDDD405-82E4-4C56-A6A6-E2B51ACAB5CF, 2021-04-15T05:48:39, true
9DDDD405-82E4-4C56-A6A6-E2B51ACAB5CF, 2021-04-15T05:49:43, true
9DDDD405-82E4-4C56-A6A6-E2B51ACAB5CF, 2021-04-15T05:50:43, true
9DDDD405-82E4-4C56-A6A6-E2B51ACAB5CF, 2021-04-15T05:51:45, true
9DDDD405-82E4-4C56-A6A6-E2B51ACAB5CF, 2021-04-15T05:52:48, true
9DDDD405-82E4-4C56-A6A6-E2B51ACAB5CF, 2021-04-15T05:53:52, true
9DDDD405-82E4-4C56-A6A6-E2B51ACAB5CF, 2021-04-15T05:54:54, true
9DDDD405-82E4-4C56-A6A6-E2B51ACAB5CF, 2021-04-15T05:55:54, true
9DDDD405-82E4-4C56-A6A6-E2B51ACAB5CF, 2021-04-15T05:57:24, true
9DDDD405-82E4-4C56-A6A6-E2B51ACAB5CF, 2021-04-15T05:58:26, true
9DDDD405-82E4-4C56-A6A6-E2B51ACAB5CF, 2021-04-15T05:59:28, true
9DDDD405-82E4-4C56-A6A6-E2B51ACAB5CF, 2021-04-15T06:00:31, true
9DDDD405-82E4-4C56-A6A6-E2B51ACAB5CF, 2021-04-15T06:01:31, true
9DDDD405-82E4-4C56-A6A6-E2B51ACAB5CF, 2021-04-15T06:02:36, true
9DDDD405-82E4-4C56-A6A6-E2B51ACAB5CF, 2021-04-15T06:03:40, true
9DDDD405-82E4-4C56-A6A6-E2B51ACAB5CF, 2021-04-15T06:04:41, true
9DDDD405-82E4-4C56-A6A6-E2B51ACAB5CF, 2021-04-15T06:05:53, true
9DDDD405-82E4-4C56-A6A6-E2B51ACAB5CF, 2021-04-15T06:06:55, true
9DDDD405-82E4-4C56-A6A6-E2B51ACAB5CF, 2021-04-15T06:07:57, true
9DDDD405-82E4-4C56-A6A6-E2B51ACAB5CF, 2021-04-15T06:08:59, true
9DDDD405-82E4-4C56-A6A6-E2B51ACAB5CF, 2021-04-15T06:10:01, true
9DDDD405-82E4-4C56-A6A6-E2B51ACAB5CF, 2021-04-15T06:11:02, true
9DDDD405-82E4-4C56-A6A6-E2B51ACAB5CF, 2021-04-15T06:12:04, true
9DDDD405-82E4-4C56-A6A6-E2B51ACAB5CF, 2021-04-15T06:13:07, true
9DDDD405-82E4-4C56-A6A6-E2B51ACAB5CF, 2021-04-15T06:14:08, true
9DDDD405-82E4-4C56-A6A6-E2B51ACAB5CF, 2021-04-15T06:15:20, true
9DDDD405-82E4-4C56-A6A6-E2B51ACAB5CF, 2021-04-15T06:16:21, true
9DDDD405-82E4-4C56-A6A6-E2B51ACAB5CF, 2021-04-15T06:17:21, true
9DDDD405-82E4-4C56-A6A6-E2B51ACAB5CF, 2021-04-15T06:18:24, true
9DDDD405-82E4-4C56-A6A6-E2B51ACAB5CF, 2021-04-15T06:19:25, true
9DDDD405-82E4-4C56-A6A6-E2B51ACAB5CF, 2021-04-15T06:20:25, true
9DDDD405-82E4-4C56-A6A6-E2B51ACAB5CF, 2021-04-15T06:21:26, true
9DDDD405-82E4-4C56-A6A6-E2B51ACAB5CF, 2021-04-15T06:22:26, true
9DDDD405-82E4-4C56-A6A6-E2B51ACAB5CF, 2021-04-15T06:23:50, true
9DDDD405-82E4-4C56-A6A6-E2B51ACAB5CF, 2021-04-15T06:24:51, true
9DDDD405-82E4-4C56-A6A6-E2B51ACAB5CF, 2021-04-15T06:25:52, true
9DDDD405-82E4-4C56-A6A6-E2B51ACAB5CF, 2021-04-15T06:26:53, true
9DDDD405-82E4-4C56-A6A6-E2B51ACAB5CF, 2021-04-15T06:27:55, true
9DDDD405-82E4-4C56-A6A6-E2B51ACAB5CF, 2021-04-15T06:28:57, true
9DDDD405-82E4-4C56-A6A6-E2B51ACAB5CF, 2021-04-15T06:29:59, true
9DDDD405-82E4-4C56-A6A6-E2B51ACAB5CF, 2021-04-15T06:31:01, true
9DDDD405-82E4-4C56-A6A6-E2B51ACAB5CF, 2021-04-15T06:32:03, true
9DDDD405-82E4-4C56-A6A6-E2B51ACAB5CF, 2021-04-15T06:33:08, true
9DDDD405-82E4-4C56-A6A6-E2B51ACAB5CF, 2021-04-15T06:34:28, true
9DDDD405-82E4-4C56-A6A6-E2B51ACAB5CF, 2021-04-15T06:35:32, true
9DDDD405-82E4-4C56-A6A6-E2B51ACAB5CF, 2021-04-15T06:36:37, true
9DDDD405-82E4-4C56-A6A6-E2B51ACAB5CF, 2021-04-15T06:37:38, true
9DDDD405-82E4-4C56-A6A6-E2B51ACAB5CF, 2021-04-15T06:38:38, true
9DDDD405-82E4-4C56-A6A6-E2B51ACAB5CF, 2021-04-15T06:39:42, true
9DDDD405-82E4-4C56-A6A6-E2B51ACAB5CF, 2021-04-15T06:40:43, true
9DDDD405-82E4-4C56-A6A6-E2B51ACAB5CF, 2021-04-15T06:41:45, true
9DDDD405-82E4-4C56-A6A6-E2B51ACAB5CF, 2021-04-15T06:42:47, true
9DDDD405-82E4-4C56-A6A6-E2B51ACAB5CF, 2021-04-15T06:43:50, true
9DDDD405-82E4-4C56-A6A6-E2B51ACAB5CF, 2021-04-15T06:44:53, true
9DDDD405-82E4-4C56-A6A6-E2B51ACAB5CF, 2021-04-15T06:45:53, true
9DDDD405-82E4-4C56-A6A6-E2B51ACAB5CF, 2021-04-15T06:46:54, true
9DDDD405-82E4-4C56-A6A6-E2B51ACAB5CF, 2021-04-15T06:47:54, true
9DDDD405-82E4-4C56-A6A6-E2B51ACAB5CF, 2021-04-15T06:48:56, true
9DDDD405-82E4-4C56-A6A6-E2B51ACAB5CF, 2021-04-15T06:49:59, true
9DDDD405-82E4-4C56-A6A6-E2B51ACAB5CF, 2021-04-15T06:51:01, true
9DDDD405-82E4-4C56-A6A6-E2B51ACAB5CF, 2021-04-15T06:52:01, true
9DDDD405-82E4-4C56-A6A6-E2B51ACAB5CF, 2021-04-15T06:53:01, true
9DDDD405-82E4-4C56-A6A6-E2B51ACAB5CF, 2021-04-15T06:54:03, true
9DDDD405-82E4-4C56-A6A6-E2B51ACAB5CF, 2021-04-15T06:55:06, true
9DDDD405-82E4-4C56-A6A6-E2B51ACAB5CF, 2021-04-15T06:56:07, true
9DDDD405-82E4-4C56-A6A6-E2B51ACAB5CF, 2021-04-15T06:57:11, true
9DDDD405-82E4-4C56-A6A6-E2B51ACAB5CF, 2021-04-15T06:58:15, true
9DDDD405-82E4-4C56-A6A6-E2B51ACAB5CF, 2021-04-15T06:59:16, true
9DDDD405-82E4-4C56-A6A6-E2B51ACAB5CF, 2021-04-15T07:00:20, true
9DDDD405-82E4-4C56-A6A6-E2B51ACAB5CF, 2021-04-15T07:01:22, true
9DDDD405-82E4-4C56-A6A6-E2B51ACAB5CF, 2021-04-15T07:02:26, true
9DDDD405-82E4-4C56-A6A6-E2B51ACAB5CF, 2021-04-15T07:03:31, true
9DDDD405-82E4-4C56-A6A6-E2B51ACAB5CF, 2021-04-15T07:05:00, true
9DDDD405-82E4-4C56-A6A6-E2B51ACAB5CF, 2021-04-15T07:06:00, false
9DDDD405-82E4-4C56-A6A6-E2B51ACAB5CF, 2021-04-15T07:07:00, false
9DDDD405-82E4-4C56-A6A6-E2B51ACAB5CF, 2021-04-15T07:08:00, false
9DDDD405-82E4-4C56-A6A6-E2B51ACAB5CF, 2021-04-15T07:09:00, false
9DDDD405-82E4-4C56-A6A6-E2B51ACAB5CF, 2021-04-15T07:10:00, false
9DDDD405-82E4-4C56-A6A6-E2B51ACAB5CF, 2021-04-15T07:11:00, false
9DDDD405-82E4-4C56-A6A6-E2B51ACAB5CF, 2021-04-15T07:12:27, true
9DDDD405-82E4-4C56-A6A6-E2B51ACAB5CF, 2021-04-15T07:13:28, true
9DDDD405-82E4-4C56-A6A6-E2B51ACAB5CF, 2021-04-15T07:14:32, true
9DDDD405-82E4-4C56-A6A6-E2B51ACAB5CF, 2021-04-15T07:15:33, true
9DDDD405-82E4-4C56-A6A6-E2B51ACAB5CF, 2021-04-15T07:16:35, true
9DDDD405-82E4-4C56-A6A6-E2B51ACAB5CF, 2021-04-15T07:17:39, true
9DDDD405-82E4-4C56-A6A6-E2B51ACAB5CF, 2021-04-15T07:18:40, true
9DDDD405-82E4-4C56-A6A6-E2B51ACAB5CF, 2021-04-15T07:19:41, true
9DDDD405-82E4-4C56-A6A6-E2B51ACAB5CF, 2021-04-15T07:20:43, true
9DDDD405-82E4-4C56-A6A6-E2B51ACAB5CF, 2021-04-15T07:21:47, true
9DDDD405-82E4-4C56-A6A6-E2B51ACAB5CF, 2021-04-15T07:22:49, true
9DDDD405-82E4-4C56-A6A6-E2B51ACAB5CF, 2021-04-15T07:23:52, true
9DDDD405-82E4-4C56-A6A6-E2B51ACAB5CF, 2021-04-15T07:24:52, true
9DDDD405-82E4-4C56-A6A6-E2B51ACAB5CF, 2021-04-15T07:25:56, true
9DDDD405-82E4-4C56-A6A6-E2B51ACAB5CF, 2021-04-15T07:27:06, true
9DDDD405-82E4-4C56-A6A6-E2B51ACAB5CF, 2021-04-15T07:28:11, true
9DDDD405-82E4-4C56-A6A6-E2B51ACAB5CF, 2021-04-15T07:29:11, true
9DDDD405-82E4-4C56-A6A6-E2B51ACAB5CF, 2021-04-15T07:30:13, true
9DDDD405-82E4-4C56-A6A6-E2B51ACAB5CF, 2021-04-15T07:31:16, true
9DDDD405-82E4-4C56-A6A6-E2B51ACAB5CF, 2021-04-15T07:32:21, true
9DDDD405-82E4-4C56-A6A6-E2B51ACAB5CF, 2021-04-15T07:33:21, false
9DDDD405-82E4-4C56-A6A6-E2B51ACAB5CF, 2021-04-15T07:34:13, true
9DDDD405-82E4-4C56-A6A6-E2B51ACAB5CF, 2021-04-15T07:35:13, false
9DDDD405-82E4-4C56-A6A6-E2B51ACAB5CF, 2021-04-15T07:35:49, true
9DDDD405-82E4-4C56-A6A6-E2B51ACAB5CF, 2021-04-15T07:36:49, false
9DDDD405-82E4-4C56-A6A6-E2B51ACAB5CF, 2021-04-15T07:37:20, true
9DDDD405-82E4-4C56-A6A6-E2B51ACAB5CF, 2021-04-15T07:38:20, true
9DDDD405-82E4-4C56-A6A6-E2B51ACAB5CF, 2021-04-15T07:39:21, true
9DDDD405-82E4-4C56-A6A6-E2B51ACAB5CF, 2021-04-15T07:40:23, true
9DDDD405-82E4-4C56-A6A6-E2B51ACAB5CF, 2021-04-15T07:41:23, true
9DDDD405-82E4-4C56-A6A6-E2B51ACAB5CF, 2021-04-15T07:42:25, true
9DDDD405-82E4-4C56-A6A6-E2B51ACAB5CF, 2021-04-15T07:43:27, true
9DDDD405-82E4-4C56-A6A6-E2B51ACAB5CF, 2021-04-15T07:44:30, true
9DDDD405-82E4-4C56-A6A6-E2B51ACAB5CF, 2021-04-15T07:45:40, true
9DDDD405-82E4-4C56-A6A6-E2B51ACAB5CF, 2021-04-15T07:46:42, true
9DDDD405-82E4-4C56-A6A6-E2B51ACAB5CF, 2021-04-15T07:47:45, true
9DDDD405-82E4-4C56-A6A6-E2B51ACAB5CF, 2021-04-15T07:48:45, true
9DDDD405-82E4-4C56-A6A6-E2B51ACAB5CF, 2021-04-15T07:49:47, true
9DDDD405-82E4-4C56-A6A6-E2B51ACAB5CF, 2021-04-15T07:50:52, true
9DDDD405-82E4-4C56-A6A6-E2B51ACAB5CF, 2021-04-15T07:51:55, true
9DDDD405-82E4-4C56-A6A6-E2B51ACAB5CF, 2021-04-15T07:52:55, true
9DDDD405-82E4-4C56-A6A6-E2B51ACAB5CF, 2021-04-15T07:53:55, false
9DDDD405-82E4-4C56-A6A6-E2B51ACAB5CF, 2021-04-15T07:54:55, false
9DDDD405-82E4-4C56-A6A6-E2B51ACAB5CF, 2021-04-15T07:55:55, false
9DDDD405-82E4-4C56-A6A6-E2B51ACAB5CF, 2021-04-15T07:56:55, false
9DDDD405-82E4-4C56-A6A6-E2B51ACAB5CF, 2021-04-15T07:57:38, true
9DDDD405-82E4-4C56-A6A6-E2B51ACAB5CF, 2021-04-15T07:58:43, true
9DDDD405-82E4-4C56-A6A6-E2B51ACAB5CF, 2021-04-15T07:59:44, true
9DDDD405-82E4-4C56-A6A6-E2B51ACAB5CF, 2021-04-15T08:00:46, true
9DDDD405-82E4-4C56-A6A6-E2B51ACAB5CF, 2021-04-15T08:01:47, true
9DDDD405-82E4-4C56-A6A6-E2B51ACAB5CF, 2021-04-15T08:02:48, true
9DDDD405-82E4-4C56-A6A6-E2B51ACAB5CF, 2021-04-15T08:03:51, true
9DDDD405-82E4-4C56-A6A6-E2B51ACAB5CF, 2021-04-15T08:04:52, true
9DDDD405-82E4-4C56-A6A6-E2B51ACAB5CF, 2021-04-15T08:05:58, true
9DDDD405-82E4-4C56-A6A6-E2B51ACAB5CF, 2021-04-15T08:07:13, true
9DDDD405-82E4-4C56-A6A6-E2B51ACAB5CF, 2021-04-15T08:08:33, true
9DDDD405-82E4-4C56-A6A6-E2B51ACAB5CF, 2021-04-15T08:09:35, true
9DDDD405-82E4-4C56-A6A6-E2B51ACAB5CF, 2021-04-15T08:10:39, true
9DDDD405-82E4-4C56-A6A6-E2B51ACAB5CF, 2021-04-15T08:11:44, true
9DDDD405-82E4-4C56-A6A6-E2B51ACAB5CF, 2021-04-15T08:12:45, true
9DDDD405-82E4-4C56-A6A6-E2B51ACAB5CF, 2021-04-15T08:13:47, true
9DDDD405-82E4-4C56-A6A6-E2B51ACAB5CF, 2021-04-15T08:14:52, true
9DDDD405-82E4-4C56-A6A6-E2B51ACAB5CF, 2021-04-15T08:15:53, true
9DDDD405-82E4-4C56-A6A6-E2B51ACAB5CF, 2021-04-15T08:16:55, true
9DDDD405-82E4-4C56-A6A6-E2B51ACAB5CF, 2021-04-15T08:17:57, true
9DDDD405-82E4-4C56-A6A6-E2B51ACAB5CF, 2021-04-15T08:19:11, true
9DDDD405-82E4-4C56-A6A6-E2B51ACAB5CF, 2021-04-15T08:20:12, true
9DDDD405-82E4-4C56-A6A6-E2B51ACAB5CF, 2021-04-15T08:21:14, true
9DDDD405-82E4-4C56-A6A6-E2B51ACAB5CF, 2021-04-15T08:22:15, true
9DDDD405-82E4-4C56-A6A6-E2B51ACAB5CF, 2021-04-15T08:23:17, true
9DDDD405-82E4-4C56-A6A6-E2B51ACAB5CF, 2021-04-15T08:24:19, true
9DDDD405-82E4-4C56-A6A6-E2B51ACAB5CF, 2021-04-15T08:25:20, true
9DDDD405-82E4-4C56-A6A6-E2B51ACAB5CF, 2021-04-15T08:26:22, true
9DDDD405-82E4-4C56-A6A6-E2B51ACAB5CF, 2021-04-15T08:27:24, true
9DDDD405-82E4-4C56-A6A6-E2B51ACAB5CF, 2021-04-15T08:28:38, true
9DDDD405-82E4-4C56-A6A6-E2B51ACAB5CF, 2021-04-15T08:29:38, false
9DDDD405-82E4-4C56-A6A6-E2B51ACAB5CF, 2021-04-15T08:30:38, false
9DDDD405-82E4-4C56-A6A6-E2B51ACAB5CF, 2021-04-15T08:31:38, false
9DDDD405-82E4-4C56-A6A6-E2B51ACAB5CF, 2021-04-15T08:32:38, false
9DDDD405-82E4-4C56-A6A6-E2B51ACAB5CF, 2021-04-15T08:33:38, false
9DDDD405-82E4-4C56-A6A6-E2B51ACAB5CF, 2021-04-15T08:34:38, false
9DDDD405-82E4-4C56-A6A6-E2B51ACAB5CF, 2021-04-15T08:35:38, false
9DDDD405-82E4-4C56-A6A6-E2B51ACAB5CF, 2021-04-15T08:36:38, false
9DDDD405-82E4-4C56-A6A6-E2B51ACAB5CF, 2021-04-15T08:37:38, false
9DDDD405-82E4-4C56-A6A6-E2B51ACAB5CF, 2021-04-15T08:38:09, true
9DDDD405-82E4-4C56-A6A6-E2B51ACAB5CF, 2021-04-15T08:39:13, true
9DDDD405-82E4-4C56-A6A6-E2B51ACAB5CF, 2021-04-15T08:40:14, true
9DDDD405-82E4-4C56-A6A6-E2B51ACAB5CF, 2021-04-15T08:41:25, true
9DDDD405-82E4-4C56-A6A6-E2B51ACAB5CF, 2021-04-15T08:42:42, true
9DDDD405-82E4-4C56-A6A6-E2B51ACAB5CF, 2021-04-15T08:43:45, true
9DDDD405-82E4-4C56-A6A6-E2B51ACAB5CF, 2021-04-15T08:44:48, true
9DDDD405-82E4-4C56-A6A6-E2B51ACAB5CF, 2021-04-15T08:45:54, true
9DDDD405-82E4-4C56-A6A6-E2B51ACAB5CF, 2021-04-15T08:46:55, true
9DDDD405-82E4-4C56-A6A6-E2B51ACAB5CF, 2021-04-15T08:47:58, true
9DDDD405-82E4-4C56-A6A6-E2B51ACAB5CF, 2021-04-15T08:49:11, true
9DDDD405-82E4-4C56-A6A6-E2B51ACAB5CF, 2021-04-15T08:50:11, false
9DDDD405-82E4-4C56-A6A6-E2B51ACAB5CF, 2021-04-15T08:51:11, false
9DDDD405-82E4-4C56-A6A6-E2B51ACAB5CF, 2021-04-15T08:52:11, false
9DDDD405-82E4-4C56-A6A6-E2B51ACAB5CF, 2021-04-15T08:53:11, false
9DDDD405-82E4-4C56-A6A6-E2B51ACAB5CF, 2021-04-15T08:54:11, false
9DDDD405-82E4-4C56-A6A6-E2B51ACAB5CF, 2021-04-15T08:55:29, true
9DDDD405-82E4-4C56-A6A6-E2B51ACAB5CF, 2021-04-15T08:56:29, false
9DDDD405-82E4-4C56-A6A6-E2B51ACAB5CF, 2021-04-15T08:57:12, true
9DDDD405-82E4-4C56-A6A6-E2B51ACAB5CF, 2021-04-15T08:58:12, false
9DDDD405-82E4-4C56-A6A6-E2B51ACAB5CF, 2021-04-15T08:59:12, false
9DDDD405-82E4-4C56-A6A6-E2B51ACAB5CF, 2021-04-15T09:00:12, false
9DDDD405-82E4-4C56-A6A6-E2B51ACAB5CF, 2021-04-15T09:01:12, false
9DDDD405-82E4-4C56-A6A6-E2B51ACAB5CF, 2021-04-15T09:02:42, true
9DDDD405-82E4-4C56-A6A6-E2B51ACAB5CF, 2021-04-15T09:03:45, true
9DDDD405-82E4-4C56-A6A6-E2B51ACAB5CF, 2021-04-15T09:04:57, true
9DDDD405-82E4-4C56-A6A6-E2B51ACAB5CF, 2021-04-15T09:05:59, true
9DDDD405-82E4-4C56-A6A6-E2B51ACAB5CF, 2021-04-15T09:06:59, true
9DDDD405-82E4-4C56-A6A6-E2B51ACAB5CF, 2021-04-15T09:08:00, true
9DDDD405-82E4-4C56-A6A6-E2B51ACAB5CF, 2021-04-15T09:09:02, true
9DDDD405-82E4-4C56-A6A6-E2B51ACAB5CF, 2021-04-15T09:10:07, true
9DDDD405-82E4-4C56-A6A6-E2B51ACAB5CF, 2021-04-15T09:11:21, true
9DDDD405-82E4-4C56-A6A6-E2B51ACAB5CF, 2021-04-15T09:12:23, true
9DDDD405-82E4-4C56-A6A6-E2B51ACAB5CF, 2021-04-15T09:13:24, true
9DDDD405-82E4-4C56-A6A6-E2B51ACAB5CF, 2021-04-15T09:14:26, true
9DDDD405-82E4-4C56-A6A6-E2B51ACAB5CF, 2021-04-15T09:15:28, true
9DDDD405-82E4-4C56-A6A6-E2B51ACAB5CF, 2021-04-15T09:16:29, true
9DDDD405-82E4-4C56-A6A6-E2B51ACAB5CF, 2021-04-15T09:17:47, true
9DDDD405-82E4-4C56-A6A6-E2B51ACAB5CF, 2021-04-15T09:18:53, true
9DDDD405-82E4-4C56-A6A6-E2B51ACAB5CF, 2021-04-15T09:19:56, true
9DDDD405-82E4-4C56-A6A6-E2B51ACAB5CF, 2021-04-15T09:20:56, true
9DDDD405-82E4-4C56-A6A6-E2B51ACAB5CF, 2021-04-15T09:21:59, true
9DDDD405-82E4-4C56-A6A6-E2B51ACAB5CF, 2021-04-15T09:23:03, true
9DDDD405-82E4-4C56-A6A6-E2B51ACAB5CF, 2021-04-15T09:24:08, true
9DDDD405-82E4-4C56-A6A6-E2B51ACAB5CF, 2021-04-15T09:25:11, true
9DDDD405-82E4-4C56-A6A6-E2B51ACAB5CF, 2021-04-15T09:26:14, true
9DDDD405-82E4-4C56-A6A6-E2B51ACAB5CF, 2021-04-15T09:27:16, true
9DDDD405-82E4-4C56-A6A6-E2B51ACAB5CF, 2021-04-15T09:28:19, true
9DDDD405-82E4-4C56-A6A6-E2B51ACAB5CF, 2021-04-15T09:29:34, true
9DDDD405-82E4-4C56-A6A6-E2B51ACAB5CF, 2021-04-15T09:30:42, true
9DDDD405-82E4-4C56-A6A6-E2B51ACAB5CF, 2021-04-15T09:31:45, true
9DDDD405-82E4-4C56-A6A6-E2B51ACAB5CF, 2021-04-15T09:32:50, true
9DDDD405-82E4-4C56-A6A6-E2B51ACAB5CF, 2021-04-15T09:34:05, true
9DDDD405-82E4-4C56-A6A6-E2B51ACAB5CF, 2021-04-15T09:35:08, true
9DDDD405-82E4-4C56-A6A6-E2B51ACAB5CF, 2021-04-15T09:36:11, true
9DDDD405-82E4-4C56-A6A6-E2B51ACAB5CF, 2021-04-15T09:37:14, true
9DDDD405-82E4-4C56-A6A6-E2B51ACAB5CF, 2021-04-15T09:38:18, true
9DDDD405-82E4-4C56-A6A6-E2B51ACAB5CF, 2021-04-15T09:39:20, true
9DDDD405-82E4-4C56-A6A6-E2B51ACAB5CF, 2021-04-15T09:40:23, true
9DDDD405-82E4-4C56-A6A6-E2B51ACAB5CF, 2021-04-15T09:41:25, true
9DDDD405-82E4-4C56-A6A6-E2B51ACAB5CF, 2021-04-15T09:42:28, true
9DDDD405-82E4-4C56-A6A6-E2B51ACAB5CF, 2021-04-15T09:43:30, true
9DDDD405-82E4-4C56-A6A6-E2B51ACAB5CF, 2021-04-15T09:44:30, true
9DDDD405-82E4-4C56-A6A6-E2B51ACAB5CF, 2021-04-15T09:45:30, true
9DDDD405-82E4-4C56-A6A6-E2B51ACAB5CF, 2021-04-15T09:46:31, true
9DDDD405-82E4-4C56-A6A6-E2B51ACAB5CF, 2021-04-15T09:47:31, true
9DDDD405-82E4-4C56-A6A6-E2B51ACAB5CF, 2021-04-15T09:48:50, true
9DDDD405-82E4-4C56-A6A6-E2B51ACAB5CF, 2021-04-15T09:49:57, true
9DDDD405-82E4-4C56-A6A6-E2B51ACAB5CF, 2021-04-15T09:50:59, true
9DDDD405-82E4-4C56-A6A6-E2B51ACAB5CF, 2021-04-15T09:52:00, true
9DDDD405-82E4-4C56-A6A6-E2B51ACAB5CF, 2021-04-15T09:53:01, true
9DDDD405-82E4-4C56-A6A6-E2B51ACAB5CF, 2021-04-15T09:54:01, true
9DDDD405-82E4-4C56-A6A6-E2B51ACAB5CF, 2021-04-15T09:55:15, true
9DDDD405-82E4-4C56-A6A6-E2B51ACAB5CF, 2021-04-15T09:56:16, true
9DDDD405-82E4-4C56-A6A6-E2B51ACAB5CF, 2021-04-15T09:57:30, true
9DDDD405-82E4-4C56-A6A6-E2B51ACAB5CF, 2021-04-15T09:58:30, true
9DDDD405-82E4-4C56-A6A6-E2B51ACAB5CF, 2021-04-15T09:59:33, true
9DDDD405-82E4-4C56-A6A6-E2B51ACAB5CF, 2021-04-15T10:00:35, true
9DDDD405-82E4-4C56-A6A6-E2B51ACAB5CF, 2021-04-15T10:01:36, true
9DDDD405-82E4-4C56-A6A6-E2B51ACAB5CF, 2021-04-15T10:02:38, true
9DDDD405-82E4-4C56-A6A6-E2B51ACAB5CF, 2021-04-15T10:03:41, true
9DDDD405-82E4-4C56-A6A6-E2B51ACAB5CF, 2021-04-15T10:04:41, true
9DDDD405-82E4-4C56-A6A6-E2B51ACAB5CF, 2021-04-15T10:05:44, true
9DDDD405-82E4-4C56-A6A6-E2B51ACAB5CF, 2021-04-15T10:06:49, true
9DDDD405-82E4-4C56-A6A6-E2B51ACAB5CF, 2021-04-15T10:07:59, true
9DDDD405-82E4-4C56-A6A6-E2B51ACAB5CF, 2021-04-15T10:09:13, true
9DDDD405-82E4-4C56-A6A6-E2B51ACAB5CF, 2021-04-15T10:10:16, true
9DDDD405-82E4-4C56-A6A6-E2B51ACAB5CF, 2021-04-15T10:11:19, true
9DDDD405-82E4-4C56-A6A6-E2B51ACAB5CF, 2021-04-15T10:12:46, true
9DDDD405-82E4-4C56-A6A6-E2B51ACAB5CF, 2021-04-15T10:13:49, true
9DDDD405-82E4-4C56-A6A6-E2B51ACAB5CF, 2021-04-15T10:14:49, false
9DDDD405-82E4-4C56-A6A6-E2B51ACAB5CF, 2021-04-15T10:15:37, true
9DDDD405-82E4-4C56-A6A6-E2B51ACAB5CF, 2021-04-15T10:16:39, true
9DDDD405-82E4-4C56-A6A6-E2B51ACAB5CF, 2021-04-15T10:17:42, true
9DDDD405-82E4-4C56-A6A6-E2B51ACAB5CF, 2021-04-15T10:18:44, true
9DDDD405-82E4-4C56-A6A6-E2B51ACAB5CF, 2021-04-15T10:19:48, true
9DDDD405-82E4-4C56-A6A6-E2B51ACAB5CF, 2021-04-15T10:20:50, true
9DDDD405-82E4-4C56-A6A6-E2B51ACAB5CF, 2021-04-15T10:21:54, true
9DDDD405-82E4-4C56-A6A6-E2B51ACAB5CF, 2021-04-15T10:22:55, true
9DDDD405-82E4-4C56-A6A6-E2B51ACAB5CF, 2021-04-15T10:23:57, true
9DDDD405-82E4-4C56-A6A6-E2B51ACAB5CF, 2021-04-15T10:25:00, true
9DDDD405-82E4-4C56-A6A6-E2B51ACAB5CF, 2021-04-15T10:26:14, true
9DDDD405-82E4-4C56-A6A6-E2B51ACAB5CF, 2021-04-15T10:27:16, true
9DDDD405-82E4-4C56-A6A6-E2B51ACAB5CF, 2021-04-15T10:28:43, true
9DDDD405-82E4-4C56-A6A6-E2B51ACAB5CF, 2021-04-15T10:29:44, true
9DDDD405-82E4-4C56-A6A6-E2B51ACAB5CF, 2021-04-15T10:30:55, true
9DDDD405-82E4-4C56-A6A6-E2B51ACAB5CF, 2021-04-15T10:32:13, true
9DDDD405-82E4-4C56-A6A6-E2B51ACAB5CF, 2021-04-15T10:33:15, true
9DDDD405-82E4-4C56-A6A6-E2B51ACAB5CF, 2021-04-15T10:34:18, true
9DDDD405-82E4-4C56-A6A6-E2B51ACAB5CF, 2021-04-15T10:35:21, true
9DDDD405-82E4-4C56-A6A6-E2B51ACAB5CF, 2021-04-15T10:36:25, true
9DDDD405-82E4-4C56-A6A6-E2B51ACAB5CF, 2021-04-15T10:37:28, true
9DDDD405-82E4-4C56-A6A6-E2B51ACAB5CF, 2021-04-15T10:38:28, false
9DDDD405-82E4-4C56-A6A6-E2B51ACAB5CF, 2021-04-15T10:39:28, false
9DDDD405-82E4-4C56-A6A6-E2B51ACAB5CF, 2021-04-15T10:40:28, false
9DDDD405-82E4-4C56-A6A6-E2B51ACAB5CF, 2021-04-15T10:41:28, false
9DDDD405-82E4-4C56-A6A6-E2B51ACAB5CF, 2021-04-15T10:42:28, false
9DDDD405-82E4-4C56-A6A6-E2B51ACAB5CF, 2021-04-15T10:43:28, false
9DDDD405-82E4-4C56-A6A6-E2B51ACAB5CF, 2021-04-15T10:44:28, false
9DDDD405-82E4-4C56-A6A6-E2B51ACAB5CF, 2021-04-15T10:45:28, false
9DDDD405-82E4-4C56-A6A6-E2B51ACAB5CF, 2021-04-15T10:46:28, false
9DDDD405-82E4-4C56-A6A6-E2B51ACAB5CF, 2021-04-15T10:47:28, false
9DDDD405-82E4-4C56-A6A6-E2B51ACAB5CF, 2021-04-15T10:48:28, false
9DDDD405-82E4-4C56-A6A6-E2B51ACAB5CF, 2021-04-15T10:49:28, false
9DDDD405-82E4-4C56-A6A6-E2B51ACAB5CF, 2021-04-15T10:50:28, false
9DDDD405-82E4-4C56-A6A6-E2B51ACAB5CF, 2021-04-15T10:51:28, false
9DDDD405-82E4-4C56-A6A6-E2B51ACAB5CF, 2021-04-15T10:52:28, false
9DDDD405-82E4-4C56-A6A6-E2B51ACAB5CF, 2021-04-15T10:53:28, false
9DDDD405-82E4-4C56-A6A6-E2B51ACAB5CF, 2021-04-15T10:54:28, false
9DDDD405-82E4-4C56-A6A6-E2B51ACAB5CF, 2021-04-15T10:55:28, false
9DDDD405-82E4-4C56-A6A6-E2B51ACAB5CF, 2021-04-15T10:56:28, false
9DDDD405-82E4-4C56-A6A6-E2B51ACAB5CF, 2021-04-15T10:57:28, false
9DDDD405-82E4-4C56-A6A6-E2B51ACAB5CF, 2021-04-15T10:58:28, false
9DDDD405-82E4-4C56-A6A6-E2B51ACAB5CF, 2021-04-15T10:59:28, false
9DDDD405-82E4-4C56-A6A6-E2B51ACAB5CF, 2021-04-15T11:00:28, false
9DDDD405-82E4-4C56-A6A6-E2B51ACAB5CF, 2021-04-15T11:01:28, false
9DDDD405-82E4-4C56-A6A6-E2B51ACAB5CF, 2021-04-15T11:02:28, false
9DDDD405-82E4-4C56-A6A6-E2B51ACAB5CF, 2021-04-15T11:03:28, false
9DDDD405-82E4-4C56-A6A6-E2B51ACAB5CF, 2021-04-15T11:04:28, false
9DDDD405-82E4-4C56-A6A6-E2B51ACAB5CF, 2021-04-15T11:05:28, false
9DDDD405-82E4-4C56-A6A6-E2B51ACAB5CF, 2021-04-15T11:06:28, false
9DDDD405-82E4-4C56-A6A6-E2B51ACAB5CF, 2021-04-15T11:07:28, false
9DDDD405-82E4-4C56-A6A6-E2B51ACAB5CF, 2021-04-15T11:08:28, false
9DDDD405-82E4-4C56-A6A6-E2B51ACAB5CF, 2021-04-15T11:09:28, false
9DDDD405-82E4-4C56-A6A6-E2B51ACAB5CF, 2021-04-15T11:10:28, false
9DDDD405-82E4-4C56-A6A6-E2B51ACAB5CF, 2021-04-15T11:11:28, false
9DDDD405-82E4-4C56-A6A6-E2B51ACAB5CF, 2021-04-15T11:12:28, false
9DDDD405-82E4-4C56-A6A6-E2B51ACAB5CF, 2021-04-15T11:13:28, false
9DDDD405-82E4-4C56-A6A6-E2B51ACAB5CF, 2021-04-15T11:14:28, false
9DDDD405-82E4-4C56-A6A6-E2B51ACAB5CF, 2021-04-15T11:15:28, false
9DDDD405-82E4-4C56-A6A6-E2B51ACAB5CF, 2021-04-15T11:16:28, false
9DDDD405-82E4-4C56-A6A6-E2B51ACAB5CF, 2021-04-15T11:17:28, false
9DDDD405-82E4-4C56-A6A6-E2B51ACAB5CF, 2021-04-15T11:18:28, false
9DDDD405-82E4-4C56-A6A6-E2B51ACAB5CF, 2021-04-15T11:19:28, false
9DDDD405-82E4-4C56-A6A6-E2B51ACAB5CF, 2021-04-15T11:20:28, false
9DDDD405-82E4-4C56-A6A6-E2B51ACAB5CF, 2021-04-15T11:21:28, false
9DDDD405-82E4-4C56-A6A6-E2B51ACAB5CF, 2021-04-15T11:22:28, false
9DDDD405-82E4-4C56-A6A6-E2B51ACAB5CF, 2021-04-15T11:23:28, false
9DDDD405-82E4-4C56-A6A6-E2B51ACAB5CF, 2021-04-15T11:24:28, false
9DDDD405-82E4-4C56-A6A6-E2B51ACAB5CF, 2021-04-15T11:25:28, false
9DDDD405-82E4-4C56-A6A6-E2B51ACAB5CF, 2021-04-15T11:26:28, false
9DDDD405-82E4-4C56-A6A6-E2B51ACAB5CF, 2021-04-15T11:27:28, false
9DDDD405-82E4-4C56-A6A6-E2B51ACAB5CF, 2021-04-15T11:28:28, false
9DDDD405-82E4-4C56-A6A6-E2B51ACAB5CF, 2021-04-15T11:29:28, false
9DDDD405-82E4-4C56-A6A6-E2B51ACAB5CF, 2021-04-15T11:30:28, false
9DDDD405-82E4-4C56-A6A6-E2B51ACAB5CF, 2021-04-15T11:31:28, false
9DDDD405-82E4-4C56-A6A6-E2B51ACAB5CF, 2021-04-15T11:32:28, false
9DDDD405-82E4-4C56-A6A6-E2B51ACAB5CF, 2021-04-15T11:33:28, false
9DDDD405-82E4-4C56-A6A6-E2B51ACAB5CF, 2021-04-15T11:34:28, false
9DDDD405-82E4-4C56-A6A6-E2B51ACAB5CF, 2021-04-15T11:35:28, false
9DDDD405-82E4-4C56-A6A6-E2B51ACAB5CF, 2021-04-15T11:36:28, false
9DDDD405-82E4-4C56-A6A6-E2B51ACAB5CF, 2021-04-15T11:37:28, false
9DDDD405-82E4-4C56-A6A6-E2B51ACAB5CF, 2021-04-15T11:38:28, false
9DDDD405-82E4-4C56-A6A6-E2B51ACAB5CF, 2021-04-15T11:39:28, false
9DDDD405-82E4-4C56-A6A6-E2B51ACAB5CF, 2021-04-15T11:40:28, false
9DDDD405-82E4-4C56-A6A6-E2B51ACAB5CF, 2021-04-15T11:41:28, false
9DDDD405-82E4-4C56-A6A6-E2B51ACAB5CF, 2021-04-15T11:42:28, false
9DDDD405-82E4-4C56-A6A6-E2B51ACAB5CF, 2021-04-15T11:43:28, false
9DDDD405-82E4-4C56-A6A6-E2B51ACAB5CF, 2021-04-15T11:44:28, false
9DDDD405-82E4-4C56-A6A6-E2B51ACAB5CF, 2021-04-15T11:45:28, false
9DDDD405-82E4-4C56-A6A6-E2B51ACAB5CF, 2021-04-15T11:46:28, false
9DDDD405-82E4-4C56-A6A6-E2B51ACAB5CF, 2021-04-15T11:47:28, false
9DDDD405-82E4-4C56-A6A6-E2B51ACAB5CF, 2021-04-15T11:48:28, false
9DDDD405-82E4-4C56-A6A6-E2B51ACAB5CF, 2021-04-15T11:49:28, false
9DDDD405-82E4-4C56-A6A6-E2B51ACAB5CF, 2021-04-15T11:50:28, false
9DDDD405-82E4-4C56-A6A6-E2B51ACAB5CF, 2021-04-15T11:51:28, false
9DDDD405-82E4-4C56-A6A6-E2B51ACAB5CF, 2021-04-15T11:52:28, false
9DDDD405-82E4-4C56-A6A6-E2B51ACAB5CF, 2021-04-15T11:53:28, false
9DDDD405-82E4-4C56-A6A6-E2B51ACAB5CF, 2021-04-15T11:54:28, false
9DDDD405-82E4-4C56-A6A6-E2B51ACAB5CF, 2021-04-15T11:55:28, false
9DDDD405-82E4-4C56-A6A6-E2B51ACAB5CF, 2021-04-15T11:56:28, false
9DDDD405-82E4-4C56-A6A6-E2B51ACAB5CF, 2021-04-15T11:57:28, false
9DDDD405-82E4-4C56-A6A6-E2B51ACAB5CF, 2021-04-15T11:58:28, false
9DDDD405-82E4-4C56-A6A6-E2B51ACAB5CF, 2021-04-15T11:59:28, false
9DDDD405-82E4-4C56-A6A6-E2B51ACAB5CF, 2021-04-15T12:00:28, false
9DDDD405-82E4-4C56-A6A6-E2B51ACAB5CF, 2021-04-15T12:01:28, false
9DDDD405-82E4-4C56-A6A6-E2B51ACAB5CF, 2021-04-15T12:02:28, false
9DDDD405-82E4-4C56-A6A6-E2B51ACAB5CF, 2021-04-15T12:03:28, false
9DDDD405-82E4-4C56-A6A6-E2B51ACAB5CF, 2021-04-15T12:04:28, false
9DDDD405-82E4-4C56-A6A6-E2B51ACAB5CF, 2021-04-15T12:05:28, false
9DDDD405-82E4-4C56-A6A6-E2B51ACAB5CF, 2021-04-15T12:06:28, false
9DDDD405-82E4-4C56-A6A6-E2B51ACAB5CF, 2021-04-15T12:07:28, false
9DDDD405-82E4-4C56-A6A6-E2B51ACAB5CF, 2021-04-15T12:08:28, false
9DDDD405-82E4-4C56-A6A6-E2B51ACAB5CF, 2021-04-15T12:09:28, false
9DDDD405-82E4-4C56-A6A6-E2B51ACAB5CF, 2021-04-15T12:10:28, false
9DDDD405-82E4-4C56-A6A6-E2B51ACAB5CF, 2021-04-15T12:11:28, false
9DDDD405-82E4-4C56-A6A6-E2B51ACAB5CF, 2021-04-15T12:12:28, false
9DDDD405-82E4-4C56-A6A6-E2B51ACAB5CF, 2021-04-15T12:13:28, false
9DDDD405-82E4-4C56-A6A6-E2B51ACAB5CF, 2021-04-15T12:14:28, false
9DDDD405-82E4-4C56-A6A6-E2B51ACAB5CF, 2021-04-15T12:15:28, false
9DDDD405-82E4-4C56-A6A6-E2B51ACAB5CF, 2021-04-15T12:16:28, false
9DDDD405-82E4-4C56-A6A6-E2B51ACAB5CF, 2021-04-15T12:17:28, false
9DDDD405-82E4-4C56-A6A6-E2B51ACAB5CF, 2021-04-15T12:18:28, false
9DDDD405-82E4-4C56-A6A6-E2B51ACAB5CF, 2021-04-15T12:19:28, false
9DDDD405-82E4-4C56-A6A6-E2B51ACAB5CF, 2021-04-15T12:20:28, false
9DDDD405-82E4-4C56-A6A6-E2B51ACAB5CF, 2021-04-15T12:21:28, false
9DDDD405-82E4-4C56-A6A6-E2B51ACAB5CF, 2021-04-15T12:22:28, false
9DDDD405-82E4-4C56-A6A6-E2B51ACAB5CF, 2021-04-15T12:23:28, false
9DDDD405-82E4-4C56-A6A6-E2B51ACAB5CF, 2021-04-15T12:24:28, false
9DDDD405-82E4-4C56-A6A6-E2B51ACAB5CF, 2021-04-15T12:25:28, false
9DDDD405-82E4-4C56-A6A6-E2B51ACAB5CF, 2021-04-15T12:26:28, false
9DDDD405-82E4-4C56-A6A6-E2B51ACAB5CF, 2021-04-15T12:27:28, false
9DDDD405-82E4-4C56-A6A6-E2B51ACAB5CF, 2021-04-15T12:28:28, false
9DDDD405-82E4-4C56-A6A6-E2B51ACAB5CF, 2021-04-15T12:29:28, false
9DDDD405-82E4-4C56-A6A6-E2B51ACAB5CF, 2021-04-15T12:30:28, false
9DDDD405-82E4-4C56-A6A6-E2B51ACAB5CF, 2021-04-15T12:31:28, false
9DDDD405-82E4-4C56-A6A6-E2B51ACAB5CF, 2021-04-15T12:32:28, false
9DDDD405-82E4-4C56-A6A6-E2B51ACAB5CF, 2021-04-15T12:33:28, false
9DDDD405-82E4-4C56-A6A6-E2B51ACAB5CF, 2021-04-15T12:34:28, false
9DDDD405-82E4-4C56-A6A6-E2B51ACAB5CF, 2021-04-15T12:35:28, false
9DDDD405-82E4-4C56-A6A6-E2B51ACAB5CF, 2021-04-15T12:36:28, false
9DDDD405-82E4-4C56-A6A6-E2B51ACAB5CF, 2021-04-15T12:37:28, false
9DDDD405-82E4-4C56-A6A6-E2B51ACAB5CF, 2021-04-15T12:38:28, false
9DDDD405-82E4-4C56-A6A6-E2B51ACAB5CF, 2021-04-15T12:39:28, false
9DDDD405-82E4-4C56-A6A6-E2B51ACAB5CF, 2021-04-15T12:40:28, false
9DDDD405-82E4-4C56-A6A6-E2B51ACAB5CF, 2021-04-15T12:41:28, false
9DDDD405-82E4-4C56-A6A6-E2B51ACAB5CF, 2021-04-15T12:42:28, false
9DDDD405-82E4-4C56-A6A6-E2B51ACAB5CF, 2021-04-15T12:43:28, false
9DDDD405-82E4-4C56-A6A6-E2B51ACAB5CF, 2021-04-15T12:44:28, false
9DDDD405-82E4-4C56-A6A6-E2B51ACAB5CF, 2021-04-15T12:45:28, false
9DDDD405-82E4-4C56-A6A6-E2B51ACAB5CF, 2021-04-15T12:46:28, false
9DDDD405-82E4-4C56-A6A6-E2B51ACAB5CF, 2021-04-15T12:47:28, false
9DDDD405-82E4-4C56-A6A6-E2B51ACAB5CF, 2021-04-15T12:48:28, false
9DDDD405-82E4-4C56-A6A6-E2B51ACAB5CF, 2021-04-15T12:49:28, false
9DDDD405-82E4-4C56-A6A6-E2B51ACAB5CF, 2021-04-15T12:50:28, false
9DDDD405-82E4-4C56-A6A6-E2B51ACAB5CF, 2021-04-15T12:51:28, false
9DDDD405-82E4-4C56-A6A6-E2B51ACAB5CF, 2021-04-15T12:52:28, false
9DDDD405-82E4-4C56-A6A6-E2B51ACAB5CF, 2021-04-15T12:53:28, false
9DDDD405-82E4-4C56-A6A6-E2B51ACAB5CF, 2021-04-15T12:54:28, false
9DDDD405-82E4-4C56-A6A6-E2B51ACAB5CF, 2021-04-15T12:55:28, false
9DDDD405-82E4-4C56-A6A6-E2B51ACAB5CF, 2021-04-15T12:56:28, false
9DDDD405-82E4-4C56-A6A6-E2B51ACAB5CF, 2021-04-15T12:57:28, false
9DDDD405-82E4-4C56-A6A6-E2B51ACAB5CF, 2021-04-15T12:58:28, false
9DDDD405-82E4-4C56-A6A6-E2B51ACAB5CF, 2021-04-15T12:59:28, false
9DDDD405-82E4-4C56-A6A6-E2B51ACAB5CF, 2021-04-15T13:00:28, false
9DDDD405-82E4-4C56-A6A6-E2B51ACAB5CF, 2021-04-15T13:01:28, false
9DDDD405-82E4-4C56-A6A6-E2B51ACAB5CF, 2021-04-15T13:02:28, false
9DDDD405-82E4-4C56-A6A6-E2B51ACAB5CF, 2021-04-15T13:03:28, false
9DDDD405-82E4-4C56-A6A6-E2B51ACAB5CF, 2021-04-15T13:04:28, false
9DDDD405-82E4-4C56-A6A6-E2B51ACAB5CF, 2021-04-15T13:05:28, false
9DDDD405-82E4-4C56-A6A6-E2B51ACAB5CF, 2021-04-15T13:06:28, false
9DDDD405-82E4-4C56-A6A6-E2B51ACAB5CF, 2021-04-15T13:07:28, false
9DDDD405-82E4-4C56-A6A6-E2B51ACAB5CF, 2021-04-15T13:08:28, false
9DDDD405-82E4-4C56-A6A6-E2B51ACAB5CF, 2021-04-15T13:09:28, false
9DDDD405-82E4-4C56-A6A6-E2B51ACAB5CF, 2021-04-15T13:10:28, false
9DDDD405-82E4-4C56-A6A6-E2B51ACAB5CF, 2021-04-15T13:11:28, false
9DDDD405-82E4-4C56-A6A6-E2B51ACAB5CF, 2021-04-15T13:12:28, false
9DDDD405-82E4-4C56-A6A6-E2B51ACAB5CF, 2021-04-15T13:13:28, false
9DDDD405-82E4-4C56-A6A6-E2B51ACAB5CF, 2021-04-15T13:14:28, false
9DDDD405-82E4-4C56-A6A6-E2B51ACAB5CF, 2021-04-15T13:15:28, false
9DDDD405-82E4-4C56-A6A6-E2B51ACAB5CF, 2021-04-15T13:16:28, false
9DDDD405-82E4-4C56-A6A6-E2B51ACAB5CF, 2021-04-15T13:17:28, false
9DDDD405-82E4-4C56-A6A6-E2B51ACAB5CF, 2021-04-15T13:18:28, false
9DDDD405-82E4-4C56-A6A6-E2B51ACAB5CF, 2021-04-15T13:19:28, false
9DDDD405-82E4-4C56-A6A6-E2B51ACAB5CF, 2021-04-15T13:20:28, false
9DDDD405-82E4-4C56-A6A6-E2B51ACAB5CF, 2021-04-15T13:21:28, false
9DDDD405-82E4-4C56-A6A6-E2B51ACAB5CF, 2021-04-15T13:22:28, false
9DDDD405-82E4-4C56-A6A6-E2B51ACAB5CF, 2021-04-15T13:23:28, false
9DDDD405-82E4-4C56-A6A6-E2B51ACAB5CF, 2021-04-15T13:24:28, false
9DDDD405-82E4-4C56-A6A6-E2B51ACAB5CF, 2021-04-15T13:25:28, false
9DDDD405-82E4-4C56-A6A6-E2B51ACAB5CF, 2021-04-15T13:26:28, false
9DDDD405-82E4-4C56-A6A6-E2B51ACAB5CF, 2021-04-15T13:27:28, false
9DDDD405-82E4-4C56-A6A6-E2B51ACAB5CF, 2021-04-15T13:28:28, false
9DDDD405-82E4-4C56-A6A6-E2B51ACAB5CF, 2021-04-15T13:29:28, false
9DDDD405-82E4-4C56-A6A6-E2B51ACAB5CF, 2021-04-15T13:30:28, false
9DDDD405-82E4-4C56-A6A6-E2B51ACAB5CF, 2021-04-15T13:31:28, false
9DDDD405-82E4-4C56-A6A6-E2B51ACAB5CF, 2021-04-15T13:32:28, false
9DDDD405-82E4-4C56-A6A6-E2B51ACAB5CF, 2021-04-15T13:33:28, false
9DDDD405-82E4-4C56-A6A6-E2B51ACAB5CF, 2021-04-15T13:34:28, false
9DDDD405-82E4-4C56-A6A6-E2B51ACAB5CF, 2021-04-15T13:35:28, false
9DDDD405-82E4-4C56-A6A6-E2B51ACAB5CF, 2021-04-15T13:36:28, false
9DDDD405-82E4-4C56-A6A6-E2B51ACAB5CF, 2021-04-15T13:37:28, false
9DDDD405-82E4-4C56-A6A6-E2B51ACAB5CF, 2021-04-15T13:38:28, false
9DDDD405-82E4-4C56-A6A6-E2B51ACAB5CF, 2021-04-15T13:39:28, false
9DDDD405-82E4-4C56-A6A6-E2B51ACAB5CF, 2021-04-15T13:40:28, false
9DDDD405-82E4-4C56-A6A6-E2B51ACAB5CF, 2021-04-15T13:41:28, false
9DDDD405-82E4-4C56-A6A6-E2B51ACAB5CF, 2021-04-15T13:42:28, false
9DDDD405-82E4-4C56-A6A6-E2B51ACAB5CF, 2021-04-15T13:43:28, false
9DDDD405-82E4-4C56-A6A6-E2B51ACAB5CF, 2021-04-15T13:44:28, false
9DDDD405-82E4-4C56-A6A6-E2B51ACAB5CF, 2021-04-15T13:45:28, false
9DDDD405-82E4-4C56-A6A6-E2B51ACAB5CF, 2021-04-15T13:46:28, false
9DDDD405-82E4-4C56-A6A6-E2B51ACAB5CF, 2021-04-15T13:47:28, false
9DDDD405-82E4-4C56-A6A6-E2B51ACAB5CF, 2021-04-15T13:48:28, false
9DDDD405-82E4-4C56-A6A6-E2B51ACAB5CF, 2021-04-15T13:49:28, false
9DDDD405-82E4-4C56-A6A6-E2B51ACAB5CF, 2021-04-15T13:50:28, false
9DDDD405-82E4-4C56-A6A6-E2B51ACAB5CF, 2021-04-15T13:51:28, false
9DDDD405-82E4-4C56-A6A6-E2B51ACAB5CF, 2021-04-15T13:52:12, true
9DDDD405-82E4-4C56-A6A6-E2B51ACAB5CF, 2021-04-15T13:53:20, true
9DDDD405-82E4-4C56-A6A6-E2B51ACAB5CF, 2021-04-15T13:54:27, true
9DDDD405-82E4-4C56-A6A6-E2B51ACAB5CF, 2021-04-15T13:55:48, true
9DDDD405-82E4-4C56-A6A6-E2B51ACAB5CF, 2021-04-15T13:56:56, true
9DDDD405-82E4-4C56-A6A6-E2B51ACAB5CF, 2021-04-15T13:58:01, true
9DDDD405-82E4-4C56-A6A6-E2B51ACAB5CF, 2021-04-15T13:59:05, true
9DDDD405-82E4-4C56-A6A6-E2B51ACAB5CF, 2021-04-15T14:00:08, true
9DDDD405-82E4-4C56-A6A6-E2B51ACAB5CF, 2021-04-15T14:01:15, true
9DDDD405-82E4-4C56-A6A6-E2B51ACAB5CF, 2021-04-15T14:02:18, true
9DDDD405-82E4-4C56-A6A6-E2B51ACAB5CF, 2021-04-15T14:03:22, true
9DDDD405-82E4-4C56-A6A6-E2B51ACAB5CF, 2021-04-15T14:04:25, true
9DDDD405-82E4-4C56-A6A6-E2B51ACAB5CF, 2021-04-15T14:05:29, true
9DDDD405-82E4-4C56-A6A6-E2B51ACAB5CF, 2021-04-15T14:06:30, true
9DDDD405-82E4-4C56-A6A6-E2B51ACAB5CF, 2021-04-15T14:07:53, true
9DDDD405-82E4-4C56-A6A6-E2B51ACAB5CF, 2021-04-15T14:08:54, true
9DDDD405-82E4-4C56-A6A6-E2B51ACAB5CF, 2021-04-15T14:09:58, true
9DDDD405-82E4-4C56-A6A6-E2B51ACAB5CF, 2021-04-15T14:11:21, true
9DDDD405-82E4-4C56-A6A6-E2B51ACAB5CF, 2021-04-15T14:12:22, true
9DDDD405-82E4-4C56-A6A6-E2B51ACAB5CF, 2021-04-15T14:13:25, true
9DDDD405-82E4-4C56-A6A6-E2B51ACAB5CF, 2021-04-15T14:14:47, true
9DDDD405-82E4-4C56-A6A6-E2B51ACAB5CF, 2021-04-15T14:15:51, true
9DDDD405-82E4-4C56-A6A6-E2B51ACAB5CF, 2021-04-15T14:16:54, true
9DDDD405-82E4-4C56-A6A6-E2B51ACAB5CF, 2021-04-15T14:17:57, true
9DDDD405-82E4-4C56-A6A6-E2B51ACAB5CF, 2021-04-15T14:18:58, true
9DDDD405-82E4-4C56-A6A6-E2B51ACAB5CF, 2021-04-15T14:20:01, true
9DDDD405-82E4-4C56-A6A6-E2B51ACAB5CF, 2021-04-15T14:21:05, true
9DDDD405-82E4-4C56-A6A6-E2B51ACAB5CF, 2021-04-15T14:22:05, true
9DDDD405-82E4-4C56-A6A6-E2B51ACAB5CF, 2021-04-15T14:23:11, true
9DDDD405-82E4-4C56-A6A6-E2B51ACAB5CF, 2021-04-15T14:24:13, true
9DDDD405-82E4-4C56-A6A6-E2B51ACAB5CF, 2021-04-15T14:25:16, true
9DDDD405-82E4-4C56-A6A6-E2B51ACAB5CF, 2021-04-15T14:26:19, true
9DDDD405-82E4-4C56-A6A6-E2B51ACAB5CF, 2021-04-15T14:27:20, true
9DDDD405-82E4-4C56-A6A6-E2B51ACAB5CF, 2021-04-15T14:28:23, true
9DDDD405-82E4-4C56-A6A6-E2B51ACAB5CF, 2021-04-15T14:29:24, true
9DDDD405-82E4-4C56-A6A6-E2B51ACAB5CF, 2021-04-15T14:30:27, true
9DDDD405-82E4-4C56-A6A6-E2B51ACAB5CF, 2021-04-15T14:31:29, true
9DDDD405-82E4-4C56-A6A6-E2B51ACAB5CF, 2021-04-15T14:32:29, true
9DDDD405-82E4-4C56-A6A6-E2B51ACAB5CF, 2021-04-15T14:33:30, true
9DDDD405-82E4-4C56-A6A6-E2B51ACAB5CF, 2021-04-15T14:34:35, true
9DDDD405-82E4-4C56-A6A6-E2B51ACAB5CF, 2021-04-15T14:35:38, true
9DDDD405-82E4-4C56-A6A6-E2B51ACAB5CF, 2021-04-15T14:36:40, true
9DDDD405-82E4-4C56-A6A6-E2B51ACAB5CF, 2021-04-15T14:37:42, true
9DDDD405-82E4-4C56-A6A6-E2B51ACAB5CF, 2021-04-15T14:38:46, true
9DDDD405-82E4-4C56-A6A6-E2B51ACAB5CF, 2021-04-15T14:39:49, true
9DDDD405-82E4-4C56-A6A6-E2B51ACAB5CF, 2021-04-15T14:40:50, true
9DDDD405-82E4-4C56-A6A6-E2B51ACAB5CF, 2021-04-15T14:41:52, true
9DDDD405-82E4-4C56-A6A6-E2B51ACAB5CF, 2021-04-15T14:42:56, true
9DDDD405-82E4-4C56-A6A6-E2B51ACAB5CF, 2021-04-15T14:43:59, true
9DDDD405-82E4-4C56-A6A6-E2B51ACAB5CF, 2021-04-15T14:45:11, true
9DDDD405-82E4-4C56-A6A6-E2B51ACAB5CF, 2021-04-15T14:46:24, true
9DDDD405-82E4-4C56-A6A6-E2B51ACAB5CF, 2021-04-15T14:47:25, true
9DDDD405-82E4-4C56-A6A6-E2B51ACAB5CF, 2021-04-15T14:48:28, true
9DDDD405-82E4-4C56-A6A6-E2B51ACAB5CF, 2021-04-15T14:49:32, true
9DDDD405-82E4-4C56-A6A6-E2B51ACAB5CF, 2021-04-15T14:50:34, true
9DDDD405-82E4-4C56-A6A6-E2B51ACAB5CF, 2021-04-15T14:51:38, true
9DDDD405-82E4-4C56-A6A6-E2B51ACAB5CF, 2021-04-15T14:52:45, true
9DDDD405-82E4-4C56-A6A6-E2B51ACAB5CF, 2021-04-15T14:53:48, true
9DDDD405-82E4-4C56-A6A6-E2B51ACAB5CF, 2021-04-15T14:54:51, true
9DDDD405-82E4-4C56-A6A6-E2B51ACAB5CF, 2021-04-15T14:56:04, true
9DDDD405-82E4-4C56-A6A6-E2B51ACAB5CF, 2021-04-15T14:57:08, true
9DDDD405-82E4-4C56-A6A6-E2B51ACAB5CF, 2021-04-15T14:58:11, true
9DDDD405-82E4-4C56-A6A6-E2B51ACAB5CF, 2021-04-15T14:59:12, true
9DDDD405-82E4-4C56-A6A6-E2B51ACAB5CF, 2021-04-15T15:00:18, true
9DDDD405-82E4-4C56-A6A6-E2B51ACAB5CF, 2021-04-15T15:01:19, true
9DDDD405-82E4-4C56-A6A6-E2B51ACAB5CF, 2021-04-15T15:02:22, true
9DDDD405-82E4-4C56-A6A6-E2B51ACAB5CF, 2021-04-15T15:03:24, true
9DDDD405-82E4-4C56-A6A6-E2B51ACAB5CF, 2021-04-15T15:04:24, true
9DDDD405-82E4-4C56-A6A6-E2B51ACAB5CF, 2021-04-15T15:05:27, true
9DDDD405-82E4-4C56-A6A6-E2B51ACAB5CF, 2021-04-15T15:06:30, true
9DDDD405-82E4-4C56-A6A6-E2B51ACAB5CF, 2021-04-15T15:07:37, true
9DDDD405-82E4-4C56-A6A6-E2B51ACAB5CF, 2021-04-15T15:08:41, true
9DDDD405-82E4-4C56-A6A6-E2B51ACAB5CF, 2021-04-15T15:09:46, true
9DDDD405-82E4-4C56-A6A6-E2B51ACAB5CF, 2021-04-15T15:10:47, true
9DDDD405-82E4-4C56-A6A6-E2B51ACAB5CF, 2021-04-15T15:11:50, true
9DDDD405-82E4-4C56-A6A6-E2B51ACAB5CF, 2021-04-15T15:12:50, false
9DDDD405-82E4-4C56-A6A6-E2B51ACAB5CF, 2021-04-15T15:13:50, false
9DDDD405-82E4-4C56-A6A6-E2B51ACAB5CF, 2021-04-15T15:14:50, false
9DDDD405-82E4-4C56-A6A6-E2B51ACAB5CF, 2021-04-15T15:15:50, false
9DDDD405-82E4-4C56-A6A6-E2B51ACAB5CF, 2021-04-15T15:16:50, false
9DDDD405-82E4-4C56-A6A6-E2B51ACAB5CF, 2021-04-15T15:17:50, false
9DDDD405-82E4-4C56-A6A6-E2B51ACAB5CF, 2021-04-15T15:18:50, false
9DDDD405-82E4-4C56-A6A6-E2B51ACAB5CF, 2021-04-15T15:19:50, false
9DDDD405-82E4-4C56-A6A6-E2B51ACAB5CF, 2021-04-15T15:20:50, false
9DDDD405-82E4-4C56-A6A6-E2B51ACAB5CF, 2021-04-15T15:21:50, false
9DDDD405-82E4-4C56-A6A6-E2B51ACAB5CF, 2021-04-15T15:22:50, false
9DDDD405-82E4-4C56-A6A6-E2B51ACAB5CF, 2021-04-15T15:23:50, false
9DDDD405-82E4-4C56-A6A6-E2B51ACAB5CF, 2021-04-15T15:24:50, false
9DDDD405-82E4-4C56-A6A6-E2B51ACAB5CF, 2021-04-15T15:25:50, false
9DDDD405-82E4-4C56-A6A6-E2B51ACAB5CF, 2021-04-15T15:26:50, false
9DDDD405-82E4-4C56-A6A6-E2B51ACAB5CF, 2021-04-15T15:27:50, false
9DDDD405-82E4-4C56-A6A6-E2B51ACAB5CF, 2021-04-15T15:28:50, false
9DDDD405-82E4-4C56-A6A6-E2B51ACAB5CF, 2021-04-15T15:29:50, false
9DDDD405-82E4-4C56-A6A6-E2B51ACAB5CF, 2021-04-15T15:30:50, false
9DDDD405-82E4-4C56-A6A6-E2B51ACAB5CF, 2021-04-15T15:31:50, false
9DDDD405-82E4-4C56-A6A6-E2B51ACAB5CF, 2021-04-15T15:32:50, false
9DDDD405-82E4-4C56-A6A6-E2B51ACAB5CF, 2021-04-15T15:33:50, false
9DDDD405-82E4-4C56-A6A6-E2B51ACAB5CF, 2021-04-15T15:34:50, false
9DDDD405-82E4-4C56-A6A6-E2B51ACAB5CF, 2021-04-15T15:35:50, false
9DDDD405-82E4-4C56-A6A6-E2B51ACAB5CF, 2021-04-15T15:36:50, false
9DDDD405-82E4-4C56-A6A6-E2B51ACAB5CF, 2021-04-15T15:37:50, false
9DDDD405-82E4-4C56-A6A6-E2B51ACAB5CF, 2021-04-15T15:38:50, false
9DDDD405-82E4-4C56-A6A6-E2B51ACAB5CF, 2021-04-15T15:39:50, false
9DDDD405-82E4-4C56-A6A6-E2B51ACAB5CF, 2021-04-15T15:40:50, false
9DDDD405-82E4-4C56-A6A6-E2B51ACAB5CF, 2021-04-15T15:41:50, false
9DDDD405-82E4-4C56-A6A6-E2B51ACAB5CF, 2021-04-15T15:42:50, false
9DDDD405-82E4-4C56-A6A6-E2B51ACAB5CF, 2021-04-15T15:43:50, false
9DDDD405-82E4-4C56-A6A6-E2B51ACAB5CF, 2021-04-15T15:44:50, false
9DDDD405-82E4-4C56-A6A6-E2B51ACAB5CF, 2021-04-15T15:45:50, false
9DDDD405-82E4-4C56-A6A6-E2B51ACAB5CF, 2021-04-15T15:46:50, false
9DDDD405-82E4-4C56-A6A6-E2B51ACAB5CF, 2021-04-15T15:47:50, false
9DDDD405-82E4-4C56-A6A6-E2B51ACAB5CF, 2021-04-15T15:48:50, false
9DDDD405-82E4-4C56-A6A6-E2B51ACAB5CF, 2021-04-15T15:49:50, false
9DDDD405-82E4-4C56-A6A6-E2B51ACAB5CF, 2021-04-15T15:50:50, false
9DDDD405-82E4-4C56-A6A6-E2B51ACAB5CF, 2021-04-15T15:51:50, false
9DDDD405-82E4-4C56-A6A6-E2B51ACAB5CF, 2021-04-15T15:52:50, false
9DDDD405-82E4-4C56-A6A6-E2B51ACAB5CF, 2021-04-15T15:53:50, false
9DDDD405-82E4-4C56-A6A6-E2B51ACAB5CF, 2021-04-15T15:54:50, false
9DDDD405-82E4-4C56-A6A6-E2B51ACAB5CF, 2021-04-15T15:55:50, false
9DDDD405-82E4-4C56-A6A6-E2B51ACAB5CF, 2021-04-15T15:56:50, false
9DDDD405-82E4-4C56-A6A6-E2B51ACAB5CF, 2021-04-15T15:57:50, false
9DDDD405-82E4-4C56-A6A6-E2B51ACAB5CF, 2021-04-15T15:58:50, false
9DDDD405-82E4-4C56-A6A6-E2B51ACAB5CF, 2021-04-15T15:59:50, false
9DDDD405-82E4-4C56-A6A6-E2B51ACAB5CF, 2021-04-15T16:00:50, false
9DDDD405-82E4-4C56-A6A6-E2B51ACAB5CF, 2021-04-15T16:01:50, false
9DDDD405-82E4-4C56-A6A6-E2B51ACAB5CF, 2021-04-15T16:02:50, false
9DDDD405-82E4-4C56-A6A6-E2B51ACAB5CF, 2021-04-15T16:03:50, false
9DDDD405-82E4-4C56-A6A6-E2B51ACAB5CF, 2021-04-15T16:04:50, false
9DDDD405-82E4-4C56-A6A6-E2B51ACAB5CF, 2021-04-15T16:05:50, false
9DDDD405-82E4-4C56-A6A6-E2B51ACAB5CF, 2021-04-15T16:06:50, false
9DDDD405-82E4-4C56-A6A6-E2B51ACAB5CF, 2021-04-15T16:07:50, false
9DDDD405-82E4-4C56-A6A6-E2B51ACAB5CF, 2021-04-15T16:08:50, false
9DDDD405-82E4-4C56-A6A6-E2B51ACAB5CF, 2021-04-15T16:09:50, false
9DDDD405-82E4-4C56-A6A6-E2B51ACAB5CF, 2021-04-15T16:10:50, false
9DDDD405-82E4-4C56-A6A6-E2B51ACAB5CF, 2021-04-15T16:11:50, false
9DDDD405-82E4-4C56-A6A6-E2B51ACAB5CF, 2021-04-15T16:12:50, false
9DDDD405-82E4-4C56-A6A6-E2B51ACAB5CF, 2021-04-15T16:13:50, false
9DDDD405-82E4-4C56-A6A6-E2B51ACAB5CF, 2021-04-15T16:14:50, false
9DDDD405-82E4-4C56-A6A6-E2B51ACAB5CF, 2021-04-15T16:15:50, false
9DDDD405-82E4-4C56-A6A6-E2B51ACAB5CF, 2021-04-15T16:16:50, false
9DDDD405-82E4-4C56-A6A6-E2B51ACAB5CF, 2021-04-15T16:17:50, false
9DDDD405-82E4-4C56-A6A6-E2B51ACAB5CF, 2021-04-15T16:18:50, false
9DDDD405-82E4-4C56-A6A6-E2B51ACAB5CF, 2021-04-15T16:19:50, false
9DDDD405-82E4-4C56-A6A6-E2B51ACAB5CF, 2021-04-15T16:20:50, false
9DDDD405-82E4-4C56-A6A6-E2B51ACAB5CF, 2021-04-15T16:21:50, false
9DDDD405-82E4-4C56-A6A6-E2B51ACAB5CF, 2021-04-15T16:22:50, false
9DDDD405-82E4-4C56-A6A6-E2B51ACAB5CF, 2021-04-15T16:23:50, false
9DDDD405-82E4-4C56-A6A6-E2B51ACAB5CF, 2021-04-15T16:24:50, false
9DDDD405-82E4-4C56-A6A6-E2B51ACAB5CF, 2021-04-15T16:25:50, false
9DDDD405-82E4-4C56-A6A6-E2B51ACAB5CF, 2021-04-15T16:26:50, false
9DDDD405-82E4-4C56-A6A6-E2B51ACAB5CF, 2021-04-15T16:27:50, false
9DDDD405-82E4-4C56-A6A6-E2B51ACAB5CF, 2021-04-15T16:28:50, false
9DDDD405-82E4-4C56-A6A6-E2B51ACAB5CF, 2021-04-15T16:29:50, false
9DDDD405-82E4-4C56-A6A6-E2B51ACAB5CF, 2021-04-15T16:30:50, false
9DDDD405-82E4-4C56-A6A6-E2B51ACAB5CF, 2021-04-15T16:31:50, false
9DDDD405-82E4-4C56-A6A6-E2B51ACAB5CF, 2021-04-15T16:32:50, false
9DDDD405-82E4-4C56-A6A6-E2B51ACAB5CF, 2021-04-15T16:33:50, false
9DDDD405-82E4-4C56-A6A6-E2B51ACAB5CF, 2021-04-15T16:34:50, false
9DDDD405-82E4-4C56-A6A6-E2B51ACAB5CF, 2021-04-15T16:35:50, false
9DDDD405-82E4-4C56-A6A6-E2B51ACAB5CF, 2021-04-15T16:36:50, false
9DDDD405-82E4-4C56-A6A6-E2B51ACAB5CF, 2021-04-15T16:37:50, false
9DDDD405-82E4-4C56-A6A6-E2B51ACAB5CF, 2021-04-15T16:38:50, false
9DDDD405-82E4-4C56-A6A6-E2B51ACAB5CF, 2021-04-15T16:39:50, false
9DDDD405-82E4-4C56-A6A6-E2B51ACAB5CF, 2021-04-15T16:40:50, false
9DDDD405-82E4-4C56-A6A6-E2B51ACAB5CF, 2021-04-15T16:41:50, false
9DDDD405-82E4-4C56-A6A6-E2B51ACAB5CF, 2021-04-15T16:42:50, false
9DDDD405-82E4-4C56-A6A6-E2B51ACAB5CF, 2021-04-15T16:43:50, false
9DDDD405-82E4-4C56-A6A6-E2B51ACAB5CF, 2021-04-15T16:44:50, false
9DDDD405-82E4-4C56-A6A6-E2B51ACAB5CF, 2021-04-15T16:45:50, false
9DDDD405-82E4-4C56-A6A6-E2B51ACAB5CF, 2021-04-15T16:46:50, false
9DDDD405-82E4-4C56-A6A6-E2B51ACAB5CF, 2021-04-15T16:47:50, false
9DDDD405-82E4-4C56-A6A6-E2B51ACAB5CF, 2021-04-15T16:48:50, false
9DDDD405-82E4-4C56-A6A6-E2B51ACAB5CF, 2021-04-15T16:49:50, false
9DDDD405-82E4-4C56-A6A6-E2B51ACAB5CF, 2021-04-15T16:50:50, false
9DDDD405-82E4-4C56-A6A6-E2B51ACAB5CF, 2021-04-15T16:51:50, false
9DDDD405-82E4-4C56-A6A6-E2B51ACAB5CF, 2021-04-15T16:52:50, false
9DDDD405-82E4-4C56-A6A6-E2B51ACAB5CF, 2021-04-15T16:53:50, false
9DDDD405-82E4-4C56-A6A6-E2B51ACAB5CF, 2021-04-15T16:54:50, false
9DDDD405-82E4-4C56-A6A6-E2B51ACAB5CF, 2021-04-15T16:55:50, false
9DDDD405-82E4-4C56-A6A6-E2B51ACAB5CF, 2021-04-15T16:56:50, false
9DDDD405-82E4-4C56-A6A6-E2B51ACAB5CF, 2021-04-15T16:57:50, false
9DDDD405-82E4-4C56-A6A6-E2B51ACAB5CF, 2021-04-15T16:58:50, false
9DDDD405-82E4-4C56-A6A6-E2B51ACAB5CF, 2021-04-15T16:59:50, false
9DDDD405-82E4-4C56-A6A6-E2B51ACAB5CF, 2021-04-15T17:00:50, false
9DDDD405-82E4-4C56-A6A6-E2B51ACAB5CF, 2021-04-15T17:01:50, false
9DDDD405-82E4-4C56-A6A6-E2B51ACAB5CF, 2021-04-15T17:02:50, false
9DDDD405-82E4-4C56-A6A6-E2B51ACAB5CF, 2021-04-15T17:03:50, false
9DDDD405-82E4-4C56-A6A6-E2B51ACAB5CF, 2021-04-15T17:04:50, false
9DDDD405-82E4-4C56-A6A6-E2B51ACAB5CF, 2021-04-15T17:05:50, false
9DDDD405-82E4-4C56-A6A6-E2B51ACAB5CF, 2021-04-15T17:06:50, false
9DDDD405-82E4-4C56-A6A6-E2B51ACAB5CF, 2021-04-15T17:07:50, false
9DDDD405-82E4-4C56-A6A6-E2B51ACAB5CF, 2021-04-15T17:08:50, false
9DDDD405-82E4-4C56-A6A6-E2B51ACAB5CF, 2021-04-15T17:09:50, false
9DDDD405-82E4-4C56-A6A6-E2B51ACAB5CF, 2021-04-15T17:10:50, false
9DDDD405-82E4-4C56-A6A6-E2B51ACAB5CF, 2021-04-15T17:11:50, false
9DDDD405-82E4-4C56-A6A6-E2B51ACAB5CF, 2021-04-15T17:12:50, false
9DDDD405-82E4-4C56-A6A6-E2B51ACAB5CF, 2021-04-15T17:13:50, false
9DDDD405-82E4-4C56-A6A6-E2B51ACAB5CF, 2021-04-15T17:14:50, false
9DDDD405-82E4-4C56-A6A6-E2B51ACAB5CF, 2021-04-15T17:15:50, false
9DDDD405-82E4-4C56-A6A6-E2B51ACAB5CF, 2021-04-15T17:16:50, false
9DDDD405-82E4-4C56-A6A6-E2B51ACAB5CF, 2021-04-15T17:17:50, false
9DDDD405-82E4-4C56-A6A6-E2B51ACAB5CF, 2021-04-15T17:18:50, false
9DDDD405-82E4-4C56-A6A6-E2B51ACAB5CF, 2021-04-15T17:19:50, false
9DDDD405-82E4-4C56-A6A6-E2B51ACAB5CF, 2021-04-15T17:20:50, false
9DDDD405-82E4-4C56-A6A6-E2B51ACAB5CF, 2021-04-15T17:21:50, false
9DDDD405-82E4-4C56-A6A6-E2B51ACAB5CF, 2021-04-15T17:22:50, false
9DDDD405-82E4-4C56-A6A6-E2B51ACAB5CF, 2021-04-15T17:23:50, false
9DDDD405-82E4-4C56-A6A6-E2B51ACAB5CF, 2021-04-15T17:24:50, false
9DDDD405-82E4-4C56-A6A6-E2B51ACAB5CF, 2021-04-15T17:25:50, false
9DDDD405-82E4-4C56-A6A6-E2B51ACAB5CF, 2021-04-15T17:26:50, false
9DDDD405-82E4-4C56-A6A6-E2B51ACAB5CF, 2021-04-15T17:27:50, false
9DDDD405-82E4-4C56-A6A6-E2B51ACAB5CF, 2021-04-15T17:28:50, false
9DDDD405-82E4-4C56-A6A6-E2B51ACAB5CF, 2021-04-15T17:29:50, false
9DDDD405-82E4-4C56-A6A6-E2B51ACAB5CF, 2021-04-15T17:30:50, false
9DDDD405-82E4-4C56-A6A6-E2B51ACAB5CF, 2021-04-15T17:31:50, false
9DDDD405-82E4-4C56-A6A6-E2B51ACAB5CF, 2021-04-15T17:32:50, false
9DDDD405-82E4-4C56-A6A6-E2B51ACAB5CF, 2021-04-15T17:33:50, false
9DDDD405-82E4-4C56-A6A6-E2B51ACAB5CF, 2021-04-15T17:34:50, false
9DDDD405-82E4-4C56-A6A6-E2B51ACAB5CF, 2021-04-15T17:35:50, false
9DDDD405-82E4-4C56-A6A6-E2B51ACAB5CF, 2021-04-15T17:36:50, false
9DDDD405-82E4-4C56-A6A6-E2B51ACAB5CF, 2021-04-15T17:37:50, false
9DDDD405-82E4-4C56-A6A6-E2B51ACAB5CF, 2021-04-15T17:38:50, false
9DDDD405-82E4-4C56-A6A6-E2B51ACAB5CF, 2021-04-15T17:39:50, false
9DDDD405-82E4-4C56-A6A6-E2B51ACAB5CF, 2021-04-15T17:40:50, false
9DDDD405-82E4-4C56-A6A6-E2B51ACAB5CF, 2021-04-15T17:41:50, false
9DDDD405-82E4-4C56-A6A6-E2B51ACAB5CF, 2021-04-15T17:42:50, false
9DDDD405-82E4-4C56-A6A6-E2B51ACAB5CF, 2021-04-15T17:43:50, false
9DDDD405-82E4-4C56-A6A6-E2B51ACAB5CF, 2021-04-15T17:44:50, false
9DDDD405-82E4-4C56-A6A6-E2B51ACAB5CF, 2021-04-15T17:45:50, false
9DDDD405-82E4-4C56-A6A6-E2B51ACAB5CF, 2021-04-15T17:46:50, false
9DDDD405-82E4-4C56-A6A6-E2B51ACAB5CF, 2021-04-15T17:47:50, false
9DDDD405-82E4-4C56-A6A6-E2B51ACAB5CF, 2021-04-15T17:48:50, false
9DDDD405-82E4-4C56-A6A6-E2B51ACAB5CF, 2021-04-15T17:49:50, false
9DDDD405-82E4-4C56-A6A6-E2B51ACAB5CF, 2021-04-15T17:50:50, false
9DDDD405-82E4-4C56-A6A6-E2B51ACAB5CF, 2021-04-15T17:51:50, false
9DDDD405-82E4-4C56-A6A6-E2B51ACAB5CF, 2021-04-15T17:52:50, false
9DDDD405-82E4-4C56-A6A6-E2B51ACAB5CF, 2021-04-15T17:53:50, false
9DDDD405-82E4-4C56-A6A6-E2B51ACAB5CF, 2021-04-15T17:54:50, false
9DDDD405-82E4-4C56-A6A6-E2B51ACAB5CF, 2021-04-15T17:55:50, false
9DDDD405-82E4-4C56-A6A6-E2B51ACAB5CF, 2021-04-15T17:56:50, false
9DDDD405-82E4-4C56-A6A6-E2B51ACAB5CF, 2021-04-15T17:57:50, false
9DDDD405-82E4-4C56-A6A6-E2B51ACAB5CF, 2021-04-15T17:58:50, false
9DDDD405-82E4-4C56-A6A6-E2B51ACAB5CF, 2021-04-15T18:00:18, true
