Device, Measure Date Time, Exist
9DDDD405-82E4-4C56-A6A6-E2B51ACAB5CF, 2021-04-03T22:45:20, true
9DDDD405-82E4-4C56-A6A6-E2B51ACAB5CF, 2021-04-03T22:46:23, true
9DDDD405-82E4-4C56-A6A6-E2B51ACAB5CF, 2021-04-03T22:47:36, true
9DDDD405-82E4-4C56-A6A6-E2B51ACAB5CF, 2021-04-03T22:48:40, true
9DDDD405-82E4-4C56-A6A6-E2B51ACAB5CF, 2021-04-03T22:49:40, true
9DDDD405-82E4-4C56-A6A6-E2B51ACAB5CF, 2021-04-03T22:50:41, true
9DDDD405-82E4-4C56-A6A6-E2B51ACAB5CF, 2021-04-03T22:51:42, true
9DDDD405-82E4-4C56-A6A6-E2B51ACAB5CF, 2021-04-03T22:52:45, true
9DDDD405-82E4-4C56-A6A6-E2B51ACAB5CF, 2021-04-03T22:53:46, true
9DDDD405-82E4-4C56-A6A6-E2B51ACAB5CF, 2021-04-03T22:54:47, true
9DDDD405-82E4-4C56-A6A6-E2B51ACAB5CF, 2021-04-03T22:55:49, true
9DDDD405-82E4-4C56-A6A6-E2B51ACAB5CF, 2021-04-03T22:56:54, true
9DDDD405-82E4-4C56-A6A6-E2B51ACAB5CF, 2021-04-03T22:58:04, true
9DDDD405-82E4-4C56-A6A6-E2B51ACAB5CF, 2021-04-03T22:59:22, true
9DDDD405-82E4-4C56-A6A6-E2B51ACAB5CF, 2021-04-03T23:00:22, true
9DDDD405-82E4-4C56-A6A6-E2B51ACAB5CF, 2021-04-03T23:01:36, true
9DDDD405-82E4-4C56-A6A6-E2B51ACAB5CF, 2021-04-03T23:02:39, true
9DDDD405-82E4-4C56-A6A6-E2B51ACAB5CF, 2021-04-03T23:03:39, true
9DDDD405-82E4-4C56-A6A6-E2B51ACAB5CF, 2021-04-03T23:04:43, true
9DDDD405-82E4-4C56-A6A6-E2B51ACAB5CF, 2021-04-03T23:05:44, true
9DDDD405-82E4-4C56-A6A6-E2B51ACAB5CF, 2021-04-03T23:06:45, true
9DDDD405-82E4-4C56-A6A6-E2B51ACAB5CF, 2021-04-03T23:07:45, true
9DDDD405-82E4-4C56-A6A6-E2B51ACAB5CF, 2021-04-03T23:08:49, true
9DDDD405-82E4-4C56-A6A6-E2B51ACAB5CF, 2021-04-03T23:09:51, true
9DDDD405-82E4-4C56-A6A6-E2B51ACAB5CF, 2021-04-03T23:10:56, true
9DDDD405-82E4-4C56-A6A6-E2B51ACAB5CF, 2021-04-03T23:12:02, true
9DDDD405-82E4-4C56-A6A6-E2B51ACAB5CF, 2021-04-03T23:13:05, true
9DDDD405-82E4-4C56-A6A6-E2B51ACAB5CF, 2021-04-03T23:14:05, true
9DDDD405-82E4-4C56-A6A6-E2B51ACAB5CF, 2021-04-03T23:15:07, true
9DDDD405-82E4-4C56-A6A6-E2B51ACAB5CF, 2021-04-03T23:16:09, true
9DDDD405-82E4-4C56-A6A6-E2B51ACAB5CF, 2021-04-03T23:17:13, true
9DDDD405-82E4-4C56-A6A6-E2B51ACAB5CF, 2021-04-03T23:18:16, true
9DDDD405-82E4-4C56-A6A6-E2B51ACAB5CF, 2021-04-03T23:19:18, true
9DDDD405-82E4-4C56-A6A6-E2B51ACAB5CF, 2021-04-03T23:20:31, true
9DDDD405-82E4-4C56-A6A6-E2B51ACAB5CF, 2021-04-03T23:21:31, true
9DDDD405-82E4-4C56-A6A6-E2B51ACAB5CF, 2021-04-03T23:22:39, true
9DDDD405-82E4-4C56-A6A6-E2B51ACAB5CF, 2021-04-03T23:23:41, true
9DDDD405-82E4-4C56-A6A6-E2B51ACAB5CF, 2021-04-03T23:24:42, true
9DDDD405-82E4-4C56-A6A6-E2B51ACAB5CF, 2021-04-03T23:25:56, true
9DDDD405-82E4-4C56-A6A6-E2B51ACAB5CF, 2021-04-03T23:26:57, true
9DDDD405-82E4-4C56-A6A6-E2B51ACAB5CF, 2021-04-03T23:27:59, true
9DDDD405-82E4-4C56-A6A6-E2B51ACAB5CF, 2021-04-03T23:29:00, true
9DDDD405-82E4-4C56-A6A6-E2B51ACAB5CF, 2021-04-03T23:30:03, true
9DDDD405-82E4-4C56-A6A6-E2B51ACAB5CF, 2021-04-03T23:31:05, true
9DDDD405-82E4-4C56-A6A6-E2B51ACAB5CF, 2021-04-03T23:32:07, true
9DDDD405-82E4-4C56-A6A6-E2B51ACAB5CF, 2021-04-03T23:33:07, true
9DDDD405-82E4-4C56-A6A6-E2B51ACAB5CF, 2021-04-03T23:34:09, true
9DDDD405-82E4-4C56-A6A6-E2B51ACAB5CF, 2021-04-03T23:35:09, true
9DDDD405-82E4-4C56-A6A6-E2B51ACAB5CF, 2021-04-03T23:36:11, true
9DDDD405-82E4-4C56-A6A6-E2B51ACAB5CF, 2021-04-03T23:37:15, true
9DDDD405-82E4-4C56-A6A6-E2B51ACAB5CF, 2021-04-03T23:38:16, true
9DDDD405-82E4-4C56-A6A6-E2B51ACAB5CF, 2021-04-03T23:39:35, true
9DDDD405-82E4-4C56-A6A6-E2B51ACAB5CF, 2021-04-03T23:40:36, true
9DDDD405-82E4-4C56-A6A6-E2B51ACAB5CF, 2021-04-03T23:41:47, true
9DDDD405-82E4-4C56-A6A6-E2B51ACAB5CF, 2021-04-03T23:42:47, true
9DDDD405-82E4-4C56-A6A6-E2B51ACAB5CF, 2021-04-03T23:43:51, true
9DDDD405-82E4-4C56-A6A6-E2B51ACAB5CF, 2021-04-03T23:44:52, true
9DDDD405-82E4-4C56-A6A6-E2B51ACAB5CF, 2021-04-03T23:45:53, true
9DDDD405-82E4-4C56-A6A6-E2B51ACAB5CF, 2021-04-03T23:47:13, true
9DDDD405-82E4-4C56-A6A6-E2B51ACAB5CF, 2021-04-03T23:48:15, true
9DDDD405-82E4-4C56-A6A6-E2B51ACAB5CF, 2021-04-03T23:49:18, true
9DDDD405-82E4-4C56-A6A6-E2B51ACAB5CF, 2021-04-03T23:50:18, true
9DDDD405-82E4-4C56-A6A6-E2B51ACAB5CF, 2021-04-03T23:51:21, true
9DDDD405-82E4-4C56-A6A6-E2B51ACAB5CF, 2021-04-03T23:52:22, true
9DDDD405-82E4-4C56-A6A6-E2B51ACAB5CF, 2021-04-03T23:53:30, true
9DDDD405-82E4-4C56-A6A6-E2B51ACAB5CF, 2021-04-03T23:54:38, true
9DDDD405-82E4-4C56-A6A6-E2B51ACAB5CF, 2021-04-03T23:55:41, true
9DDDD405-82E4-4C56-A6A6-E2B51ACAB5CF, 2021-04-03T23:56:44, true
9DDDD405-82E4-4C56-A6A6-E2B51ACAB5CF, 2021-04-03T23:57:52, true
9DDDD405-82E4-4C56-A6A6-E2B51ACAB5CF, 2021-04-03T23:58:59, true
9DDDD405-82E4-4C56-A6A6-E2B51ACAB5CF, 2021-04-04T00:00:03, true
9DDDD405-82E4-4C56-A6A6-E2B51ACAB5CF, 2021-04-04T00:01:04, true
9DDDD405-82E4-4C56-A6A6-E2B51ACAB5CF, 2021-04-04T00:02:05, true
9DDDD405-82E4-4C56-A6A6-E2B51ACAB5CF, 2021-04-04T00:03:07, true
9DDDD405-82E4-4C56-A6A6-E2B51ACAB5CF, 2021-04-04T00:04:16, true
9DDDD405-82E4-4C56-A6A6-E2B51ACAB5CF, 2021-04-04T00:05:17, true
9DDDD405-82E4-4C56-A6A6-E2B51ACAB5CF, 2021-04-04T00:06:19, true
9DDDD405-82E4-4C56-A6A6-E2B51ACAB5CF, 2021-04-04T00:07:21, true
9DDDD405-82E4-4C56-A6A6-E2B51ACAB5CF, 2021-04-04T00:08:24, true
9DDDD405-82E4-4C56-A6A6-E2B51ACAB5CF, 2021-04-04T00:09:29, true
9DDDD405-82E4-4C56-A6A6-E2B51ACAB5CF, 2021-04-04T00:10:29, true
9DDDD405-82E4-4C56-A6A6-E2B51ACAB5CF, 2021-04-04T00:11:30, true
9DDDD405-82E4-4C56-A6A6-E2B51ACAB5CF, 2021-04-04T00:12:32, true
9DDDD405-82E4-4C56-A6A6-E2B51ACAB5CF, 2021-04-04T00:13:33, true
9DDDD405-82E4-4C56-A6A6-E2B51ACAB5CF, 2021-04-04T00:14:37, true
9DDDD405-82E4-4C56-A6A6-E2B51ACAB5CF, 2021-04-04T00:15:38, true
9DDDD405-82E4-4C56-A6A6-E2B51ACAB5CF, 2021-04-04T00:16:40, true
9DDDD405-82E4-4C56-A6A6-E2B51ACAB5CF, 2021-04-04T00:17:40, true
9DDDD405-82E4-4C56-A6A6-E2B51ACAB5CF, 2021-04-04T00:18:41, true
9DDDD405-82E4-4C56-A6A6-E2B51ACAB5CF, 2021-04-04T00:19:45, true
9DDDD405-82E4-4C56-A6A6-E2B51ACAB5CF, 2021-04-04T00:20:46, true
9DDDD405-82E4-4C56-A6A6-E2B51ACAB5CF, 2021-04-04T00:21:48, true
9DDDD405-82E4-4C56-A6A6-E2B51ACAB5CF, 2021-04-04T00:22:49, true
9DDDD405-82E4-4C56-A6A6-E2B51ACAB5CF, 2021-04-04T00:23:50, true
9DDDD405-82E4-4C56-A6A6-E2B51ACAB5CF, 2021-04-04T00:24:51, true
9DDDD405-82E4-4C56-A6A6-E2B51ACAB5CF, 2021-04-04T00:25:58, true
9DDDD405-82E4-4C56-A6A6-E2B51ACAB5CF, 2021-04-04T00:27:01, true
9DDDD405-82E4-4C56-A6A6-E2B51ACAB5CF, 2021-04-04T00:28:03, true
9DDDD405-82E4-4C56-A6A6-E2B51ACAB5CF, 2021-04-04T00:29:05, true
9DDDD405-82E4-4C56-A6A6-E2B51ACAB5CF, 2021-04-04T00:30:06, true
9DDDD405-82E4-4C56-A6A6-E2B51ACAB5CF, 2021-04-04T00:31:09, true
9DDDD405-82E4-4C56-A6A6-E2B51ACAB5CF, 2021-04-04T00:32:10, true
9DDDD405-82E4-4C56-A6A6-E2B51ACAB5CF, 2021-04-04T00:33:11, true
9DDDD405-82E4-4C56-A6A6-E2B51ACAB5CF, 2021-04-04T00:34:13, true
9DDDD405-82E4-4C56-A6A6-E2B51ACAB5CF, 2021-04-04T00:35:15, true
9DDDD405-82E4-4C56-A6A6-E2B51ACAB5CF, 2021-04-04T00:36:17, true
9DDDD405-82E4-4C56-A6A6-E2B51ACAB5CF, 2021-04-04T00:37:19, true
9DDDD405-82E4-4C56-A6A6-E2B51ACAB5CF, 2021-04-04T00:38:24, true
9DDDD405-82E4-4C56-A6A6-E2B51ACAB5CF, 2021-04-04T00:39:27, true
9DDDD405-82E4-4C56-A6A6-E2B51ACAB5CF, 2021-04-04T00:40:33, true
9DDDD405-82E4-4C56-A6A6-E2B51ACAB5CF, 2021-04-04T00:41:34, true
9DDDD405-82E4-4C56-A6A6-E2B51ACAB5CF, 2021-04-04T00:42:38, true
9DDDD405-82E4-4C56-A6A6-E2B51ACAB5CF, 2021-04-04T00:43:40, true
9DDDD405-82E4-4C56-A6A6-E2B51ACAB5CF, 2021-04-04T00:44:42, true
9DDDD405-82E4-4C56-A6A6-E2B51ACAB5CF, 2021-04-04T00:45:44, true
9DDDD405-82E4-4C56-A6A6-E2B51ACAB5CF, 2021-04-04T00:47:04, true
9DDDD405-82E4-4C56-A6A6-E2B51ACAB5CF, 2021-04-04T00:48:13, true
9DDDD405-82E4-4C56-A6A6-E2B51ACAB5CF, 2021-04-04T00:49:16, true
9DDDD405-82E4-4C56-A6A6-E2B51ACAB5CF, 2021-04-04T00:50:18, true
9DDDD405-82E4-4C56-A6A6-E2B51ACAB5CF, 2021-04-04T00:51:22, true
9DDDD405-82E4-4C56-A6A6-E2B51ACAB5CF, 2021-04-04T00:52:23, true
9DDDD405-82E4-4C56-A6A6-E2B51ACAB5CF, 2021-04-04T00:53:23, true
9DDDD405-82E4-4C56-A6A6-E2B51ACAB5CF, 2021-04-04T00:54:26, true
9DDDD405-82E4-4C56-A6A6-E2B51ACAB5CF, 2021-04-04T00:55:28, true
9DDDD405-82E4-4C56-A6A6-E2B51ACAB5CF, 2021-04-04T00:56:31, true
9DDDD405-82E4-4C56-A6A6-E2B51ACAB5CF, 2021-04-04T00:57:31, true
9DDDD405-82E4-4C56-A6A6-E2B51ACAB5CF, 2021-04-04T00:58:33, true
9DDDD405-82E4-4C56-A6A6-E2B51ACAB5CF, 2021-04-04T00:59:36, true
9DDDD405-82E4-4C56-A6A6-E2B51ACAB5CF, 2021-04-04T01:00:39, true
9DDDD405-82E4-4C56-A6A6-E2B51ACAB5CF, 2021-04-04T01:01:43, true
9DDDD405-82E4-4C56-A6A6-E2B51ACAB5CF, 2021-04-04T01:02:45, true
9DDDD405-82E4-4C56-A6A6-E2B51ACAB5CF, 2021-04-04T01:03:48, true
9DDDD405-82E4-4C56-A6A6-E2B51ACAB5CF, 2021-04-04T01:04:51, true
9DDDD405-82E4-4C56-A6A6-E2B51ACAB5CF, 2021-04-04T01:05:51, true
9DDDD405-82E4-4C56-A6A6-E2B51ACAB5CF, 2021-04-04T01:06:52, true
9DDDD405-82E4-4C56-A6A6-E2B51ACAB5CF, 2021-04-04T01:07:54, true
9DDDD405-82E4-4C56-A6A6-E2B51ACAB5CF, 2021-04-04T01:08:57, true
9DDDD405-82E4-4C56-A6A6-E2B51ACAB5CF, 2021-04-04T01:10:18, true
9DDDD405-82E4-4C56-A6A6-E2B51ACAB5CF, 2021-04-04T01:11:20, true
9DDDD405-82E4-4C56-A6A6-E2B51ACAB5CF, 2021-04-04T01:12:22, true
9DDDD405-82E4-4C56-A6A6-E2B51ACAB5CF, 2021-04-04T01:13:24, true
9DDDD405-82E4-4C56-A6A6-E2B51ACAB5CF, 2021-04-04T01:14:27, true
9DDDD405-82E4-4C56-A6A6-E2B51ACAB5CF, 2021-04-04T01:15:28, true
9DDDD405-82E4-4C56-A6A6-E2B51ACAB5CF, 2021-04-04T01:16:31, true
9DDDD405-82E4-4C56-A6A6-E2B51ACAB5CF, 2021-04-04T01:17:32, true
9DDDD405-82E4-4C56-A6A6-E2B51ACAB5CF, 2021-04-04T01:18:35, true
9DDDD405-82E4-4C56-A6A6-E2B51ACAB5CF, 2021-04-04T01:19:48, true
9DDDD405-82E4-4C56-A6A6-E2B51ACAB5CF, 2021-04-04T01:20:58, true
9DDDD405-82E4-4C56-A6A6-E2B51ACAB5CF, 2021-04-04T01:22:00, true
9DDDD405-82E4-4C56-A6A6-E2B51ACAB5CF, 2021-04-04T01:23:06, true
9DDDD405-82E4-4C56-A6A6-E2B51ACAB5CF, 2021-04-04T01:24:06, true
9DDDD405-82E4-4C56-A6A6-E2B51ACAB5CF, 2021-04-04T01:25:08, true
9DDDD405-82E4-4C56-A6A6-E2B51ACAB5CF, 2021-04-04T01:26:08, true
9DDDD405-82E4-4C56-A6A6-E2B51ACAB5CF, 2021-04-04T01:27:10, true
9DDDD405-82E4-4C56-A6A6-E2B51ACAB5CF, 2021-04-04T01:28:12, true
9DDDD405-82E4-4C56-A6A6-E2B51ACAB5CF, 2021-04-04T01:29:14, true
9DDDD405-82E4-4C56-A6A6-E2B51ACAB5CF, 2021-04-04T01:30:14, true
9DDDD405-82E4-4C56-A6A6-E2B51ACAB5CF, 2021-04-04T01:31:14, true
9DDDD405-82E4-4C56-A6A6-E2B51ACAB5CF, 2021-04-04T01:32:27, true
9DDDD405-82E4-4C56-A6A6-E2B51ACAB5CF, 2021-04-04T01:33:28, true
9DDDD405-82E4-4C56-A6A6-E2B51ACAB5CF, 2021-04-04T01:34:30, true
9DDDD405-82E4-4C56-A6A6-E2B51ACAB5CF, 2021-04-04T01:35:45, true
9DDDD405-82E4-4C56-A6A6-E2B51ACAB5CF, 2021-04-04T01:36:46, true
9DDDD405-82E4-4C56-A6A6-E2B51ACAB5CF, 2021-04-04T01:37:49, true
9DDDD405-82E4-4C56-A6A6-E2B51ACAB5CF, 2021-04-04T01:38:52, true
9DDDD405-82E4-4C56-A6A6-E2B51ACAB5CF, 2021-04-04T01:39:55, true
9DDDD405-82E4-4C56-A6A6-E2B51ACAB5CF, 2021-04-04T01:40:57, true
9DDDD405-82E4-4C56-A6A6-E2B51ACAB5CF, 2021-04-04T01:41:59, true
9DDDD405-82E4-4C56-A6A6-E2B51ACAB5CF, 2021-04-04T01:43:08, true
9DDDD405-82E4-4C56-A6A6-E2B51ACAB5CF, 2021-04-04T01:44:09, true
9DDDD405-82E4-4C56-A6A6-E2B51ACAB5CF, 2021-04-04T01:45:11, true
9DDDD405-82E4-4C56-A6A6-E2B51ACAB5CF, 2021-04-04T01:46:13, true
9DDDD405-82E4-4C56-A6A6-E2B51ACAB5CF, 2021-04-04T01:47:13, true
9DDDD405-82E4-4C56-A6A6-E2B51ACAB5CF, 2021-04-04T01:48:20, true
9DDDD405-82E4-4C56-A6A6-E2B51ACAB5CF, 2021-04-04T01:49:22, true
9DDDD405-82E4-4C56-A6A6-E2B51ACAB5CF, 2021-04-04T01:50:24, true
9DDDD405-82E4-4C56-A6A6-E2B51ACAB5CF, 2021-04-04T01:51:26, true
9DDDD405-82E4-4C56-A6A6-E2B51ACAB5CF, 2021-04-04T01:52:28, true
9DDDD405-82E4-4C56-A6A6-E2B51ACAB5CF, 2021-04-04T01:53:32, true
9DDDD405-82E4-4C56-A6A6-E2B51ACAB5CF, 2021-04-04T01:54:41, true
9DDDD405-82E4-4C56-A6A6-E2B51ACAB5CF, 2021-04-04T01:55:42, true
9DDDD405-82E4-4C56-A6A6-E2B51ACAB5CF, 2021-04-04T01:56:46, true
9DDDD405-82E4-4C56-A6A6-E2B51ACAB5CF, 2021-04-04T01:57:47, true
9DDDD405-82E4-4C56-A6A6-E2B51ACAB5CF, 2021-04-04T01:58:50, true
9DDDD405-82E4-4C56-A6A6-E2B51ACAB5CF, 2021-04-04T02:00:01, true
9DDDD405-82E4-4C56-A6A6-E2B51ACAB5CF, 2021-04-04T02:01:04, true
9DDDD405-82E4-4C56-A6A6-E2B51ACAB5CF, 2021-04-04T02:02:04, true
9DDDD405-82E4-4C56-A6A6-E2B51ACAB5CF, 2021-04-04T02:03:06, true
9DDDD405-82E4-4C56-A6A6-E2B51ACAB5CF, 2021-04-04T02:04:09, true
9DDDD405-82E4-4C56-A6A6-E2B51ACAB5CF, 2021-04-04T02:05:16, true
9DDDD405-82E4-4C56-A6A6-E2B51ACAB5CF, 2021-04-04T02:06:16, true
9DDDD405-82E4-4C56-A6A6-E2B51ACAB5CF, 2021-04-04T02:07:20, true
9DDDD405-82E4-4C56-A6A6-E2B51ACAB5CF, 2021-04-04T02:08:24, true
9DDDD405-82E4-4C56-A6A6-E2B51ACAB5CF, 2021-04-04T02:09:25, true
9DDDD405-82E4-4C56-A6A6-E2B51ACAB5CF, 2021-04-04T02:10:27, true
9DDDD405-82E4-4C56-A6A6-E2B51ACAB5CF, 2021-04-04T02:11:30, true
9DDDD405-82E4-4C56-A6A6-E2B51ACAB5CF, 2021-04-04T02:12:30, true
9DDDD405-82E4-4C56-A6A6-E2B51ACAB5CF, 2021-04-04T02:13:34, true
9DDDD405-82E4-4C56-A6A6-E2B51ACAB5CF, 2021-04-04T02:14:38, true
9DDDD405-82E4-4C56-A6A6-E2B51ACAB5CF, 2021-04-04T02:15:54, true
9DDDD405-82E4-4C56-A6A6-E2B51ACAB5CF, 2021-04-04T02:16:58, true
9DDDD405-82E4-4C56-A6A6-E2B51ACAB5CF, 2021-04-04T02:17:58, true
9DDDD405-82E4-4C56-A6A6-E2B51ACAB5CF, 2021-04-04T02:18:58, true
9DDDD405-82E4-4C56-A6A6-E2B51ACAB5CF, 2021-04-04T02:19:59, true
9DDDD405-82E4-4C56-A6A6-E2B51ACAB5CF, 2021-04-04T02:21:00, true
9DDDD405-82E4-4C56-A6A6-E2B51ACAB5CF, 2021-04-04T02:22:03, true
9DDDD405-82E4-4C56-A6A6-E2B51ACAB5CF, 2021-04-04T02:23:04, true
9DDDD405-82E4-4C56-A6A6-E2B51ACAB5CF, 2021-04-04T02:24:05, true
9DDDD405-82E4-4C56-A6A6-E2B51ACAB5CF, 2021-04-04T02:25:09, true
9DDDD405-82E4-4C56-A6A6-E2B51ACAB5CF, 2021-04-04T02:26:12, true
9DDDD405-82E4-4C56-A6A6-E2B51ACAB5CF, 2021-04-04T02:27:13, true
9DDDD405-82E4-4C56-A6A6-E2B51ACAB5CF, 2021-04-04T02:28:14, true
9DDDD405-82E4-4C56-A6A6-E2B51ACAB5CF, 2021-04-04T02:29:16, true
9DDDD405-82E4-4C56-A6A6-E2B51ACAB5CF, 2021-04-04T02:30:18, true
9DDDD405-82E4-4C56-A6A6-E2B51ACAB5CF, 2021-04-04T02:31:24, true
9DDDD405-82E4-4C56-A6A6-E2B51ACAB5CF, 2021-04-04T02:32:25, true
9DDDD405-82E4-4C56-A6A6-E2B51ACAB5CF, 2021-04-04T02:33:38, true
9DDDD405-82E4-4C56-A6A6-E2B51ACAB5CF, 2021-04-04T02:34:39, true
9DDDD405-82E4-4C56-A6A6-E2B51ACAB5CF, 2021-04-04T02:35:42, true
9DDDD405-82E4-4C56-A6A6-E2B51ACAB5CF, 2021-04-04T02:36:43, true
9DDDD405-82E4-4C56-A6A6-E2B51ACAB5CF, 2021-04-04T02:37:49, true
9DDDD405-82E4-4C56-A6A6-E2B51ACAB5CF, 2021-04-04T02:38:51, true
9DDDD405-82E4-4C56-A6A6-E2B51ACAB5CF, 2021-04-04T02:39:52, true
9DDDD405-82E4-4C56-A6A6-E2B51ACAB5CF, 2021-04-04T02:40:53, true
9DDDD405-82E4-4C56-A6A6-E2B51ACAB5CF, 2021-04-04T02:41:54, true
9DDDD405-82E4-4C56-A6A6-E2B51ACAB5CF, 2021-04-04T02:42:56, true
9DDDD405-82E4-4C56-A6A6-E2B51ACAB5CF, 2021-04-04T02:43:59, true
9DDDD405-82E4-4C56-A6A6-E2B51ACAB5CF, 2021-04-04T02:45:00, true
9DDDD405-82E4-4C56-A6A6-E2B51ACAB5CF, 2021-04-04T02:46:02, true
9DDDD405-82E4-4C56-A6A6-E2B51ACAB5CF, 2021-04-04T02:47:02, true
9DDDD405-82E4-4C56-A6A6-E2B51ACAB5CF, 2021-04-04T02:48:05, true
9DDDD405-82E4-4C56-A6A6-E2B51ACAB5CF, 2021-04-04T02:49:16, true
9DDDD405-82E4-4C56-A6A6-E2B51ACAB5CF, 2021-04-04T02:50:18, true
9DDDD405-82E4-4C56-A6A6-E2B51ACAB5CF, 2021-04-04T02:51:22, true
9DDDD405-82E4-4C56-A6A6-E2B51ACAB5CF, 2021-04-04T02:52:22, true
9DDDD405-82E4-4C56-A6A6-E2B51ACAB5CF, 2021-04-04T02:53:24, true
9DDDD405-82E4-4C56-A6A6-E2B51ACAB5CF, 2021-04-04T02:54:28, true
9DDDD405-82E4-4C56-A6A6-E2B51ACAB5CF, 2021-04-04T02:55:28, true
9DDDD405-82E4-4C56-A6A6-E2B51ACAB5CF, 2021-04-04T02:56:29, true
9DDDD405-82E4-4C56-A6A6-E2B51ACAB5CF, 2021-04-04T02:57:33, true
9DDDD405-82E4-4C56-A6A6-E2B51ACAB5CF, 2021-04-04T02:58:33, true
9DDDD405-82E4-4C56-A6A6-E2B51ACAB5CF, 2021-04-04T02:59:37, true
9DDDD405-82E4-4C56-A6A6-E2B51ACAB5CF, 2021-04-04T03:00:38, true
9DDDD405-82E4-4C56-A6A6-E2B51ACAB5CF, 2021-04-04T03:01:40, true
9DDDD405-82E4-4C56-A6A6-E2B51ACAB5CF, 2021-04-04T03:02:43, true
9DDDD405-82E4-4C56-A6A6-E2B51ACAB5CF, 2021-04-04T03:03:46, true
9DDDD405-82E4-4C56-A6A6-E2B51ACAB5CF, 2021-04-04T03:04:49, true
9DDDD405-82E4-4C56-A6A6-E2B51ACAB5CF, 2021-04-04T03:05:51, true
9DDDD405-82E4-4C56-A6A6-E2B51ACAB5CF, 2021-04-04T03:06:51, true
9DDDD405-82E4-4C56-A6A6-E2B51ACAB5CF, 2021-04-04T03:07:53, true
9DDDD405-82E4-4C56-A6A6-E2B51ACAB5CF, 2021-04-04T03:08:54, true
9DDDD405-82E4-4C56-A6A6-E2B51ACAB5CF, 2021-04-04T03:09:58, true
9DDDD405-82E4-4C56-A6A6-E2B51ACAB5CF, 2021-04-04T03:11:03, true
9DDDD405-82E4-4C56-A6A6-E2B51ACAB5CF, 2021-04-04T03:12:03, true
9DDDD405-82E4-4C56-A6A6-E2B51ACAB5CF, 2021-04-04T03:13:06, true
9DDDD405-82E4-4C56-A6A6-E2B51ACAB5CF, 2021-04-04T03:14:06, true
9DDDD405-82E4-4C56-A6A6-E2B51ACAB5CF, 2021-04-04T03:15:06, true
9DDDD405-82E4-4C56-A6A6-E2B51ACAB5CF, 2021-04-04T03:16:09, true
9DDDD405-82E4-4C56-A6A6-E2B51ACAB5CF, 2021-04-04T03:17:10, true
9DDDD405-82E4-4C56-A6A6-E2B51ACAB5CF, 2021-04-04T03:18:10, true
9DDDD405-82E4-4C56-A6A6-E2B51ACAB5CF, 2021-04-04T03:19:11, true
9DDDD405-82E4-4C56-A6A6-E2B51ACAB5CF, 2021-04-04T03:20:13, true
9DDDD405-82E4-4C56-A6A6-E2B51ACAB5CF, 2021-04-04T03:21:13, true
9DDDD405-82E4-4C56-A6A6-E2B51ACAB5CF, 2021-04-04T03:22:14, true
9DDDD405-82E4-4C56-A6A6-E2B51ACAB5CF, 2021-04-04T03:23:14, true
9DDDD405-82E4-4C56-A6A6-E2B51ACAB5CF, 2021-04-04T03:24:15, true
9DDDD405-82E4-4C56-A6A6-E2B51ACAB5CF, 2021-04-04T03:25:18, true
9DDDD405-82E4-4C56-A6A6-E2B51ACAB5CF, 2021-04-04T03:26:20, true
9DDDD405-82E4-4C56-A6A6-E2B51ACAB5CF, 2021-04-04T03:27:23, true
9DDDD405-82E4-4C56-A6A6-E2B51ACAB5CF, 2021-04-04T03:28:24, true
9DDDD405-82E4-4C56-A6A6-E2B51ACAB5CF, 2021-04-04T03:29:26, true
9DDDD405-82E4-4C56-A6A6-E2B51ACAB5CF, 2021-04-04T03:30:29, true
9DDDD405-82E4-4C56-A6A6-E2B51ACAB5CF, 2021-04-04T03:31:33, true
9DDDD405-82E4-4C56-A6A6-E2B51ACAB5CF, 2021-04-04T03:32:33, true
9DDDD405-82E4-4C56-A6A6-E2B51ACAB5CF, 2021-04-04T03:33:34, true
9DDDD405-82E4-4C56-A6A6-E2B51ACAB5CF, 2021-04-04T03:34:37, true
9DDDD405-82E4-4C56-A6A6-E2B51ACAB5CF, 2021-04-04T03:36:02, true
9DDDD405-82E4-4C56-A6A6-E2B51ACAB5CF, 2021-04-04T03:37:04, true
9DDDD405-82E4-4C56-A6A6-E2B51ACAB5CF, 2021-04-04T03:38:07, true
9DDDD405-82E4-4C56-A6A6-E2B51ACAB5CF, 2021-04-04T03:39:10, true
9DDDD405-82E4-4C56-A6A6-E2B51ACAB5CF, 2021-04-04T03:40:13, true
9DDDD405-82E4-4C56-A6A6-E2B51ACAB5CF, 2021-04-04T03:41:15, true
9DDDD405-82E4-4C56-A6A6-E2B51ACAB5CF, 2021-04-04T03:42:16, true
9DDDD405-82E4-4C56-A6A6-E2B51ACAB5CF, 2021-04-04T03:43:19, true
9DDDD405-82E4-4C56-A6A6-E2B51ACAB5CF, 2021-04-04T03:44:29, true
9DDDD405-82E4-4C56-A6A6-E2B51ACAB5CF, 2021-04-04T03:45:29, true
9DDDD405-82E4-4C56-A6A6-E2B51ACAB5CF, 2021-04-04T03:46:32, true
9DDDD405-82E4-4C56-A6A6-E2B51ACAB5CF, 2021-04-04T03:47:37, true
9DDDD405-82E4-4C56-A6A6-E2B51ACAB5CF, 2021-04-04T03:48:38, true
9DDDD405-82E4-4C56-A6A6-E2B51ACAB5CF, 2021-04-04T03:49:38, false
9DDDD405-82E4-4C56-A6A6-E2B51ACAB5CF, 2021-04-04T03:50:11, true
9DDDD405-82E4-4C56-A6A6-E2B51ACAB5CF, 2021-04-04T03:51:13, true
9DDDD405-82E4-4C56-A6A6-E2B51ACAB5CF, 2021-04-04T03:52:14, true
9DDDD405-82E4-4C56-A6A6-E2B51ACAB5CF, 2021-04-04T03:53:16, true
9DDDD405-82E4-4C56-A6A6-E2B51ACAB5CF, 2021-04-04T03:54:17, true
9DDDD405-82E4-4C56-A6A6-E2B51ACAB5CF, 2021-04-04T03:55:26, true
9DDDD405-82E4-4C56-A6A6-E2B51ACAB5CF, 2021-04-04T03:56:26, true
9DDDD405-82E4-4C56-A6A6-E2B51ACAB5CF, 2021-04-04T03:57:30, true
9DDDD405-82E4-4C56-A6A6-E2B51ACAB5CF, 2021-04-04T03:58:34, true
9DDDD405-82E4-4C56-A6A6-E2B51ACAB5CF, 2021-04-04T03:59:37, true
9DDDD405-82E4-4C56-A6A6-E2B51ACAB5CF, 2021-04-04T04:00:41, true
9DDDD405-82E4-4C56-A6A6-E2B51ACAB5CF, 2021-04-04T04:01:44, true
9DDDD405-82E4-4C56-A6A6-E2B51ACAB5CF, 2021-04-04T04:02:47, true
9DDDD405-82E4-4C56-A6A6-E2B51ACAB5CF, 2021-04-04T04:03:50, true
9DDDD405-82E4-4C56-A6A6-E2B51ACAB5CF, 2021-04-04T04:04:50, true
9DDDD405-82E4-4C56-A6A6-E2B51ACAB5CF, 2021-04-04T04:05:59, true
9DDDD405-82E4-4C56-A6A6-E2B51ACAB5CF, 2021-04-04T04:07:01, true
9DDDD405-82E4-4C56-A6A6-E2B51ACAB5CF, 2021-04-04T04:08:03, true
9DDDD405-82E4-4C56-A6A6-E2B51ACAB5CF, 2021-04-04T04:09:08, true
9DDDD405-82E4-4C56-A6A6-E2B51ACAB5CF, 2021-04-04T04:10:10, true
9DDDD405-82E4-4C56-A6A6-E2B51ACAB5CF, 2021-04-04T04:11:13, true
9DDDD405-82E4-4C56-A6A6-E2B51ACAB5CF, 2021-04-04T04:12:13, true
9DDDD405-82E4-4C56-A6A6-E2B51ACAB5CF, 2021-04-04T04:13:16, true
9DDDD405-82E4-4C56-A6A6-E2B51ACAB5CF, 2021-04-04T04:14:18, true
9DDDD405-82E4-4C56-A6A6-E2B51ACAB5CF, 2021-04-04T04:15:22, true
9DDDD405-82E4-4C56-A6A6-E2B51ACAB5CF, 2021-04-04T04:16:23, true
9DDDD405-82E4-4C56-A6A6-E2B51ACAB5CF, 2021-04-04T04:17:29, true
9DDDD405-82E4-4C56-A6A6-E2B51ACAB5CF, 2021-04-04T04:18:41, true
9DDDD405-82E4-4C56-A6A6-E2B51ACAB5CF, 2021-04-04T04:19:42, true
9DDDD405-82E4-4C56-A6A6-E2B51ACAB5CF, 2021-04-04T04:20:44, true
9DDDD405-82E4-4C56-A6A6-E2B51ACAB5CF, 2021-04-04T04:21:44, true
9DDDD405-82E4-4C56-A6A6-E2B51ACAB5CF, 2021-04-04T04:22:46, true
9DDDD405-82E4-4C56-A6A6-E2B51ACAB5CF, 2021-04-04T04:23:49, true
9DDDD405-82E4-4C56-A6A6-E2B51ACAB5CF, 2021-04-04T04:24:51, true
9DDDD405-82E4-4C56-A6A6-E2B51ACAB5CF, 2021-04-04T04:25:55, true
9DDDD405-82E4-4C56-A6A6-E2B51ACAB5CF, 2021-04-04T04:27:18, true
9DDDD405-82E4-4C56-A6A6-E2B51ACAB5CF, 2021-04-04T04:28:32, true
9DDDD405-82E4-4C56-A6A6-E2B51ACAB5CF, 2021-04-04T04:29:35, true
9DDDD405-82E4-4C56-A6A6-E2B51ACAB5CF, 2021-04-04T04:30:35, true
9DDDD405-82E4-4C56-A6A6-E2B51ACAB5CF, 2021-04-04T04:31:35, true
9DDDD405-82E4-4C56-A6A6-E2B51ACAB5CF, 2021-04-04T04:32:42, true
9DDDD405-82E4-4C56-A6A6-E2B51ACAB5CF, 2021-04-04T04:33:43, true
9DDDD405-82E4-4C56-A6A6-E2B51ACAB5CF, 2021-04-04T04:34:44, true
9DDDD405-82E4-4C56-A6A6-E2B51ACAB5CF, 2021-04-04T04:35:48, true
9DDDD405-82E4-4C56-A6A6-E2B51ACAB5CF, 2021-04-04T04:36:49, true
9DDDD405-82E4-4C56-A6A6-E2B51ACAB5CF, 2021-04-04T04:37:51, true
9DDDD405-82E4-4C56-A6A6-E2B51ACAB5CF, 2021-04-04T04:38:57, true
9DDDD405-82E4-4C56-A6A6-E2B51ACAB5CF, 2021-04-04T04:39:57, true
9DDDD405-82E4-4C56-A6A6-E2B51ACAB5CF, 2021-04-04T04:40:59, true
9DDDD405-82E4-4C56-A6A6-E2B51ACAB5CF, 2021-04-04T04:41:59, true
9DDDD405-82E4-4C56-A6A6-E2B51ACAB5CF, 2021-04-04T04:43:01, true
9DDDD405-82E4-4C56-A6A6-E2B51ACAB5CF, 2021-04-04T04:44:07, true
9DDDD405-82E4-4C56-A6A6-E2B51ACAB5CF, 2021-04-04T04:45:09, true
9DDDD405-82E4-4C56-A6A6-E2B51ACAB5CF, 2021-04-04T04:46:12, true
9DDDD405-82E4-4C56-A6A6-E2B51ACAB5CF, 2021-04-04T04:47:15, true
9DDDD405-82E4-4C56-A6A6-E2B51ACAB5CF, 2021-04-04T04:48:15, true
9DDDD405-82E4-4C56-A6A6-E2B51ACAB5CF, 2021-04-04T04:49:18, true
9DDDD405-82E4-4C56-A6A6-E2B51ACAB5CF, 2021-04-04T04:50:29, true
9DDDD405-82E4-4C56-A6A6-E2B51ACAB5CF, 2021-04-04T04:51:33, true
9DDDD405-82E4-4C56-A6A6-E2B51ACAB5CF, 2021-04-04T04:52:36, true
9DDDD405-82E4-4C56-A6A6-E2B51ACAB5CF, 2021-04-04T04:53:39, true
9DDDD405-82E4-4C56-A6A6-E2B51ACAB5CF, 2021-04-04T04:54:40, true
9DDDD405-82E4-4C56-A6A6-E2B51ACAB5CF, 2021-04-04T04:55:44, true
9DDDD405-82E4-4C56-A6A6-E2B51ACAB5CF, 2021-04-04T04:56:46, true
9DDDD405-82E4-4C56-A6A6-E2B51ACAB5CF, 2021-04-04T04:57:48, true
9DDDD405-82E4-4C56-A6A6-E2B51ACAB5CF, 2021-04-04T04:58:50, true
9DDDD405-82E4-4C56-A6A6-E2B51ACAB5CF, 2021-04-04T04:59:52, true
9DDDD405-82E4-4C56-A6A6-E2B51ACAB5CF, 2021-04-04T05:01:03, true
9DDDD405-82E4-4C56-A6A6-E2B51ACAB5CF, 2021-04-04T05:02:04, true
9DDDD405-82E4-4C56-A6A6-E2B51ACAB5CF, 2021-04-04T05:03:25, true
9DDDD405-82E4-4C56-A6A6-E2B51ACAB5CF, 2021-04-04T05:04:27, true
9DDDD405-82E4-4C56-A6A6-E2B51ACAB5CF, 2021-04-04T05:05:28, true
9DDDD405-82E4-4C56-A6A6-E2B51ACAB5CF, 2021-04-04T05:06:31, true
9DDDD405-82E4-4C56-A6A6-E2B51ACAB5CF, 2021-04-04T05:07:34, true
9DDDD405-82E4-4C56-A6A6-E2B51ACAB5CF, 2021-04-04T05:08:35, true
9DDDD405-82E4-4C56-A6A6-E2B51ACAB5CF, 2021-04-04T05:09:38, true
9DDDD405-82E4-4C56-A6A6-E2B51ACAB5CF, 2021-04-04T05:10:42, true
9DDDD405-82E4-4C56-A6A6-E2B51ACAB5CF, 2021-04-04T05:11:51, true
9DDDD405-82E4-4C56-A6A6-E2B51ACAB5CF, 2021-04-04T05:12:51, true
9DDDD405-82E4-4C56-A6A6-E2B51ACAB5CF, 2021-04-04T05:13:55, true
9DDDD405-82E4-4C56-A6A6-E2B51ACAB5CF, 2021-04-04T05:14:58, true
9DDDD405-82E4-4C56-A6A6-E2B51ACAB5CF, 2021-04-04T05:16:01, true
9DDDD405-82E4-4C56-A6A6-E2B51ACAB5CF, 2021-04-04T05:17:04, true
9DDDD405-82E4-4C56-A6A6-E2B51ACAB5CF, 2021-04-04T05:18:07, true
9DDDD405-82E4-4C56-A6A6-E2B51ACAB5CF, 2021-04-04T05:19:08, true
9DDDD405-82E4-4C56-A6A6-E2B51ACAB5CF, 2021-04-04T05:20:09, true
9DDDD405-82E4-4C56-A6A6-E2B51ACAB5CF, 2021-04-04T05:21:13, true
9DDDD405-82E4-4C56-A6A6-E2B51ACAB5CF, 2021-04-04T05:22:15, true
9DDDD405-82E4-4C56-A6A6-E2B51ACAB5CF, 2021-04-04T05:23:17, true
9DDDD405-82E4-4C56-A6A6-E2B51ACAB5CF, 2021-04-04T05:24:21, true
9DDDD405-82E4-4C56-A6A6-E2B51ACAB5CF, 2021-04-04T05:25:22, true
9DDDD405-82E4-4C56-A6A6-E2B51ACAB5CF, 2021-04-04T05:26:25, true
9DDDD405-82E4-4C56-A6A6-E2B51ACAB5CF, 2021-04-04T05:27:25, true
9DDDD405-82E4-4C56-A6A6-E2B51ACAB5CF, 2021-04-04T05:28:27, true
9DDDD405-82E4-4C56-A6A6-E2B51ACAB5CF, 2021-04-04T05:29:28, true
9DDDD405-82E4-4C56-A6A6-E2B51ACAB5CF, 2021-04-04T05:30:31, true
9DDDD405-82E4-4C56-A6A6-E2B51ACAB5CF, 2021-04-04T05:31:36, true
9DDDD405-82E4-4C56-A6A6-E2B51ACAB5CF, 2021-04-04T05:32:39, true
9DDDD405-82E4-4C56-A6A6-E2B51ACAB5CF, 2021-04-04T05:33:47, true
9DDDD405-82E4-4C56-A6A6-E2B51ACAB5CF, 2021-04-04T05:35:01, true
9DDDD405-82E4-4C56-A6A6-E2B51ACAB5CF, 2021-04-04T05:36:02, true
9DDDD405-82E4-4C56-A6A6-E2B51ACAB5CF, 2021-04-04T05:37:04, true
9DDDD405-82E4-4C56-A6A6-E2B51ACAB5CF, 2021-04-04T05:38:04, true
9DDDD405-82E4-4C56-A6A6-E2B51ACAB5CF, 2021-04-04T05:39:05, true
9DDDD405-82E4-4C56-A6A6-E2B51ACAB5CF, 2021-04-04T05:40:06, true
9DDDD405-82E4-4C56-A6A6-E2B51ACAB5CF, 2021-04-04T05:41:08, true
9DDDD405-82E4-4C56-A6A6-E2B51ACAB5CF, 2021-04-04T05:42:11, true
9DDDD405-82E4-4C56-A6A6-E2B51ACAB5CF, 2021-04-04T05:43:14, true
9DDDD405-82E4-4C56-A6A6-E2B51ACAB5CF, 2021-04-04T05:44:14, true
9DDDD405-82E4-4C56-A6A6-E2B51ACAB5CF, 2021-04-04T05:45:26, true
9DDDD405-82E4-4C56-A6A6-E2B51ACAB5CF, 2021-04-04T05:46:27, true
9DDDD405-82E4-4C56-A6A6-E2B51ACAB5CF, 2021-04-04T05:47:30, true
9DDDD405-82E4-4C56-A6A6-E2B51ACAB5CF, 2021-04-04T05:48:30, true
9DDDD405-82E4-4C56-A6A6-E2B51ACAB5CF, 2021-04-04T05:49:36, true
9DDDD405-82E4-4C56-A6A6-E2B51ACAB5CF, 2021-04-04T05:50:37, true
9DDDD405-82E4-4C56-A6A6-E2B51ACAB5CF, 2021-04-04T05:51:39, true
9DDDD405-82E4-4C56-A6A6-E2B51ACAB5CF, 2021-04-04T05:52:41, true
9DDDD405-82E4-4C56-A6A6-E2B51ACAB5CF, 2021-04-04T05:53:44, true
9DDDD405-82E4-4C56-A6A6-E2B51ACAB5CF, 2021-04-04T05:54:48, true
9DDDD405-82E4-4C56-A6A6-E2B51ACAB5CF, 2021-04-04T05:55:55, true
9DDDD405-82E4-4C56-A6A6-E2B51ACAB5CF, 2021-04-04T05:56:59, true
9DDDD405-82E4-4C56-A6A6-E2B51ACAB5CF, 2021-04-04T05:58:11, true
9DDDD405-82E4-4C56-A6A6-E2B51ACAB5CF, 2021-04-04T05:59:15, true
9DDDD405-82E4-4C56-A6A6-E2B51ACAB5CF, 2021-04-04T06:00:17, true
9DDDD405-82E4-4C56-A6A6-E2B51ACAB5CF, 2021-04-04T06:01:17, true
9DDDD405-82E4-4C56-A6A6-E2B51ACAB5CF, 2021-04-04T06:02:19, true
9DDDD405-82E4-4C56-A6A6-E2B51ACAB5CF, 2021-04-04T06:03:20, true
9DDDD405-82E4-4C56-A6A6-E2B51ACAB5CF, 2021-04-04T06:04:22, true
9DDDD405-82E4-4C56-A6A6-E2B51ACAB5CF, 2021-04-04T06:05:22, true
9DDDD405-82E4-4C56-A6A6-E2B51ACAB5CF, 2021-04-04T06:06:26, true
9DDDD405-82E4-4C56-A6A6-E2B51ACAB5CF, 2021-04-04T06:07:26, true
9DDDD405-82E4-4C56-A6A6-E2B51ACAB5CF, 2021-04-04T06:08:27, true
9DDDD405-82E4-4C56-A6A6-E2B51ACAB5CF, 2021-04-04T06:09:28, true
9DDDD405-82E4-4C56-A6A6-E2B51ACAB5CF, 2021-04-04T06:10:31, true
9DDDD405-82E4-4C56-A6A6-E2B51ACAB5CF, 2021-04-04T06:11:33, true
9DDDD405-82E4-4C56-A6A6-E2B51ACAB5CF, 2021-04-04T06:12:34, true
9DDDD405-82E4-4C56-A6A6-E2B51ACAB5CF, 2021-04-04T06:13:37, true
9DDDD405-82E4-4C56-A6A6-E2B51ACAB5CF, 2021-04-04T06:14:48, true
9DDDD405-82E4-4C56-A6A6-E2B51ACAB5CF, 2021-04-04T06:15:52, true
9DDDD405-82E4-4C56-A6A6-E2B51ACAB5CF, 2021-04-04T06:16:54, true
9DDDD405-82E4-4C56-A6A6-E2B51ACAB5CF, 2021-04-04T06:18:18, true
9DDDD405-82E4-4C56-A6A6-E2B51ACAB5CF, 2021-04-04T06:19:21, true
9DDDD405-82E4-4C56-A6A6-E2B51ACAB5CF, 2021-04-04T06:20:24, true
9DDDD405-82E4-4C56-A6A6-E2B51ACAB5CF, 2021-04-04T06:21:24, true
9DDDD405-82E4-4C56-A6A6-E2B51ACAB5CF, 2021-04-04T06:22:26, true
9DDDD405-82E4-4C56-A6A6-E2B51ACAB5CF, 2021-04-04T06:23:31, true
9DDDD405-82E4-4C56-A6A6-E2B51ACAB5CF, 2021-04-04T06:24:35, true
9DDDD405-82E4-4C56-A6A6-E2B51ACAB5CF, 2021-04-04T06:25:37, true
9DDDD405-82E4-4C56-A6A6-E2B51ACAB5CF, 2021-04-04T06:26:38, true
9DDDD405-82E4-4C56-A6A6-E2B51ACAB5CF, 2021-04-04T06:27:39, true
9DDDD405-82E4-4C56-A6A6-E2B51ACAB5CF, 2021-04-04T06:28:45, true
9DDDD405-82E4-4C56-A6A6-E2B51ACAB5CF, 2021-04-04T06:29:48, true
9DDDD405-82E4-4C56-A6A6-E2B51ACAB5CF, 2021-04-04T06:30:55, true
9DDDD405-82E4-4C56-A6A6-E2B51ACAB5CF, 2021-04-04T06:31:56, true
9DDDD405-82E4-4C56-A6A6-E2B51ACAB5CF, 2021-04-04T06:33:03, true
9DDDD405-82E4-4C56-A6A6-E2B51ACAB5CF, 2021-04-04T06:34:05, true
9DDDD405-82E4-4C56-A6A6-E2B51ACAB5CF, 2021-04-04T06:35:07, true
9DDDD405-82E4-4C56-A6A6-E2B51ACAB5CF, 2021-04-04T06:36:13, true
9DDDD405-82E4-4C56-A6A6-E2B51ACAB5CF, 2021-04-04T06:37:15, true
9DDDD405-82E4-4C56-A6A6-E2B51ACAB5CF, 2021-04-04T06:38:16, true
9DDDD405-82E4-4C56-A6A6-E2B51ACAB5CF, 2021-04-04T06:39:19, true
9DDDD405-82E4-4C56-A6A6-E2B51ACAB5CF, 2021-04-04T06:40:31, true
9DDDD405-82E4-4C56-A6A6-E2B51ACAB5CF, 2021-04-04T06:41:32, true
9DDDD405-82E4-4C56-A6A6-E2B51ACAB5CF, 2021-04-04T06:42:33, true
9DDDD405-82E4-4C56-A6A6-E2B51ACAB5CF, 2021-04-04T06:43:34, true
9DDDD405-82E4-4C56-A6A6-E2B51ACAB5CF, 2021-04-04T06:44:36, true
9DDDD405-82E4-4C56-A6A6-E2B51ACAB5CF, 2021-04-04T06:45:36, true
9DDDD405-82E4-4C56-A6A6-E2B51ACAB5CF, 2021-04-04T06:46:38, true
9DDDD405-82E4-4C56-A6A6-E2B51ACAB5CF, 2021-04-04T06:47:40, true
9DDDD405-82E4-4C56-A6A6-E2B51ACAB5CF, 2021-04-04T06:48:42, true
9DDDD405-82E4-4C56-A6A6-E2B51ACAB5CF, 2021-04-04T06:49:46, true
9DDDD405-82E4-4C56-A6A6-E2B51ACAB5CF, 2021-04-04T06:50:49, true
9DDDD405-82E4-4C56-A6A6-E2B51ACAB5CF, 2021-04-04T06:51:52, true
9DDDD405-82E4-4C56-A6A6-E2B51ACAB5CF, 2021-04-04T06:52:54, true
9DDDD405-82E4-4C56-A6A6-E2B51ACAB5CF, 2021-04-04T06:53:56, true
9DDDD405-82E4-4C56-A6A6-E2B51ACAB5CF, 2021-04-04T06:55:01, true
9DDDD405-82E4-4C56-A6A6-E2B51ACAB5CF, 2021-04-04T06:56:02, true
9DDDD405-82E4-4C56-A6A6-E2B51ACAB5CF, 2021-04-04T06:57:07, true
9DDDD405-82E4-4C56-A6A6-E2B51ACAB5CF, 2021-04-04T06:58:09, true
9DDDD405-82E4-4C56-A6A6-E2B51ACAB5CF, 2021-04-04T06:59:11, true
9DDDD405-82E4-4C56-A6A6-E2B51ACAB5CF, 2021-04-04T07:00:13, true
9DDDD405-82E4-4C56-A6A6-E2B51ACAB5CF, 2021-04-04T07:01:15, true
9DDDD405-82E4-4C56-A6A6-E2B51ACAB5CF, 2021-04-04T07:02:16, true
9DDDD405-82E4-4C56-A6A6-E2B51ACAB5CF, 2021-04-04T07:03:18, true
9DDDD405-82E4-4C56-A6A6-E2B51ACAB5CF, 2021-04-04T07:04:22, true
9DDDD405-82E4-4C56-A6A6-E2B51ACAB5CF, 2021-04-04T07:05:25, true
9DDDD405-82E4-4C56-A6A6-E2B51ACAB5CF, 2021-04-04T07:06:28, true
9DDDD405-82E4-4C56-A6A6-E2B51ACAB5CF, 2021-04-04T07:07:57, true
9DDDD405-82E4-4C56-A6A6-E2B51ACAB5CF, 2021-04-04T07:09:16, true
9DDDD405-82E4-4C56-A6A6-E2B51ACAB5CF, 2021-04-04T07:10:23, true
9DDDD405-82E4-4C56-A6A6-E2B51ACAB5CF, 2021-04-04T07:11:42, true
9DDDD405-82E4-4C56-A6A6-E2B51ACAB5CF, 2021-04-04T07:12:54, true
9DDDD405-82E4-4C56-A6A6-E2B51ACAB5CF, 2021-04-04T07:13:58, true
9DDDD405-82E4-4C56-A6A6-E2B51ACAB5CF, 2021-04-04T07:15:01, true
9DDDD405-82E4-4C56-A6A6-E2B51ACAB5CF, 2021-04-04T07:16:02, true
9DDDD405-82E4-4C56-A6A6-E2B51ACAB5CF, 2021-04-04T07:17:03, true
9DDDD405-82E4-4C56-A6A6-E2B51ACAB5CF, 2021-04-04T07:18:04, true
9DDDD405-82E4-4C56-A6A6-E2B51ACAB5CF, 2021-04-04T07:19:05, true
9DDDD405-82E4-4C56-A6A6-E2B51ACAB5CF, 2021-04-04T07:20:08, true
9DDDD405-82E4-4C56-A6A6-E2B51ACAB5CF, 2021-04-04T07:21:12, true
9DDDD405-82E4-4C56-A6A6-E2B51ACAB5CF, 2021-04-04T07:22:14, true
9DDDD405-82E4-4C56-A6A6-E2B51ACAB5CF, 2021-04-04T07:23:15, true
9DDDD405-82E4-4C56-A6A6-E2B51ACAB5CF, 2021-04-04T07:24:28, true
9DDDD405-82E4-4C56-A6A6-E2B51ACAB5CF, 2021-04-04T07:25:31, true
9DDDD405-82E4-4C56-A6A6-E2B51ACAB5CF, 2021-04-04T07:26:32, true
9DDDD405-82E4-4C56-A6A6-E2B51ACAB5CF, 2021-04-04T07:27:35, true
9DDDD405-82E4-4C56-A6A6-E2B51ACAB5CF, 2021-04-04T07:28:39, true
9DDDD405-82E4-4C56-A6A6-E2B51ACAB5CF, 2021-04-04T07:29:41, true
9DDDD405-82E4-4C56-A6A6-E2B51ACAB5CF, 2021-04-04T07:30:44, true
9DDDD405-82E4-4C56-A6A6-E2B51ACAB5CF, 2021-04-04T07:31:47, true
9DDDD405-82E4-4C56-A6A6-E2B51ACAB5CF, 2021-04-04T07:32:50, true
9DDDD405-82E4-4C56-A6A6-E2B51ACAB5CF, 2021-04-04T07:33:52, true
9DDDD405-82E4-4C56-A6A6-E2B51ACAB5CF, 2021-04-04T07:34:52, true
9DDDD405-82E4-4C56-A6A6-E2B51ACAB5CF, 2021-04-04T07:36:21, true
9DDDD405-82E4-4C56-A6A6-E2B51ACAB5CF, 2021-04-04T07:37:23, true
9DDDD405-82E4-4C56-A6A6-E2B51ACAB5CF, 2021-04-04T07:38:28, true
9DDDD405-82E4-4C56-A6A6-E2B51ACAB5CF, 2021-04-04T07:39:29, true
9DDDD405-82E4-4C56-A6A6-E2B51ACAB5CF, 2021-04-04T07:40:33, true
9DDDD405-82E4-4C56-A6A6-E2B51ACAB5CF, 2021-04-04T07:41:36, true
9DDDD405-82E4-4C56-A6A6-E2B51ACAB5CF, 2021-04-04T07:42:40, true
9DDDD405-82E4-4C56-A6A6-E2B51ACAB5CF, 2021-04-04T07:43:44, true
9DDDD405-82E4-4C56-A6A6-E2B51ACAB5CF, 2021-04-04T07:44:46, true
9DDDD405-82E4-4C56-A6A6-E2B51ACAB5CF, 2021-04-04T07:45:47, true
9DDDD405-82E4-4C56-A6A6-E2B51ACAB5CF, 2021-04-04T07:46:49, true
9DDDD405-82E4-4C56-A6A6-E2B51ACAB5CF, 2021-04-04T07:47:51, true
9DDDD405-82E4-4C56-A6A6-E2B51ACAB5CF, 2021-04-04T07:48:52, true
9DDDD405-82E4-4C56-A6A6-E2B51ACAB5CF, 2021-04-04T07:49:54, true
9DDDD405-82E4-4C56-A6A6-E2B51ACAB5CF, 2021-04-04T07:50:56, true
9DDDD405-82E4-4C56-A6A6-E2B51ACAB5CF, 2021-04-04T07:51:57, true
9DDDD405-82E4-4C56-A6A6-E2B51ACAB5CF, 2021-04-04T07:53:02, true
9DDDD405-82E4-4C56-A6A6-E2B51ACAB5CF, 2021-04-04T07:54:02, true
9DDDD405-82E4-4C56-A6A6-E2B51ACAB5CF, 2021-04-04T07:55:03, true
9DDDD405-82E4-4C56-A6A6-E2B51ACAB5CF, 2021-04-04T07:56:04, true
9DDDD405-82E4-4C56-A6A6-E2B51ACAB5CF, 2021-04-04T07:57:18, true
9DDDD405-82E4-4C56-A6A6-E2B51ACAB5CF, 2021-04-04T07:58:19, true
9DDDD405-82E4-4C56-A6A6-E2B51ACAB5CF, 2021-04-04T07:59:21, true
9DDDD405-82E4-4C56-A6A6-E2B51ACAB5CF, 2021-04-04T08:00:23, true
9DDDD405-82E4-4C56-A6A6-E2B51ACAB5CF, 2021-04-04T08:01:26, true
9DDDD405-82E4-4C56-A6A6-E2B51ACAB5CF, 2021-04-04T08:02:29, true
9DDDD405-82E4-4C56-A6A6-E2B51ACAB5CF, 2021-04-04T08:03:31, true
9DDDD405-82E4-4C56-A6A6-E2B51ACAB5CF, 2021-04-04T08:04:32, true
9DDDD405-82E4-4C56-A6A6-E2B51ACAB5CF, 2021-04-04T08:05:32, true
9DDDD405-82E4-4C56-A6A6-E2B51ACAB5CF, 2021-04-04T08:06:36, true
9DDDD405-82E4-4C56-A6A6-E2B51ACAB5CF, 2021-04-04T08:07:42, true
9DDDD405-82E4-4C56-A6A6-E2B51ACAB5CF, 2021-04-04T08:08:42, true
9DDDD405-82E4-4C56-A6A6-E2B51ACAB5CF, 2021-04-04T08:09:43, true
9DDDD405-82E4-4C56-A6A6-E2B51ACAB5CF, 2021-04-04T08:10:44, true
9DDDD405-82E4-4C56-A6A6-E2B51ACAB5CF, 2021-04-04T08:11:51, true
9DDDD405-82E4-4C56-A6A6-E2B51ACAB5CF, 2021-04-04T08:13:01, true
9DDDD405-82E4-4C56-A6A6-E2B51ACAB5CF, 2021-04-04T08:14:04, true
9DDDD405-82E4-4C56-A6A6-E2B51ACAB5CF, 2021-04-04T08:15:09, true
9DDDD405-82E4-4C56-A6A6-E2B51ACAB5CF, 2021-04-04T08:16:13, true
9DDDD405-82E4-4C56-A6A6-E2B51ACAB5CF, 2021-04-04T08:17:15, true
9DDDD405-82E4-4C56-A6A6-E2B51ACAB5CF, 2021-04-04T08:18:17, true
9DDDD405-82E4-4C56-A6A6-E2B51ACAB5CF, 2021-04-04T08:19:18, true
9DDDD405-82E4-4C56-A6A6-E2B51ACAB5CF, 2021-04-04T08:20:19, true
9DDDD405-82E4-4C56-A6A6-E2B51ACAB5CF, 2021-04-04T08:21:19, false
9DDDD405-82E4-4C56-A6A6-E2B51ACAB5CF, 2021-04-04T08:22:19, false
9DDDD405-82E4-4C56-A6A6-E2B51ACAB5CF, 2021-04-04T08:23:19, false
9DDDD405-82E4-4C56-A6A6-E2B51ACAB5CF, 2021-04-04T08:24:19, false
9DDDD405-82E4-4C56-A6A6-E2B51ACAB5CF, 2021-04-04T08:25:19, false
9DDDD405-82E4-4C56-A6A6-E2B51ACAB5CF, 2021-04-04T08:26:19, false
9DDDD405-82E4-4C56-A6A6-E2B51ACAB5CF, 2021-04-04T08:27:19, false
9DDDD405-82E4-4C56-A6A6-E2B51ACAB5CF, 2021-04-04T08:28:19, false
9DDDD405-82E4-4C56-A6A6-E2B51ACAB5CF, 2021-04-04T08:29:19, false
9DDDD405-82E4-4C56-A6A6-E2B51ACAB5CF, 2021-04-04T08:30:35, true
9DDDD405-82E4-4C56-A6A6-E2B51ACAB5CF, 2021-04-04T08:31:36, true
9DDDD405-82E4-4C56-A6A6-E2B51ACAB5CF, 2021-04-04T08:32:38, true
9DDDD405-82E4-4C56-A6A6-E2B51ACAB5CF, 2021-04-04T08:33:41, true
9DDDD405-82E4-4C56-A6A6-E2B51ACAB5CF, 2021-04-04T08:34:41, true
9DDDD405-82E4-4C56-A6A6-E2B51ACAB5CF, 2021-04-04T08:35:54, true
9DDDD405-82E4-4C56-A6A6-E2B51ACAB5CF, 2021-04-04T08:36:57, true
9DDDD405-82E4-4C56-A6A6-E2B51ACAB5CF, 2021-04-04T08:37:58, true
9DDDD405-82E4-4C56-A6A6-E2B51ACAB5CF, 2021-04-04T08:39:01, true
9DDDD405-82E4-4C56-A6A6-E2B51ACAB5CF, 2021-04-04T08:40:02, true
9DDDD405-82E4-4C56-A6A6-E2B51ACAB5CF, 2021-04-04T08:41:08, true
9DDDD405-82E4-4C56-A6A6-E2B51ACAB5CF, 2021-04-04T08:42:20, true
9DDDD405-82E4-4C56-A6A6-E2B51ACAB5CF, 2021-04-04T08:43:21, true
9DDDD405-82E4-4C56-A6A6-E2B51ACAB5CF, 2021-04-04T08:44:24, true
9DDDD405-82E4-4C56-A6A6-E2B51ACAB5CF, 2021-04-04T08:45:34, true
9DDDD405-82E4-4C56-A6A6-E2B51ACAB5CF, 2021-04-04T08:46:36, true
9DDDD405-82E4-4C56-A6A6-E2B51ACAB5CF, 2021-04-04T08:47:38, true
9DDDD405-82E4-4C56-A6A6-E2B51ACAB5CF, 2021-04-04T08:48:41, true
9DDDD405-82E4-4C56-A6A6-E2B51ACAB5CF, 2021-04-04T08:49:43, true
9DDDD405-82E4-4C56-A6A6-E2B51ACAB5CF, 2021-04-04T08:50:47, true
9DDDD405-82E4-4C56-A6A6-E2B51ACAB5CF, 2021-04-04T08:51:48, true
9DDDD405-82E4-4C56-A6A6-E2B51ACAB5CF, 2021-04-04T08:52:59, true
9DDDD405-82E4-4C56-A6A6-E2B51ACAB5CF, 2021-04-04T08:54:02, true
9DDDD405-82E4-4C56-A6A6-E2B51ACAB5CF, 2021-04-04T08:55:03, true
9DDDD405-82E4-4C56-A6A6-E2B51ACAB5CF, 2021-04-04T08:56:06, true
9DDDD405-82E4-4C56-A6A6-E2B51ACAB5CF, 2021-04-04T08:57:08, true
9DDDD405-82E4-4C56-A6A6-E2B51ACAB5CF, 2021-04-04T08:58:08, true
9DDDD405-82E4-4C56-A6A6-E2B51ACAB5CF, 2021-04-04T08:59:10, true
9DDDD405-82E4-4C56-A6A6-E2B51ACAB5CF, 2021-04-04T09:00:11, true
9DDDD405-82E4-4C56-A6A6-E2B51ACAB5CF, 2021-04-04T09:01:12, true
9DDDD405-82E4-4C56-A6A6-E2B51ACAB5CF, 2021-04-04T09:02:14, true
9DDDD405-82E4-4C56-A6A6-E2B51ACAB5CF, 2021-04-04T09:03:17, true
9DDDD405-82E4-4C56-A6A6-E2B51ACAB5CF, 2021-04-04T09:04:19, true
9DDDD405-82E4-4C56-A6A6-E2B51ACAB5CF, 2021-04-04T09:05:19, true
9DDDD405-82E4-4C56-A6A6-E2B51ACAB5CF, 2021-04-04T09:06:22, true
9DDDD405-82E4-4C56-A6A6-E2B51ACAB5CF, 2021-04-04T09:07:50, true
9DDDD405-82E4-4C56-A6A6-E2B51ACAB5CF, 2021-04-04T09:08:50, true
9DDDD405-82E4-4C56-A6A6-E2B51ACAB5CF, 2021-04-04T09:09:57, true
9DDDD405-82E4-4C56-A6A6-E2B51ACAB5CF, 2021-04-04T09:10:58, true
9DDDD405-82E4-4C56-A6A6-E2B51ACAB5CF, 2021-04-04T09:11:59, true
9DDDD405-82E4-4C56-A6A6-E2B51ACAB5CF, 2021-04-04T09:13:00, true
9DDDD405-82E4-4C56-A6A6-E2B51ACAB5CF, 2021-04-04T09:14:03, true
9DDDD405-82E4-4C56-A6A6-E2B51ACAB5CF, 2021-04-04T09:15:16, true
9DDDD405-82E4-4C56-A6A6-E2B51ACAB5CF, 2021-04-04T09:16:22, true
9DDDD405-82E4-4C56-A6A6-E2B51ACAB5CF, 2021-04-04T09:17:25, true
9DDDD405-82E4-4C56-A6A6-E2B51ACAB5CF, 2021-04-04T09:18:28, true
9DDDD405-82E4-4C56-A6A6-E2B51ACAB5CF, 2021-04-04T09:19:30, true
9DDDD405-82E4-4C56-A6A6-E2B51ACAB5CF, 2021-04-04T09:20:32, true
9DDDD405-82E4-4C56-A6A6-E2B51ACAB5CF, 2021-04-04T09:21:34, true
9DDDD405-82E4-4C56-A6A6-E2B51ACAB5CF, 2021-04-04T09:22:35, true
9DDDD405-82E4-4C56-A6A6-E2B51ACAB5CF, 2021-04-04T09:23:37, true
9DDDD405-82E4-4C56-A6A6-E2B51ACAB5CF, 2021-04-04T09:24:40, true
9DDDD405-82E4-4C56-A6A6-E2B51ACAB5CF, 2021-04-04T09:25:50, true
9DDDD405-82E4-4C56-A6A6-E2B51ACAB5CF, 2021-04-04T09:26:52, true
9DDDD405-82E4-4C56-A6A6-E2B51ACAB5CF, 2021-04-04T09:27:54, true
9DDDD405-82E4-4C56-A6A6-E2B51ACAB5CF, 2021-04-04T09:28:57, true
9DDDD405-82E4-4C56-A6A6-E2B51ACAB5CF, 2021-04-04T09:29:58, true
9DDDD405-82E4-4C56-A6A6-E2B51ACAB5CF, 2021-04-04T09:30:59, true
9DDDD405-82E4-4C56-A6A6-E2B51ACAB5CF, 2021-04-04T09:32:01, true
9DDDD405-82E4-4C56-A6A6-E2B51ACAB5CF, 2021-04-04T09:33:04, true
9DDDD405-82E4-4C56-A6A6-E2B51ACAB5CF, 2021-04-04T09:34:06, true
9DDDD405-82E4-4C56-A6A6-E2B51ACAB5CF, 2021-04-04T09:35:06, false
9DDDD405-82E4-4C56-A6A6-E2B51ACAB5CF, 2021-04-04T09:36:09, true
9DDDD405-82E4-4C56-A6A6-E2B51ACAB5CF, 2021-04-04T09:37:13, true
9DDDD405-82E4-4C56-A6A6-E2B51ACAB5CF, 2021-04-04T09:38:15, true
9DDDD405-82E4-4C56-A6A6-E2B51ACAB5CF, 2021-04-04T09:39:18, true
9DDDD405-82E4-4C56-A6A6-E2B51ACAB5CF, 2021-04-04T09:40:18, false
9DDDD405-82E4-4C56-A6A6-E2B51ACAB5CF, 2021-04-04T09:40:52, true
9DDDD405-82E4-4C56-A6A6-E2B51ACAB5CF, 2021-04-04T09:41:52, false
9DDDD405-82E4-4C56-A6A6-E2B51ACAB5CF, 2021-04-04T09:42:47, true
9DDDD405-82E4-4C56-A6A6-E2B51ACAB5CF, 2021-04-04T09:43:50, true
9DDDD405-82E4-4C56-A6A6-E2B51ACAB5CF, 2021-04-04T09:44:51, true
9DDDD405-82E4-4C56-A6A6-E2B51ACAB5CF, 2021-04-04T09:45:51, false
9DDDD405-82E4-4C56-A6A6-E2B51ACAB5CF, 2021-04-04T09:46:51, false
9DDDD405-82E4-4C56-A6A6-E2B51ACAB5CF, 2021-04-04T09:47:51, false
9DDDD405-82E4-4C56-A6A6-E2B51ACAB5CF, 2021-04-04T09:48:51, false
9DDDD405-82E4-4C56-A6A6-E2B51ACAB5CF, 2021-04-04T09:49:51, false
9DDDD405-82E4-4C56-A6A6-E2B51ACAB5CF, 2021-04-04T09:50:51, false
9DDDD405-82E4-4C56-A6A6-E2B51ACAB5CF, 2021-04-04T09:51:51, false
9DDDD405-82E4-4C56-A6A6-E2B51ACAB5CF, 2021-04-04T09:52:51, false
9DDDD405-82E4-4C56-A6A6-E2B51ACAB5CF, 2021-04-04T09:53:51, false
9DDDD405-82E4-4C56-A6A6-E2B51ACAB5CF, 2021-04-04T09:54:51, false
9DDDD405-82E4-4C56-A6A6-E2B51ACAB5CF, 2021-04-04T09:56:04, true
9DDDD405-82E4-4C56-A6A6-E2B51ACAB5CF, 2021-04-04T09:57:09, true
9DDDD405-82E4-4C56-A6A6-E2B51ACAB5CF, 2021-04-04T09:58:21, true
9DDDD405-82E4-4C56-A6A6-E2B51ACAB5CF, 2021-04-04T09:59:21, false
9DDDD405-82E4-4C56-A6A6-E2B51ACAB5CF, 2021-04-04T10:00:21, false
9DDDD405-82E4-4C56-A6A6-E2B51ACAB5CF, 2021-04-04T10:01:21, false
9DDDD405-82E4-4C56-A6A6-E2B51ACAB5CF, 2021-04-04T10:02:21, false
9DDDD405-82E4-4C56-A6A6-E2B51ACAB5CF, 2021-04-04T10:03:21, false
9DDDD405-82E4-4C56-A6A6-E2B51ACAB5CF, 2021-04-04T10:04:21, false
9DDDD405-82E4-4C56-A6A6-E2B51ACAB5CF, 2021-04-04T10:05:21, false
9DDDD405-82E4-4C56-A6A6-E2B51ACAB5CF, 2021-04-04T10:06:21, false
9DDDD405-82E4-4C56-A6A6-E2B51ACAB5CF, 2021-04-04T10:07:21, false
9DDDD405-82E4-4C56-A6A6-E2B51ACAB5CF, 2021-04-04T10:08:21, false
9DDDD405-82E4-4C56-A6A6-E2B51ACAB5CF, 2021-04-04T10:09:21, false
9DDDD405-82E4-4C56-A6A6-E2B51ACAB5CF, 2021-04-04T10:10:21, false
9DDDD405-82E4-4C56-A6A6-E2B51ACAB5CF, 2021-04-04T10:11:21, false
9DDDD405-82E4-4C56-A6A6-E2B51ACAB5CF, 2021-04-04T10:12:21, false
9DDDD405-82E4-4C56-A6A6-E2B51ACAB5CF, 2021-04-04T10:13:21, false
9DDDD405-82E4-4C56-A6A6-E2B51ACAB5CF, 2021-04-04T10:14:21, false
9DDDD405-82E4-4C56-A6A6-E2B51ACAB5CF, 2021-04-04T10:15:21, false
9DDDD405-82E4-4C56-A6A6-E2B51ACAB5CF, 2021-04-04T10:16:21, false
9DDDD405-82E4-4C56-A6A6-E2B51ACAB5CF, 2021-04-04T10:17:21, false
9DDDD405-82E4-4C56-A6A6-E2B51ACAB5CF, 2021-04-04T10:18:21, false
9DDDD405-82E4-4C56-A6A6-E2B51ACAB5CF, 2021-04-04T10:19:21, false
9DDDD405-82E4-4C56-A6A6-E2B51ACAB5CF, 2021-04-04T10:20:21, false
9DDDD405-82E4-4C56-A6A6-E2B51ACAB5CF, 2021-04-04T10:21:21, false
9DDDD405-82E4-4C56-A6A6-E2B51ACAB5CF, 2021-04-04T10:22:21, false
9DDDD405-82E4-4C56-A6A6-E2B51ACAB5CF, 2021-04-04T10:23:21, false
9DDDD405-82E4-4C56-A6A6-E2B51ACAB5CF, 2021-04-04T10:24:21, false
9DDDD405-82E4-4C56-A6A6-E2B51ACAB5CF, 2021-04-04T10:25:21, false
9DDDD405-82E4-4C56-A6A6-E2B51ACAB5CF, 2021-04-04T10:26:21, false
9DDDD405-82E4-4C56-A6A6-E2B51ACAB5CF, 2021-04-04T10:27:21, false
9DDDD405-82E4-4C56-A6A6-E2B51ACAB5CF, 2021-04-04T10:28:21, false
9DDDD405-82E4-4C56-A6A6-E2B51ACAB5CF, 2021-04-04T10:29:21, false
9DDDD405-82E4-4C56-A6A6-E2B51ACAB5CF, 2021-04-04T10:30:21, false
9DDDD405-82E4-4C56-A6A6-E2B51ACAB5CF, 2021-04-04T10:31:21, false
9DDDD405-82E4-4C56-A6A6-E2B51ACAB5CF, 2021-04-04T10:32:21, false
9DDDD405-82E4-4C56-A6A6-E2B51ACAB5CF, 2021-04-04T10:33:21, false
9DDDD405-82E4-4C56-A6A6-E2B51ACAB5CF, 2021-04-04T10:34:21, false
9DDDD405-82E4-4C56-A6A6-E2B51ACAB5CF, 2021-04-04T10:35:21, false
9DDDD405-82E4-4C56-A6A6-E2B51ACAB5CF, 2021-04-04T10:36:21, false
9DDDD405-82E4-4C56-A6A6-E2B51ACAB5CF, 2021-04-04T10:37:21, false
9DDDD405-82E4-4C56-A6A6-E2B51ACAB5CF, 2021-04-04T10:38:21, false
9DDDD405-82E4-4C56-A6A6-E2B51ACAB5CF, 2021-04-04T10:39:21, false
9DDDD405-82E4-4C56-A6A6-E2B51ACAB5CF, 2021-04-04T10:40:21, false
9DDDD405-82E4-4C56-A6A6-E2B51ACAB5CF, 2021-04-04T10:41:21, false
9DDDD405-82E4-4C56-A6A6-E2B51ACAB5CF, 2021-04-04T10:42:21, false
9DDDD405-82E4-4C56-A6A6-E2B51ACAB5CF, 2021-04-04T10:43:21, false
9DDDD405-82E4-4C56-A6A6-E2B51ACAB5CF, 2021-04-04T10:44:21, false
9DDDD405-82E4-4C56-A6A6-E2B51ACAB5CF, 2021-04-04T10:45:21, false
9DDDD405-82E4-4C56-A6A6-E2B51ACAB5CF, 2021-04-04T10:46:21, false
9DDDD405-82E4-4C56-A6A6-E2B51ACAB5CF, 2021-04-04T10:47:21, false
9DDDD405-82E4-4C56-A6A6-E2B51ACAB5CF, 2021-04-04T10:48:21, false
9DDDD405-82E4-4C56-A6A6-E2B51ACAB5CF, 2021-04-04T10:49:21, false
9DDDD405-82E4-4C56-A6A6-E2B51ACAB5CF, 2021-04-04T10:50:21, false
9DDDD405-82E4-4C56-A6A6-E2B51ACAB5CF, 2021-04-04T10:51:21, false
9DDDD405-82E4-4C56-A6A6-E2B51ACAB5CF, 2021-04-04T10:52:21, false
9DDDD405-82E4-4C56-A6A6-E2B51ACAB5CF, 2021-04-04T10:53:21, false
9DDDD405-82E4-4C56-A6A6-E2B51ACAB5CF, 2021-04-04T10:54:21, false
9DDDD405-82E4-4C56-A6A6-E2B51ACAB5CF, 2021-04-04T10:55:21, false
9DDDD405-82E4-4C56-A6A6-E2B51ACAB5CF, 2021-04-04T10:56:21, false
9DDDD405-82E4-4C56-A6A6-E2B51ACAB5CF, 2021-04-04T10:57:21, false
9DDDD405-82E4-4C56-A6A6-E2B51ACAB5CF, 2021-04-04T10:58:21, false
9DDDD405-82E4-4C56-A6A6-E2B51ACAB5CF, 2021-04-04T10:59:21, false
9DDDD405-82E4-4C56-A6A6-E2B51ACAB5CF, 2021-04-04T11:00:21, false
9DDDD405-82E4-4C56-A6A6-E2B51ACAB5CF, 2021-04-04T11:01:21, false
9DDDD405-82E4-4C56-A6A6-E2B51ACAB5CF, 2021-04-04T11:02:21, false
9DDDD405-82E4-4C56-A6A6-E2B51ACAB5CF, 2021-04-04T11:03:21, false
9DDDD405-82E4-4C56-A6A6-E2B51ACAB5CF, 2021-04-04T11:04:21, false
9DDDD405-82E4-4C56-A6A6-E2B51ACAB5CF, 2021-04-04T11:05:21, false
9DDDD405-82E4-4C56-A6A6-E2B51ACAB5CF, 2021-04-04T11:06:21, false
9DDDD405-82E4-4C56-A6A6-E2B51ACAB5CF, 2021-04-04T11:07:21, false
9DDDD405-82E4-4C56-A6A6-E2B51ACAB5CF, 2021-04-04T11:08:21, false
9DDDD405-82E4-4C56-A6A6-E2B51ACAB5CF, 2021-04-04T11:09:21, false
9DDDD405-82E4-4C56-A6A6-E2B51ACAB5CF, 2021-04-04T11:10:21, false
9DDDD405-82E4-4C56-A6A6-E2B51ACAB5CF, 2021-04-04T11:11:21, false
9DDDD405-82E4-4C56-A6A6-E2B51ACAB5CF, 2021-04-04T11:12:21, false
9DDDD405-82E4-4C56-A6A6-E2B51ACAB5CF, 2021-04-04T11:13:21, false
9DDDD405-82E4-4C56-A6A6-E2B51ACAB5CF, 2021-04-04T11:14:21, false
9DDDD405-82E4-4C56-A6A6-E2B51ACAB5CF, 2021-04-04T11:15:21, false
9DDDD405-82E4-4C56-A6A6-E2B51ACAB5CF, 2021-04-04T11:16:21, false
9DDDD405-82E4-4C56-A6A6-E2B51ACAB5CF, 2021-04-04T11:17:21, false
9DDDD405-82E4-4C56-A6A6-E2B51ACAB5CF, 2021-04-04T11:18:21, false
9DDDD405-82E4-4C56-A6A6-E2B51ACAB5CF, 2021-04-04T11:19:21, false
9DDDD405-82E4-4C56-A6A6-E2B51ACAB5CF, 2021-04-04T11:20:21, false
9DDDD405-82E4-4C56-A6A6-E2B51ACAB5CF, 2021-04-04T11:21:21, false
9DDDD405-82E4-4C56-A6A6-E2B51ACAB5CF, 2021-04-04T11:22:21, false
9DDDD405-82E4-4C56-A6A6-E2B51ACAB5CF, 2021-04-04T11:23:21, false
9DDDD405-82E4-4C56-A6A6-E2B51ACAB5CF, 2021-04-04T11:24:21, false
9DDDD405-82E4-4C56-A6A6-E2B51ACAB5CF, 2021-04-04T11:25:21, false
9DDDD405-82E4-4C56-A6A6-E2B51ACAB5CF, 2021-04-04T11:26:21, false
9DDDD405-82E4-4C56-A6A6-E2B51ACAB5CF, 2021-04-04T11:27:21, false
9DDDD405-82E4-4C56-A6A6-E2B51ACAB5CF, 2021-04-04T11:28:21, false
9DDDD405-82E4-4C56-A6A6-E2B51ACAB5CF, 2021-04-04T11:29:21, false
9DDDD405-82E4-4C56-A6A6-E2B51ACAB5CF, 2021-04-04T11:30:21, false
9DDDD405-82E4-4C56-A6A6-E2B51ACAB5CF, 2021-04-04T11:31:21, false
9DDDD405-82E4-4C56-A6A6-E2B51ACAB5CF, 2021-04-04T11:32:21, false
9DDDD405-82E4-4C56-A6A6-E2B51ACAB5CF, 2021-04-04T11:33:21, false
9DDDD405-82E4-4C56-A6A6-E2B51ACAB5CF, 2021-04-04T11:34:21, false
9DDDD405-82E4-4C56-A6A6-E2B51ACAB5CF, 2021-04-04T11:35:21, false
9DDDD405-82E4-4C56-A6A6-E2B51ACAB5CF, 2021-04-04T11:36:21, false
9DDDD405-82E4-4C56-A6A6-E2B51ACAB5CF, 2021-04-04T11:37:21, false
9DDDD405-82E4-4C56-A6A6-E2B51ACAB5CF, 2021-04-04T11:38:21, false
9DDDD405-82E4-4C56-A6A6-E2B51ACAB5CF, 2021-04-04T11:39:21, false
9DDDD405-82E4-4C56-A6A6-E2B51ACAB5CF, 2021-04-04T11:40:21, false
9DDDD405-82E4-4C56-A6A6-E2B51ACAB5CF, 2021-04-04T11:41:21, false
9DDDD405-82E4-4C56-A6A6-E2B51ACAB5CF, 2021-04-04T11:42:21, false
9DDDD405-82E4-4C56-A6A6-E2B51ACAB5CF, 2021-04-04T11:43:21, false
9DDDD405-82E4-4C56-A6A6-E2B51ACAB5CF, 2021-04-04T11:44:21, false
9DDDD405-82E4-4C56-A6A6-E2B51ACAB5CF, 2021-04-04T11:45:21, false
9DDDD405-82E4-4C56-A6A6-E2B51ACAB5CF, 2021-04-04T11:46:21, false
9DDDD405-82E4-4C56-A6A6-E2B51ACAB5CF, 2021-04-04T11:47:21, false
9DDDD405-82E4-4C56-A6A6-E2B51ACAB5CF, 2021-04-04T11:48:21, false
9DDDD405-82E4-4C56-A6A6-E2B51ACAB5CF, 2021-04-04T11:49:21, false
9DDDD405-82E4-4C56-A6A6-E2B51ACAB5CF, 2021-04-04T11:50:21, false
9DDDD405-82E4-4C56-A6A6-E2B51ACAB5CF, 2021-04-04T11:51:21, false
9DDDD405-82E4-4C56-A6A6-E2B51ACAB5CF, 2021-04-04T11:52:21, false
9DDDD405-82E4-4C56-A6A6-E2B51ACAB5CF, 2021-04-04T11:53:21, false
9DDDD405-82E4-4C56-A6A6-E2B51ACAB5CF, 2021-04-04T11:54:21, false
9DDDD405-82E4-4C56-A6A6-E2B51ACAB5CF, 2021-04-04T11:55:21, false
9DDDD405-82E4-4C56-A6A6-E2B51ACAB5CF, 2021-04-04T11:56:21, false
9DDDD405-82E4-4C56-A6A6-E2B51ACAB5CF, 2021-04-04T11:57:21, false
9DDDD405-82E4-4C56-A6A6-E2B51ACAB5CF, 2021-04-04T11:58:21, false
9DDDD405-82E4-4C56-A6A6-E2B51ACAB5CF, 2021-04-04T11:59:21, false
9DDDD405-82E4-4C56-A6A6-E2B51ACAB5CF, 2021-04-04T12:00:21, false
9DDDD405-82E4-4C56-A6A6-E2B51ACAB5CF, 2021-04-04T12:01:21, false
9DDDD405-82E4-4C56-A6A6-E2B51ACAB5CF, 2021-04-04T12:02:21, false
9DDDD405-82E4-4C56-A6A6-E2B51ACAB5CF, 2021-04-04T12:03:21, false
9DDDD405-82E4-4C56-A6A6-E2B51ACAB5CF, 2021-04-04T12:04:21, false
9DDDD405-82E4-4C56-A6A6-E2B51ACAB5CF, 2021-04-04T12:05:21, false
9DDDD405-82E4-4C56-A6A6-E2B51ACAB5CF, 2021-04-04T12:06:21, false
9DDDD405-82E4-4C56-A6A6-E2B51ACAB5CF, 2021-04-04T12:07:21, false
9DDDD405-82E4-4C56-A6A6-E2B51ACAB5CF, 2021-04-04T12:08:21, false
9DDDD405-82E4-4C56-A6A6-E2B51ACAB5CF, 2021-04-04T12:09:21, false
9DDDD405-82E4-4C56-A6A6-E2B51ACAB5CF, 2021-04-04T12:10:21, false
9DDDD405-82E4-4C56-A6A6-E2B51ACAB5CF, 2021-04-04T12:11:21, false
9DDDD405-82E4-4C56-A6A6-E2B51ACAB5CF, 2021-04-04T12:12:21, false
9DDDD405-82E4-4C56-A6A6-E2B51ACAB5CF, 2021-04-04T12:13:21, false
9DDDD405-82E4-4C56-A6A6-E2B51ACAB5CF, 2021-04-04T12:14:21, false
9DDDD405-82E4-4C56-A6A6-E2B51ACAB5CF, 2021-04-04T12:15:21, false
9DDDD405-82E4-4C56-A6A6-E2B51ACAB5CF, 2021-04-04T12:16:21, false
9DDDD405-82E4-4C56-A6A6-E2B51ACAB5CF, 2021-04-04T12:17:21, false
9DDDD405-82E4-4C56-A6A6-E2B51ACAB5CF, 2021-04-04T12:18:21, false
9DDDD405-82E4-4C56-A6A6-E2B51ACAB5CF, 2021-04-04T12:19:21, false
9DDDD405-82E4-4C56-A6A6-E2B51ACAB5CF, 2021-04-04T12:20:21, false
9DDDD405-82E4-4C56-A6A6-E2B51ACAB5CF, 2021-04-04T12:21:21, false
9DDDD405-82E4-4C56-A6A6-E2B51ACAB5CF, 2021-04-04T12:22:21, false
9DDDD405-82E4-4C56-A6A6-E2B51ACAB5CF, 2021-04-04T12:23:21, false
9DDDD405-82E4-4C56-A6A6-E2B51ACAB5CF, 2021-04-04T12:24:21, false
9DDDD405-82E4-4C56-A6A6-E2B51ACAB5CF, 2021-04-04T12:25:21, false
9DDDD405-82E4-4C56-A6A6-E2B51ACAB5CF, 2021-04-04T12:26:21, false
9DDDD405-82E4-4C56-A6A6-E2B51ACAB5CF, 2021-04-04T12:27:21, false
9DDDD405-82E4-4C56-A6A6-E2B51ACAB5CF, 2021-04-04T12:28:21, false
9DDDD405-82E4-4C56-A6A6-E2B51ACAB5CF, 2021-04-04T12:29:21, false
9DDDD405-82E4-4C56-A6A6-E2B51ACAB5CF, 2021-04-04T12:30:21, false
9DDDD405-82E4-4C56-A6A6-E2B51ACAB5CF, 2021-04-04T12:31:21, false
9DDDD405-82E4-4C56-A6A6-E2B51ACAB5CF, 2021-04-04T12:32:21, false
9DDDD405-82E4-4C56-A6A6-E2B51ACAB5CF, 2021-04-04T12:33:21, false
9DDDD405-82E4-4C56-A6A6-E2B51ACAB5CF, 2021-04-04T12:34:21, false
9DDDD405-82E4-4C56-A6A6-E2B51ACAB5CF, 2021-04-04T12:35:21, false
9DDDD405-82E4-4C56-A6A6-E2B51ACAB5CF, 2021-04-04T12:36:21, false
9DDDD405-82E4-4C56-A6A6-E2B51ACAB5CF, 2021-04-04T12:37:21, false
9DDDD405-82E4-4C56-A6A6-E2B51ACAB5CF, 2021-04-04T12:38:21, false
9DDDD405-82E4-4C56-A6A6-E2B51ACAB5CF, 2021-04-04T12:39:21, false
9DDDD405-82E4-4C56-A6A6-E2B51ACAB5CF, 2021-04-04T12:40:21, false
9DDDD405-82E4-4C56-A6A6-E2B51ACAB5CF, 2021-04-04T12:41:21, false
9DDDD405-82E4-4C56-A6A6-E2B51ACAB5CF, 2021-04-04T12:42:21, false
9DDDD405-82E4-4C56-A6A6-E2B51ACAB5CF, 2021-04-04T12:43:21, false
9DDDD405-82E4-4C56-A6A6-E2B51ACAB5CF, 2021-04-04T12:44:21, false
9DDDD405-82E4-4C56-A6A6-E2B51ACAB5CF, 2021-04-04T12:45:21, false
9DDDD405-82E4-4C56-A6A6-E2B51ACAB5CF, 2021-04-04T12:46:21, false
9DDDD405-82E4-4C56-A6A6-E2B51ACAB5CF, 2021-04-04T12:47:21, false
9DDDD405-82E4-4C56-A6A6-E2B51ACAB5CF, 2021-04-04T12:48:21, false
9DDDD405-82E4-4C56-A6A6-E2B51ACAB5CF, 2021-04-04T12:49:21, false
9DDDD405-82E4-4C56-A6A6-E2B51ACAB5CF, 2021-04-04T12:50:21, false
9DDDD405-82E4-4C56-A6A6-E2B51ACAB5CF, 2021-04-04T12:51:21, false
9DDDD405-82E4-4C56-A6A6-E2B51ACAB5CF, 2021-04-04T12:52:21, false
9DDDD405-82E4-4C56-A6A6-E2B51ACAB5CF, 2021-04-04T12:53:21, false
9DDDD405-82E4-4C56-A6A6-E2B51ACAB5CF, 2021-04-04T12:54:21, false
9DDDD405-82E4-4C56-A6A6-E2B51ACAB5CF, 2021-04-04T12:55:21, false
9DDDD405-82E4-4C56-A6A6-E2B51ACAB5CF, 2021-04-04T12:56:21, false
9DDDD405-82E4-4C56-A6A6-E2B51ACAB5CF, 2021-04-04T12:57:21, false
9DDDD405-82E4-4C56-A6A6-E2B51ACAB5CF, 2021-04-04T12:58:21, false
9DDDD405-82E4-4C56-A6A6-E2B51ACAB5CF, 2021-04-04T12:59:21, false
9DDDD405-82E4-4C56-A6A6-E2B51ACAB5CF, 2021-04-04T13:00:21, false
9DDDD405-82E4-4C56-A6A6-E2B51ACAB5CF, 2021-04-04T13:01:21, false
9DDDD405-82E4-4C56-A6A6-E2B51ACAB5CF, 2021-04-04T13:02:21, false
9DDDD405-82E4-4C56-A6A6-E2B51ACAB5CF, 2021-04-04T13:03:21, false
9DDDD405-82E4-4C56-A6A6-E2B51ACAB5CF, 2021-04-04T13:04:21, false
9DDDD405-82E4-4C56-A6A6-E2B51ACAB5CF, 2021-04-04T13:05:21, false
9DDDD405-82E4-4C56-A6A6-E2B51ACAB5CF, 2021-04-04T13:06:21, false
9DDDD405-82E4-4C56-A6A6-E2B51ACAB5CF, 2021-04-04T13:07:21, false
9DDDD405-82E4-4C56-A6A6-E2B51ACAB5CF, 2021-04-04T13:08:21, false
9DDDD405-82E4-4C56-A6A6-E2B51ACAB5CF, 2021-04-04T13:09:21, false
9DDDD405-82E4-4C56-A6A6-E2B51ACAB5CF, 2021-04-04T13:10:21, false
9DDDD405-82E4-4C56-A6A6-E2B51ACAB5CF, 2021-04-04T13:11:21, false
9DDDD405-82E4-4C56-A6A6-E2B51ACAB5CF, 2021-04-04T13:12:21, false
9DDDD405-82E4-4C56-A6A6-E2B51ACAB5CF, 2021-04-04T13:13:21, false
9DDDD405-82E4-4C56-A6A6-E2B51ACAB5CF, 2021-04-04T13:14:21, false
9DDDD405-82E4-4C56-A6A6-E2B51ACAB5CF, 2021-04-04T13:15:21, false
9DDDD405-82E4-4C56-A6A6-E2B51ACAB5CF, 2021-04-04T13:16:21, false
9DDDD405-82E4-4C56-A6A6-E2B51ACAB5CF, 2021-04-04T13:17:21, false
9DDDD405-82E4-4C56-A6A6-E2B51ACAB5CF, 2021-04-04T13:18:21, false
9DDDD405-82E4-4C56-A6A6-E2B51ACAB5CF, 2021-04-04T13:19:21, false
9DDDD405-82E4-4C56-A6A6-E2B51ACAB5CF, 2021-04-04T13:20:21, false
9DDDD405-82E4-4C56-A6A6-E2B51ACAB5CF, 2021-04-04T13:21:21, false
9DDDD405-82E4-4C56-A6A6-E2B51ACAB5CF, 2021-04-04T13:22:21, false
9DDDD405-82E4-4C56-A6A6-E2B51ACAB5CF, 2021-04-04T13:23:21, false
9DDDD405-82E4-4C56-A6A6-E2B51ACAB5CF, 2021-04-04T13:24:21, false
9DDDD405-82E4-4C56-A6A6-E2B51ACAB5CF, 2021-04-04T13:25:21, false
9DDDD405-82E4-4C56-A6A6-E2B51ACAB5CF, 2021-04-04T13:26:21, false
9DDDD405-82E4-4C56-A6A6-E2B51ACAB5CF, 2021-04-04T13:27:21, false
9DDDD405-82E4-4C56-A6A6-E2B51ACAB5CF, 2021-04-04T13:28:21, false
9DDDD405-82E4-4C56-A6A6-E2B51ACAB5CF, 2021-04-04T13:29:21, false
9DDDD405-82E4-4C56-A6A6-E2B51ACAB5CF, 2021-04-04T13:30:21, false
9DDDD405-82E4-4C56-A6A6-E2B51ACAB5CF, 2021-04-04T13:31:21, false
9DDDD405-82E4-4C56-A6A6-E2B51ACAB5CF, 2021-04-04T13:32:21, false
9DDDD405-82E4-4C56-A6A6-E2B51ACAB5CF, 2021-04-04T13:33:21, false
9DDDD405-82E4-4C56-A6A6-E2B51ACAB5CF, 2021-04-04T13:34:21, false
9DDDD405-82E4-4C56-A6A6-E2B51ACAB5CF, 2021-04-04T13:35:30, true
9DDDD405-82E4-4C56-A6A6-E2B51ACAB5CF, 2021-04-04T13:36:38, true
9DDDD405-82E4-4C56-A6A6-E2B51ACAB5CF, 2021-04-04T13:37:42, true
9DDDD405-82E4-4C56-A6A6-E2B51ACAB5CF, 2021-04-04T13:38:51, true
9DDDD405-82E4-4C56-A6A6-E2B51ACAB5CF, 2021-04-04T13:39:54, true
9DDDD405-82E4-4C56-A6A6-E2B51ACAB5CF, 2021-04-04T13:40:55, true
9DDDD405-82E4-4C56-A6A6-E2B51ACAB5CF, 2021-04-04T13:42:03, true
9DDDD405-82E4-4C56-A6A6-E2B51ACAB5CF, 2021-04-04T13:43:08, true
9DDDD405-82E4-4C56-A6A6-E2B51ACAB5CF, 2021-04-04T13:44:18, true
9DDDD405-82E4-4C56-A6A6-E2B51ACAB5CF, 2021-04-04T13:45:19, true
9DDDD405-82E4-4C56-A6A6-E2B51ACAB5CF, 2021-04-04T13:46:23, true
9DDDD405-82E4-4C56-A6A6-E2B51ACAB5CF, 2021-04-04T13:47:24, true
9DDDD405-82E4-4C56-A6A6-E2B51ACAB5CF, 2021-04-04T13:48:29, true
9DDDD405-82E4-4C56-A6A6-E2B51ACAB5CF, 2021-04-04T13:49:29, true
9DDDD405-82E4-4C56-A6A6-E2B51ACAB5CF, 2021-04-04T13:50:31, true
9DDDD405-82E4-4C56-A6A6-E2B51ACAB5CF, 2021-04-04T13:51:34, true
9DDDD405-82E4-4C56-A6A6-E2B51ACAB5CF, 2021-04-04T13:52:35, true
9DDDD405-82E4-4C56-A6A6-E2B51ACAB5CF, 2021-04-04T13:53:40, true
9DDDD405-82E4-4C56-A6A6-E2B51ACAB5CF, 2021-04-04T13:54:41, true
9DDDD405-82E4-4C56-A6A6-E2B51ACAB5CF, 2021-04-04T13:55:41, true
9DDDD405-82E4-4C56-A6A6-E2B51ACAB5CF, 2021-04-04T13:56:44, true
9DDDD405-82E4-4C56-A6A6-E2B51ACAB5CF, 2021-04-04T13:57:48, true
9DDDD405-82E4-4C56-A6A6-E2B51ACAB5CF, 2021-04-04T13:58:50, true
9DDDD405-82E4-4C56-A6A6-E2B51ACAB5CF, 2021-04-04T13:59:51, true
9DDDD405-82E4-4C56-A6A6-E2B51ACAB5CF, 2021-04-04T14:00:52, true
9DDDD405-82E4-4C56-A6A6-E2B51ACAB5CF, 2021-04-04T14:01:56, true
9DDDD405-82E4-4C56-A6A6-E2B51ACAB5CF, 2021-04-04T14:02:57, true
9DDDD405-82E4-4C56-A6A6-E2B51ACAB5CF, 2021-04-04T14:03:59, true
9DDDD405-82E4-4C56-A6A6-E2B51ACAB5CF, 2021-04-04T14:05:00, true
9DDDD405-82E4-4C56-A6A6-E2B51ACAB5CF, 2021-04-04T14:06:02, true
9DDDD405-82E4-4C56-A6A6-E2B51ACAB5CF, 2021-04-04T14:07:16, true
9DDDD405-82E4-4C56-A6A6-E2B51ACAB5CF, 2021-04-04T14:08:24, true
9DDDD405-82E4-4C56-A6A6-E2B51ACAB5CF, 2021-04-04T14:09:29, true
9DDDD405-82E4-4C56-A6A6-E2B51ACAB5CF, 2021-04-04T14:10:32, true
9DDDD405-82E4-4C56-A6A6-E2B51ACAB5CF, 2021-04-04T14:11:36, true
9DDDD405-82E4-4C56-A6A6-E2B51ACAB5CF, 2021-04-04T14:12:38, true
9DDDD405-82E4-4C56-A6A6-E2B51ACAB5CF, 2021-04-04T14:13:38, false
9DDDD405-82E4-4C56-A6A6-E2B51ACAB5CF, 2021-04-04T14:14:19, true
9DDDD405-82E4-4C56-A6A6-E2B51ACAB5CF, 2021-04-04T14:15:21, true
9DDDD405-82E4-4C56-A6A6-E2B51ACAB5CF, 2021-04-04T14:16:26, true
9DDDD405-82E4-4C56-A6A6-E2B51ACAB5CF, 2021-04-04T14:17:26, true
9DDDD405-82E4-4C56-A6A6-E2B51ACAB5CF, 2021-04-04T14:18:28, true
9DDDD405-82E4-4C56-A6A6-E2B51ACAB5CF, 2021-04-04T14:19:30, true
9DDDD405-82E4-4C56-A6A6-E2B51ACAB5CF, 2021-04-04T14:20:43, true
9DDDD405-82E4-4C56-A6A6-E2B51ACAB5CF, 2021-04-04T14:21:49, true
9DDDD405-82E4-4C56-A6A6-E2B51ACAB5CF, 2021-04-04T14:22:53, true
9DDDD405-82E4-4C56-A6A6-E2B51ACAB5CF, 2021-04-04T14:23:57, true
9DDDD405-82E4-4C56-A6A6-E2B51ACAB5CF, 2021-04-04T14:24:58, true
9DDDD405-82E4-4C56-A6A6-E2B51ACAB5CF, 2021-04-04T14:26:09, true
9DDDD405-82E4-4C56-A6A6-E2B51ACAB5CF, 2021-04-04T14:27:11, true
9DDDD405-82E4-4C56-A6A6-E2B51ACAB5CF, 2021-04-04T14:28:15, true
9DDDD405-82E4-4C56-A6A6-E2B51ACAB5CF, 2021-04-04T14:29:19, true
9DDDD405-82E4-4C56-A6A6-E2B51ACAB5CF, 2021-04-04T14:30:20, true
9DDDD405-82E4-4C56-A6A6-E2B51ACAB5CF, 2021-04-04T14:31:31, true
9DDDD405-82E4-4C56-A6A6-E2B51ACAB5CF, 2021-04-04T14:32:34, true
9DDDD405-82E4-4C56-A6A6-E2B51ACAB5CF, 2021-04-04T14:33:37, true
9DDDD405-82E4-4C56-A6A6-E2B51ACAB5CF, 2021-04-04T14:34:39, true
9DDDD405-82E4-4C56-A6A6-E2B51ACAB5CF, 2021-04-04T14:35:41, true
9DDDD405-82E4-4C56-A6A6-E2B51ACAB5CF, 2021-04-04T14:36:43, true
9DDDD405-82E4-4C56-A6A6-E2B51ACAB5CF, 2021-04-04T14:37:46, true
9DDDD405-82E4-4C56-A6A6-E2B51ACAB5CF, 2021-04-04T14:38:46, true
9DDDD405-82E4-4C56-A6A6-E2B51ACAB5CF, 2021-04-04T14:39:47, true
9DDDD405-82E4-4C56-A6A6-E2B51ACAB5CF, 2021-04-04T14:40:47, true
9DDDD405-82E4-4C56-A6A6-E2B51ACAB5CF, 2021-04-04T14:41:48, true
9DDDD405-82E4-4C56-A6A6-E2B51ACAB5CF, 2021-04-04T14:42:51, true
9DDDD405-82E4-4C56-A6A6-E2B51ACAB5CF, 2021-04-04T14:43:54, true
9DDDD405-82E4-4C56-A6A6-E2B51ACAB5CF, 2021-04-04T14:44:56, true
9DDDD405-82E4-4C56-A6A6-E2B51ACAB5CF, 2021-04-04T14:45:59, true
9DDDD405-82E4-4C56-A6A6-E2B51ACAB5CF, 2021-04-04T14:47:01, true
9DDDD405-82E4-4C56-A6A6-E2B51ACAB5CF, 2021-04-04T14:48:03, true
9DDDD405-82E4-4C56-A6A6-E2B51ACAB5CF, 2021-04-04T14:49:03, true
9DDDD405-82E4-4C56-A6A6-E2B51ACAB5CF, 2021-04-04T14:50:14, true
9DDDD405-82E4-4C56-A6A6-E2B51ACAB5CF, 2021-04-04T14:51:18, true
9DDDD405-82E4-4C56-A6A6-E2B51ACAB5CF, 2021-04-04T14:52:21, true
9DDDD405-82E4-4C56-A6A6-E2B51ACAB5CF, 2021-04-04T14:53:24, true
9DDDD405-82E4-4C56-A6A6-E2B51ACAB5CF, 2021-04-04T14:54:25, true
9DDDD405-82E4-4C56-A6A6-E2B51ACAB5CF, 2021-04-04T14:55:25, true
9DDDD405-82E4-4C56-A6A6-E2B51ACAB5CF, 2021-04-04T14:56:30, true
9DDDD405-82E4-4C56-A6A6-E2B51ACAB5CF, 2021-04-04T14:57:30, true
9DDDD405-82E4-4C56-A6A6-E2B51ACAB5CF, 2021-04-04T14:58:33, true
9DDDD405-82E4-4C56-A6A6-E2B51ACAB5CF, 2021-04-04T14:59:34, true
9DDDD405-82E4-4C56-A6A6-E2B51ACAB5CF, 2021-04-04T15:00:38, true
9DDDD405-82E4-4C56-A6A6-E2B51ACAB5CF, 2021-04-04T15:01:44, true
9DDDD405-82E4-4C56-A6A6-E2B51ACAB5CF, 2021-04-04T15:02:45, true
9DDDD405-82E4-4C56-A6A6-E2B51ACAB5CF, 2021-04-04T15:03:50, true
9DDDD405-82E4-4C56-A6A6-E2B51ACAB5CF, 2021-04-04T15:04:52, true
9DDDD405-82E4-4C56-A6A6-E2B51ACAB5CF, 2021-04-04T15:05:55, true
9DDDD405-82E4-4C56-A6A6-E2B51ACAB5CF, 2021-04-04T15:06:55, true
9DDDD405-82E4-4C56-A6A6-E2B51ACAB5CF, 2021-04-04T15:07:56, true
9DDDD405-82E4-4C56-A6A6-E2B51ACAB5CF, 2021-04-04T15:08:59, true
9DDDD405-82E4-4C56-A6A6-E2B51ACAB5CF, 2021-04-04T15:10:02, true
9DDDD405-82E4-4C56-A6A6-E2B51ACAB5CF, 2021-04-04T15:11:09, true
9DDDD405-82E4-4C56-A6A6-E2B51ACAB5CF, 2021-04-04T15:12:13, true
9DDDD405-82E4-4C56-A6A6-E2B51ACAB5CF, 2021-04-04T15:13:16, true
9DDDD405-82E4-4C56-A6A6-E2B51ACAB5CF, 2021-04-04T15:14:17, true
9DDDD405-82E4-4C56-A6A6-E2B51ACAB5CF, 2021-04-04T15:15:29, true
9DDDD405-82E4-4C56-A6A6-E2B51ACAB5CF, 2021-04-04T15:16:30, true
9DDDD405-82E4-4C56-A6A6-E2B51ACAB5CF, 2021-04-04T15:17:32, true
9DDDD405-82E4-4C56-A6A6-E2B51ACAB5CF, 2021-04-04T15:18:34, true
9DDDD405-82E4-4C56-A6A6-E2B51ACAB5CF, 2021-04-04T15:19:35, true
9DDDD405-82E4-4C56-A6A6-E2B51ACAB5CF, 2021-04-04T15:20:36, true
9DDDD405-82E4-4C56-A6A6-E2B51ACAB5CF, 2021-04-04T15:21:45, true
9DDDD405-82E4-4C56-A6A6-E2B51ACAB5CF, 2021-04-04T15:22:46, true
9DDDD405-82E4-4C56-A6A6-E2B51ACAB5CF, 2021-04-04T15:23:48, true
9DDDD405-82E4-4C56-A6A6-E2B51ACAB5CF, 2021-04-04T15:24:48, true
9DDDD405-82E4-4C56-A6A6-E2B51ACAB5CF, 2021-04-04T15:25:52, true
9DDDD405-82E4-4C56-A6A6-E2B51ACAB5CF, 2021-04-04T15:26:55, true
9DDDD405-82E4-4C56-A6A6-E2B51ACAB5CF, 2021-04-04T15:27:58, true
9DDDD405-82E4-4C56-A6A6-E2B51ACAB5CF, 2021-04-04T15:29:01, true
9DDDD405-82E4-4C56-A6A6-E2B51ACAB5CF, 2021-04-04T15:30:06, true
9DDDD405-82E4-4C56-A6A6-E2B51ACAB5CF, 2021-04-04T15:31:07, true
9DDDD405-82E4-4C56-A6A6-E2B51ACAB5CF, 2021-04-04T15:32:10, true
9DDDD405-82E4-4C56-A6A6-E2B51ACAB5CF, 2021-04-04T15:33:10, false
9DDDD405-82E4-4C56-A6A6-E2B51ACAB5CF, 2021-04-04T15:34:10, false
9DDDD405-82E4-4C56-A6A6-E2B51ACAB5CF, 2021-04-04T15:35:10, false
9DDDD405-82E4-4C56-A6A6-E2B51ACAB5CF, 2021-04-04T15:36:02, true
9DDDD405-82E4-4C56-A6A6-E2B51ACAB5CF, 2021-04-04T15:37:07, true
9DDDD405-82E4-4C56-A6A6-E2B51ACAB5CF, 2021-04-04T15:38:10, true
9DDDD405-82E4-4C56-A6A6-E2B51ACAB5CF, 2021-04-04T15:39:13, true
9DDDD405-82E4-4C56-A6A6-E2B51ACAB5CF, 2021-04-04T15:40:17, true
9DDDD405-82E4-4C56-A6A6-E2B51ACAB5CF, 2021-04-04T15:41:17, false
9DDDD405-82E4-4C56-A6A6-E2B51ACAB5CF, 2021-04-04T15:41:51, true
9DDDD405-82E4-4C56-A6A6-E2B51ACAB5CF, 2021-04-04T15:42:52, true
9DDDD405-82E4-4C56-A6A6-E2B51ACAB5CF, 2021-04-04T15:43:56, true
9DDDD405-82E4-4C56-A6A6-E2B51ACAB5CF, 2021-04-04T15:44:58, true
9DDDD405-82E4-4C56-A6A6-E2B51ACAB5CF, 2021-04-04T15:45:59, true
9DDDD405-82E4-4C56-A6A6-E2B51ACAB5CF, 2021-04-04T15:46:59, true
9DDDD405-82E4-4C56-A6A6-E2B51ACAB5CF, 2021-04-04T15:48:21, true
9DDDD405-82E4-4C56-A6A6-E2B51ACAB5CF, 2021-04-04T15:49:22, true
9DDDD405-82E4-4C56-A6A6-E2B51ACAB5CF, 2021-04-04T15:50:23, true
9DDDD405-82E4-4C56-A6A6-E2B51ACAB5CF, 2021-04-04T15:51:27, true
9DDDD405-82E4-4C56-A6A6-E2B51ACAB5CF, 2021-04-04T15:52:30, true
9DDDD405-82E4-4C56-A6A6-E2B51ACAB5CF, 2021-04-04T15:53:33, true
9DDDD405-82E4-4C56-A6A6-E2B51ACAB5CF, 2021-04-04T15:54:35, true
9DDDD405-82E4-4C56-A6A6-E2B51ACAB5CF, 2021-04-04T15:55:57, true
9DDDD405-82E4-4C56-A6A6-E2B51ACAB5CF, 2021-04-04T15:56:58, true
9DDDD405-82E4-4C56-A6A6-E2B51ACAB5CF, 2021-04-04T15:58:00, true
9DDDD405-82E4-4C56-A6A6-E2B51ACAB5CF, 2021-04-04T15:59:13, true
9DDDD405-82E4-4C56-A6A6-E2B51ACAB5CF, 2021-04-04T16:00:14, true
9DDDD405-82E4-4C56-A6A6-E2B51ACAB5CF, 2021-04-04T16:01:19, true
9DDDD405-82E4-4C56-A6A6-E2B51ACAB5CF, 2021-04-04T16:02:22, true
9DDDD405-82E4-4C56-A6A6-E2B51ACAB5CF, 2021-04-04T16:03:23, true
9DDDD405-82E4-4C56-A6A6-E2B51ACAB5CF, 2021-04-04T16:04:23, true
9DDDD405-82E4-4C56-A6A6-E2B51ACAB5CF, 2021-04-04T16:05:24, true
9DDDD405-82E4-4C56-A6A6-E2B51ACAB5CF, 2021-04-04T16:06:24, false
9DDDD405-82E4-4C56-A6A6-E2B51ACAB5CF, 2021-04-04T16:07:02, true
9DDDD405-82E4-4C56-A6A6-E2B51ACAB5CF, 2021-04-04T16:08:05, true
9DDDD405-82E4-4C56-A6A6-E2B51ACAB5CF, 2021-04-04T16:09:09, true
9DDDD405-82E4-4C56-A6A6-E2B51ACAB5CF, 2021-04-04T16:10:16, true
9DDDD405-82E4-4C56-A6A6-E2B51ACAB5CF, 2021-04-04T16:11:20, true
9DDDD405-82E4-4C56-A6A6-E2B51ACAB5CF, 2021-04-04T16:12:22, true
9DDDD405-82E4-4C56-A6A6-E2B51ACAB5CF, 2021-04-04T16:13:22, true
9DDDD405-82E4-4C56-A6A6-E2B51ACAB5CF, 2021-04-04T16:14:24, true
9DDDD405-82E4-4C56-A6A6-E2B51ACAB5CF, 2021-04-04T16:15:27, true
9DDDD405-82E4-4C56-A6A6-E2B51ACAB5CF, 2021-04-04T16:16:28, true
9DDDD405-82E4-4C56-A6A6-E2B51ACAB5CF, 2021-04-04T16:17:40, true
9DDDD405-82E4-4C56-A6A6-E2B51ACAB5CF, 2021-04-04T16:18:45, true
9DDDD405-82E4-4C56-A6A6-E2B51ACAB5CF, 2021-04-04T16:19:46, true
9DDDD405-82E4-4C56-A6A6-E2B51ACAB5CF, 2021-04-04T16:20:59, true
9DDDD405-82E4-4C56-A6A6-E2B51ACAB5CF, 2021-04-04T16:22:15, true
9DDDD405-82E4-4C56-A6A6-E2B51ACAB5CF, 2021-04-04T16:23:32, true
9DDDD405-82E4-4C56-A6A6-E2B51ACAB5CF, 2021-04-04T16:24:53, true
9DDDD405-82E4-4C56-A6A6-E2B51ACAB5CF, 2021-04-04T16:25:55, true
9DDDD405-82E4-4C56-A6A6-E2B51ACAB5CF, 2021-04-04T16:26:59, true
9DDDD405-82E4-4C56-A6A6-E2B51ACAB5CF, 2021-04-04T16:27:59, false
9DDDD405-82E4-4C56-A6A6-E2B51ACAB5CF, 2021-04-04T16:28:53, true
9DDDD405-82E4-4C56-A6A6-E2B51ACAB5CF, 2021-04-04T16:29:55, true
9DDDD405-82E4-4C56-A6A6-E2B51ACAB5CF, 2021-04-04T16:31:00, true
9DDDD405-82E4-4C56-A6A6-E2B51ACAB5CF, 2021-04-04T16:32:07, true
9DDDD405-82E4-4C56-A6A6-E2B51ACAB5CF, 2021-04-04T16:33:10, true
9DDDD405-82E4-4C56-A6A6-E2B51ACAB5CF, 2021-04-04T16:34:11, true
9DDDD405-82E4-4C56-A6A6-E2B51ACAB5CF, 2021-04-04T16:35:18, true
9DDDD405-82E4-4C56-A6A6-E2B51ACAB5CF, 2021-04-04T16:36:22, true
9DDDD405-82E4-4C56-A6A6-E2B51ACAB5CF, 2021-04-04T16:37:23, true
9DDDD405-82E4-4C56-A6A6-E2B51ACAB5CF, 2021-04-04T16:38:26, true
9DDDD405-82E4-4C56-A6A6-E2B51ACAB5CF, 2021-04-04T16:39:30, true
9DDDD405-82E4-4C56-A6A6-E2B51ACAB5CF, 2021-04-04T16:40:33, true
9DDDD405-82E4-4C56-A6A6-E2B51ACAB5CF, 2021-04-04T16:41:33, true
9DDDD405-82E4-4C56-A6A6-E2B51ACAB5CF, 2021-04-04T16:42:36, true
9DDDD405-82E4-4C56-A6A6-E2B51ACAB5CF, 2021-04-04T16:43:42, true
9DDDD405-82E4-4C56-A6A6-E2B51ACAB5CF, 2021-04-04T16:45:07, true
9DDDD405-82E4-4C56-A6A6-E2B51ACAB5CF, 2021-04-04T16:46:10, true
9DDDD405-82E4-4C56-A6A6-E2B51ACAB5CF, 2021-04-04T16:47:12, true
9DDDD405-82E4-4C56-A6A6-E2B51ACAB5CF, 2021-04-04T16:48:32, true
9DDDD405-82E4-4C56-A6A6-E2B51ACAB5CF, 2021-04-04T16:49:35, true
9DDDD405-82E4-4C56-A6A6-E2B51ACAB5CF, 2021-04-04T16:50:39, true
9DDDD405-82E4-4C56-A6A6-E2B51ACAB5CF, 2021-04-04T16:51:44, true
9DDDD405-82E4-4C56-A6A6-E2B51ACAB5CF, 2021-04-04T16:52:44, false
9DDDD405-82E4-4C56-A6A6-E2B51ACAB5CF, 2021-04-04T16:53:19, true
9DDDD405-82E4-4C56-A6A6-E2B51ACAB5CF, 2021-04-04T16:54:23, true
9DDDD405-82E4-4C56-A6A6-E2B51ACAB5CF, 2021-04-04T16:55:26, true
9DDDD405-82E4-4C56-A6A6-E2B51ACAB5CF, 2021-04-04T16:56:26, true
9DDDD405-82E4-4C56-A6A6-E2B51ACAB5CF, 2021-04-04T16:57:27, true
9DDDD405-82E4-4C56-A6A6-E2B51ACAB5CF, 2021-04-04T16:58:27, true
9DDDD405-82E4-4C56-A6A6-E2B51ACAB5CF, 2021-04-04T16:59:30, true
9DDDD405-82E4-4C56-A6A6-E2B51ACAB5CF, 2021-04-04T17:00:33, true
9DDDD405-82E4-4C56-A6A6-E2B51ACAB5CF, 2021-04-04T17:01:45, true
9DDDD405-82E4-4C56-A6A6-E2B51ACAB5CF, 2021-04-04T17:02:46, true
9DDDD405-82E4-4C56-A6A6-E2B51ACAB5CF, 2021-04-04T17:03:51, true
9DDDD405-82E4-4C56-A6A6-E2B51ACAB5CF, 2021-04-04T17:05:03, true
9DDDD405-82E4-4C56-A6A6-E2B51ACAB5CF, 2021-04-04T17:06:06, true
9DDDD405-82E4-4C56-A6A6-E2B51ACAB5CF, 2021-04-04T17:07:14, true
9DDDD405-82E4-4C56-A6A6-E2B51ACAB5CF, 2021-04-04T17:08:18, true
9DDDD405-82E4-4C56-A6A6-E2B51ACAB5CF, 2021-04-04T17:09:30, true
9DDDD405-82E4-4C56-A6A6-E2B51ACAB5CF, 2021-04-04T17:10:38, true
9DDDD405-82E4-4C56-A6A6-E2B51ACAB5CF, 2021-04-04T17:11:42, true
9DDDD405-82E4-4C56-A6A6-E2B51ACAB5CF, 2021-04-04T17:12:42, true
9DDDD405-82E4-4C56-A6A6-E2B51ACAB5CF, 2021-04-04T17:13:43, true
9DDDD405-82E4-4C56-A6A6-E2B51ACAB5CF, 2021-04-04T17:14:45, true
9DDDD405-82E4-4C56-A6A6-E2B51ACAB5CF, 2021-04-04T17:15:49, true
9DDDD405-82E4-4C56-A6A6-E2B51ACAB5CF, 2021-04-04T17:16:58, true
9DDDD405-82E4-4C56-A6A6-E2B51ACAB5CF, 2021-04-04T17:17:58, true
9DDDD405-82E4-4C56-A6A6-E2B51ACAB5CF, 2021-04-04T17:18:58, true
9DDDD405-82E4-4C56-A6A6-E2B51ACAB5CF, 2021-04-04T17:19:59, true
9DDDD405-82E4-4C56-A6A6-E2B51ACAB5CF, 2021-04-04T17:21:01, true
9DDDD405-82E4-4C56-A6A6-E2B51ACAB5CF, 2021-04-04T17:22:03, true
9DDDD405-82E4-4C56-A6A6-E2B51ACAB5CF, 2021-04-04T17:23:08, true
9DDDD405-82E4-4C56-A6A6-E2B51ACAB5CF, 2021-04-04T17:24:08, true
9DDDD405-82E4-4C56-A6A6-E2B51ACAB5CF, 2021-04-04T17:25:10, true
9DDDD405-82E4-4C56-A6A6-E2B51ACAB5CF, 2021-04-04T17:26:24, true
9DDDD405-82E4-4C56-A6A6-E2B51ACAB5CF, 2021-04-04T17:27:28, true
9DDDD405-82E4-4C56-A6A6-E2B51ACAB5CF, 2021-04-04T17:28:30, true
9DDDD405-82E4-4C56-A6A6-E2B51ACAB5CF, 2021-04-04T17:29:30, true
9DDDD405-82E4-4C56-A6A6-E2B51ACAB5CF, 2021-04-04T17:30:33, true
9DDDD405-82E4-4C56-A6A6-E2B51ACAB5CF, 2021-04-04T17:31:35, true
9DDDD405-82E4-4C56-A6A6-E2B51ACAB5CF, 2021-04-04T17:32:38, true
9DDDD405-82E4-4C56-A6A6-E2B51ACAB5CF, 2021-04-04T17:33:42, true
9DDDD405-82E4-4C56-A6A6-E2B51ACAB5CF, 2021-04-04T17:34:47, true
9DDDD405-82E4-4C56-A6A6-E2B51ACAB5CF, 2021-04-04T17:35:54, true
9DDDD405-82E4-4C56-A6A6-E2B51ACAB5CF, 2021-04-04T17:36:55, true
9DDDD405-82E4-4C56-A6A6-E2B51ACAB5CF, 2021-04-04T17:38:05, true
9DDDD405-82E4-4C56-A6A6-E2B51ACAB5CF, 2021-04-04T17:39:05, true
9DDDD405-82E4-4C56-A6A6-E2B51ACAB5CF, 2021-04-04T17:40:07, true
9DDDD405-82E4-4C56-A6A6-E2B51ACAB5CF, 2021-04-04T17:41:10, true
9DDDD405-82E4-4C56-A6A6-E2B51ACAB5CF, 2021-04-04T17:42:10, true
9DDDD405-82E4-4C56-A6A6-E2B51ACAB5CF, 2021-04-04T17:43:11, true
9DDDD405-82E4-4C56-A6A6-E2B51ACAB5CF, 2021-04-04T17:44:12, true
9DDDD405-82E4-4C56-A6A6-E2B51ACAB5CF, 2021-04-04T17:45:15, true
9DDDD405-82E4-4C56-A6A6-E2B51ACAB5CF, 2021-04-04T17:46:20, true
9DDDD405-82E4-4C56-A6A6-E2B51ACAB5CF, 2021-04-04T17:47:20, true
9DDDD405-82E4-4C56-A6A6-E2B51ACAB5CF, 2021-04-04T17:48:22, true
9DDDD405-82E4-4C56-A6A6-E2B51ACAB5CF, 2021-04-04T17:49:35, true
9DDDD405-82E4-4C56-A6A6-E2B51ACAB5CF, 2021-04-04T17:50:39, true
9DDDD405-82E4-4C56-A6A6-E2B51ACAB5CF, 2021-04-04T17:51:40, true
9DDDD405-82E4-4C56-A6A6-E2B51ACAB5CF, 2021-04-04T17:52:43, true
9DDDD405-82E4-4C56-A6A6-E2B51ACAB5CF, 2021-04-04T17:53:45, true
9DDDD405-82E4-4C56-A6A6-E2B51ACAB5CF, 2021-04-04T17:54:46, true
9DDDD405-82E4-4C56-A6A6-E2B51ACAB5CF, 2021-04-04T17:55:47, true
9DDDD405-82E4-4C56-A6A6-E2B51ACAB5CF, 2021-04-04T17:56:50, true
9DDDD405-82E4-4C56-A6A6-E2B51ACAB5CF, 2021-04-04T17:57:52, true
9DDDD405-82E4-4C56-A6A6-E2B51ACAB5CF, 2021-04-04T17:58:54, true
9DDDD405-82E4-4C56-A6A6-E2B51ACAB5CF, 2021-04-04T18:00:06, true
9DDDD405-82E4-4C56-A6A6-E2B51ACAB5CF, 2021-04-04T18:01:29, true
9DDDD405-82E4-4C56-A6A6-E2B51ACAB5CF, 2021-04-04T18:02:30, true
9DDDD405-82E4-4C56-A6A6-E2B51ACAB5CF, 2021-04-04T18:03:33, true
9DDDD405-82E4-4C56-A6A6-E2B51ACAB5CF, 2021-04-04T18:04:34, true
9DDDD405-82E4-4C56-A6A6-E2B51ACAB5CF, 2021-04-04T18:05:35, true
9DDDD405-82E4-4C56-A6A6-E2B51ACAB5CF, 2021-04-04T18:06:36, true
9DDDD405-82E4-4C56-A6A6-E2B51ACAB5CF, 2021-04-04T18:07:38, true
9DDDD405-82E4-4C56-A6A6-E2B51ACAB5CF, 2021-04-04T18:08:42, true
9DDDD405-82E4-4C56-A6A6-E2B51ACAB5CF, 2021-04-04T18:09:45, true
9DDDD405-82E4-4C56-A6A6-E2B51ACAB5CF, 2021-04-04T18:10:45, true
9DDDD405-82E4-4C56-A6A6-E2B51ACAB5CF, 2021-04-04T18:11:47, true
9DDDD405-82E4-4C56-A6A6-E2B51ACAB5CF, 2021-04-04T18:12:51, true
9DDDD405-82E4-4C56-A6A6-E2B51ACAB5CF, 2021-04-04T18:13:53, true
9DDDD405-82E4-4C56-A6A6-E2B51ACAB5CF, 2021-04-04T18:14:55, true
9DDDD405-82E4-4C56-A6A6-E2B51ACAB5CF, 2021-04-04T18:15:57, true
9DDDD405-82E4-4C56-A6A6-E2B51ACAB5CF, 2021-04-04T18:16:59, true
9DDDD405-82E4-4C56-A6A6-E2B51ACAB5CF, 2021-04-04T18:18:02, true
9DDDD405-82E4-4C56-A6A6-E2B51ACAB5CF, 2021-04-04T18:19:03, true
9DDDD405-82E4-4C56-A6A6-E2B51ACAB5CF, 2021-04-04T18:20:04, true
9DDDD405-82E4-4C56-A6A6-E2B51ACAB5CF, 2021-04-04T18:21:04, true
9DDDD405-82E4-4C56-A6A6-E2B51ACAB5CF, 2021-04-04T18:22:18, true
9DDDD405-82E4-4C56-A6A6-E2B51ACAB5CF, 2021-04-04T18:23:21, true
9DDDD405-82E4-4C56-A6A6-E2B51ACAB5CF, 2021-04-04T18:24:23, true
9DDDD405-82E4-4C56-A6A6-E2B51ACAB5CF, 2021-04-04T18:25:26, true
9DDDD405-82E4-4C56-A6A6-E2B51ACAB5CF, 2021-04-04T18:26:27, true
9DDDD405-82E4-4C56-A6A6-E2B51ACAB5CF, 2021-04-04T18:27:28, true
9DDDD405-82E4-4C56-A6A6-E2B51ACAB5CF, 2021-04-04T18:28:29, true
9DDDD405-82E4-4C56-A6A6-E2B51ACAB5CF, 2021-04-04T18:29:31, true
9DDDD405-82E4-4C56-A6A6-E2B51ACAB5CF, 2021-04-04T18:30:32, true
9DDDD405-82E4-4C56-A6A6-E2B51ACAB5CF, 2021-04-04T18:31:33, true
9DDDD405-82E4-4C56-A6A6-E2B51ACAB5CF, 2021-04-04T18:32:45, true
9DDDD405-82E4-4C56-A6A6-E2B51ACAB5CF, 2021-04-04T18:33:47, true
9DDDD405-82E4-4C56-A6A6-E2B51ACAB5CF, 2021-04-04T18:34:48, true
9DDDD405-82E4-4C56-A6A6-E2B51ACAB5CF, 2021-04-04T18:35:49, true
9DDDD405-82E4-4C56-A6A6-E2B51ACAB5CF, 2021-04-04T18:36:50, true
9DDDD405-82E4-4C56-A6A6-E2B51ACAB5CF, 2021-04-04T18:37:51, true
9DDDD405-82E4-4C56-A6A6-E2B51ACAB5CF, 2021-04-04T18:38:54, true
9DDDD405-82E4-4C56-A6A6-E2B51ACAB5CF, 2021-04-04T18:39:57, true
9DDDD405-82E4-4C56-A6A6-E2B51ACAB5CF, 2021-04-04T18:41:00, true
9DDDD405-82E4-4C56-A6A6-E2B51ACAB5CF, 2021-04-04T18:42:04, true
9DDDD405-82E4-4C56-A6A6-E2B51ACAB5CF, 2021-04-04T18:43:07, true
9DDDD405-82E4-4C56-A6A6-E2B51ACAB5CF, 2021-04-04T18:44:22, true
9DDDD405-82E4-4C56-A6A6-E2B51ACAB5CF, 2021-04-04T18:45:23, true
9DDDD405-82E4-4C56-A6A6-E2B51ACAB5CF, 2021-04-04T18:46:24, true
9DDDD405-82E4-4C56-A6A6-E2B51ACAB5CF, 2021-04-04T18:47:27, true
9DDDD405-82E4-4C56-A6A6-E2B51ACAB5CF, 2021-04-04T18:48:30, true
9DDDD405-82E4-4C56-A6A6-E2B51ACAB5CF, 2021-04-04T18:49:32, true
9DDDD405-82E4-4C56-A6A6-E2B51ACAB5CF, 2021-04-04T18:50:34, true
9DDDD405-82E4-4C56-A6A6-E2B51ACAB5CF, 2021-04-04T18:51:36, true
9DDDD405-82E4-4C56-A6A6-E2B51ACAB5CF, 2021-04-04T18:52:37, true
9DDDD405-82E4-4C56-A6A6-E2B51ACAB5CF, 2021-04-04T18:53:38, true
9DDDD405-82E4-4C56-A6A6-E2B51ACAB5CF, 2021-04-04T18:54:40, true
9DDDD405-82E4-4C56-A6A6-E2B51ACAB5CF, 2021-04-04T18:55:42, true
9DDDD405-82E4-4C56-A6A6-E2B51ACAB5CF, 2021-04-04T18:56:47, true
9DDDD405-82E4-4C56-A6A6-E2B51ACAB5CF, 2021-04-04T18:57:50, true
9DDDD405-82E4-4C56-A6A6-E2B51ACAB5CF, 2021-04-04T18:58:57, true
9DDDD405-82E4-4C56-A6A6-E2B51ACAB5CF, 2021-04-04T18:59:59, true
9DDDD405-82E4-4C56-A6A6-E2B51ACAB5CF, 2021-04-04T19:01:02, true
9DDDD405-82E4-4C56-A6A6-E2B51ACAB5CF, 2021-04-04T19:02:06, true
9DDDD405-82E4-4C56-A6A6-E2B51ACAB5CF, 2021-04-04T19:03:11, true
9DDDD405-82E4-4C56-A6A6-E2B51ACAB5CF, 2021-04-04T19:04:12, true
9DDDD405-82E4-4C56-A6A6-E2B51ACAB5CF, 2021-04-04T19:05:19, true
9DDDD405-82E4-4C56-A6A6-E2B51ACAB5CF, 2021-04-04T19:06:26, true
9DDDD405-82E4-4C56-A6A6-E2B51ACAB5CF, 2021-04-04T19:07:28, true
9DDDD405-82E4-4C56-A6A6-E2B51ACAB5CF, 2021-04-04T19:08:28, true
9DDDD405-82E4-4C56-A6A6-E2B51ACAB5CF, 2021-04-04T19:09:28, true
9DDDD405-82E4-4C56-A6A6-E2B51ACAB5CF, 2021-04-04T19:10:31, true
9DDDD405-82E4-4C56-A6A6-E2B51ACAB5CF, 2021-04-04T19:11:34, true
9DDDD405-82E4-4C56-A6A6-E2B51ACAB5CF, 2021-04-04T19:12:38, true
9DDDD405-82E4-4C56-A6A6-E2B51ACAB5CF, 2021-04-04T19:13:42, true
9DDDD405-82E4-4C56-A6A6-E2B51ACAB5CF, 2021-04-04T19:14:45, true
9DDDD405-82E4-4C56-A6A6-E2B51ACAB5CF, 2021-04-04T19:15:47, true
9DDDD405-82E4-4C56-A6A6-E2B51ACAB5CF, 2021-04-04T19:16:59, true
9DDDD405-82E4-4C56-A6A6-E2B51ACAB5CF, 2021-04-04T19:18:02, true
9DDDD405-82E4-4C56-A6A6-E2B51ACAB5CF, 2021-04-04T19:19:30, true
9DDDD405-82E4-4C56-A6A6-E2B51ACAB5CF, 2021-04-04T19:20:30, false
9DDDD405-82E4-4C56-A6A6-E2B51ACAB5CF, 2021-04-04T19:21:30, false
9DDDD405-82E4-4C56-A6A6-E2B51ACAB5CF, 2021-04-04T19:22:37, true
9DDDD405-82E4-4C56-A6A6-E2B51ACAB5CF, 2021-04-04T19:23:39, true
9DDDD405-82E4-4C56-A6A6-E2B51ACAB5CF, 2021-04-04T19:24:41, true
9DDDD405-82E4-4C56-A6A6-E2B51ACAB5CF, 2021-04-04T19:25:42, true
9DDDD405-82E4-4C56-A6A6-E2B51ACAB5CF, 2021-04-04T19:26:44, true
9DDDD405-82E4-4C56-A6A6-E2B51ACAB5CF, 2021-04-04T19:27:45, true
9DDDD405-82E4-4C56-A6A6-E2B51ACAB5CF, 2021-04-04T19:28:46, true
9DDDD405-82E4-4C56-A6A6-E2B51ACAB5CF, 2021-04-04T19:29:49, true
9DDDD405-82E4-4C56-A6A6-E2B51ACAB5CF, 2021-04-04T19:30:50, true
9DDDD405-82E4-4C56-A6A6-E2B51ACAB5CF, 2021-04-04T19:31:54, true
9DDDD405-82E4-4C56-A6A6-E2B51ACAB5CF, 2021-04-04T19:32:57, true
9DDDD405-82E4-4C56-A6A6-E2B51ACAB5CF, 2021-04-04T19:33:58, true
9DDDD405-82E4-4C56-A6A6-E2B51ACAB5CF, 2021-04-04T19:35:00, true
9DDDD405-82E4-4C56-A6A6-E2B51ACAB5CF, 2021-04-04T19:36:00, true
9DDDD405-82E4-4C56-A6A6-E2B51ACAB5CF, 2021-04-04T19:37:02, true
9DDDD405-82E4-4C56-A6A6-E2B51ACAB5CF, 2021-04-04T19:38:02, true
9DDDD405-82E4-4C56-A6A6-E2B51ACAB5CF, 2021-04-04T19:39:03, true
9DDDD405-82E4-4C56-A6A6-E2B51ACAB5CF, 2021-04-04T19:40:12, true
9DDDD405-82E4-4C56-A6A6-E2B51ACAB5CF, 2021-04-04T19:41:14, true
9DDDD405-82E4-4C56-A6A6-E2B51ACAB5CF, 2021-04-04T19:42:15, true
9DDDD405-82E4-4C56-A6A6-E2B51ACAB5CF, 2021-04-04T19:43:17, true
9DDDD405-82E4-4C56-A6A6-E2B51ACAB5CF, 2021-04-04T19:44:20, true
9DDDD405-82E4-4C56-A6A6-E2B51ACAB5CF, 2021-04-04T19:45:24, true
9DDDD405-82E4-4C56-A6A6-E2B51ACAB5CF, 2021-04-04T19:46:25, true
9DDDD405-82E4-4C56-A6A6-E2B51ACAB5CF, 2021-04-04T19:47:26, true
9DDDD405-82E4-4C56-A6A6-E2B51ACAB5CF, 2021-04-04T19:48:32, true
9DDDD405-82E4-4C56-A6A6-E2B51ACAB5CF, 2021-04-04T19:49:35, true
9DDDD405-82E4-4C56-A6A6-E2B51ACAB5CF, 2021-04-04T19:50:36, true
9DDDD405-82E4-4C56-A6A6-E2B51ACAB5CF, 2021-04-04T19:51:38, true
9DDDD405-82E4-4C56-A6A6-E2B51ACAB5CF, 2021-04-04T19:52:42, true
9DDDD405-82E4-4C56-A6A6-E2B51ACAB5CF, 2021-04-04T19:53:42, true
9DDDD405-82E4-4C56-A6A6-E2B51ACAB5CF, 2021-04-04T19:54:46, true
9DDDD405-82E4-4C56-A6A6-E2B51ACAB5CF, 2021-04-04T19:55:47, true
9DDDD405-82E4-4C56-A6A6-E2B51ACAB5CF, 2021-04-04T19:56:47, true
9DDDD405-82E4-4C56-A6A6-E2B51ACAB5CF, 2021-04-04T19:57:50, true
9DDDD405-82E4-4C56-A6A6-E2B51ACAB5CF, 2021-04-04T19:58:52, true
9DDDD405-82E4-4C56-A6A6-E2B51ACAB5CF, 2021-04-04T19:59:54, true
9DDDD405-82E4-4C56-A6A6-E2B51ACAB5CF, 2021-04-04T20:01:02, true
9DDDD405-82E4-4C56-A6A6-E2B51ACAB5CF, 2021-04-04T20:02:04, true
9DDDD405-82E4-4C56-A6A6-E2B51ACAB5CF, 2021-04-04T20:03:05, true
9DDDD405-82E4-4C56-A6A6-E2B51ACAB5CF, 2021-04-04T20:04:07, true
9DDDD405-82E4-4C56-A6A6-E2B51ACAB5CF, 2021-04-04T20:05:07, true
9DDDD405-82E4-4C56-A6A6-E2B51ACAB5CF, 2021-04-04T20:06:08, true
9DDDD405-82E4-4C56-A6A6-E2B51ACAB5CF, 2021-04-04T20:07:12, true
9DDDD405-82E4-4C56-A6A6-E2B51ACAB5CF, 2021-04-04T20:08:16, true
9DDDD405-82E4-4C56-A6A6-E2B51ACAB5CF, 2021-04-04T20:09:18, true
9DDDD405-82E4-4C56-A6A6-E2B51ACAB5CF, 2021-04-04T20:10:19, true
9DDDD405-82E4-4C56-A6A6-E2B51ACAB5CF, 2021-04-04T20:11:19, true
9DDDD405-82E4-4C56-A6A6-E2B51ACAB5CF, 2021-04-04T20:12:26, true
9DDDD405-82E4-4C56-A6A6-E2B51ACAB5CF, 2021-04-04T20:13:26, true
9DDDD405-82E4-4C56-A6A6-E2B51ACAB5CF, 2021-04-04T20:14:29, true
9DDDD405-82E4-4C56-A6A6-E2B51ACAB5CF, 2021-04-04T20:15:32, true
9DDDD405-82E4-4C56-A6A6-E2B51ACAB5CF, 2021-04-04T20:16:37, true
9DDDD405-82E4-4C56-A6A6-E2B51ACAB5CF, 2021-04-04T20:17:38, true
9DDDD405-82E4-4C56-A6A6-E2B51ACAB5CF, 2021-04-04T20:18:43, true
9DDDD405-82E4-4C56-A6A6-E2B51ACAB5CF, 2021-04-04T20:19:44, true
9DDDD405-82E4-4C56-A6A6-E2B51ACAB5CF, 2021-04-04T20:20:44, true
9DDDD405-82E4-4C56-A6A6-E2B51ACAB5CF, 2021-04-04T20:21:48, true
9DDDD405-82E4-4C56-A6A6-E2B51ACAB5CF, 2021-04-04T20:23:01, true
9DDDD405-82E4-4C56-A6A6-E2B51ACAB5CF, 2021-04-04T20:24:05, true
9DDDD405-82E4-4C56-A6A6-E2B51ACAB5CF, 2021-04-04T20:25:10, true
9DDDD405-82E4-4C56-A6A6-E2B51ACAB5CF, 2021-04-04T20:26:11, true
9DDDD405-82E4-4C56-A6A6-E2B51ACAB5CF, 2021-04-04T20:27:14, true
9DDDD405-82E4-4C56-A6A6-E2B51ACAB5CF, 2021-04-04T20:28:17, true
9DDDD405-82E4-4C56-A6A6-E2B51ACAB5CF, 2021-04-04T20:29:40, true
9DDDD405-82E4-4C56-A6A6-E2B51ACAB5CF, 2021-04-04T20:30:46, true
9DDDD405-82E4-4C56-A6A6-E2B51ACAB5CF, 2021-04-04T20:31:47, true
9DDDD405-82E4-4C56-A6A6-E2B51ACAB5CF, 2021-04-04T20:32:48, true
9DDDD405-82E4-4C56-A6A6-E2B51ACAB5CF, 2021-04-04T20:33:49, true
9DDDD405-82E4-4C56-A6A6-E2B51ACAB5CF, 2021-04-04T20:34:52, true
9DDDD405-82E4-4C56-A6A6-E2B51ACAB5CF, 2021-04-04T20:35:53, true
9DDDD405-82E4-4C56-A6A6-E2B51ACAB5CF, 2021-04-04T20:36:57, true
9DDDD405-82E4-4C56-A6A6-E2B51ACAB5CF, 2021-04-04T20:37:59, true
9DDDD405-82E4-4C56-A6A6-E2B51ACAB5CF, 2021-04-04T20:39:00, true
9DDDD405-82E4-4C56-A6A6-E2B51ACAB5CF, 2021-04-04T20:40:02, true
9DDDD405-82E4-4C56-A6A6-E2B51ACAB5CF, 2021-04-04T20:41:21, true
9DDDD405-82E4-4C56-A6A6-E2B51ACAB5CF, 2021-04-04T20:42:25, true
9DDDD405-82E4-4C56-A6A6-E2B51ACAB5CF, 2021-04-04T20:43:25, true
9DDDD405-82E4-4C56-A6A6-E2B51ACAB5CF, 2021-04-04T20:44:27, true
9DDDD405-82E4-4C56-A6A6-E2B51ACAB5CF, 2021-04-04T20:45:36, true
9DDDD405-82E4-4C56-A6A6-E2B51ACAB5CF, 2021-04-04T20:46:36, true
9DDDD405-82E4-4C56-A6A6-E2B51ACAB5CF, 2021-04-04T20:47:37, true
9DDDD405-82E4-4C56-A6A6-E2B51ACAB5CF, 2021-04-04T20:48:38, true
9DDDD405-82E4-4C56-A6A6-E2B51ACAB5CF, 2021-04-04T20:49:38, true
9DDDD405-82E4-4C56-A6A6-E2B51ACAB5CF, 2021-04-04T20:50:40, true
9DDDD405-82E4-4C56-A6A6-E2B51ACAB5CF, 2021-04-04T20:51:43, true
9DDDD405-82E4-4C56-A6A6-E2B51ACAB5CF, 2021-04-04T20:52:44, true
9DDDD405-82E4-4C56-A6A6-E2B51ACAB5CF, 2021-04-04T20:53:45, true
9DDDD405-82E4-4C56-A6A6-E2B51ACAB5CF, 2021-04-04T20:54:48, true
9DDDD405-82E4-4C56-A6A6-E2B51ACAB5CF, 2021-04-04T20:55:48, false
9DDDD405-82E4-4C56-A6A6-E2B51ACAB5CF, 2021-04-04T20:56:19, true
9DDDD405-82E4-4C56-A6A6-E2B51ACAB5CF, 2021-04-04T20:57:22, true
9DDDD405-82E4-4C56-A6A6-E2B51ACAB5CF, 2021-04-04T20:58:24, true
9DDDD405-82E4-4C56-A6A6-E2B51ACAB5CF, 2021-04-04T20:59:27, true
9DDDD405-82E4-4C56-A6A6-E2B51ACAB5CF, 2021-04-04T21:00:27, false
9DDDD405-82E4-4C56-A6A6-E2B51ACAB5CF, 2021-04-04T21:01:38, true
9DDDD405-82E4-4C56-A6A6-E2B51ACAB5CF, 2021-04-04T21:02:38, false
9DDDD405-82E4-4C56-A6A6-E2B51ACAB5CF, 2021-04-04T21:03:38, false
9DDDD405-82E4-4C56-A6A6-E2B51ACAB5CF, 2021-04-04T21:04:38, false
9DDDD405-82E4-4C56-A6A6-E2B51ACAB5CF, 2021-04-04T21:05:38, false
9DDDD405-82E4-4C56-A6A6-E2B51ACAB5CF, 2021-04-04T21:06:38, false
9DDDD405-82E4-4C56-A6A6-E2B51ACAB5CF, 2021-04-04T21:07:38, false
9DDDD405-82E4-4C56-A6A6-E2B51ACAB5CF, 2021-04-04T21:08:38, false
9DDDD405-82E4-4C56-A6A6-E2B51ACAB5CF, 2021-04-04T21:09:38, false
9DDDD405-82E4-4C56-A6A6-E2B51ACAB5CF, 2021-04-04T21:10:38, false
9DDDD405-82E4-4C56-A6A6-E2B51ACAB5CF, 2021-04-04T21:11:38, false
9DDDD405-82E4-4C56-A6A6-E2B51ACAB5CF, 2021-04-04T21:12:38, false
9DDDD405-82E4-4C56-A6A6-E2B51ACAB5CF, 2021-04-04T21:13:38, false
9DDDD405-82E4-4C56-A6A6-E2B51ACAB5CF, 2021-04-04T21:14:38, false
9DDDD405-82E4-4C56-A6A6-E2B51ACAB5CF, 2021-04-04T21:15:38, false
9DDDD405-82E4-4C56-A6A6-E2B51ACAB5CF, 2021-04-04T21:16:38, false
9DDDD405-82E4-4C56-A6A6-E2B51ACAB5CF, 2021-04-04T21:17:38, false
9DDDD405-82E4-4C56-A6A6-E2B51ACAB5CF, 2021-04-04T21:18:38, false
9DDDD405-82E4-4C56-A6A6-E2B51ACAB5CF, 2021-04-04T21:19:38, false
9DDDD405-82E4-4C56-A6A6-E2B51ACAB5CF, 2021-04-04T21:20:38, false
9DDDD405-82E4-4C56-A6A6-E2B51ACAB5CF, 2021-04-04T21:21:38, false
9DDDD405-82E4-4C56-A6A6-E2B51ACAB5CF, 2021-04-04T21:22:38, false
9DDDD405-82E4-4C56-A6A6-E2B51ACAB5CF, 2021-04-04T21:23:38, false
9DDDD405-82E4-4C56-A6A6-E2B51ACAB5CF, 2021-04-04T21:24:38, false
9DDDD405-82E4-4C56-A6A6-E2B51ACAB5CF, 2021-04-04T21:25:38, false
9DDDD405-82E4-4C56-A6A6-E2B51ACAB5CF, 2021-04-04T21:26:38, false
9DDDD405-82E4-4C56-A6A6-E2B51ACAB5CF, 2021-04-04T21:27:38, false
9DDDD405-82E4-4C56-A6A6-E2B51ACAB5CF, 2021-04-04T21:28:38, false
9DDDD405-82E4-4C56-A6A6-E2B51ACAB5CF, 2021-04-04T21:29:38, false
9DDDD405-82E4-4C56-A6A6-E2B51ACAB5CF, 2021-04-04T21:30:38, false
9DDDD405-82E4-4C56-A6A6-E2B51ACAB5CF, 2021-04-04T21:31:38, false
9DDDD405-82E4-4C56-A6A6-E2B51ACAB5CF, 2021-04-04T21:32:38, false
9DDDD405-82E4-4C56-A6A6-E2B51ACAB5CF, 2021-04-04T21:33:38, false
9DDDD405-82E4-4C56-A6A6-E2B51ACAB5CF, 2021-04-04T21:34:38, false
9DDDD405-82E4-4C56-A6A6-E2B51ACAB5CF, 2021-04-04T21:35:38, false
9DDDD405-82E4-4C56-A6A6-E2B51ACAB5CF, 2021-04-04T21:36:38, false
9DDDD405-82E4-4C56-A6A6-E2B51ACAB5CF, 2021-04-04T21:37:35, true
9DDDD405-82E4-4C56-A6A6-E2B51ACAB5CF, 2021-04-04T21:38:35, false
9DDDD405-82E4-4C56-A6A6-E2B51ACAB5CF, 2021-04-04T21:39:16, true
9DDDD405-82E4-4C56-A6A6-E2B51ACAB5CF, 2021-04-04T21:40:35, true
9DDDD405-82E4-4C56-A6A6-E2B51ACAB5CF, 2021-04-04T21:41:45, true
9DDDD405-82E4-4C56-A6A6-E2B51ACAB5CF, 2021-04-04T21:42:52, true
9DDDD405-82E4-4C56-A6A6-E2B51ACAB5CF, 2021-04-04T21:43:54, true
9DDDD405-82E4-4C56-A6A6-E2B51ACAB5CF, 2021-04-04T21:44:56, true
9DDDD405-82E4-4C56-A6A6-E2B51ACAB5CF, 2021-04-04T21:45:59, true
9DDDD405-82E4-4C56-A6A6-E2B51ACAB5CF, 2021-04-04T21:47:04, true
9DDDD405-82E4-4C56-A6A6-E2B51ACAB5CF, 2021-04-04T21:48:05, true
9DDDD405-82E4-4C56-A6A6-E2B51ACAB5CF, 2021-04-04T21:49:09, true
9DDDD405-82E4-4C56-A6A6-E2B51ACAB5CF, 2021-04-04T21:50:11, true
9DDDD405-82E4-4C56-A6A6-E2B51ACAB5CF, 2021-04-04T21:51:13, true
9DDDD405-82E4-4C56-A6A6-E2B51ACAB5CF, 2021-04-04T21:52:14, true
9DDDD405-82E4-4C56-A6A6-E2B51ACAB5CF, 2021-04-04T21:53:14, true
9DDDD405-82E4-4C56-A6A6-E2B51ACAB5CF, 2021-04-04T21:54:15, true
9DDDD405-82E4-4C56-A6A6-E2B51ACAB5CF, 2021-04-04T21:55:18, true
9DDDD405-82E4-4C56-A6A6-E2B51ACAB5CF, 2021-04-04T21:56:21, true
9DDDD405-82E4-4C56-A6A6-E2B51ACAB5CF, 2021-04-04T21:57:24, true
9DDDD405-82E4-4C56-A6A6-E2B51ACAB5CF, 2021-04-04T21:58:31, true
9DDDD405-82E4-4C56-A6A6-E2B51ACAB5CF, 2021-04-04T21:59:35, true
9DDDD405-82E4-4C56-A6A6-E2B51ACAB5CF, 2021-04-04T22:00:40, true
9DDDD405-82E4-4C56-A6A6-E2B51ACAB5CF, 2021-04-04T22:01:40, true
9DDDD405-82E4-4C56-A6A6-E2B51ACAB5CF, 2021-04-04T22:02:42, true
9DDDD405-82E4-4C56-A6A6-E2B51ACAB5CF, 2021-04-04T22:03:42, true
9DDDD405-82E4-4C56-A6A6-E2B51ACAB5CF, 2021-04-04T22:04:44, true
9DDDD405-82E4-4C56-A6A6-E2B51ACAB5CF, 2021-04-04T22:05:46, true
9DDDD405-82E4-4C56-A6A6-E2B51ACAB5CF, 2021-04-04T22:06:47, true
9DDDD405-82E4-4C56-A6A6-E2B51ACAB5CF, 2021-04-04T22:07:51, true
9DDDD405-82E4-4C56-A6A6-E2B51ACAB5CF, 2021-04-04T22:09:03, true
9DDDD405-82E4-4C56-A6A6-E2B51ACAB5CF, 2021-04-04T22:10:09, true
9DDDD405-82E4-4C56-A6A6-E2B51ACAB5CF, 2021-04-04T22:11:10, true
9DDDD405-82E4-4C56-A6A6-E2B51ACAB5CF, 2021-04-04T22:12:14, true
9DDDD405-82E4-4C56-A6A6-E2B51ACAB5CF, 2021-04-04T22:13:14, true
9DDDD405-82E4-4C56-A6A6-E2B51ACAB5CF, 2021-04-04T22:14:17, true
9DDDD405-82E4-4C56-A6A6-E2B51ACAB5CF, 2021-04-04T22:15:21, true
9DDDD405-82E4-4C56-A6A6-E2B51ACAB5CF, 2021-04-04T22:16:33, true
9DDDD405-82E4-4C56-A6A6-E2B51ACAB5CF, 2021-04-04T22:17:36, true
9DDDD405-82E4-4C56-A6A6-E2B51ACAB5CF, 2021-04-04T22:18:38, true
9DDDD405-82E4-4C56-A6A6-E2B51ACAB5CF, 2021-04-04T22:19:41, true
9DDDD405-82E4-4C56-A6A6-E2B51ACAB5CF, 2021-04-04T22:20:48, true
9DDDD405-82E4-4C56-A6A6-E2B51ACAB5CF, 2021-04-04T22:21:48, true
9DDDD405-82E4-4C56-A6A6-E2B51ACAB5CF, 2021-04-04T22:22:49, true
9DDDD405-82E4-4C56-A6A6-E2B51ACAB5CF, 2021-04-04T22:23:51, true
9DDDD405-82E4-4C56-A6A6-E2B51ACAB5CF, 2021-04-04T22:24:51, true
9DDDD405-82E4-4C56-A6A6-E2B51ACAB5CF, 2021-04-04T22:25:55, true
9DDDD405-82E4-4C56-A6A6-E2B51ACAB5CF, 2021-04-04T22:26:59, true
9DDDD405-82E4-4C56-A6A6-E2B51ACAB5CF, 2021-04-04T22:28:01, true
9DDDD405-82E4-4C56-A6A6-E2B51ACAB5CF, 2021-04-04T22:29:02, true
9DDDD405-82E4-4C56-A6A6-E2B51ACAB5CF, 2021-04-04T22:30:04, true
9DDDD405-82E4-4C56-A6A6-E2B51ACAB5CF, 2021-04-04T22:31:05, true
9DDDD405-82E4-4C56-A6A6-E2B51ACAB5CF, 2021-04-04T22:32:05, true
9DDDD405-82E4-4C56-A6A6-E2B51ACAB5CF, 2021-04-04T22:33:05, true
9DDDD405-82E4-4C56-A6A6-E2B51ACAB5CF, 2021-04-04T22:34:06, true
9DDDD405-82E4-4C56-A6A6-E2B51ACAB5CF, 2021-04-04T22:35:06, true
9DDDD405-82E4-4C56-A6A6-E2B51ACAB5CF, 2021-04-04T22:36:07, true
9DDDD405-82E4-4C56-A6A6-E2B51ACAB5CF, 2021-04-04T22:37:12, true
9DDDD405-82E4-4C56-A6A6-E2B51ACAB5CF, 2021-04-04T22:38:13, true
9DDDD405-82E4-4C56-A6A6-E2B51ACAB5CF, 2021-04-04T22:39:14, true
9DDDD405-82E4-4C56-A6A6-E2B51ACAB5CF, 2021-04-04T22:40:17, true
9DDDD405-82E4-4C56-A6A6-E2B51ACAB5CF, 2021-04-04T22:41:36, true
9DDDD405-82E4-4C56-A6A6-E2B51ACAB5CF, 2021-04-04T22:42:42, true
9DDDD405-82E4-4C56-A6A6-E2B51ACAB5CF, 2021-04-04T22:43:46, true
9DDDD405-82E4-4C56-A6A6-E2B51ACAB5CF, 2021-04-04T22:44:49, true
