Device, Measure Date Time, Exist
9DDDD405-82E4-4C56-A6A6-E2B51ACAB5CF, 2021-04-13T22:45:54, true
9DDDD405-82E4-4C56-A6A6-E2B51ACAB5CF, 2021-04-13T22:46:56, true
9DDDD405-82E4-4C56-A6A6-E2B51ACAB5CF, 2021-04-13T22:48:03, true
9DDDD405-82E4-4C56-A6A6-E2B51ACAB5CF, 2021-04-13T22:49:03, true
9DDDD405-82E4-4C56-A6A6-E2B51ACAB5CF, 2021-04-13T22:50:04, true
9DDDD405-82E4-4C56-A6A6-E2B51ACAB5CF, 2021-04-13T22:51:12, true
9DDDD405-82E4-4C56-A6A6-E2B51ACAB5CF, 2021-04-13T22:52:24, true
9DDDD405-82E4-4C56-A6A6-E2B51ACAB5CF, 2021-04-13T22:53:27, true
9DDDD405-82E4-4C56-A6A6-E2B51ACAB5CF, 2021-04-13T22:54:29, true
9DDDD405-82E4-4C56-A6A6-E2B51ACAB5CF, 2021-04-13T22:55:32, true
9DDDD405-82E4-4C56-A6A6-E2B51ACAB5CF, 2021-04-13T22:56:38, true
9DDDD405-82E4-4C56-A6A6-E2B51ACAB5CF, 2021-04-13T22:57:40, true
9DDDD405-82E4-4C56-A6A6-E2B51ACAB5CF, 2021-04-13T22:58:47, true
9DDDD405-82E4-4C56-A6A6-E2B51ACAB5CF, 2021-04-13T22:59:49, true
9DDDD405-82E4-4C56-A6A6-E2B51ACAB5CF, 2021-04-13T23:00:51, true
9DDDD405-82E4-4C56-A6A6-E2B51ACAB5CF, 2021-04-13T23:01:52, true
9DDDD405-82E4-4C56-A6A6-E2B51ACAB5CF, 2021-04-13T23:02:54, true
9DDDD405-82E4-4C56-A6A6-E2B51ACAB5CF, 2021-04-13T23:03:54, true
9DDDD405-82E4-4C56-A6A6-E2B51ACAB5CF, 2021-04-13T23:04:56, true
9DDDD405-82E4-4C56-A6A6-E2B51ACAB5CF, 2021-04-13T23:05:58, true
9DDDD405-82E4-4C56-A6A6-E2B51ACAB5CF, 2021-04-13T23:07:02, true
9DDDD405-82E4-4C56-A6A6-E2B51ACAB5CF, 2021-04-13T23:08:03, true
9DDDD405-82E4-4C56-A6A6-E2B51ACAB5CF, 2021-04-13T23:09:09, true
9DDDD405-82E4-4C56-A6A6-E2B51ACAB5CF, 2021-04-13T23:10:13, true
9DDDD405-82E4-4C56-A6A6-E2B51ACAB5CF, 2021-04-13T23:11:14, true
9DDDD405-82E4-4C56-A6A6-E2B51ACAB5CF, 2021-04-13T23:12:18, true
9DDDD405-82E4-4C56-A6A6-E2B51ACAB5CF, 2021-04-13T23:13:19, true
9DDDD405-82E4-4C56-A6A6-E2B51ACAB5CF, 2021-04-13T23:14:21, true
9DDDD405-82E4-4C56-A6A6-E2B51ACAB5CF, 2021-04-13T23:15:24, true
9DDDD405-82E4-4C56-A6A6-E2B51ACAB5CF, 2021-04-13T23:16:27, true
9DDDD405-82E4-4C56-A6A6-E2B51ACAB5CF, 2021-04-13T23:17:27, true
9DDDD405-82E4-4C56-A6A6-E2B51ACAB5CF, 2021-04-13T23:18:31, true
9DDDD405-82E4-4C56-A6A6-E2B51ACAB5CF, 2021-04-13T23:19:32, true
9DDDD405-82E4-4C56-A6A6-E2B51ACAB5CF, 2021-04-13T23:20:42, true
9DDDD405-82E4-4C56-A6A6-E2B51ACAB5CF, 2021-04-13T23:21:42, true
9DDDD405-82E4-4C56-A6A6-E2B51ACAB5CF, 2021-04-13T23:22:43, true
9DDDD405-82E4-4C56-A6A6-E2B51ACAB5CF, 2021-04-13T23:23:43, true
9DDDD405-82E4-4C56-A6A6-E2B51ACAB5CF, 2021-04-13T23:24:44, true
9DDDD405-82E4-4C56-A6A6-E2B51ACAB5CF, 2021-04-13T23:25:45, true
9DDDD405-82E4-4C56-A6A6-E2B51ACAB5CF, 2021-04-13T23:26:48, true
9DDDD405-82E4-4C56-A6A6-E2B51ACAB5CF, 2021-04-13T23:27:50, true
9DDDD405-82E4-4C56-A6A6-E2B51ACAB5CF, 2021-04-13T23:28:51, true
9DDDD405-82E4-4C56-A6A6-E2B51ACAB5CF, 2021-04-13T23:29:52, true
9DDDD405-82E4-4C56-A6A6-E2B51ACAB5CF, 2021-04-13T23:30:52, true
9DDDD405-82E4-4C56-A6A6-E2B51ACAB5CF, 2021-04-13T23:31:55, true
9DDDD405-82E4-4C56-A6A6-E2B51ACAB5CF, 2021-04-13T23:33:22, true
9DDDD405-82E4-4C56-A6A6-E2B51ACAB5CF, 2021-04-13T23:34:23, true
9DDDD405-82E4-4C56-A6A6-E2B51ACAB5CF, 2021-04-13T23:35:24, true
9DDDD405-82E4-4C56-A6A6-E2B51ACAB5CF, 2021-04-13T23:36:26, true
9DDDD405-82E4-4C56-A6A6-E2B51ACAB5CF, 2021-04-13T23:37:26, true
9DDDD405-82E4-4C56-A6A6-E2B51ACAB5CF, 2021-04-13T23:38:30, true
9DDDD405-82E4-4C56-A6A6-E2B51ACAB5CF, 2021-04-13T23:39:33, true
9DDDD405-82E4-4C56-A6A6-E2B51ACAB5CF, 2021-04-13T23:40:35, true
9DDDD405-82E4-4C56-A6A6-E2B51ACAB5CF, 2021-04-13T23:41:41, true
9DDDD405-82E4-4C56-A6A6-E2B51ACAB5CF, 2021-04-13T23:42:46, true
9DDDD405-82E4-4C56-A6A6-E2B51ACAB5CF, 2021-04-13T23:43:48, true
9DDDD405-82E4-4C56-A6A6-E2B51ACAB5CF, 2021-04-13T23:44:48, true
9DDDD405-82E4-4C56-A6A6-E2B51ACAB5CF, 2021-04-13T23:45:52, true
9DDDD405-82E4-4C56-A6A6-E2B51ACAB5CF, 2021-04-13T23:46:53, true
9DDDD405-82E4-4C56-A6A6-E2B51ACAB5CF, 2021-04-13T23:47:53, true
9DDDD405-82E4-4C56-A6A6-E2B51ACAB5CF, 2021-04-13T23:48:54, true
9DDDD405-82E4-4C56-A6A6-E2B51ACAB5CF, 2021-04-13T23:49:58, true
9DDDD405-82E4-4C56-A6A6-E2B51ACAB5CF, 2021-04-13T23:51:00, true
9DDDD405-82E4-4C56-A6A6-E2B51ACAB5CF, 2021-04-13T23:52:02, true
9DDDD405-82E4-4C56-A6A6-E2B51ACAB5CF, 2021-04-13T23:53:15, true
9DDDD405-82E4-4C56-A6A6-E2B51ACAB5CF, 2021-04-13T23:54:25, true
9DDDD405-82E4-4C56-A6A6-E2B51ACAB5CF, 2021-04-13T23:55:27, true
9DDDD405-82E4-4C56-A6A6-E2B51ACAB5CF, 2021-04-13T23:56:31, true
9DDDD405-82E4-4C56-A6A6-E2B51ACAB5CF, 2021-04-13T23:57:33, true
9DDDD405-82E4-4C56-A6A6-E2B51ACAB5CF, 2021-04-13T23:58:46, true
9DDDD405-82E4-4C56-A6A6-E2B51ACAB5CF, 2021-04-13T23:59:50, true
9DDDD405-82E4-4C56-A6A6-E2B51ACAB5CF, 2021-04-14T00:01:01, true
9DDDD405-82E4-4C56-A6A6-E2B51ACAB5CF, 2021-04-14T00:02:06, true
9DDDD405-82E4-4C56-A6A6-E2B51ACAB5CF, 2021-04-14T00:03:07, true
9DDDD405-82E4-4C56-A6A6-E2B51ACAB5CF, 2021-04-14T00:04:07, true
9DDDD405-82E4-4C56-A6A6-E2B51ACAB5CF, 2021-04-14T00:05:12, true
9DDDD405-82E4-4C56-A6A6-E2B51ACAB5CF, 2021-04-14T00:06:13, true
9DDDD405-82E4-4C56-A6A6-E2B51ACAB5CF, 2021-04-14T00:07:15, true
9DDDD405-82E4-4C56-A6A6-E2B51ACAB5CF, 2021-04-14T00:08:16, true
9DDDD405-82E4-4C56-A6A6-E2B51ACAB5CF, 2021-04-14T00:09:17, true
9DDDD405-82E4-4C56-A6A6-E2B51ACAB5CF, 2021-04-14T00:10:17, true
9DDDD405-82E4-4C56-A6A6-E2B51ACAB5CF, 2021-04-14T00:11:20, true
9DDDD405-82E4-4C56-A6A6-E2B51ACAB5CF, 2021-04-14T00:12:22, true
9DDDD405-82E4-4C56-A6A6-E2B51ACAB5CF, 2021-04-14T00:13:23, true
9DDDD405-82E4-4C56-A6A6-E2B51ACAB5CF, 2021-04-14T00:14:26, true
9DDDD405-82E4-4C56-A6A6-E2B51ACAB5CF, 2021-04-14T00:15:27, true
9DDDD405-82E4-4C56-A6A6-E2B51ACAB5CF, 2021-04-14T00:16:30, true
9DDDD405-82E4-4C56-A6A6-E2B51ACAB5CF, 2021-04-14T00:17:32, true
9DDDD405-82E4-4C56-A6A6-E2B51ACAB5CF, 2021-04-14T00:18:33, true
9DDDD405-82E4-4C56-A6A6-E2B51ACAB5CF, 2021-04-14T00:19:36, true
9DDDD405-82E4-4C56-A6A6-E2B51ACAB5CF, 2021-04-14T00:20:39, true
9DDDD405-82E4-4C56-A6A6-E2B51ACAB5CF, 2021-04-14T00:21:39, true
9DDDD405-82E4-4C56-A6A6-E2B51ACAB5CF, 2021-04-14T00:22:40, true
9DDDD405-82E4-4C56-A6A6-E2B51ACAB5CF, 2021-04-14T00:23:42, true
9DDDD405-82E4-4C56-A6A6-E2B51ACAB5CF, 2021-04-14T00:24:44, true
9DDDD405-82E4-4C56-A6A6-E2B51ACAB5CF, 2021-04-14T00:25:48, true
9DDDD405-82E4-4C56-A6A6-E2B51ACAB5CF, 2021-04-14T00:26:57, true
9DDDD405-82E4-4C56-A6A6-E2B51ACAB5CF, 2021-04-14T00:28:00, true
9DDDD405-82E4-4C56-A6A6-E2B51ACAB5CF, 2021-04-14T00:29:01, true
9DDDD405-82E4-4C56-A6A6-E2B51ACAB5CF, 2021-04-14T00:30:04, true
9DDDD405-82E4-4C56-A6A6-E2B51ACAB5CF, 2021-04-14T00:31:07, true
9DDDD405-82E4-4C56-A6A6-E2B51ACAB5CF, 2021-04-14T00:32:08, true
9DDDD405-82E4-4C56-A6A6-E2B51ACAB5CF, 2021-04-14T00:33:08, true
9DDDD405-82E4-4C56-A6A6-E2B51ACAB5CF, 2021-04-14T00:34:10, true
9DDDD405-82E4-4C56-A6A6-E2B51ACAB5CF, 2021-04-14T00:35:12, true
9DDDD405-82E4-4C56-A6A6-E2B51ACAB5CF, 2021-04-14T00:36:12, true
9DDDD405-82E4-4C56-A6A6-E2B51ACAB5CF, 2021-04-14T00:37:12, true
9DDDD405-82E4-4C56-A6A6-E2B51ACAB5CF, 2021-04-14T00:38:24, true
9DDDD405-82E4-4C56-A6A6-E2B51ACAB5CF, 2021-04-14T00:39:25, true
9DDDD405-82E4-4C56-A6A6-E2B51ACAB5CF, 2021-04-14T00:40:28, true
9DDDD405-82E4-4C56-A6A6-E2B51ACAB5CF, 2021-04-14T00:41:30, true
9DDDD405-82E4-4C56-A6A6-E2B51ACAB5CF, 2021-04-14T00:42:33, true
9DDDD405-82E4-4C56-A6A6-E2B51ACAB5CF, 2021-04-14T00:43:35, true
9DDDD405-82E4-4C56-A6A6-E2B51ACAB5CF, 2021-04-14T00:44:39, true
9DDDD405-82E4-4C56-A6A6-E2B51ACAB5CF, 2021-04-14T00:45:42, true
9DDDD405-82E4-4C56-A6A6-E2B51ACAB5CF, 2021-04-14T00:46:45, true
9DDDD405-82E4-4C56-A6A6-E2B51ACAB5CF, 2021-04-14T00:47:46, true
9DDDD405-82E4-4C56-A6A6-E2B51ACAB5CF, 2021-04-14T00:48:59, true
9DDDD405-82E4-4C56-A6A6-E2B51ACAB5CF, 2021-04-14T00:49:59, true
9DDDD405-82E4-4C56-A6A6-E2B51ACAB5CF, 2021-04-14T00:51:01, true
9DDDD405-82E4-4C56-A6A6-E2B51ACAB5CF, 2021-04-14T00:52:02, true
9DDDD405-82E4-4C56-A6A6-E2B51ACAB5CF, 2021-04-14T00:53:05, true
9DDDD405-82E4-4C56-A6A6-E2B51ACAB5CF, 2021-04-14T00:54:08, true
9DDDD405-82E4-4C56-A6A6-E2B51ACAB5CF, 2021-04-14T00:55:09, true
9DDDD405-82E4-4C56-A6A6-E2B51ACAB5CF, 2021-04-14T00:56:11, true
9DDDD405-82E4-4C56-A6A6-E2B51ACAB5CF, 2021-04-14T00:57:13, true
9DDDD405-82E4-4C56-A6A6-E2B51ACAB5CF, 2021-04-14T00:58:20, true
9DDDD405-82E4-4C56-A6A6-E2B51ACAB5CF, 2021-04-14T00:59:21, true
9DDDD405-82E4-4C56-A6A6-E2B51ACAB5CF, 2021-04-14T01:00:23, true
9DDDD405-82E4-4C56-A6A6-E2B51ACAB5CF, 2021-04-14T01:01:27, true
9DDDD405-82E4-4C56-A6A6-E2B51ACAB5CF, 2021-04-14T01:02:31, true
9DDDD405-82E4-4C56-A6A6-E2B51ACAB5CF, 2021-04-14T01:03:34, true
9DDDD405-82E4-4C56-A6A6-E2B51ACAB5CF, 2021-04-14T01:04:35, true
9DDDD405-82E4-4C56-A6A6-E2B51ACAB5CF, 2021-04-14T01:05:38, true
9DDDD405-82E4-4C56-A6A6-E2B51ACAB5CF, 2021-04-14T01:06:41, true
9DDDD405-82E4-4C56-A6A6-E2B51ACAB5CF, 2021-04-14T01:07:42, true
9DDDD405-82E4-4C56-A6A6-E2B51ACAB5CF, 2021-04-14T01:08:43, true
9DDDD405-82E4-4C56-A6A6-E2B51ACAB5CF, 2021-04-14T01:09:43, true
9DDDD405-82E4-4C56-A6A6-E2B51ACAB5CF, 2021-04-14T01:10:56, true
9DDDD405-82E4-4C56-A6A6-E2B51ACAB5CF, 2021-04-14T01:11:58, true
9DDDD405-82E4-4C56-A6A6-E2B51ACAB5CF, 2021-04-14T01:13:01, true
9DDDD405-82E4-4C56-A6A6-E2B51ACAB5CF, 2021-04-14T01:14:01, true
9DDDD405-82E4-4C56-A6A6-E2B51ACAB5CF, 2021-04-14T01:15:03, true
9DDDD405-82E4-4C56-A6A6-E2B51ACAB5CF, 2021-04-14T01:16:06, true
9DDDD405-82E4-4C56-A6A6-E2B51ACAB5CF, 2021-04-14T01:17:07, true
9DDDD405-82E4-4C56-A6A6-E2B51ACAB5CF, 2021-04-14T01:18:09, true
9DDDD405-82E4-4C56-A6A6-E2B51ACAB5CF, 2021-04-14T01:19:12, true
9DDDD405-82E4-4C56-A6A6-E2B51ACAB5CF, 2021-04-14T01:20:12, true
9DDDD405-82E4-4C56-A6A6-E2B51ACAB5CF, 2021-04-14T01:21:19, true
9DDDD405-82E4-4C56-A6A6-E2B51ACAB5CF, 2021-04-14T01:22:25, true
9DDDD405-82E4-4C56-A6A6-E2B51ACAB5CF, 2021-04-14T01:23:25, true
9DDDD405-82E4-4C56-A6A6-E2B51ACAB5CF, 2021-04-14T01:24:28, true
9DDDD405-82E4-4C56-A6A6-E2B51ACAB5CF, 2021-04-14T01:25:29, true
9DDDD405-82E4-4C56-A6A6-E2B51ACAB5CF, 2021-04-14T01:26:30, true
9DDDD405-82E4-4C56-A6A6-E2B51ACAB5CF, 2021-04-14T01:27:34, true
9DDDD405-82E4-4C56-A6A6-E2B51ACAB5CF, 2021-04-14T01:28:37, true
9DDDD405-82E4-4C56-A6A6-E2B51ACAB5CF, 2021-04-14T01:29:38, true
9DDDD405-82E4-4C56-A6A6-E2B51ACAB5CF, 2021-04-14T01:30:38, true
9DDDD405-82E4-4C56-A6A6-E2B51ACAB5CF, 2021-04-14T01:31:40, true
9DDDD405-82E4-4C56-A6A6-E2B51ACAB5CF, 2021-04-14T01:32:43, true
9DDDD405-82E4-4C56-A6A6-E2B51ACAB5CF, 2021-04-14T01:33:44, true
9DDDD405-82E4-4C56-A6A6-E2B51ACAB5CF, 2021-04-14T01:34:45, true
9DDDD405-82E4-4C56-A6A6-E2B51ACAB5CF, 2021-04-14T01:35:48, true
9DDDD405-82E4-4C56-A6A6-E2B51ACAB5CF, 2021-04-14T01:36:50, true
9DDDD405-82E4-4C56-A6A6-E2B51ACAB5CF, 2021-04-14T01:37:51, true
9DDDD405-82E4-4C56-A6A6-E2B51ACAB5CF, 2021-04-14T01:38:52, true
9DDDD405-82E4-4C56-A6A6-E2B51ACAB5CF, 2021-04-14T01:39:52, true
9DDDD405-82E4-4C56-A6A6-E2B51ACAB5CF, 2021-04-14T01:40:56, true
9DDDD405-82E4-4C56-A6A6-E2B51ACAB5CF, 2021-04-14T01:41:56, true
9DDDD405-82E4-4C56-A6A6-E2B51ACAB5CF, 2021-04-14T01:43:01, true
9DDDD405-82E4-4C56-A6A6-E2B51ACAB5CF, 2021-04-14T01:44:12, true
9DDDD405-82E4-4C56-A6A6-E2B51ACAB5CF, 2021-04-14T01:45:15, true
9DDDD405-82E4-4C56-A6A6-E2B51ACAB5CF, 2021-04-14T01:46:17, true
9DDDD405-82E4-4C56-A6A6-E2B51ACAB5CF, 2021-04-14T01:47:20, true
9DDDD405-82E4-4C56-A6A6-E2B51ACAB5CF, 2021-04-14T01:48:25, true
9DDDD405-82E4-4C56-A6A6-E2B51ACAB5CF, 2021-04-14T01:49:28, true
9DDDD405-82E4-4C56-A6A6-E2B51ACAB5CF, 2021-04-14T01:50:31, true
9DDDD405-82E4-4C56-A6A6-E2B51ACAB5CF, 2021-04-14T01:51:34, true
9DDDD405-82E4-4C56-A6A6-E2B51ACAB5CF, 2021-04-14T01:52:38, true
9DDDD405-82E4-4C56-A6A6-E2B51ACAB5CF, 2021-04-14T01:53:40, true
9DDDD405-82E4-4C56-A6A6-E2B51ACAB5CF, 2021-04-14T01:54:44, true
9DDDD405-82E4-4C56-A6A6-E2B51ACAB5CF, 2021-04-14T01:55:45, true
9DDDD405-82E4-4C56-A6A6-E2B51ACAB5CF, 2021-04-14T01:56:47, true
9DDDD405-82E4-4C56-A6A6-E2B51ACAB5CF, 2021-04-14T01:57:47, true
9DDDD405-82E4-4C56-A6A6-E2B51ACAB5CF, 2021-04-14T01:58:49, true
9DDDD405-82E4-4C56-A6A6-E2B51ACAB5CF, 2021-04-14T01:59:51, true
9DDDD405-82E4-4C56-A6A6-E2B51ACAB5CF, 2021-04-14T02:00:56, true
9DDDD405-82E4-4C56-A6A6-E2B51ACAB5CF, 2021-04-14T02:01:59, true
9DDDD405-82E4-4C56-A6A6-E2B51ACAB5CF, 2021-04-14T02:03:03, true
9DDDD405-82E4-4C56-A6A6-E2B51ACAB5CF, 2021-04-14T02:04:04, true
9DDDD405-82E4-4C56-A6A6-E2B51ACAB5CF, 2021-04-14T02:05:06, true
9DDDD405-82E4-4C56-A6A6-E2B51ACAB5CF, 2021-04-14T02:06:08, true
9DDDD405-82E4-4C56-A6A6-E2B51ACAB5CF, 2021-04-14T02:07:11, true
9DDDD405-82E4-4C56-A6A6-E2B51ACAB5CF, 2021-04-14T02:08:13, true
9DDDD405-82E4-4C56-A6A6-E2B51ACAB5CF, 2021-04-14T02:09:19, true
9DDDD405-82E4-4C56-A6A6-E2B51ACAB5CF, 2021-04-14T02:10:22, true
9DDDD405-82E4-4C56-A6A6-E2B51ACAB5CF, 2021-04-14T02:11:26, true
9DDDD405-82E4-4C56-A6A6-E2B51ACAB5CF, 2021-04-14T02:12:26, true
9DDDD405-82E4-4C56-A6A6-E2B51ACAB5CF, 2021-04-14T02:13:29, true
9DDDD405-82E4-4C56-A6A6-E2B51ACAB5CF, 2021-04-14T02:14:30, true
9DDDD405-82E4-4C56-A6A6-E2B51ACAB5CF, 2021-04-14T02:15:34, true
9DDDD405-82E4-4C56-A6A6-E2B51ACAB5CF, 2021-04-14T02:16:45, true
9DDDD405-82E4-4C56-A6A6-E2B51ACAB5CF, 2021-04-14T02:17:47, true
9DDDD405-82E4-4C56-A6A6-E2B51ACAB5CF, 2021-04-14T02:18:48, true
9DDDD405-82E4-4C56-A6A6-E2B51ACAB5CF, 2021-04-14T02:19:50, true
9DDDD405-82E4-4C56-A6A6-E2B51ACAB5CF, 2021-04-14T02:20:51, true
9DDDD405-82E4-4C56-A6A6-E2B51ACAB5CF, 2021-04-14T02:21:57, true
9DDDD405-82E4-4C56-A6A6-E2B51ACAB5CF, 2021-04-14T02:22:58, true
9DDDD405-82E4-4C56-A6A6-E2B51ACAB5CF, 2021-04-14T02:24:01, true
9DDDD405-82E4-4C56-A6A6-E2B51ACAB5CF, 2021-04-14T02:25:05, true
9DDDD405-82E4-4C56-A6A6-E2B51ACAB5CF, 2021-04-14T02:26:07, true
9DDDD405-82E4-4C56-A6A6-E2B51ACAB5CF, 2021-04-14T02:27:08, true
9DDDD405-82E4-4C56-A6A6-E2B51ACAB5CF, 2021-04-14T02:28:10, true
9DDDD405-82E4-4C56-A6A6-E2B51ACAB5CF, 2021-04-14T02:29:10, true
9DDDD405-82E4-4C56-A6A6-E2B51ACAB5CF, 2021-04-14T02:30:12, true
9DDDD405-82E4-4C56-A6A6-E2B51ACAB5CF, 2021-04-14T02:31:15, true
9DDDD405-82E4-4C56-A6A6-E2B51ACAB5CF, 2021-04-14T02:32:18, true
9DDDD405-82E4-4C56-A6A6-E2B51ACAB5CF, 2021-04-14T02:33:21, true
9DDDD405-82E4-4C56-A6A6-E2B51ACAB5CF, 2021-04-14T02:34:22, true
9DDDD405-82E4-4C56-A6A6-E2B51ACAB5CF, 2021-04-14T02:35:23, true
9DDDD405-82E4-4C56-A6A6-E2B51ACAB5CF, 2021-04-14T02:36:24, true
9DDDD405-82E4-4C56-A6A6-E2B51ACAB5CF, 2021-04-14T02:37:25, true
9DDDD405-82E4-4C56-A6A6-E2B51ACAB5CF, 2021-04-14T02:38:28, true
9DDDD405-82E4-4C56-A6A6-E2B51ACAB5CF, 2021-04-14T02:39:35, true
9DDDD405-82E4-4C56-A6A6-E2B51ACAB5CF, 2021-04-14T02:40:40, true
9DDDD405-82E4-4C56-A6A6-E2B51ACAB5CF, 2021-04-14T02:41:43, true
9DDDD405-82E4-4C56-A6A6-E2B51ACAB5CF, 2021-04-14T02:42:43, true
9DDDD405-82E4-4C56-A6A6-E2B51ACAB5CF, 2021-04-14T02:43:44, true
9DDDD405-82E4-4C56-A6A6-E2B51ACAB5CF, 2021-04-14T02:44:47, true
9DDDD405-82E4-4C56-A6A6-E2B51ACAB5CF, 2021-04-14T02:45:49, true
9DDDD405-82E4-4C56-A6A6-E2B51ACAB5CF, 2021-04-14T02:46:49, true
9DDDD405-82E4-4C56-A6A6-E2B51ACAB5CF, 2021-04-14T02:47:50, true
9DDDD405-82E4-4C56-A6A6-E2B51ACAB5CF, 2021-04-14T02:48:53, true
9DDDD405-82E4-4C56-A6A6-E2B51ACAB5CF, 2021-04-14T02:49:57, true
9DDDD405-82E4-4C56-A6A6-E2B51ACAB5CF, 2021-04-14T02:50:59, true
9DDDD405-82E4-4C56-A6A6-E2B51ACAB5CF, 2021-04-14T02:52:00, true
9DDDD405-82E4-4C56-A6A6-E2B51ACAB5CF, 2021-04-14T02:53:26, true
9DDDD405-82E4-4C56-A6A6-E2B51ACAB5CF, 2021-04-14T02:54:28, true
9DDDD405-82E4-4C56-A6A6-E2B51ACAB5CF, 2021-04-14T02:55:32, true
9DDDD405-82E4-4C56-A6A6-E2B51ACAB5CF, 2021-04-14T02:56:33, true
9DDDD405-82E4-4C56-A6A6-E2B51ACAB5CF, 2021-04-14T02:57:36, true
9DDDD405-82E4-4C56-A6A6-E2B51ACAB5CF, 2021-04-14T02:58:36, true
9DDDD405-82E4-4C56-A6A6-E2B51ACAB5CF, 2021-04-14T02:59:48, true
9DDDD405-82E4-4C56-A6A6-E2B51ACAB5CF, 2021-04-14T03:00:57, true
9DDDD405-82E4-4C56-A6A6-E2B51ACAB5CF, 2021-04-14T03:01:59, true
9DDDD405-82E4-4C56-A6A6-E2B51ACAB5CF, 2021-04-14T03:03:00, true
9DDDD405-82E4-4C56-A6A6-E2B51ACAB5CF, 2021-04-14T03:04:03, true
9DDDD405-82E4-4C56-A6A6-E2B51ACAB5CF, 2021-04-14T03:05:07, true
9DDDD405-82E4-4C56-A6A6-E2B51ACAB5CF, 2021-04-14T03:06:11, true
9DDDD405-82E4-4C56-A6A6-E2B51ACAB5CF, 2021-04-14T03:07:16, true
9DDDD405-82E4-4C56-A6A6-E2B51ACAB5CF, 2021-04-14T03:08:18, true
9DDDD405-82E4-4C56-A6A6-E2B51ACAB5CF, 2021-04-14T03:09:23, true
9DDDD405-82E4-4C56-A6A6-E2B51ACAB5CF, 2021-04-14T03:10:24, true
9DDDD405-82E4-4C56-A6A6-E2B51ACAB5CF, 2021-04-14T03:11:24, true
9DDDD405-82E4-4C56-A6A6-E2B51ACAB5CF, 2021-04-14T03:12:27, true
9DDDD405-82E4-4C56-A6A6-E2B51ACAB5CF, 2021-04-14T03:13:30, true
9DDDD405-82E4-4C56-A6A6-E2B51ACAB5CF, 2021-04-14T03:14:33, true
9DDDD405-82E4-4C56-A6A6-E2B51ACAB5CF, 2021-04-14T03:15:34, true
9DDDD405-82E4-4C56-A6A6-E2B51ACAB5CF, 2021-04-14T03:16:34, true
9DDDD405-82E4-4C56-A6A6-E2B51ACAB5CF, 2021-04-14T03:17:36, true
9DDDD405-82E4-4C56-A6A6-E2B51ACAB5CF, 2021-04-14T03:18:38, true
9DDDD405-82E4-4C56-A6A6-E2B51ACAB5CF, 2021-04-14T03:19:42, true
9DDDD405-82E4-4C56-A6A6-E2B51ACAB5CF, 2021-04-14T03:20:45, true
9DDDD405-82E4-4C56-A6A6-E2B51ACAB5CF, 2021-04-14T03:21:47, true
9DDDD405-82E4-4C56-A6A6-E2B51ACAB5CF, 2021-04-14T03:22:52, true
9DDDD405-82E4-4C56-A6A6-E2B51ACAB5CF, 2021-04-14T03:23:55, true
9DDDD405-82E4-4C56-A6A6-E2B51ACAB5CF, 2021-04-14T03:24:55, true
9DDDD405-82E4-4C56-A6A6-E2B51ACAB5CF, 2021-04-14T03:25:57, true
9DDDD405-82E4-4C56-A6A6-E2B51ACAB5CF, 2021-04-14T03:26:58, true
9DDDD405-82E4-4C56-A6A6-E2B51ACAB5CF, 2021-04-14T03:28:00, true
9DDDD405-82E4-4C56-A6A6-E2B51ACAB5CF, 2021-04-14T03:29:04, true
9DDDD405-82E4-4C56-A6A6-E2B51ACAB5CF, 2021-04-14T03:30:07, true
9DDDD405-82E4-4C56-A6A6-E2B51ACAB5CF, 2021-04-14T03:31:10, true
9DDDD405-82E4-4C56-A6A6-E2B51ACAB5CF, 2021-04-14T03:32:12, true
9DDDD405-82E4-4C56-A6A6-E2B51ACAB5CF, 2021-04-14T03:33:15, true
9DDDD405-82E4-4C56-A6A6-E2B51ACAB5CF, 2021-04-14T03:34:24, true
9DDDD405-82E4-4C56-A6A6-E2B51ACAB5CF, 2021-04-14T03:35:25, true
9DDDD405-82E4-4C56-A6A6-E2B51ACAB5CF, 2021-04-14T03:36:25, true
9DDDD405-82E4-4C56-A6A6-E2B51ACAB5CF, 2021-04-14T03:37:27, true
9DDDD405-82E4-4C56-A6A6-E2B51ACAB5CF, 2021-04-14T03:38:31, true
9DDDD405-82E4-4C56-A6A6-E2B51ACAB5CF, 2021-04-14T03:39:34, true
9DDDD405-82E4-4C56-A6A6-E2B51ACAB5CF, 2021-04-14T03:40:36, true
9DDDD405-82E4-4C56-A6A6-E2B51ACAB5CF, 2021-04-14T03:41:39, true
9DDDD405-82E4-4C56-A6A6-E2B51ACAB5CF, 2021-04-14T03:42:42, true
9DDDD405-82E4-4C56-A6A6-E2B51ACAB5CF, 2021-04-14T03:43:45, true
9DDDD405-82E4-4C56-A6A6-E2B51ACAB5CF, 2021-04-14T03:44:49, true
9DDDD405-82E4-4C56-A6A6-E2B51ACAB5CF, 2021-04-14T03:45:49, true
9DDDD405-82E4-4C56-A6A6-E2B51ACAB5CF, 2021-04-14T03:46:52, true
9DDDD405-82E4-4C56-A6A6-E2B51ACAB5CF, 2021-04-14T03:47:56, true
9DDDD405-82E4-4C56-A6A6-E2B51ACAB5CF, 2021-04-14T03:48:59, true
9DDDD405-82E4-4C56-A6A6-E2B51ACAB5CF, 2021-04-14T03:50:00, true
9DDDD405-82E4-4C56-A6A6-E2B51ACAB5CF, 2021-04-14T03:51:02, true
9DDDD405-82E4-4C56-A6A6-E2B51ACAB5CF, 2021-04-14T03:52:02, true
9DDDD405-82E4-4C56-A6A6-E2B51ACAB5CF, 2021-04-14T03:53:02, true
9DDDD405-82E4-4C56-A6A6-E2B51ACAB5CF, 2021-04-14T03:54:08, true
9DDDD405-82E4-4C56-A6A6-E2B51ACAB5CF, 2021-04-14T03:55:10, true
9DDDD405-82E4-4C56-A6A6-E2B51ACAB5CF, 2021-04-14T03:56:20, true
9DDDD405-82E4-4C56-A6A6-E2B51ACAB5CF, 2021-04-14T03:57:22, true
9DDDD405-82E4-4C56-A6A6-E2B51ACAB5CF, 2021-04-14T03:58:23, true
9DDDD405-82E4-4C56-A6A6-E2B51ACAB5CF, 2021-04-14T03:59:26, true
9DDDD405-82E4-4C56-A6A6-E2B51ACAB5CF, 2021-04-14T04:00:29, true
9DDDD405-82E4-4C56-A6A6-E2B51ACAB5CF, 2021-04-14T04:01:32, true
9DDDD405-82E4-4C56-A6A6-E2B51ACAB5CF, 2021-04-14T04:02:32, true
9DDDD405-82E4-4C56-A6A6-E2B51ACAB5CF, 2021-04-14T04:03:33, true
9DDDD405-82E4-4C56-A6A6-E2B51ACAB5CF, 2021-04-14T04:04:35, true
9DDDD405-82E4-4C56-A6A6-E2B51ACAB5CF, 2021-04-14T04:05:35, true
9DDDD405-82E4-4C56-A6A6-E2B51ACAB5CF, 2021-04-14T04:06:45, true
9DDDD405-82E4-4C56-A6A6-E2B51ACAB5CF, 2021-04-14T04:07:46, true
9DDDD405-82E4-4C56-A6A6-E2B51ACAB5CF, 2021-04-14T04:08:50, true
9DDDD405-82E4-4C56-A6A6-E2B51ACAB5CF, 2021-04-14T04:09:53, true
9DDDD405-82E4-4C56-A6A6-E2B51ACAB5CF, 2021-04-14T04:10:57, true
9DDDD405-82E4-4C56-A6A6-E2B51ACAB5CF, 2021-04-14T04:11:59, true
9DDDD405-82E4-4C56-A6A6-E2B51ACAB5CF, 2021-04-14T04:13:01, true
9DDDD405-82E4-4C56-A6A6-E2B51ACAB5CF, 2021-04-14T04:14:01, true
9DDDD405-82E4-4C56-A6A6-E2B51ACAB5CF, 2021-04-14T04:15:05, true
9DDDD405-82E4-4C56-A6A6-E2B51ACAB5CF, 2021-04-14T04:16:07, true
9DDDD405-82E4-4C56-A6A6-E2B51ACAB5CF, 2021-04-14T04:17:10, true
9DDDD405-82E4-4C56-A6A6-E2B51ACAB5CF, 2021-04-14T04:18:20, true
9DDDD405-82E4-4C56-A6A6-E2B51ACAB5CF, 2021-04-14T04:19:23, true
9DDDD405-82E4-4C56-A6A6-E2B51ACAB5CF, 2021-04-14T04:20:26, true
9DDDD405-82E4-4C56-A6A6-E2B51ACAB5CF, 2021-04-14T04:21:28, true
9DDDD405-82E4-4C56-A6A6-E2B51ACAB5CF, 2021-04-14T04:22:29, true
9DDDD405-82E4-4C56-A6A6-E2B51ACAB5CF, 2021-04-14T04:23:30, true
9DDDD405-82E4-4C56-A6A6-E2B51ACAB5CF, 2021-04-14T04:24:38, true
9DDDD405-82E4-4C56-A6A6-E2B51ACAB5CF, 2021-04-14T04:25:42, true
9DDDD405-82E4-4C56-A6A6-E2B51ACAB5CF, 2021-04-14T04:26:42, true
9DDDD405-82E4-4C56-A6A6-E2B51ACAB5CF, 2021-04-14T04:27:43, true
9DDDD405-82E4-4C56-A6A6-E2B51ACAB5CF, 2021-04-14T04:28:47, true
9DDDD405-82E4-4C56-A6A6-E2B51ACAB5CF, 2021-04-14T04:29:51, true
9DDDD405-82E4-4C56-A6A6-E2B51ACAB5CF, 2021-04-14T04:30:53, true
9DDDD405-82E4-4C56-A6A6-E2B51ACAB5CF, 2021-04-14T04:31:54, true
9DDDD405-82E4-4C56-A6A6-E2B51ACAB5CF, 2021-04-14T04:32:56, true
9DDDD405-82E4-4C56-A6A6-E2B51ACAB5CF, 2021-04-14T04:33:58, true
9DDDD405-82E4-4C56-A6A6-E2B51ACAB5CF, 2021-04-14T04:34:58, true
9DDDD405-82E4-4C56-A6A6-E2B51ACAB5CF, 2021-04-14T04:36:05, true
9DDDD405-82E4-4C56-A6A6-E2B51ACAB5CF, 2021-04-14T04:37:08, true
9DDDD405-82E4-4C56-A6A6-E2B51ACAB5CF, 2021-04-14T04:38:11, true
9DDDD405-82E4-4C56-A6A6-E2B51ACAB5CF, 2021-04-14T04:39:11, true
9DDDD405-82E4-4C56-A6A6-E2B51ACAB5CF, 2021-04-14T04:40:12, true
9DDDD405-82E4-4C56-A6A6-E2B51ACAB5CF, 2021-04-14T04:41:13, true
9DDDD405-82E4-4C56-A6A6-E2B51ACAB5CF, 2021-04-14T04:42:16, true
9DDDD405-82E4-4C56-A6A6-E2B51ACAB5CF, 2021-04-14T04:43:16, true
9DDDD405-82E4-4C56-A6A6-E2B51ACAB5CF, 2021-04-14T04:44:19, true
9DDDD405-82E4-4C56-A6A6-E2B51ACAB5CF, 2021-04-14T04:45:20, true
9DDDD405-82E4-4C56-A6A6-E2B51ACAB5CF, 2021-04-14T04:46:22, true
9DDDD405-82E4-4C56-A6A6-E2B51ACAB5CF, 2021-04-14T04:47:23, true
9DDDD405-82E4-4C56-A6A6-E2B51ACAB5CF, 2021-04-14T04:48:25, true
9DDDD405-82E4-4C56-A6A6-E2B51ACAB5CF, 2021-04-14T04:49:37, true
9DDDD405-82E4-4C56-A6A6-E2B51ACAB5CF, 2021-04-14T04:50:44, true
9DDDD405-82E4-4C56-A6A6-E2B51ACAB5CF, 2021-04-14T04:51:48, true
9DDDD405-82E4-4C56-A6A6-E2B51ACAB5CF, 2021-04-14T04:52:49, true
9DDDD405-82E4-4C56-A6A6-E2B51ACAB5CF, 2021-04-14T04:53:53, true
9DDDD405-82E4-4C56-A6A6-E2B51ACAB5CF, 2021-04-14T04:54:55, true
9DDDD405-82E4-4C56-A6A6-E2B51ACAB5CF, 2021-04-14T04:55:58, true
9DDDD405-82E4-4C56-A6A6-E2B51ACAB5CF, 2021-04-14T04:57:01, true
9DDDD405-82E4-4C56-A6A6-E2B51ACAB5CF, 2021-04-14T04:58:08, true
9DDDD405-82E4-4C56-A6A6-E2B51ACAB5CF, 2021-04-14T04:59:09, true
9DDDD405-82E4-4C56-A6A6-E2B51ACAB5CF, 2021-04-14T05:00:13, true
9DDDD405-82E4-4C56-A6A6-E2B51ACAB5CF, 2021-04-14T05:01:15, true
9DDDD405-82E4-4C56-A6A6-E2B51ACAB5CF, 2021-04-14T05:02:26, true
9DDDD405-82E4-4C56-A6A6-E2B51ACAB5CF, 2021-04-14T05:03:26, true
9DDDD405-82E4-4C56-A6A6-E2B51ACAB5CF, 2021-04-14T05:04:28, true
9DDDD405-82E4-4C56-A6A6-E2B51ACAB5CF, 2021-04-14T05:05:31, true
9DDDD405-82E4-4C56-A6A6-E2B51ACAB5CF, 2021-04-14T05:06:34, true
9DDDD405-82E4-4C56-A6A6-E2B51ACAB5CF, 2021-04-14T05:07:35, true
9DDDD405-82E4-4C56-A6A6-E2B51ACAB5CF, 2021-04-14T05:08:39, true
9DDDD405-82E4-4C56-A6A6-E2B51ACAB5CF, 2021-04-14T05:09:43, true
9DDDD405-82E4-4C56-A6A6-E2B51ACAB5CF, 2021-04-14T05:10:44, true
9DDDD405-82E4-4C56-A6A6-E2B51ACAB5CF, 2021-04-14T05:11:48, true
9DDDD405-82E4-4C56-A6A6-E2B51ACAB5CF, 2021-04-14T05:12:59, true
9DDDD405-82E4-4C56-A6A6-E2B51ACAB5CF, 2021-04-14T05:14:02, true
9DDDD405-82E4-4C56-A6A6-E2B51ACAB5CF, 2021-04-14T05:15:05, true
9DDDD405-82E4-4C56-A6A6-E2B51ACAB5CF, 2021-04-14T05:16:09, true
9DDDD405-82E4-4C56-A6A6-E2B51ACAB5CF, 2021-04-14T05:17:09, true
9DDDD405-82E4-4C56-A6A6-E2B51ACAB5CF, 2021-04-14T05:18:11, true
9DDDD405-82E4-4C56-A6A6-E2B51ACAB5CF, 2021-04-14T05:19:12, true
9DDDD405-82E4-4C56-A6A6-E2B51ACAB5CF, 2021-04-14T05:20:15, true
9DDDD405-82E4-4C56-A6A6-E2B51ACAB5CF, 2021-04-14T05:21:17, true
9DDDD405-82E4-4C56-A6A6-E2B51ACAB5CF, 2021-04-14T05:22:20, true
9DDDD405-82E4-4C56-A6A6-E2B51ACAB5CF, 2021-04-14T05:23:22, true
9DDDD405-82E4-4C56-A6A6-E2B51ACAB5CF, 2021-04-14T05:24:24, true
9DDDD405-82E4-4C56-A6A6-E2B51ACAB5CF, 2021-04-14T05:25:25, true
9DDDD405-82E4-4C56-A6A6-E2B51ACAB5CF, 2021-04-14T05:26:28, true
9DDDD405-82E4-4C56-A6A6-E2B51ACAB5CF, 2021-04-14T05:27:30, true
9DDDD405-82E4-4C56-A6A6-E2B51ACAB5CF, 2021-04-14T05:28:34, true
9DDDD405-82E4-4C56-A6A6-E2B51ACAB5CF, 2021-04-14T05:29:35, true
9DDDD405-82E4-4C56-A6A6-E2B51ACAB5CF, 2021-04-14T05:30:37, true
9DDDD405-82E4-4C56-A6A6-E2B51ACAB5CF, 2021-04-14T05:31:54, true
9DDDD405-82E4-4C56-A6A6-E2B51ACAB5CF, 2021-04-14T05:32:56, true
9DDDD405-82E4-4C56-A6A6-E2B51ACAB5CF, 2021-04-14T05:33:57, true
9DDDD405-82E4-4C56-A6A6-E2B51ACAB5CF, 2021-04-14T05:35:09, true
9DDDD405-82E4-4C56-A6A6-E2B51ACAB5CF, 2021-04-14T05:36:12, true
9DDDD405-82E4-4C56-A6A6-E2B51ACAB5CF, 2021-04-14T05:37:13, true
9DDDD405-82E4-4C56-A6A6-E2B51ACAB5CF, 2021-04-14T05:38:14, true
9DDDD405-82E4-4C56-A6A6-E2B51ACAB5CF, 2021-04-14T05:39:20, true
9DDDD405-82E4-4C56-A6A6-E2B51ACAB5CF, 2021-04-14T05:40:21, true
9DDDD405-82E4-4C56-A6A6-E2B51ACAB5CF, 2021-04-14T05:41:26, true
9DDDD405-82E4-4C56-A6A6-E2B51ACAB5CF, 2021-04-14T05:42:29, true
9DDDD405-82E4-4C56-A6A6-E2B51ACAB5CF, 2021-04-14T05:43:33, true
9DDDD405-82E4-4C56-A6A6-E2B51ACAB5CF, 2021-04-14T05:44:34, true
9DDDD405-82E4-4C56-A6A6-E2B51ACAB5CF, 2021-04-14T05:45:41, true
9DDDD405-82E4-4C56-A6A6-E2B51ACAB5CF, 2021-04-14T05:46:41, true
9DDDD405-82E4-4C56-A6A6-E2B51ACAB5CF, 2021-04-14T05:47:42, true
9DDDD405-82E4-4C56-A6A6-E2B51ACAB5CF, 2021-04-14T05:48:45, true
9DDDD405-82E4-4C56-A6A6-E2B51ACAB5CF, 2021-04-14T05:49:45, true
9DDDD405-82E4-4C56-A6A6-E2B51ACAB5CF, 2021-04-14T05:50:47, true
9DDDD405-82E4-4C56-A6A6-E2B51ACAB5CF, 2021-04-14T05:51:51, true
9DDDD405-82E4-4C56-A6A6-E2B51ACAB5CF, 2021-04-14T05:52:55, true
9DDDD405-82E4-4C56-A6A6-E2B51ACAB5CF, 2021-04-14T05:53:55, true
9DDDD405-82E4-4C56-A6A6-E2B51ACAB5CF, 2021-04-14T05:54:56, true
9DDDD405-82E4-4C56-A6A6-E2B51ACAB5CF, 2021-04-14T05:55:59, true
9DDDD405-82E4-4C56-A6A6-E2B51ACAB5CF, 2021-04-14T05:57:00, true
9DDDD405-82E4-4C56-A6A6-E2B51ACAB5CF, 2021-04-14T05:58:11, true
9DDDD405-82E4-4C56-A6A6-E2B51ACAB5CF, 2021-04-14T05:59:14, true
9DDDD405-82E4-4C56-A6A6-E2B51ACAB5CF, 2021-04-14T06:00:18, true
9DDDD405-82E4-4C56-A6A6-E2B51ACAB5CF, 2021-04-14T06:01:28, true
9DDDD405-82E4-4C56-A6A6-E2B51ACAB5CF, 2021-04-14T06:02:28, false
9DDDD405-82E4-4C56-A6A6-E2B51ACAB5CF, 2021-04-14T06:02:59, true
9DDDD405-82E4-4C56-A6A6-E2B51ACAB5CF, 2021-04-14T06:04:00, true
9DDDD405-82E4-4C56-A6A6-E2B51ACAB5CF, 2021-04-14T06:05:03, true
9DDDD405-82E4-4C56-A6A6-E2B51ACAB5CF, 2021-04-14T06:06:07, true
9DDDD405-82E4-4C56-A6A6-E2B51ACAB5CF, 2021-04-14T06:07:08, true
9DDDD405-82E4-4C56-A6A6-E2B51ACAB5CF, 2021-04-14T06:08:08, false
9DDDD405-82E4-4C56-A6A6-E2B51ACAB5CF, 2021-04-14T06:08:57, true
9DDDD405-82E4-4C56-A6A6-E2B51ACAB5CF, 2021-04-14T06:09:59, true
9DDDD405-82E4-4C56-A6A6-E2B51ACAB5CF, 2021-04-14T06:11:00, true
9DDDD405-82E4-4C56-A6A6-E2B51ACAB5CF, 2021-04-14T06:12:03, true
9DDDD405-82E4-4C56-A6A6-E2B51ACAB5CF, 2021-04-14T06:13:05, true
9DDDD405-82E4-4C56-A6A6-E2B51ACAB5CF, 2021-04-14T06:14:08, true
9DDDD405-82E4-4C56-A6A6-E2B51ACAB5CF, 2021-04-14T06:15:12, true
9DDDD405-82E4-4C56-A6A6-E2B51ACAB5CF, 2021-04-14T06:16:12, true
9DDDD405-82E4-4C56-A6A6-E2B51ACAB5CF, 2021-04-14T06:17:14, true
9DDDD405-82E4-4C56-A6A6-E2B51ACAB5CF, 2021-04-14T06:18:15, true
9DDDD405-82E4-4C56-A6A6-E2B51ACAB5CF, 2021-04-14T06:19:29, true
9DDDD405-82E4-4C56-A6A6-E2B51ACAB5CF, 2021-04-14T06:20:31, true
9DDDD405-82E4-4C56-A6A6-E2B51ACAB5CF, 2021-04-14T06:21:34, true
9DDDD405-82E4-4C56-A6A6-E2B51ACAB5CF, 2021-04-14T06:22:38, true
9DDDD405-82E4-4C56-A6A6-E2B51ACAB5CF, 2021-04-14T06:23:43, true
9DDDD405-82E4-4C56-A6A6-E2B51ACAB5CF, 2021-04-14T06:24:49, true
9DDDD405-82E4-4C56-A6A6-E2B51ACAB5CF, 2021-04-14T06:25:53, true
9DDDD405-82E4-4C56-A6A6-E2B51ACAB5CF, 2021-04-14T06:26:55, true
9DDDD405-82E4-4C56-A6A6-E2B51ACAB5CF, 2021-04-14T06:27:58, true
9DDDD405-82E4-4C56-A6A6-E2B51ACAB5CF, 2021-04-14T06:29:03, true
9DDDD405-82E4-4C56-A6A6-E2B51ACAB5CF, 2021-04-14T06:30:05, true
9DDDD405-82E4-4C56-A6A6-E2B51ACAB5CF, 2021-04-14T06:31:06, true
9DDDD405-82E4-4C56-A6A6-E2B51ACAB5CF, 2021-04-14T06:32:14, true
9DDDD405-82E4-4C56-A6A6-E2B51ACAB5CF, 2021-04-14T06:33:31, true
9DDDD405-82E4-4C56-A6A6-E2B51ACAB5CF, 2021-04-14T06:34:40, true
9DDDD405-82E4-4C56-A6A6-E2B51ACAB5CF, 2021-04-14T06:35:43, true
9DDDD405-82E4-4C56-A6A6-E2B51ACAB5CF, 2021-04-14T06:36:45, true
9DDDD405-82E4-4C56-A6A6-E2B51ACAB5CF, 2021-04-14T06:37:48, true
9DDDD405-82E4-4C56-A6A6-E2B51ACAB5CF, 2021-04-14T06:38:48, true
9DDDD405-82E4-4C56-A6A6-E2B51ACAB5CF, 2021-04-14T06:39:49, true
9DDDD405-82E4-4C56-A6A6-E2B51ACAB5CF, 2021-04-14T06:41:02, true
9DDDD405-82E4-4C56-A6A6-E2B51ACAB5CF, 2021-04-14T06:42:05, true
9DDDD405-82E4-4C56-A6A6-E2B51ACAB5CF, 2021-04-14T06:43:06, true
9DDDD405-82E4-4C56-A6A6-E2B51ACAB5CF, 2021-04-14T06:44:07, true
9DDDD405-82E4-4C56-A6A6-E2B51ACAB5CF, 2021-04-14T06:45:08, true
9DDDD405-82E4-4C56-A6A6-E2B51ACAB5CF, 2021-04-14T06:46:10, true
9DDDD405-82E4-4C56-A6A6-E2B51ACAB5CF, 2021-04-14T06:47:11, true
9DDDD405-82E4-4C56-A6A6-E2B51ACAB5CF, 2021-04-14T06:48:12, true
9DDDD405-82E4-4C56-A6A6-E2B51ACAB5CF, 2021-04-14T06:49:13, true
9DDDD405-82E4-4C56-A6A6-E2B51ACAB5CF, 2021-04-14T06:50:13, true
9DDDD405-82E4-4C56-A6A6-E2B51ACAB5CF, 2021-04-14T06:51:18, true
9DDDD405-82E4-4C56-A6A6-E2B51ACAB5CF, 2021-04-14T06:52:26, true
9DDDD405-82E4-4C56-A6A6-E2B51ACAB5CF, 2021-04-14T06:53:26, true
9DDDD405-82E4-4C56-A6A6-E2B51ACAB5CF, 2021-04-14T06:54:28, true
9DDDD405-82E4-4C56-A6A6-E2B51ACAB5CF, 2021-04-14T06:55:29, true
9DDDD405-82E4-4C56-A6A6-E2B51ACAB5CF, 2021-04-14T06:56:29, true
9DDDD405-82E4-4C56-A6A6-E2B51ACAB5CF, 2021-04-14T06:57:41, true
9DDDD405-82E4-4C56-A6A6-E2B51ACAB5CF, 2021-04-14T06:58:41, false
9DDDD405-82E4-4C56-A6A6-E2B51ACAB5CF, 2021-04-14T06:59:41, false
9DDDD405-82E4-4C56-A6A6-E2B51ACAB5CF, 2021-04-14T07:00:41, false
9DDDD405-82E4-4C56-A6A6-E2B51ACAB5CF, 2021-04-14T07:01:41, false
9DDDD405-82E4-4C56-A6A6-E2B51ACAB5CF, 2021-04-14T07:02:56, true
9DDDD405-82E4-4C56-A6A6-E2B51ACAB5CF, 2021-04-14T07:03:56, false
9DDDD405-82E4-4C56-A6A6-E2B51ACAB5CF, 2021-04-14T07:04:56, false
9DDDD405-82E4-4C56-A6A6-E2B51ACAB5CF, 2021-04-14T07:05:56, false
9DDDD405-82E4-4C56-A6A6-E2B51ACAB5CF, 2021-04-14T07:06:56, false
9DDDD405-82E4-4C56-A6A6-E2B51ACAB5CF, 2021-04-14T07:07:56, false
9DDDD405-82E4-4C56-A6A6-E2B51ACAB5CF, 2021-04-14T07:09:10, true
9DDDD405-82E4-4C56-A6A6-E2B51ACAB5CF, 2021-04-14T07:10:12, true
9DDDD405-82E4-4C56-A6A6-E2B51ACAB5CF, 2021-04-14T07:11:18, true
9DDDD405-82E4-4C56-A6A6-E2B51ACAB5CF, 2021-04-14T07:12:22, true
9DDDD405-82E4-4C56-A6A6-E2B51ACAB5CF, 2021-04-14T07:13:22, false
9DDDD405-82E4-4C56-A6A6-E2B51ACAB5CF, 2021-04-14T07:14:13, true
9DDDD405-82E4-4C56-A6A6-E2B51ACAB5CF, 2021-04-14T07:15:15, true
9DDDD405-82E4-4C56-A6A6-E2B51ACAB5CF, 2021-04-14T07:16:21, true
9DDDD405-82E4-4C56-A6A6-E2B51ACAB5CF, 2021-04-14T07:17:22, true
9DDDD405-82E4-4C56-A6A6-E2B51ACAB5CF, 2021-04-14T07:18:23, true
9DDDD405-82E4-4C56-A6A6-E2B51ACAB5CF, 2021-04-14T07:19:23, true
9DDDD405-82E4-4C56-A6A6-E2B51ACAB5CF, 2021-04-14T07:20:30, true
9DDDD405-82E4-4C56-A6A6-E2B51ACAB5CF, 2021-04-14T07:21:30, true
9DDDD405-82E4-4C56-A6A6-E2B51ACAB5CF, 2021-04-14T07:22:38, true
9DDDD405-82E4-4C56-A6A6-E2B51ACAB5CF, 2021-04-14T07:23:38, false
9DDDD405-82E4-4C56-A6A6-E2B51ACAB5CF, 2021-04-14T07:24:17, true
9DDDD405-82E4-4C56-A6A6-E2B51ACAB5CF, 2021-04-14T07:25:18, true
9DDDD405-82E4-4C56-A6A6-E2B51ACAB5CF, 2021-04-14T07:26:18, true
9DDDD405-82E4-4C56-A6A6-E2B51ACAB5CF, 2021-04-14T07:27:22, true
9DDDD405-82E4-4C56-A6A6-E2B51ACAB5CF, 2021-04-14T07:28:29, true
9DDDD405-82E4-4C56-A6A6-E2B51ACAB5CF, 2021-04-14T07:29:29, true
9DDDD405-82E4-4C56-A6A6-E2B51ACAB5CF, 2021-04-14T07:30:33, true
9DDDD405-82E4-4C56-A6A6-E2B51ACAB5CF, 2021-04-14T07:31:38, true
9DDDD405-82E4-4C56-A6A6-E2B51ACAB5CF, 2021-04-14T07:32:44, true
9DDDD405-82E4-4C56-A6A6-E2B51ACAB5CF, 2021-04-14T07:33:45, true
9DDDD405-82E4-4C56-A6A6-E2B51ACAB5CF, 2021-04-14T07:34:48, true
9DDDD405-82E4-4C56-A6A6-E2B51ACAB5CF, 2021-04-14T07:35:50, true
9DDDD405-82E4-4C56-A6A6-E2B51ACAB5CF, 2021-04-14T07:36:51, true
9DDDD405-82E4-4C56-A6A6-E2B51ACAB5CF, 2021-04-14T07:38:16, true
9DDDD405-82E4-4C56-A6A6-E2B51ACAB5CF, 2021-04-14T07:39:16, true
9DDDD405-82E4-4C56-A6A6-E2B51ACAB5CF, 2021-04-14T07:40:26, true
9DDDD405-82E4-4C56-A6A6-E2B51ACAB5CF, 2021-04-14T07:41:30, true
9DDDD405-82E4-4C56-A6A6-E2B51ACAB5CF, 2021-04-14T07:42:34, true
9DDDD405-82E4-4C56-A6A6-E2B51ACAB5CF, 2021-04-14T07:43:49, true
9DDDD405-82E4-4C56-A6A6-E2B51ACAB5CF, 2021-04-14T07:44:50, true
9DDDD405-82E4-4C56-A6A6-E2B51ACAB5CF, 2021-04-14T07:45:57, true
9DDDD405-82E4-4C56-A6A6-E2B51ACAB5CF, 2021-04-14T07:47:02, true
9DDDD405-82E4-4C56-A6A6-E2B51ACAB5CF, 2021-04-14T07:48:03, true
9DDDD405-82E4-4C56-A6A6-E2B51ACAB5CF, 2021-04-14T07:49:08, true
9DDDD405-82E4-4C56-A6A6-E2B51ACAB5CF, 2021-04-14T07:50:12, true
9DDDD405-82E4-4C56-A6A6-E2B51ACAB5CF, 2021-04-14T07:51:15, true
9DDDD405-82E4-4C56-A6A6-E2B51ACAB5CF, 2021-04-14T07:52:37, true
9DDDD405-82E4-4C56-A6A6-E2B51ACAB5CF, 2021-04-14T07:53:37, true
9DDDD405-82E4-4C56-A6A6-E2B51ACAB5CF, 2021-04-14T07:54:39, true
9DDDD405-82E4-4C56-A6A6-E2B51ACAB5CF, 2021-04-14T07:55:43, true
9DDDD405-82E4-4C56-A6A6-E2B51ACAB5CF, 2021-04-14T07:56:50, true
9DDDD405-82E4-4C56-A6A6-E2B51ACAB5CF, 2021-04-14T07:57:51, true
9DDDD405-82E4-4C56-A6A6-E2B51ACAB5CF, 2021-04-14T07:58:54, true
9DDDD405-82E4-4C56-A6A6-E2B51ACAB5CF, 2021-04-14T07:59:55, true
9DDDD405-82E4-4C56-A6A6-E2B51ACAB5CF, 2021-04-14T08:00:56, true
9DDDD405-82E4-4C56-A6A6-E2B51ACAB5CF, 2021-04-14T08:02:00, true
9DDDD405-82E4-4C56-A6A6-E2B51ACAB5CF, 2021-04-14T08:03:04, true
9DDDD405-82E4-4C56-A6A6-E2B51ACAB5CF, 2021-04-14T08:04:12, true
9DDDD405-82E4-4C56-A6A6-E2B51ACAB5CF, 2021-04-14T08:05:12, true
9DDDD405-82E4-4C56-A6A6-E2B51ACAB5CF, 2021-04-14T08:06:16, true
9DDDD405-82E4-4C56-A6A6-E2B51ACAB5CF, 2021-04-14T08:07:20, true
9DDDD405-82E4-4C56-A6A6-E2B51ACAB5CF, 2021-04-14T08:08:26, true
9DDDD405-82E4-4C56-A6A6-E2B51ACAB5CF, 2021-04-14T08:09:29, true
9DDDD405-82E4-4C56-A6A6-E2B51ACAB5CF, 2021-04-14T08:10:32, true
9DDDD405-82E4-4C56-A6A6-E2B51ACAB5CF, 2021-04-14T08:11:34, true
9DDDD405-82E4-4C56-A6A6-E2B51ACAB5CF, 2021-04-14T08:12:35, true
9DDDD405-82E4-4C56-A6A6-E2B51ACAB5CF, 2021-04-14T08:13:41, true
9DDDD405-82E4-4C56-A6A6-E2B51ACAB5CF, 2021-04-14T08:14:52, true
9DDDD405-82E4-4C56-A6A6-E2B51ACAB5CF, 2021-04-14T08:15:53, true
9DDDD405-82E4-4C56-A6A6-E2B51ACAB5CF, 2021-04-14T08:16:55, true
9DDDD405-82E4-4C56-A6A6-E2B51ACAB5CF, 2021-04-14T08:17:55, false
9DDDD405-82E4-4C56-A6A6-E2B51ACAB5CF, 2021-04-14T08:19:24, true
9DDDD405-82E4-4C56-A6A6-E2B51ACAB5CF, 2021-04-14T08:20:30, true
9DDDD405-82E4-4C56-A6A6-E2B51ACAB5CF, 2021-04-14T08:21:31, true
9DDDD405-82E4-4C56-A6A6-E2B51ACAB5CF, 2021-04-14T08:22:37, true
9DDDD405-82E4-4C56-A6A6-E2B51ACAB5CF, 2021-04-14T08:23:41, true
9DDDD405-82E4-4C56-A6A6-E2B51ACAB5CF, 2021-04-14T08:24:41, true
9DDDD405-82E4-4C56-A6A6-E2B51ACAB5CF, 2021-04-14T08:25:49, true
9DDDD405-82E4-4C56-A6A6-E2B51ACAB5CF, 2021-04-14T08:26:55, true
9DDDD405-82E4-4C56-A6A6-E2B51ACAB5CF, 2021-04-14T08:28:16, true
9DDDD405-82E4-4C56-A6A6-E2B51ACAB5CF, 2021-04-14T08:29:17, true
9DDDD405-82E4-4C56-A6A6-E2B51ACAB5CF, 2021-04-14T08:30:23, true
9DDDD405-82E4-4C56-A6A6-E2B51ACAB5CF, 2021-04-14T08:31:25, true
9DDDD405-82E4-4C56-A6A6-E2B51ACAB5CF, 2021-04-14T08:32:29, true
9DDDD405-82E4-4C56-A6A6-E2B51ACAB5CF, 2021-04-14T08:33:31, true
9DDDD405-82E4-4C56-A6A6-E2B51ACAB5CF, 2021-04-14T08:34:31, true
9DDDD405-82E4-4C56-A6A6-E2B51ACAB5CF, 2021-04-14T08:35:33, true
9DDDD405-82E4-4C56-A6A6-E2B51ACAB5CF, 2021-04-14T08:36:44, true
9DDDD405-82E4-4C56-A6A6-E2B51ACAB5CF, 2021-04-14T08:37:45, true
9DDDD405-82E4-4C56-A6A6-E2B51ACAB5CF, 2021-04-14T08:38:45, true
9DDDD405-82E4-4C56-A6A6-E2B51ACAB5CF, 2021-04-14T08:39:45, false
9DDDD405-82E4-4C56-A6A6-E2B51ACAB5CF, 2021-04-14T08:40:45, false
9DDDD405-82E4-4C56-A6A6-E2B51ACAB5CF, 2021-04-14T08:41:45, false
9DDDD405-82E4-4C56-A6A6-E2B51ACAB5CF, 2021-04-14T08:42:45, false
9DDDD405-82E4-4C56-A6A6-E2B51ACAB5CF, 2021-04-14T08:43:45, false
9DDDD405-82E4-4C56-A6A6-E2B51ACAB5CF, 2021-04-14T08:44:45, false
9DDDD405-82E4-4C56-A6A6-E2B51ACAB5CF, 2021-04-14T08:45:45, false
9DDDD405-82E4-4C56-A6A6-E2B51ACAB5CF, 2021-04-14T08:46:53, true
9DDDD405-82E4-4C56-A6A6-E2B51ACAB5CF, 2021-04-14T08:47:56, true
9DDDD405-82E4-4C56-A6A6-E2B51ACAB5CF, 2021-04-14T08:48:58, true
9DDDD405-82E4-4C56-A6A6-E2B51ACAB5CF, 2021-04-14T08:49:59, true
9DDDD405-82E4-4C56-A6A6-E2B51ACAB5CF, 2021-04-14T08:50:59, true
9DDDD405-82E4-4C56-A6A6-E2B51ACAB5CF, 2021-04-14T08:52:01, true
9DDDD405-82E4-4C56-A6A6-E2B51ACAB5CF, 2021-04-14T08:53:05, true
9DDDD405-82E4-4C56-A6A6-E2B51ACAB5CF, 2021-04-14T08:54:08, true
9DDDD405-82E4-4C56-A6A6-E2B51ACAB5CF, 2021-04-14T08:55:17, true
9DDDD405-82E4-4C56-A6A6-E2B51ACAB5CF, 2021-04-14T08:56:34, true
9DDDD405-82E4-4C56-A6A6-E2B51ACAB5CF, 2021-04-14T08:57:44, true
9DDDD405-82E4-4C56-A6A6-E2B51ACAB5CF, 2021-04-14T08:58:46, true
9DDDD405-82E4-4C56-A6A6-E2B51ACAB5CF, 2021-04-14T08:59:47, true
9DDDD405-82E4-4C56-A6A6-E2B51ACAB5CF, 2021-04-14T09:00:47, true
9DDDD405-82E4-4C56-A6A6-E2B51ACAB5CF, 2021-04-14T09:01:50, true
9DDDD405-82E4-4C56-A6A6-E2B51ACAB5CF, 2021-04-14T09:02:54, true
9DDDD405-82E4-4C56-A6A6-E2B51ACAB5CF, 2021-04-14T09:03:57, true
9DDDD405-82E4-4C56-A6A6-E2B51ACAB5CF, 2021-04-14T09:04:58, true
9DDDD405-82E4-4C56-A6A6-E2B51ACAB5CF, 2021-04-14T09:06:00, true
9DDDD405-82E4-4C56-A6A6-E2B51ACAB5CF, 2021-04-14T09:07:00, false
9DDDD405-82E4-4C56-A6A6-E2B51ACAB5CF, 2021-04-14T09:08:00, false
9DDDD405-82E4-4C56-A6A6-E2B51ACAB5CF, 2021-04-14T09:09:00, false
9DDDD405-82E4-4C56-A6A6-E2B51ACAB5CF, 2021-04-14T09:10:28, true
9DDDD405-82E4-4C56-A6A6-E2B51ACAB5CF, 2021-04-14T09:11:28, false
9DDDD405-82E4-4C56-A6A6-E2B51ACAB5CF, 2021-04-14T09:12:28, false
9DDDD405-82E4-4C56-A6A6-E2B51ACAB5CF, 2021-04-14T09:13:15, true
9DDDD405-82E4-4C56-A6A6-E2B51ACAB5CF, 2021-04-14T09:14:15, false
9DDDD405-82E4-4C56-A6A6-E2B51ACAB5CF, 2021-04-14T09:15:09, true
9DDDD405-82E4-4C56-A6A6-E2B51ACAB5CF, 2021-04-14T09:16:10, true
9DDDD405-82E4-4C56-A6A6-E2B51ACAB5CF, 2021-04-14T09:17:10, true
9DDDD405-82E4-4C56-A6A6-E2B51ACAB5CF, 2021-04-14T09:18:14, true
9DDDD405-82E4-4C56-A6A6-E2B51ACAB5CF, 2021-04-14T09:19:14, false
9DDDD405-82E4-4C56-A6A6-E2B51ACAB5CF, 2021-04-14T09:20:14, false
9DDDD405-82E4-4C56-A6A6-E2B51ACAB5CF, 2021-04-14T09:21:14, false
9DDDD405-82E4-4C56-A6A6-E2B51ACAB5CF, 2021-04-14T09:22:14, false
9DDDD405-82E4-4C56-A6A6-E2B51ACAB5CF, 2021-04-14T09:23:14, false
9DDDD405-82E4-4C56-A6A6-E2B51ACAB5CF, 2021-04-14T09:24:14, false
9DDDD405-82E4-4C56-A6A6-E2B51ACAB5CF, 2021-04-14T09:25:14, false
9DDDD405-82E4-4C56-A6A6-E2B51ACAB5CF, 2021-04-14T09:26:14, false
9DDDD405-82E4-4C56-A6A6-E2B51ACAB5CF, 2021-04-14T09:27:14, false
9DDDD405-82E4-4C56-A6A6-E2B51ACAB5CF, 2021-04-14T09:28:14, false
9DDDD405-82E4-4C56-A6A6-E2B51ACAB5CF, 2021-04-14T09:29:14, false
9DDDD405-82E4-4C56-A6A6-E2B51ACAB5CF, 2021-04-14T09:30:14, false
9DDDD405-82E4-4C56-A6A6-E2B51ACAB5CF, 2021-04-14T09:31:14, false
9DDDD405-82E4-4C56-A6A6-E2B51ACAB5CF, 2021-04-14T09:32:14, false
9DDDD405-82E4-4C56-A6A6-E2B51ACAB5CF, 2021-04-14T09:33:14, false
9DDDD405-82E4-4C56-A6A6-E2B51ACAB5CF, 2021-04-14T09:34:14, false
9DDDD405-82E4-4C56-A6A6-E2B51ACAB5CF, 2021-04-14T09:35:14, false
9DDDD405-82E4-4C56-A6A6-E2B51ACAB5CF, 2021-04-14T09:36:14, false
9DDDD405-82E4-4C56-A6A6-E2B51ACAB5CF, 2021-04-14T09:37:14, false
9DDDD405-82E4-4C56-A6A6-E2B51ACAB5CF, 2021-04-14T09:38:14, false
9DDDD405-82E4-4C56-A6A6-E2B51ACAB5CF, 2021-04-14T09:39:14, false
9DDDD405-82E4-4C56-A6A6-E2B51ACAB5CF, 2021-04-14T09:40:14, false
9DDDD405-82E4-4C56-A6A6-E2B51ACAB5CF, 2021-04-14T09:41:38, true
9DDDD405-82E4-4C56-A6A6-E2B51ACAB5CF, 2021-04-14T09:42:38, true
9DDDD405-82E4-4C56-A6A6-E2B51ACAB5CF, 2021-04-14T09:43:38, false
9DDDD405-82E4-4C56-A6A6-E2B51ACAB5CF, 2021-04-14T09:44:38, false
9DDDD405-82E4-4C56-A6A6-E2B51ACAB5CF, 2021-04-14T09:45:38, false
9DDDD405-82E4-4C56-A6A6-E2B51ACAB5CF, 2021-04-14T09:46:32, true
9DDDD405-82E4-4C56-A6A6-E2B51ACAB5CF, 2021-04-14T09:47:32, true
9DDDD405-82E4-4C56-A6A6-E2B51ACAB5CF, 2021-04-14T09:48:32, true
9DDDD405-82E4-4C56-A6A6-E2B51ACAB5CF, 2021-04-14T09:49:35, true
9DDDD405-82E4-4C56-A6A6-E2B51ACAB5CF, 2021-04-14T09:50:35, false
9DDDD405-82E4-4C56-A6A6-E2B51ACAB5CF, 2021-04-14T09:51:35, false
9DDDD405-82E4-4C56-A6A6-E2B51ACAB5CF, 2021-04-14T09:52:35, false
9DDDD405-82E4-4C56-A6A6-E2B51ACAB5CF, 2021-04-14T09:53:35, false
9DDDD405-82E4-4C56-A6A6-E2B51ACAB5CF, 2021-04-14T09:54:35, false
9DDDD405-82E4-4C56-A6A6-E2B51ACAB5CF, 2021-04-14T09:55:35, false
9DDDD405-82E4-4C56-A6A6-E2B51ACAB5CF, 2021-04-14T09:56:35, false
9DDDD405-82E4-4C56-A6A6-E2B51ACAB5CF, 2021-04-14T09:57:35, false
9DDDD405-82E4-4C56-A6A6-E2B51ACAB5CF, 2021-04-14T09:58:35, false
9DDDD405-82E4-4C56-A6A6-E2B51ACAB5CF, 2021-04-14T09:59:35, false
9DDDD405-82E4-4C56-A6A6-E2B51ACAB5CF, 2021-04-14T10:00:35, false
9DDDD405-82E4-4C56-A6A6-E2B51ACAB5CF, 2021-04-14T10:01:35, false
9DDDD405-82E4-4C56-A6A6-E2B51ACAB5CF, 2021-04-14T10:02:35, false
9DDDD405-82E4-4C56-A6A6-E2B51ACAB5CF, 2021-04-14T10:03:35, false
9DDDD405-82E4-4C56-A6A6-E2B51ACAB5CF, 2021-04-14T10:04:35, false
9DDDD405-82E4-4C56-A6A6-E2B51ACAB5CF, 2021-04-14T10:05:35, false
9DDDD405-82E4-4C56-A6A6-E2B51ACAB5CF, 2021-04-14T10:06:35, false
9DDDD405-82E4-4C56-A6A6-E2B51ACAB5CF, 2021-04-14T10:07:35, false
9DDDD405-82E4-4C56-A6A6-E2B51ACAB5CF, 2021-04-14T10:08:35, false
9DDDD405-82E4-4C56-A6A6-E2B51ACAB5CF, 2021-04-14T10:09:35, false
9DDDD405-82E4-4C56-A6A6-E2B51ACAB5CF, 2021-04-14T10:10:35, false
9DDDD405-82E4-4C56-A6A6-E2B51ACAB5CF, 2021-04-14T10:11:35, false
9DDDD405-82E4-4C56-A6A6-E2B51ACAB5CF, 2021-04-14T10:12:35, false
9DDDD405-82E4-4C56-A6A6-E2B51ACAB5CF, 2021-04-14T10:13:35, false
9DDDD405-82E4-4C56-A6A6-E2B51ACAB5CF, 2021-04-14T10:14:35, false
9DDDD405-82E4-4C56-A6A6-E2B51ACAB5CF, 2021-04-14T10:15:35, false
9DDDD405-82E4-4C56-A6A6-E2B51ACAB5CF, 2021-04-14T10:16:35, false
9DDDD405-82E4-4C56-A6A6-E2B51ACAB5CF, 2021-04-14T10:17:35, false
9DDDD405-82E4-4C56-A6A6-E2B51ACAB5CF, 2021-04-14T10:18:35, false
9DDDD405-82E4-4C56-A6A6-E2B51ACAB5CF, 2021-04-14T10:19:35, false
9DDDD405-82E4-4C56-A6A6-E2B51ACAB5CF, 2021-04-14T10:20:35, false
9DDDD405-82E4-4C56-A6A6-E2B51ACAB5CF, 2021-04-14T10:21:35, false
9DDDD405-82E4-4C56-A6A6-E2B51ACAB5CF, 2021-04-14T10:22:35, false
9DDDD405-82E4-4C56-A6A6-E2B51ACAB5CF, 2021-04-14T10:23:35, false
9DDDD405-82E4-4C56-A6A6-E2B51ACAB5CF, 2021-04-14T10:24:35, false
9DDDD405-82E4-4C56-A6A6-E2B51ACAB5CF, 2021-04-14T10:25:35, false
9DDDD405-82E4-4C56-A6A6-E2B51ACAB5CF, 2021-04-14T10:26:35, false
9DDDD405-82E4-4C56-A6A6-E2B51ACAB5CF, 2021-04-14T10:27:35, false
9DDDD405-82E4-4C56-A6A6-E2B51ACAB5CF, 2021-04-14T10:28:35, false
9DDDD405-82E4-4C56-A6A6-E2B51ACAB5CF, 2021-04-14T10:29:35, false
9DDDD405-82E4-4C56-A6A6-E2B51ACAB5CF, 2021-04-14T10:30:35, false
9DDDD405-82E4-4C56-A6A6-E2B51ACAB5CF, 2021-04-14T10:31:35, false
9DDDD405-82E4-4C56-A6A6-E2B51ACAB5CF, 2021-04-14T10:32:35, false
9DDDD405-82E4-4C56-A6A6-E2B51ACAB5CF, 2021-04-14T10:33:35, false
9DDDD405-82E4-4C56-A6A6-E2B51ACAB5CF, 2021-04-14T10:34:35, false
9DDDD405-82E4-4C56-A6A6-E2B51ACAB5CF, 2021-04-14T10:35:35, false
9DDDD405-82E4-4C56-A6A6-E2B51ACAB5CF, 2021-04-14T10:36:35, false
9DDDD405-82E4-4C56-A6A6-E2B51ACAB5CF, 2021-04-14T10:37:35, false
9DDDD405-82E4-4C56-A6A6-E2B51ACAB5CF, 2021-04-14T10:38:35, false
9DDDD405-82E4-4C56-A6A6-E2B51ACAB5CF, 2021-04-14T10:39:35, false
9DDDD405-82E4-4C56-A6A6-E2B51ACAB5CF, 2021-04-14T10:40:35, false
9DDDD405-82E4-4C56-A6A6-E2B51ACAB5CF, 2021-04-14T10:41:35, false
9DDDD405-82E4-4C56-A6A6-E2B51ACAB5CF, 2021-04-14T10:42:35, false
9DDDD405-82E4-4C56-A6A6-E2B51ACAB5CF, 2021-04-14T10:43:35, false
9DDDD405-82E4-4C56-A6A6-E2B51ACAB5CF, 2021-04-14T10:44:35, false
9DDDD405-82E4-4C56-A6A6-E2B51ACAB5CF, 2021-04-14T10:45:35, false
9DDDD405-82E4-4C56-A6A6-E2B51ACAB5CF, 2021-04-14T10:46:35, false
9DDDD405-82E4-4C56-A6A6-E2B51ACAB5CF, 2021-04-14T10:47:35, false
9DDDD405-82E4-4C56-A6A6-E2B51ACAB5CF, 2021-04-14T10:48:35, false
9DDDD405-82E4-4C56-A6A6-E2B51ACAB5CF, 2021-04-14T10:49:35, false
9DDDD405-82E4-4C56-A6A6-E2B51ACAB5CF, 2021-04-14T10:50:35, false
9DDDD405-82E4-4C56-A6A6-E2B51ACAB5CF, 2021-04-14T10:51:35, false
9DDDD405-82E4-4C56-A6A6-E2B51ACAB5CF, 2021-04-14T10:52:35, false
9DDDD405-82E4-4C56-A6A6-E2B51ACAB5CF, 2021-04-14T10:53:35, false
9DDDD405-82E4-4C56-A6A6-E2B51ACAB5CF, 2021-04-14T10:54:35, false
9DDDD405-82E4-4C56-A6A6-E2B51ACAB5CF, 2021-04-14T10:55:35, false
9DDDD405-82E4-4C56-A6A6-E2B51ACAB5CF, 2021-04-14T10:56:35, false
9DDDD405-82E4-4C56-A6A6-E2B51ACAB5CF, 2021-04-14T10:57:35, false
9DDDD405-82E4-4C56-A6A6-E2B51ACAB5CF, 2021-04-14T10:58:35, false
9DDDD405-82E4-4C56-A6A6-E2B51ACAB5CF, 2021-04-14T10:59:35, false
9DDDD405-82E4-4C56-A6A6-E2B51ACAB5CF, 2021-04-14T11:00:35, false
9DDDD405-82E4-4C56-A6A6-E2B51ACAB5CF, 2021-04-14T11:01:35, false
9DDDD405-82E4-4C56-A6A6-E2B51ACAB5CF, 2021-04-14T11:02:35, false
9DDDD405-82E4-4C56-A6A6-E2B51ACAB5CF, 2021-04-14T11:03:35, false
9DDDD405-82E4-4C56-A6A6-E2B51ACAB5CF, 2021-04-14T11:04:35, false
9DDDD405-82E4-4C56-A6A6-E2B51ACAB5CF, 2021-04-14T11:05:35, false
9DDDD405-82E4-4C56-A6A6-E2B51ACAB5CF, 2021-04-14T11:06:35, false
9DDDD405-82E4-4C56-A6A6-E2B51ACAB5CF, 2021-04-14T11:07:35, false
9DDDD405-82E4-4C56-A6A6-E2B51ACAB5CF, 2021-04-14T11:08:35, false
9DDDD405-82E4-4C56-A6A6-E2B51ACAB5CF, 2021-04-14T11:09:35, false
9DDDD405-82E4-4C56-A6A6-E2B51ACAB5CF, 2021-04-14T11:10:35, false
9DDDD405-82E4-4C56-A6A6-E2B51ACAB5CF, 2021-04-14T11:11:35, false
9DDDD405-82E4-4C56-A6A6-E2B51ACAB5CF, 2021-04-14T11:12:35, false
9DDDD405-82E4-4C56-A6A6-E2B51ACAB5CF, 2021-04-14T11:13:35, false
9DDDD405-82E4-4C56-A6A6-E2B51ACAB5CF, 2021-04-14T11:14:35, false
9DDDD405-82E4-4C56-A6A6-E2B51ACAB5CF, 2021-04-14T11:15:35, false
9DDDD405-82E4-4C56-A6A6-E2B51ACAB5CF, 2021-04-14T11:16:35, false
9DDDD405-82E4-4C56-A6A6-E2B51ACAB5CF, 2021-04-14T11:17:35, false
9DDDD405-82E4-4C56-A6A6-E2B51ACAB5CF, 2021-04-14T11:18:35, false
9DDDD405-82E4-4C56-A6A6-E2B51ACAB5CF, 2021-04-14T11:19:35, false
9DDDD405-82E4-4C56-A6A6-E2B51ACAB5CF, 2021-04-14T11:20:35, false
9DDDD405-82E4-4C56-A6A6-E2B51ACAB5CF, 2021-04-14T11:21:35, false
9DDDD405-82E4-4C56-A6A6-E2B51ACAB5CF, 2021-04-14T11:22:35, false
9DDDD405-82E4-4C56-A6A6-E2B51ACAB5CF, 2021-04-14T11:23:35, false
9DDDD405-82E4-4C56-A6A6-E2B51ACAB5CF, 2021-04-14T11:24:35, false
9DDDD405-82E4-4C56-A6A6-E2B51ACAB5CF, 2021-04-14T11:25:35, false
9DDDD405-82E4-4C56-A6A6-E2B51ACAB5CF, 2021-04-14T11:26:35, false
9DDDD405-82E4-4C56-A6A6-E2B51ACAB5CF, 2021-04-14T11:27:35, false
9DDDD405-82E4-4C56-A6A6-E2B51ACAB5CF, 2021-04-14T11:28:35, false
9DDDD405-82E4-4C56-A6A6-E2B51ACAB5CF, 2021-04-14T11:29:35, false
9DDDD405-82E4-4C56-A6A6-E2B51ACAB5CF, 2021-04-14T11:30:35, false
9DDDD405-82E4-4C56-A6A6-E2B51ACAB5CF, 2021-04-14T11:31:35, false
9DDDD405-82E4-4C56-A6A6-E2B51ACAB5CF, 2021-04-14T11:32:35, false
9DDDD405-82E4-4C56-A6A6-E2B51ACAB5CF, 2021-04-14T11:33:35, false
9DDDD405-82E4-4C56-A6A6-E2B51ACAB5CF, 2021-04-14T11:34:35, false
9DDDD405-82E4-4C56-A6A6-E2B51ACAB5CF, 2021-04-14T11:35:35, false
9DDDD405-82E4-4C56-A6A6-E2B51ACAB5CF, 2021-04-14T11:36:35, false
9DDDD405-82E4-4C56-A6A6-E2B51ACAB5CF, 2021-04-14T11:37:35, false
9DDDD405-82E4-4C56-A6A6-E2B51ACAB5CF, 2021-04-14T11:38:35, false
9DDDD405-82E4-4C56-A6A6-E2B51ACAB5CF, 2021-04-14T11:39:35, false
9DDDD405-82E4-4C56-A6A6-E2B51ACAB5CF, 2021-04-14T11:40:35, false
9DDDD405-82E4-4C56-A6A6-E2B51ACAB5CF, 2021-04-14T11:41:35, false
9DDDD405-82E4-4C56-A6A6-E2B51ACAB5CF, 2021-04-14T11:42:35, false
9DDDD405-82E4-4C56-A6A6-E2B51ACAB5CF, 2021-04-14T11:43:35, false
9DDDD405-82E4-4C56-A6A6-E2B51ACAB5CF, 2021-04-14T11:44:35, false
9DDDD405-82E4-4C56-A6A6-E2B51ACAB5CF, 2021-04-14T11:45:35, false
9DDDD405-82E4-4C56-A6A6-E2B51ACAB5CF, 2021-04-14T11:46:35, false
9DDDD405-82E4-4C56-A6A6-E2B51ACAB5CF, 2021-04-14T11:47:35, false
9DDDD405-82E4-4C56-A6A6-E2B51ACAB5CF, 2021-04-14T11:48:35, false
9DDDD405-82E4-4C56-A6A6-E2B51ACAB5CF, 2021-04-14T11:49:35, false
9DDDD405-82E4-4C56-A6A6-E2B51ACAB5CF, 2021-04-14T11:50:35, false
9DDDD405-82E4-4C56-A6A6-E2B51ACAB5CF, 2021-04-14T11:51:35, false
9DDDD405-82E4-4C56-A6A6-E2B51ACAB5CF, 2021-04-14T11:52:35, false
9DDDD405-82E4-4C56-A6A6-E2B51ACAB5CF, 2021-04-14T11:53:35, false
9DDDD405-82E4-4C56-A6A6-E2B51ACAB5CF, 2021-04-14T11:54:35, false
9DDDD405-82E4-4C56-A6A6-E2B51ACAB5CF, 2021-04-14T11:55:35, false
9DDDD405-82E4-4C56-A6A6-E2B51ACAB5CF, 2021-04-14T11:56:35, false
9DDDD405-82E4-4C56-A6A6-E2B51ACAB5CF, 2021-04-14T11:57:35, false
9DDDD405-82E4-4C56-A6A6-E2B51ACAB5CF, 2021-04-14T11:58:35, false
9DDDD405-82E4-4C56-A6A6-E2B51ACAB5CF, 2021-04-14T11:59:35, false
9DDDD405-82E4-4C56-A6A6-E2B51ACAB5CF, 2021-04-14T12:00:35, false
9DDDD405-82E4-4C56-A6A6-E2B51ACAB5CF, 2021-04-14T12:01:35, false
9DDDD405-82E4-4C56-A6A6-E2B51ACAB5CF, 2021-04-14T12:02:35, false
9DDDD405-82E4-4C56-A6A6-E2B51ACAB5CF, 2021-04-14T12:03:35, false
9DDDD405-82E4-4C56-A6A6-E2B51ACAB5CF, 2021-04-14T12:04:35, false
9DDDD405-82E4-4C56-A6A6-E2B51ACAB5CF, 2021-04-14T12:05:35, false
9DDDD405-82E4-4C56-A6A6-E2B51ACAB5CF, 2021-04-14T12:06:35, false
9DDDD405-82E4-4C56-A6A6-E2B51ACAB5CF, 2021-04-14T12:07:35, false
9DDDD405-82E4-4C56-A6A6-E2B51ACAB5CF, 2021-04-14T12:08:35, false
9DDDD405-82E4-4C56-A6A6-E2B51ACAB5CF, 2021-04-14T12:09:35, false
9DDDD405-82E4-4C56-A6A6-E2B51ACAB5CF, 2021-04-14T12:10:35, false
9DDDD405-82E4-4C56-A6A6-E2B51ACAB5CF, 2021-04-14T12:11:35, false
9DDDD405-82E4-4C56-A6A6-E2B51ACAB5CF, 2021-04-14T12:12:35, false
9DDDD405-82E4-4C56-A6A6-E2B51ACAB5CF, 2021-04-14T12:13:35, false
9DDDD405-82E4-4C56-A6A6-E2B51ACAB5CF, 2021-04-14T12:14:35, false
9DDDD405-82E4-4C56-A6A6-E2B51ACAB5CF, 2021-04-14T12:15:35, false
9DDDD405-82E4-4C56-A6A6-E2B51ACAB5CF, 2021-04-14T12:16:35, false
9DDDD405-82E4-4C56-A6A6-E2B51ACAB5CF, 2021-04-14T12:17:35, false
9DDDD405-82E4-4C56-A6A6-E2B51ACAB5CF, 2021-04-14T12:18:35, false
9DDDD405-82E4-4C56-A6A6-E2B51ACAB5CF, 2021-04-14T12:19:35, false
9DDDD405-82E4-4C56-A6A6-E2B51ACAB5CF, 2021-04-14T12:20:35, false
9DDDD405-82E4-4C56-A6A6-E2B51ACAB5CF, 2021-04-14T12:21:35, false
9DDDD405-82E4-4C56-A6A6-E2B51ACAB5CF, 2021-04-14T12:22:35, false
9DDDD405-82E4-4C56-A6A6-E2B51ACAB5CF, 2021-04-14T12:23:35, false
9DDDD405-82E4-4C56-A6A6-E2B51ACAB5CF, 2021-04-14T12:24:35, false
9DDDD405-82E4-4C56-A6A6-E2B51ACAB5CF, 2021-04-14T12:25:35, false
9DDDD405-82E4-4C56-A6A6-E2B51ACAB5CF, 2021-04-14T12:26:35, false
9DDDD405-82E4-4C56-A6A6-E2B51ACAB5CF, 2021-04-14T12:27:35, false
9DDDD405-82E4-4C56-A6A6-E2B51ACAB5CF, 2021-04-14T12:28:35, false
9DDDD405-82E4-4C56-A6A6-E2B51ACAB5CF, 2021-04-14T12:29:35, false
9DDDD405-82E4-4C56-A6A6-E2B51ACAB5CF, 2021-04-14T12:30:35, false
9DDDD405-82E4-4C56-A6A6-E2B51ACAB5CF, 2021-04-14T12:31:35, false
9DDDD405-82E4-4C56-A6A6-E2B51ACAB5CF, 2021-04-14T12:32:35, false
9DDDD405-82E4-4C56-A6A6-E2B51ACAB5CF, 2021-04-14T12:33:35, false
9DDDD405-82E4-4C56-A6A6-E2B51ACAB5CF, 2021-04-14T12:34:35, false
9DDDD405-82E4-4C56-A6A6-E2B51ACAB5CF, 2021-04-14T12:35:35, false
9DDDD405-82E4-4C56-A6A6-E2B51ACAB5CF, 2021-04-14T12:36:35, false
9DDDD405-82E4-4C56-A6A6-E2B51ACAB5CF, 2021-04-14T12:37:35, false
9DDDD405-82E4-4C56-A6A6-E2B51ACAB5CF, 2021-04-14T12:38:35, false
9DDDD405-82E4-4C56-A6A6-E2B51ACAB5CF, 2021-04-14T12:39:35, false
9DDDD405-82E4-4C56-A6A6-E2B51ACAB5CF, 2021-04-14T12:40:35, false
9DDDD405-82E4-4C56-A6A6-E2B51ACAB5CF, 2021-04-14T12:41:35, false
9DDDD405-82E4-4C56-A6A6-E2B51ACAB5CF, 2021-04-14T12:42:35, false
9DDDD405-82E4-4C56-A6A6-E2B51ACAB5CF, 2021-04-14T12:43:35, false
9DDDD405-82E4-4C56-A6A6-E2B51ACAB5CF, 2021-04-14T12:44:35, false
9DDDD405-82E4-4C56-A6A6-E2B51ACAB5CF, 2021-04-14T12:45:35, false
9DDDD405-82E4-4C56-A6A6-E2B51ACAB5CF, 2021-04-14T12:46:35, false
9DDDD405-82E4-4C56-A6A6-E2B51ACAB5CF, 2021-04-14T12:47:35, false
9DDDD405-82E4-4C56-A6A6-E2B51ACAB5CF, 2021-04-14T12:48:35, false
9DDDD405-82E4-4C56-A6A6-E2B51ACAB5CF, 2021-04-14T12:49:35, false
9DDDD405-82E4-4C56-A6A6-E2B51ACAB5CF, 2021-04-14T12:50:35, false
9DDDD405-82E4-4C56-A6A6-E2B51ACAB5CF, 2021-04-14T12:51:35, false
9DDDD405-82E4-4C56-A6A6-E2B51ACAB5CF, 2021-04-14T12:52:35, false
9DDDD405-82E4-4C56-A6A6-E2B51ACAB5CF, 2021-04-14T12:53:35, false
9DDDD405-82E4-4C56-A6A6-E2B51ACAB5CF, 2021-04-14T12:54:35, false
9DDDD405-82E4-4C56-A6A6-E2B51ACAB5CF, 2021-04-14T12:55:35, false
9DDDD405-82E4-4C56-A6A6-E2B51ACAB5CF, 2021-04-14T12:56:35, false
9DDDD405-82E4-4C56-A6A6-E2B51ACAB5CF, 2021-04-14T12:57:35, false
9DDDD405-82E4-4C56-A6A6-E2B51ACAB5CF, 2021-04-14T12:58:35, false
9DDDD405-82E4-4C56-A6A6-E2B51ACAB5CF, 2021-04-14T12:59:35, false
9DDDD405-82E4-4C56-A6A6-E2B51ACAB5CF, 2021-04-14T13:00:35, false
9DDDD405-82E4-4C56-A6A6-E2B51ACAB5CF, 2021-04-14T13:01:35, false
9DDDD405-82E4-4C56-A6A6-E2B51ACAB5CF, 2021-04-14T13:02:35, false
9DDDD405-82E4-4C56-A6A6-E2B51ACAB5CF, 2021-04-14T13:03:35, false
9DDDD405-82E4-4C56-A6A6-E2B51ACAB5CF, 2021-04-14T13:04:35, false
9DDDD405-82E4-4C56-A6A6-E2B51ACAB5CF, 2021-04-14T13:05:35, false
9DDDD405-82E4-4C56-A6A6-E2B51ACAB5CF, 2021-04-14T13:06:35, false
9DDDD405-82E4-4C56-A6A6-E2B51ACAB5CF, 2021-04-14T13:07:35, false
9DDDD405-82E4-4C56-A6A6-E2B51ACAB5CF, 2021-04-14T13:08:35, false
9DDDD405-82E4-4C56-A6A6-E2B51ACAB5CF, 2021-04-14T13:09:35, false
9DDDD405-82E4-4C56-A6A6-E2B51ACAB5CF, 2021-04-14T13:10:35, false
9DDDD405-82E4-4C56-A6A6-E2B51ACAB5CF, 2021-04-14T13:11:35, false
9DDDD405-82E4-4C56-A6A6-E2B51ACAB5CF, 2021-04-14T13:12:35, false
9DDDD405-82E4-4C56-A6A6-E2B51ACAB5CF, 2021-04-14T13:13:35, false
9DDDD405-82E4-4C56-A6A6-E2B51ACAB5CF, 2021-04-14T13:14:35, false
9DDDD405-82E4-4C56-A6A6-E2B51ACAB5CF, 2021-04-14T13:15:35, false
9DDDD405-82E4-4C56-A6A6-E2B51ACAB5CF, 2021-04-14T13:16:35, false
9DDDD405-82E4-4C56-A6A6-E2B51ACAB5CF, 2021-04-14T13:17:35, false
9DDDD405-82E4-4C56-A6A6-E2B51ACAB5CF, 2021-04-14T13:18:35, false
9DDDD405-82E4-4C56-A6A6-E2B51ACAB5CF, 2021-04-14T13:19:35, false
9DDDD405-82E4-4C56-A6A6-E2B51ACAB5CF, 2021-04-14T13:20:35, false
9DDDD405-82E4-4C56-A6A6-E2B51ACAB5CF, 2021-04-14T13:21:35, false
9DDDD405-82E4-4C56-A6A6-E2B51ACAB5CF, 2021-04-14T13:22:35, false
9DDDD405-82E4-4C56-A6A6-E2B51ACAB5CF, 2021-04-14T13:23:35, false
9DDDD405-82E4-4C56-A6A6-E2B51ACAB5CF, 2021-04-14T13:24:35, false
9DDDD405-82E4-4C56-A6A6-E2B51ACAB5CF, 2021-04-14T13:25:35, false
9DDDD405-82E4-4C56-A6A6-E2B51ACAB5CF, 2021-04-14T13:26:35, false
9DDDD405-82E4-4C56-A6A6-E2B51ACAB5CF, 2021-04-14T13:27:35, false
9DDDD405-82E4-4C56-A6A6-E2B51ACAB5CF, 2021-04-14T13:28:35, false
9DDDD405-82E4-4C56-A6A6-E2B51ACAB5CF, 2021-04-14T13:29:35, false
9DDDD405-82E4-4C56-A6A6-E2B51ACAB5CF, 2021-04-14T13:30:35, false
9DDDD405-82E4-4C56-A6A6-E2B51ACAB5CF, 2021-04-14T13:31:35, false
9DDDD405-82E4-4C56-A6A6-E2B51ACAB5CF, 2021-04-14T13:32:35, false
9DDDD405-82E4-4C56-A6A6-E2B51ACAB5CF, 2021-04-14T13:33:35, false
9DDDD405-82E4-4C56-A6A6-E2B51ACAB5CF, 2021-04-14T13:34:35, false
9DDDD405-82E4-4C56-A6A6-E2B51ACAB5CF, 2021-04-14T13:35:35, false
9DDDD405-82E4-4C56-A6A6-E2B51ACAB5CF, 2021-04-14T13:36:35, false
9DDDD405-82E4-4C56-A6A6-E2B51ACAB5CF, 2021-04-14T13:37:35, false
9DDDD405-82E4-4C56-A6A6-E2B51ACAB5CF, 2021-04-14T13:38:35, false
9DDDD405-82E4-4C56-A6A6-E2B51ACAB5CF, 2021-04-14T13:39:35, false
9DDDD405-82E4-4C56-A6A6-E2B51ACAB5CF, 2021-04-14T13:40:35, false
9DDDD405-82E4-4C56-A6A6-E2B51ACAB5CF, 2021-04-14T13:41:35, false
9DDDD405-82E4-4C56-A6A6-E2B51ACAB5CF, 2021-04-14T13:42:35, false
9DDDD405-82E4-4C56-A6A6-E2B51ACAB5CF, 2021-04-14T13:43:35, false
9DDDD405-82E4-4C56-A6A6-E2B51ACAB5CF, 2021-04-14T13:44:35, false
9DDDD405-82E4-4C56-A6A6-E2B51ACAB5CF, 2021-04-14T13:45:35, false
9DDDD405-82E4-4C56-A6A6-E2B51ACAB5CF, 2021-04-14T13:46:35, false
9DDDD405-82E4-4C56-A6A6-E2B51ACAB5CF, 2021-04-14T13:47:35, false
9DDDD405-82E4-4C56-A6A6-E2B51ACAB5CF, 2021-04-14T13:48:35, false
9DDDD405-82E4-4C56-A6A6-E2B51ACAB5CF, 2021-04-14T13:49:35, false
9DDDD405-82E4-4C56-A6A6-E2B51ACAB5CF, 2021-04-14T13:50:35, false
9DDDD405-82E4-4C56-A6A6-E2B51ACAB5CF, 2021-04-14T13:51:35, false
9DDDD405-82E4-4C56-A6A6-E2B51ACAB5CF, 2021-04-14T13:52:35, false
9DDDD405-82E4-4C56-A6A6-E2B51ACAB5CF, 2021-04-14T13:53:35, false
9DDDD405-82E4-4C56-A6A6-E2B51ACAB5CF, 2021-04-14T13:54:35, false
9DDDD405-82E4-4C56-A6A6-E2B51ACAB5CF, 2021-04-14T13:55:35, false
9DDDD405-82E4-4C56-A6A6-E2B51ACAB5CF, 2021-04-14T13:56:35, false
9DDDD405-82E4-4C56-A6A6-E2B51ACAB5CF, 2021-04-14T13:57:35, false
9DDDD405-82E4-4C56-A6A6-E2B51ACAB5CF, 2021-04-14T13:58:35, false
9DDDD405-82E4-4C56-A6A6-E2B51ACAB5CF, 2021-04-14T13:59:35, false
9DDDD405-82E4-4C56-A6A6-E2B51ACAB5CF, 2021-04-14T14:00:35, false
9DDDD405-82E4-4C56-A6A6-E2B51ACAB5CF, 2021-04-14T14:01:35, false
9DDDD405-82E4-4C56-A6A6-E2B51ACAB5CF, 2021-04-14T14:02:35, false
9DDDD405-82E4-4C56-A6A6-E2B51ACAB5CF, 2021-04-14T14:03:35, false
9DDDD405-82E4-4C56-A6A6-E2B51ACAB5CF, 2021-04-14T14:04:35, false
9DDDD405-82E4-4C56-A6A6-E2B51ACAB5CF, 2021-04-14T14:05:35, false
9DDDD405-82E4-4C56-A6A6-E2B51ACAB5CF, 2021-04-14T14:06:35, false
9DDDD405-82E4-4C56-A6A6-E2B51ACAB5CF, 2021-04-14T14:07:35, false
9DDDD405-82E4-4C56-A6A6-E2B51ACAB5CF, 2021-04-14T14:08:35, false
9DDDD405-82E4-4C56-A6A6-E2B51ACAB5CF, 2021-04-14T14:09:35, false
9DDDD405-82E4-4C56-A6A6-E2B51ACAB5CF, 2021-04-14T14:10:35, false
9DDDD405-82E4-4C56-A6A6-E2B51ACAB5CF, 2021-04-14T14:11:35, false
9DDDD405-82E4-4C56-A6A6-E2B51ACAB5CF, 2021-04-14T14:12:35, false
9DDDD405-82E4-4C56-A6A6-E2B51ACAB5CF, 2021-04-14T14:13:35, false
9DDDD405-82E4-4C56-A6A6-E2B51ACAB5CF, 2021-04-14T14:14:35, false
9DDDD405-82E4-4C56-A6A6-E2B51ACAB5CF, 2021-04-14T14:15:35, false
9DDDD405-82E4-4C56-A6A6-E2B51ACAB5CF, 2021-04-14T14:16:35, false
9DDDD405-82E4-4C56-A6A6-E2B51ACAB5CF, 2021-04-14T14:17:35, false
9DDDD405-82E4-4C56-A6A6-E2B51ACAB5CF, 2021-04-14T14:18:35, false
9DDDD405-82E4-4C56-A6A6-E2B51ACAB5CF, 2021-04-14T14:19:35, false
9DDDD405-82E4-4C56-A6A6-E2B51ACAB5CF, 2021-04-14T14:20:35, false
9DDDD405-82E4-4C56-A6A6-E2B51ACAB5CF, 2021-04-14T14:21:35, false
9DDDD405-82E4-4C56-A6A6-E2B51ACAB5CF, 2021-04-14T14:22:35, false
9DDDD405-82E4-4C56-A6A6-E2B51ACAB5CF, 2021-04-14T14:23:35, false
9DDDD405-82E4-4C56-A6A6-E2B51ACAB5CF, 2021-04-14T14:24:35, false
9DDDD405-82E4-4C56-A6A6-E2B51ACAB5CF, 2021-04-14T14:25:35, false
9DDDD405-82E4-4C56-A6A6-E2B51ACAB5CF, 2021-04-14T14:26:35, false
9DDDD405-82E4-4C56-A6A6-E2B51ACAB5CF, 2021-04-14T14:27:35, false
9DDDD405-82E4-4C56-A6A6-E2B51ACAB5CF, 2021-04-14T14:28:35, false
9DDDD405-82E4-4C56-A6A6-E2B51ACAB5CF, 2021-04-14T14:29:35, false
9DDDD405-82E4-4C56-A6A6-E2B51ACAB5CF, 2021-04-14T14:30:35, false
9DDDD405-82E4-4C56-A6A6-E2B51ACAB5CF, 2021-04-14T14:31:35, false
9DDDD405-82E4-4C56-A6A6-E2B51ACAB5CF, 2021-04-14T14:32:35, false
9DDDD405-82E4-4C56-A6A6-E2B51ACAB5CF, 2021-04-14T14:33:35, false
9DDDD405-82E4-4C56-A6A6-E2B51ACAB5CF, 2021-04-14T14:34:35, false
9DDDD405-82E4-4C56-A6A6-E2B51ACAB5CF, 2021-04-14T14:35:35, false
9DDDD405-82E4-4C56-A6A6-E2B51ACAB5CF, 2021-04-14T14:36:35, false
9DDDD405-82E4-4C56-A6A6-E2B51ACAB5CF, 2021-04-14T14:37:35, false
9DDDD405-82E4-4C56-A6A6-E2B51ACAB5CF, 2021-04-14T14:38:35, false
9DDDD405-82E4-4C56-A6A6-E2B51ACAB5CF, 2021-04-14T14:39:35, false
9DDDD405-82E4-4C56-A6A6-E2B51ACAB5CF, 2021-04-14T14:40:35, false
9DDDD405-82E4-4C56-A6A6-E2B51ACAB5CF, 2021-04-14T14:41:35, false
9DDDD405-82E4-4C56-A6A6-E2B51ACAB5CF, 2021-04-14T14:42:35, false
9DDDD405-82E4-4C56-A6A6-E2B51ACAB5CF, 2021-04-14T14:43:35, false
9DDDD405-82E4-4C56-A6A6-E2B51ACAB5CF, 2021-04-14T14:44:35, false
9DDDD405-82E4-4C56-A6A6-E2B51ACAB5CF, 2021-04-14T14:45:35, false
9DDDD405-82E4-4C56-A6A6-E2B51ACAB5CF, 2021-04-14T14:46:35, false
9DDDD405-82E4-4C56-A6A6-E2B51ACAB5CF, 2021-04-14T14:47:35, false
9DDDD405-82E4-4C56-A6A6-E2B51ACAB5CF, 2021-04-14T14:48:35, false
9DDDD405-82E4-4C56-A6A6-E2B51ACAB5CF, 2021-04-14T14:49:35, false
9DDDD405-82E4-4C56-A6A6-E2B51ACAB5CF, 2021-04-14T14:50:35, false
9DDDD405-82E4-4C56-A6A6-E2B51ACAB5CF, 2021-04-14T14:51:35, false
9DDDD405-82E4-4C56-A6A6-E2B51ACAB5CF, 2021-04-14T14:52:35, false
9DDDD405-82E4-4C56-A6A6-E2B51ACAB5CF, 2021-04-14T14:53:35, false
9DDDD405-82E4-4C56-A6A6-E2B51ACAB5CF, 2021-04-14T14:54:35, false
9DDDD405-82E4-4C56-A6A6-E2B51ACAB5CF, 2021-04-14T14:55:35, false
9DDDD405-82E4-4C56-A6A6-E2B51ACAB5CF, 2021-04-14T14:56:35, false
9DDDD405-82E4-4C56-A6A6-E2B51ACAB5CF, 2021-04-14T14:57:35, false
9DDDD405-82E4-4C56-A6A6-E2B51ACAB5CF, 2021-04-14T14:58:35, false
9DDDD405-82E4-4C56-A6A6-E2B51ACAB5CF, 2021-04-14T14:59:35, false
9DDDD405-82E4-4C56-A6A6-E2B51ACAB5CF, 2021-04-14T15:00:35, false
9DDDD405-82E4-4C56-A6A6-E2B51ACAB5CF, 2021-04-14T15:01:35, false
9DDDD405-82E4-4C56-A6A6-E2B51ACAB5CF, 2021-04-14T15:02:35, false
9DDDD405-82E4-4C56-A6A6-E2B51ACAB5CF, 2021-04-14T15:03:35, false
9DDDD405-82E4-4C56-A6A6-E2B51ACAB5CF, 2021-04-14T15:04:35, false
9DDDD405-82E4-4C56-A6A6-E2B51ACAB5CF, 2021-04-14T15:05:35, false
9DDDD405-82E4-4C56-A6A6-E2B51ACAB5CF, 2021-04-14T15:06:35, false
9DDDD405-82E4-4C56-A6A6-E2B51ACAB5CF, 2021-04-14T15:07:35, false
9DDDD405-82E4-4C56-A6A6-E2B51ACAB5CF, 2021-04-14T15:08:35, false
9DDDD405-82E4-4C56-A6A6-E2B51ACAB5CF, 2021-04-14T15:09:35, false
9DDDD405-82E4-4C56-A6A6-E2B51ACAB5CF, 2021-04-14T15:10:35, false
9DDDD405-82E4-4C56-A6A6-E2B51ACAB5CF, 2021-04-14T15:11:19, true
9DDDD405-82E4-4C56-A6A6-E2B51ACAB5CF, 2021-04-14T15:12:20, true
9DDDD405-82E4-4C56-A6A6-E2B51ACAB5CF, 2021-04-14T15:13:24, true
9DDDD405-82E4-4C56-A6A6-E2B51ACAB5CF, 2021-04-14T15:14:25, true
9DDDD405-82E4-4C56-A6A6-E2B51ACAB5CF, 2021-04-14T15:15:25, false
9DDDD405-82E4-4C56-A6A6-E2B51ACAB5CF, 2021-04-14T15:16:08, true
9DDDD405-82E4-4C56-A6A6-E2B51ACAB5CF, 2021-04-14T15:17:20, true
9DDDD405-82E4-4C56-A6A6-E2B51ACAB5CF, 2021-04-14T15:18:20, true
9DDDD405-82E4-4C56-A6A6-E2B51ACAB5CF, 2021-04-14T15:19:21, true
9DDDD405-82E4-4C56-A6A6-E2B51ACAB5CF, 2021-04-14T15:20:26, true
9DDDD405-82E4-4C56-A6A6-E2B51ACAB5CF, 2021-04-14T15:21:28, true
9DDDD405-82E4-4C56-A6A6-E2B51ACAB5CF, 2021-04-14T15:22:49, true
9DDDD405-82E4-4C56-A6A6-E2B51ACAB5CF, 2021-04-14T15:23:54, true
9DDDD405-82E4-4C56-A6A6-E2B51ACAB5CF, 2021-04-14T15:24:55, true
9DDDD405-82E4-4C56-A6A6-E2B51ACAB5CF, 2021-04-14T15:25:56, true
9DDDD405-82E4-4C56-A6A6-E2B51ACAB5CF, 2021-04-14T15:26:58, true
9DDDD405-82E4-4C56-A6A6-E2B51ACAB5CF, 2021-04-14T15:28:03, true
9DDDD405-82E4-4C56-A6A6-E2B51ACAB5CF, 2021-04-14T15:29:04, true
9DDDD405-82E4-4C56-A6A6-E2B51ACAB5CF, 2021-04-14T15:30:07, true
9DDDD405-82E4-4C56-A6A6-E2B51ACAB5CF, 2021-04-14T15:31:26, true
9DDDD405-82E4-4C56-A6A6-E2B51ACAB5CF, 2021-04-14T15:32:26, false
9DDDD405-82E4-4C56-A6A6-E2B51ACAB5CF, 2021-04-14T15:33:26, false
9DDDD405-82E4-4C56-A6A6-E2B51ACAB5CF, 2021-04-14T15:34:26, false
9DDDD405-82E4-4C56-A6A6-E2B51ACAB5CF, 2021-04-14T15:35:25, true
9DDDD405-82E4-4C56-A6A6-E2B51ACAB5CF, 2021-04-14T15:36:25, false
9DDDD405-82E4-4C56-A6A6-E2B51ACAB5CF, 2021-04-14T15:37:25, false
9DDDD405-82E4-4C56-A6A6-E2B51ACAB5CF, 2021-04-14T15:38:27, true
9DDDD405-82E4-4C56-A6A6-E2B51ACAB5CF, 2021-04-14T15:39:29, true
9DDDD405-82E4-4C56-A6A6-E2B51ACAB5CF, 2021-04-14T15:40:33, true
9DDDD405-82E4-4C56-A6A6-E2B51ACAB5CF, 2021-04-14T15:41:38, true
9DDDD405-82E4-4C56-A6A6-E2B51ACAB5CF, 2021-04-14T15:42:41, true
9DDDD405-82E4-4C56-A6A6-E2B51ACAB5CF, 2021-04-14T15:43:44, true
9DDDD405-82E4-4C56-A6A6-E2B51ACAB5CF, 2021-04-14T15:44:47, true
9DDDD405-82E4-4C56-A6A6-E2B51ACAB5CF, 2021-04-14T15:45:52, true
9DDDD405-82E4-4C56-A6A6-E2B51ACAB5CF, 2021-04-14T15:46:59, true
9DDDD405-82E4-4C56-A6A6-E2B51ACAB5CF, 2021-04-14T15:48:08, true
9DDDD405-82E4-4C56-A6A6-E2B51ACAB5CF, 2021-04-14T15:49:11, true
9DDDD405-82E4-4C56-A6A6-E2B51ACAB5CF, 2021-04-14T15:50:16, true
9DDDD405-82E4-4C56-A6A6-E2B51ACAB5CF, 2021-04-14T15:51:20, true
9DDDD405-82E4-4C56-A6A6-E2B51ACAB5CF, 2021-04-14T15:52:23, true
9DDDD405-82E4-4C56-A6A6-E2B51ACAB5CF, 2021-04-14T15:53:24, true
9DDDD405-82E4-4C56-A6A6-E2B51ACAB5CF, 2021-04-14T15:54:25, true
9DDDD405-82E4-4C56-A6A6-E2B51ACAB5CF, 2021-04-14T15:55:39, true
9DDDD405-82E4-4C56-A6A6-E2B51ACAB5CF, 2021-04-14T15:56:52, true
9DDDD405-82E4-4C56-A6A6-E2B51ACAB5CF, 2021-04-14T15:57:58, true
9DDDD405-82E4-4C56-A6A6-E2B51ACAB5CF, 2021-04-14T15:59:00, true
9DDDD405-82E4-4C56-A6A6-E2B51ACAB5CF, 2021-04-14T16:00:04, true
9DDDD405-82E4-4C56-A6A6-E2B51ACAB5CF, 2021-04-14T16:01:18, true
9DDDD405-82E4-4C56-A6A6-E2B51ACAB5CF, 2021-04-14T16:02:21, true
9DDDD405-82E4-4C56-A6A6-E2B51ACAB5CF, 2021-04-14T16:03:23, true
9DDDD405-82E4-4C56-A6A6-E2B51ACAB5CF, 2021-04-14T16:04:25, true
9DDDD405-82E4-4C56-A6A6-E2B51ACAB5CF, 2021-04-14T16:05:25, true
9DDDD405-82E4-4C56-A6A6-E2B51ACAB5CF, 2021-04-14T16:06:27, true
9DDDD405-82E4-4C56-A6A6-E2B51ACAB5CF, 2021-04-14T16:07:29, true
9DDDD405-82E4-4C56-A6A6-E2B51ACAB5CF, 2021-04-14T16:08:42, true
9DDDD405-82E4-4C56-A6A6-E2B51ACAB5CF, 2021-04-14T16:09:44, true
9DDDD405-82E4-4C56-A6A6-E2B51ACAB5CF, 2021-04-14T16:10:49, true
9DDDD405-82E4-4C56-A6A6-E2B51ACAB5CF, 2021-04-14T16:11:56, true
9DDDD405-82E4-4C56-A6A6-E2B51ACAB5CF, 2021-04-14T16:12:56, true
9DDDD405-82E4-4C56-A6A6-E2B51ACAB5CF, 2021-04-14T16:13:57, true
9DDDD405-82E4-4C56-A6A6-E2B51ACAB5CF, 2021-04-14T16:14:58, true
9DDDD405-82E4-4C56-A6A6-E2B51ACAB5CF, 2021-04-14T16:16:00, true
9DDDD405-82E4-4C56-A6A6-E2B51ACAB5CF, 2021-04-14T16:17:03, true
9DDDD405-82E4-4C56-A6A6-E2B51ACAB5CF, 2021-04-14T16:18:09, true
9DDDD405-82E4-4C56-A6A6-E2B51ACAB5CF, 2021-04-14T16:19:26, true
9DDDD405-82E4-4C56-A6A6-E2B51ACAB5CF, 2021-04-14T16:20:27, true
9DDDD405-82E4-4C56-A6A6-E2B51ACAB5CF, 2021-04-14T16:21:30, true
9DDDD405-82E4-4C56-A6A6-E2B51ACAB5CF, 2021-04-14T16:22:48, true
9DDDD405-82E4-4C56-A6A6-E2B51ACAB5CF, 2021-04-14T16:23:51, true
9DDDD405-82E4-4C56-A6A6-E2B51ACAB5CF, 2021-04-14T16:24:56, true
9DDDD405-82E4-4C56-A6A6-E2B51ACAB5CF, 2021-04-14T16:25:57, true
9DDDD405-82E4-4C56-A6A6-E2B51ACAB5CF, 2021-04-14T16:26:59, true
9DDDD405-82E4-4C56-A6A6-E2B51ACAB5CF, 2021-04-14T16:28:00, true
9DDDD405-82E4-4C56-A6A6-E2B51ACAB5CF, 2021-04-14T16:29:02, true
9DDDD405-82E4-4C56-A6A6-E2B51ACAB5CF, 2021-04-14T16:30:08, true
9DDDD405-82E4-4C56-A6A6-E2B51ACAB5CF, 2021-04-14T16:31:14, true
9DDDD405-82E4-4C56-A6A6-E2B51ACAB5CF, 2021-04-14T16:32:17, true
9DDDD405-82E4-4C56-A6A6-E2B51ACAB5CF, 2021-04-14T16:33:20, true
9DDDD405-82E4-4C56-A6A6-E2B51ACAB5CF, 2021-04-14T16:34:28, true
9DDDD405-82E4-4C56-A6A6-E2B51ACAB5CF, 2021-04-14T16:35:31, true
9DDDD405-82E4-4C56-A6A6-E2B51ACAB5CF, 2021-04-14T16:36:31, false
9DDDD405-82E4-4C56-A6A6-E2B51ACAB5CF, 2021-04-14T16:37:14, true
9DDDD405-82E4-4C56-A6A6-E2B51ACAB5CF, 2021-04-14T16:38:29, true
9DDDD405-82E4-4C56-A6A6-E2B51ACAB5CF, 2021-04-14T16:39:29, true
9DDDD405-82E4-4C56-A6A6-E2B51ACAB5CF, 2021-04-14T16:40:44, true
9DDDD405-82E4-4C56-A6A6-E2B51ACAB5CF, 2021-04-14T16:41:46, true
9DDDD405-82E4-4C56-A6A6-E2B51ACAB5CF, 2021-04-14T16:42:48, true
9DDDD405-82E4-4C56-A6A6-E2B51ACAB5CF, 2021-04-14T16:43:50, true
9DDDD405-82E4-4C56-A6A6-E2B51ACAB5CF, 2021-04-14T16:45:01, true
9DDDD405-82E4-4C56-A6A6-E2B51ACAB5CF, 2021-04-14T16:46:02, true
9DDDD405-82E4-4C56-A6A6-E2B51ACAB5CF, 2021-04-14T16:47:07, true
9DDDD405-82E4-4C56-A6A6-E2B51ACAB5CF, 2021-04-14T16:48:07, true
9DDDD405-82E4-4C56-A6A6-E2B51ACAB5CF, 2021-04-14T16:49:09, true
9DDDD405-82E4-4C56-A6A6-E2B51ACAB5CF, 2021-04-14T16:50:13, true
9DDDD405-82E4-4C56-A6A6-E2B51ACAB5CF, 2021-04-14T16:51:14, true
9DDDD405-82E4-4C56-A6A6-E2B51ACAB5CF, 2021-04-14T16:52:16, true
9DDDD405-82E4-4C56-A6A6-E2B51ACAB5CF, 2021-04-14T16:53:19, true
9DDDD405-82E4-4C56-A6A6-E2B51ACAB5CF, 2021-04-14T16:54:21, true
9DDDD405-82E4-4C56-A6A6-E2B51ACAB5CF, 2021-04-14T16:55:24, true
9DDDD405-82E4-4C56-A6A6-E2B51ACAB5CF, 2021-04-14T16:56:34, true
9DDDD405-82E4-4C56-A6A6-E2B51ACAB5CF, 2021-04-14T16:57:35, true
9DDDD405-82E4-4C56-A6A6-E2B51ACAB5CF, 2021-04-14T16:58:35, true
9DDDD405-82E4-4C56-A6A6-E2B51ACAB5CF, 2021-04-14T16:59:35, true
9DDDD405-82E4-4C56-A6A6-E2B51ACAB5CF, 2021-04-14T17:00:40, true
9DDDD405-82E4-4C56-A6A6-E2B51ACAB5CF, 2021-04-14T17:01:43, true
9DDDD405-82E4-4C56-A6A6-E2B51ACAB5CF, 2021-04-14T17:02:45, true
9DDDD405-82E4-4C56-A6A6-E2B51ACAB5CF, 2021-04-14T17:03:50, true
9DDDD405-82E4-4C56-A6A6-E2B51ACAB5CF, 2021-04-14T17:04:54, true
9DDDD405-82E4-4C56-A6A6-E2B51ACAB5CF, 2021-04-14T17:05:58, true
9DDDD405-82E4-4C56-A6A6-E2B51ACAB5CF, 2021-04-14T17:07:11, true
9DDDD405-82E4-4C56-A6A6-E2B51ACAB5CF, 2021-04-14T17:08:15, true
9DDDD405-82E4-4C56-A6A6-E2B51ACAB5CF, 2021-04-14T17:09:17, true
9DDDD405-82E4-4C56-A6A6-E2B51ACAB5CF, 2021-04-14T17:10:19, true
9DDDD405-82E4-4C56-A6A6-E2B51ACAB5CF, 2021-04-14T17:11:23, true
9DDDD405-82E4-4C56-A6A6-E2B51ACAB5CF, 2021-04-14T17:12:26, true
9DDDD405-82E4-4C56-A6A6-E2B51ACAB5CF, 2021-04-14T17:13:29, true
9DDDD405-82E4-4C56-A6A6-E2B51ACAB5CF, 2021-04-14T17:14:32, true
9DDDD405-82E4-4C56-A6A6-E2B51ACAB5CF, 2021-04-14T17:15:34, true
9DDDD405-82E4-4C56-A6A6-E2B51ACAB5CF, 2021-04-14T17:16:34, true
9DDDD405-82E4-4C56-A6A6-E2B51ACAB5CF, 2021-04-14T17:17:51, true
9DDDD405-82E4-4C56-A6A6-E2B51ACAB5CF, 2021-04-14T17:18:53, true
9DDDD405-82E4-4C56-A6A6-E2B51ACAB5CF, 2021-04-14T17:19:54, true
9DDDD405-82E4-4C56-A6A6-E2B51ACAB5CF, 2021-04-14T17:21:05, true
9DDDD405-82E4-4C56-A6A6-E2B51ACAB5CF, 2021-04-14T17:22:08, true
9DDDD405-82E4-4C56-A6A6-E2B51ACAB5CF, 2021-04-14T17:23:08, true
9DDDD405-82E4-4C56-A6A6-E2B51ACAB5CF, 2021-04-14T17:24:10, true
9DDDD405-82E4-4C56-A6A6-E2B51ACAB5CF, 2021-04-14T17:25:14, true
9DDDD405-82E4-4C56-A6A6-E2B51ACAB5CF, 2021-04-14T17:26:18, true
9DDDD405-82E4-4C56-A6A6-E2B51ACAB5CF, 2021-04-14T17:27:18, true
9DDDD405-82E4-4C56-A6A6-E2B51ACAB5CF, 2021-04-14T17:28:19, true
9DDDD405-82E4-4C56-A6A6-E2B51ACAB5CF, 2021-04-14T17:29:20, true
9DDDD405-82E4-4C56-A6A6-E2B51ACAB5CF, 2021-04-14T17:30:25, true
9DDDD405-82E4-4C56-A6A6-E2B51ACAB5CF, 2021-04-14T17:31:27, true
9DDDD405-82E4-4C56-A6A6-E2B51ACAB5CF, 2021-04-14T17:32:31, true
9DDDD405-82E4-4C56-A6A6-E2B51ACAB5CF, 2021-04-14T17:33:36, true
9DDDD405-82E4-4C56-A6A6-E2B51ACAB5CF, 2021-04-14T17:34:36, true
9DDDD405-82E4-4C56-A6A6-E2B51ACAB5CF, 2021-04-14T17:35:37, true
9DDDD405-82E4-4C56-A6A6-E2B51ACAB5CF, 2021-04-14T17:36:41, true
9DDDD405-82E4-4C56-A6A6-E2B51ACAB5CF, 2021-04-14T17:37:41, true
9DDDD405-82E4-4C56-A6A6-E2B51ACAB5CF, 2021-04-14T17:38:42, true
9DDDD405-82E4-4C56-A6A6-E2B51ACAB5CF, 2021-04-14T17:39:48, true
9DDDD405-82E4-4C56-A6A6-E2B51ACAB5CF, 2021-04-14T17:40:49, true
9DDDD405-82E4-4C56-A6A6-E2B51ACAB5CF, 2021-04-14T17:41:52, true
9DDDD405-82E4-4C56-A6A6-E2B51ACAB5CF, 2021-04-14T17:42:56, true
9DDDD405-82E4-4C56-A6A6-E2B51ACAB5CF, 2021-04-14T17:44:25, true
9DDDD405-82E4-4C56-A6A6-E2B51ACAB5CF, 2021-04-14T17:45:26, true
9DDDD405-82E4-4C56-A6A6-E2B51ACAB5CF, 2021-04-14T17:46:29, true
9DDDD405-82E4-4C56-A6A6-E2B51ACAB5CF, 2021-04-14T17:47:30, true
9DDDD405-82E4-4C56-A6A6-E2B51ACAB5CF, 2021-04-14T17:48:33, true
9DDDD405-82E4-4C56-A6A6-E2B51ACAB5CF, 2021-04-14T17:49:36, true
9DDDD405-82E4-4C56-A6A6-E2B51ACAB5CF, 2021-04-14T17:50:37, true
9DDDD405-82E4-4C56-A6A6-E2B51ACAB5CF, 2021-04-14T17:51:39, true
9DDDD405-82E4-4C56-A6A6-E2B51ACAB5CF, 2021-04-14T17:52:43, true
9DDDD405-82E4-4C56-A6A6-E2B51ACAB5CF, 2021-04-14T17:54:03, true
9DDDD405-82E4-4C56-A6A6-E2B51ACAB5CF, 2021-04-14T17:55:05, true
9DDDD405-82E4-4C56-A6A6-E2B51ACAB5CF, 2021-04-14T17:56:05, true
9DDDD405-82E4-4C56-A6A6-E2B51ACAB5CF, 2021-04-14T17:57:05, true
9DDDD405-82E4-4C56-A6A6-E2B51ACAB5CF, 2021-04-14T17:58:19, true
9DDDD405-82E4-4C56-A6A6-E2B51ACAB5CF, 2021-04-14T17:59:22, true
9DDDD405-82E4-4C56-A6A6-E2B51ACAB5CF, 2021-04-14T18:00:23, true
9DDDD405-82E4-4C56-A6A6-E2B51ACAB5CF, 2021-04-14T18:01:26, true
9DDDD405-82E4-4C56-A6A6-E2B51ACAB5CF, 2021-04-14T18:02:27, true
9DDDD405-82E4-4C56-A6A6-E2B51ACAB5CF, 2021-04-14T18:03:28, true
9DDDD405-82E4-4C56-A6A6-E2B51ACAB5CF, 2021-04-14T18:04:30, true
9DDDD405-82E4-4C56-A6A6-E2B51ACAB5CF, 2021-04-14T18:05:35, true
9DDDD405-82E4-4C56-A6A6-E2B51ACAB5CF, 2021-04-14T18:06:42, true
9DDDD405-82E4-4C56-A6A6-E2B51ACAB5CF, 2021-04-14T18:07:46, true
9DDDD405-82E4-4C56-A6A6-E2B51ACAB5CF, 2021-04-14T18:08:49, true
9DDDD405-82E4-4C56-A6A6-E2B51ACAB5CF, 2021-04-14T18:09:51, true
9DDDD405-82E4-4C56-A6A6-E2B51ACAB5CF, 2021-04-14T18:10:57, true
9DDDD405-82E4-4C56-A6A6-E2B51ACAB5CF, 2021-04-14T18:12:13, true
9DDDD405-82E4-4C56-A6A6-E2B51ACAB5CF, 2021-04-14T18:13:23, true
9DDDD405-82E4-4C56-A6A6-E2B51ACAB5CF, 2021-04-14T18:14:24, true
9DDDD405-82E4-4C56-A6A6-E2B51ACAB5CF, 2021-04-14T18:15:36, true
9DDDD405-82E4-4C56-A6A6-E2B51ACAB5CF, 2021-04-14T18:16:38, true
9DDDD405-82E4-4C56-A6A6-E2B51ACAB5CF, 2021-04-14T18:17:42, true
9DDDD405-82E4-4C56-A6A6-E2B51ACAB5CF, 2021-04-14T18:18:47, true
9DDDD405-82E4-4C56-A6A6-E2B51ACAB5CF, 2021-04-14T18:19:48, true
9DDDD405-82E4-4C56-A6A6-E2B51ACAB5CF, 2021-04-14T18:20:49, true
9DDDD405-82E4-4C56-A6A6-E2B51ACAB5CF, 2021-04-14T18:21:53, true
9DDDD405-82E4-4C56-A6A6-E2B51ACAB5CF, 2021-04-14T18:22:57, true
9DDDD405-82E4-4C56-A6A6-E2B51ACAB5CF, 2021-04-14T18:24:01, true
9DDDD405-82E4-4C56-A6A6-E2B51ACAB5CF, 2021-04-14T18:25:03, true
9DDDD405-82E4-4C56-A6A6-E2B51ACAB5CF, 2021-04-14T18:26:07, true
9DDDD405-82E4-4C56-A6A6-E2B51ACAB5CF, 2021-04-14T18:27:11, true
9DDDD405-82E4-4C56-A6A6-E2B51ACAB5CF, 2021-04-14T18:28:16, true
9DDDD405-82E4-4C56-A6A6-E2B51ACAB5CF, 2021-04-14T18:29:18, true
9DDDD405-82E4-4C56-A6A6-E2B51ACAB5CF, 2021-04-14T18:30:21, true
9DDDD405-82E4-4C56-A6A6-E2B51ACAB5CF, 2021-04-14T18:31:21, true
9DDDD405-82E4-4C56-A6A6-E2B51ACAB5CF, 2021-04-14T18:32:24, true
9DDDD405-82E4-4C56-A6A6-E2B51ACAB5CF, 2021-04-14T18:33:24, true
9DDDD405-82E4-4C56-A6A6-E2B51ACAB5CF, 2021-04-14T18:34:28, true
9DDDD405-82E4-4C56-A6A6-E2B51ACAB5CF, 2021-04-14T18:35:36, true
9DDDD405-82E4-4C56-A6A6-E2B51ACAB5CF, 2021-04-14T18:36:38, true
9DDDD405-82E4-4C56-A6A6-E2B51ACAB5CF, 2021-04-14T18:37:52, true
9DDDD405-82E4-4C56-A6A6-E2B51ACAB5CF, 2021-04-14T18:38:54, true
9DDDD405-82E4-4C56-A6A6-E2B51ACAB5CF, 2021-04-14T18:40:08, true
9DDDD405-82E4-4C56-A6A6-E2B51ACAB5CF, 2021-04-14T18:41:18, true
9DDDD405-82E4-4C56-A6A6-E2B51ACAB5CF, 2021-04-14T18:42:20, true
9DDDD405-82E4-4C56-A6A6-E2B51ACAB5CF, 2021-04-14T18:43:29, true
9DDDD405-82E4-4C56-A6A6-E2B51ACAB5CF, 2021-04-14T18:44:31, true
9DDDD405-82E4-4C56-A6A6-E2B51ACAB5CF, 2021-04-14T18:45:32, true
9DDDD405-82E4-4C56-A6A6-E2B51ACAB5CF, 2021-04-14T18:46:34, true
9DDDD405-82E4-4C56-A6A6-E2B51ACAB5CF, 2021-04-14T18:47:35, true
9DDDD405-82E4-4C56-A6A6-E2B51ACAB5CF, 2021-04-14T18:48:39, true
9DDDD405-82E4-4C56-A6A6-E2B51ACAB5CF, 2021-04-14T18:49:42, true
9DDDD405-82E4-4C56-A6A6-E2B51ACAB5CF, 2021-04-14T18:50:47, true
9DDDD405-82E4-4C56-A6A6-E2B51ACAB5CF, 2021-04-14T18:51:48, true
9DDDD405-82E4-4C56-A6A6-E2B51ACAB5CF, 2021-04-14T18:52:50, true
9DDDD405-82E4-4C56-A6A6-E2B51ACAB5CF, 2021-04-14T18:53:50, true
9DDDD405-82E4-4C56-A6A6-E2B51ACAB5CF, 2021-04-14T18:54:53, true
9DDDD405-82E4-4C56-A6A6-E2B51ACAB5CF, 2021-04-14T18:55:57, true
9DDDD405-82E4-4C56-A6A6-E2B51ACAB5CF, 2021-04-14T18:56:59, true
9DDDD405-82E4-4C56-A6A6-E2B51ACAB5CF, 2021-04-14T18:57:59, true
9DDDD405-82E4-4C56-A6A6-E2B51ACAB5CF, 2021-04-14T18:59:00, true
9DDDD405-82E4-4C56-A6A6-E2B51ACAB5CF, 2021-04-14T19:00:04, true
9DDDD405-82E4-4C56-A6A6-E2B51ACAB5CF, 2021-04-14T19:01:04, true
9DDDD405-82E4-4C56-A6A6-E2B51ACAB5CF, 2021-04-14T19:02:04, true
9DDDD405-82E4-4C56-A6A6-E2B51ACAB5CF, 2021-04-14T19:03:07, true
9DDDD405-82E4-4C56-A6A6-E2B51ACAB5CF, 2021-04-14T19:04:08, true
9DDDD405-82E4-4C56-A6A6-E2B51ACAB5CF, 2021-04-14T19:05:34, true
9DDDD405-82E4-4C56-A6A6-E2B51ACAB5CF, 2021-04-14T19:06:37, true
9DDDD405-82E4-4C56-A6A6-E2B51ACAB5CF, 2021-04-14T19:07:44, true
9DDDD405-82E4-4C56-A6A6-E2B51ACAB5CF, 2021-04-14T19:08:46, true
9DDDD405-82E4-4C56-A6A6-E2B51ACAB5CF, 2021-04-14T19:09:47, true
9DDDD405-82E4-4C56-A6A6-E2B51ACAB5CF, 2021-04-14T19:10:49, true
9DDDD405-82E4-4C56-A6A6-E2B51ACAB5CF, 2021-04-14T19:11:51, true
9DDDD405-82E4-4C56-A6A6-E2B51ACAB5CF, 2021-04-14T19:12:53, true
9DDDD405-82E4-4C56-A6A6-E2B51ACAB5CF, 2021-04-14T19:13:58, true
9DDDD405-82E4-4C56-A6A6-E2B51ACAB5CF, 2021-04-14T19:14:59, true
9DDDD405-82E4-4C56-A6A6-E2B51ACAB5CF, 2021-04-14T19:16:03, true
9DDDD405-82E4-4C56-A6A6-E2B51ACAB5CF, 2021-04-14T19:17:06, true
9DDDD405-82E4-4C56-A6A6-E2B51ACAB5CF, 2021-04-14T19:18:10, true
9DDDD405-82E4-4C56-A6A6-E2B51ACAB5CF, 2021-04-14T19:19:12, true
9DDDD405-82E4-4C56-A6A6-E2B51ACAB5CF, 2021-04-14T19:20:14, true
9DDDD405-82E4-4C56-A6A6-E2B51ACAB5CF, 2021-04-14T19:21:19, true
9DDDD405-82E4-4C56-A6A6-E2B51ACAB5CF, 2021-04-14T19:22:19, false
9DDDD405-82E4-4C56-A6A6-E2B51ACAB5CF, 2021-04-14T19:23:01, true
9DDDD405-82E4-4C56-A6A6-E2B51ACAB5CF, 2021-04-14T19:24:03, true
9DDDD405-82E4-4C56-A6A6-E2B51ACAB5CF, 2021-04-14T19:25:05, true
9DDDD405-82E4-4C56-A6A6-E2B51ACAB5CF, 2021-04-14T19:26:06, true
9DDDD405-82E4-4C56-A6A6-E2B51ACAB5CF, 2021-04-14T19:27:07, true
9DDDD405-82E4-4C56-A6A6-E2B51ACAB5CF, 2021-04-14T19:28:09, true
9DDDD405-82E4-4C56-A6A6-E2B51ACAB5CF, 2021-04-14T19:29:10, true
9DDDD405-82E4-4C56-A6A6-E2B51ACAB5CF, 2021-04-14T19:30:16, true
9DDDD405-82E4-4C56-A6A6-E2B51ACAB5CF, 2021-04-14T19:31:24, true
9DDDD405-82E4-4C56-A6A6-E2B51ACAB5CF, 2021-04-14T19:32:26, true
9DDDD405-82E4-4C56-A6A6-E2B51ACAB5CF, 2021-04-14T19:33:32, true
9DDDD405-82E4-4C56-A6A6-E2B51ACAB5CF, 2021-04-14T19:34:33, true
9DDDD405-82E4-4C56-A6A6-E2B51ACAB5CF, 2021-04-14T19:35:39, true
9DDDD405-82E4-4C56-A6A6-E2B51ACAB5CF, 2021-04-14T19:36:41, true
9DDDD405-82E4-4C56-A6A6-E2B51ACAB5CF, 2021-04-14T19:37:45, true
9DDDD405-82E4-4C56-A6A6-E2B51ACAB5CF, 2021-04-14T19:38:48, true
9DDDD405-82E4-4C56-A6A6-E2B51ACAB5CF, 2021-04-14T19:39:50, true
9DDDD405-82E4-4C56-A6A6-E2B51ACAB5CF, 2021-04-14T19:40:57, true
9DDDD405-82E4-4C56-A6A6-E2B51ACAB5CF, 2021-04-14T19:41:57, true
9DDDD405-82E4-4C56-A6A6-E2B51ACAB5CF, 2021-04-14T19:42:57, true
9DDDD405-82E4-4C56-A6A6-E2B51ACAB5CF, 2021-04-14T19:43:58, true
9DDDD405-82E4-4C56-A6A6-E2B51ACAB5CF, 2021-04-14T19:44:59, true
9DDDD405-82E4-4C56-A6A6-E2B51ACAB5CF, 2021-04-14T19:46:03, true
9DDDD405-82E4-4C56-A6A6-E2B51ACAB5CF, 2021-04-14T19:47:05, true
9DDDD405-82E4-4C56-A6A6-E2B51ACAB5CF, 2021-04-14T19:48:08, true
9DDDD405-82E4-4C56-A6A6-E2B51ACAB5CF, 2021-04-14T19:49:11, true
9DDDD405-82E4-4C56-A6A6-E2B51ACAB5CF, 2021-04-14T19:50:13, true
9DDDD405-82E4-4C56-A6A6-E2B51ACAB5CF, 2021-04-14T19:51:16, true
9DDDD405-82E4-4C56-A6A6-E2B51ACAB5CF, 2021-04-14T19:52:27, true
9DDDD405-82E4-4C56-A6A6-E2B51ACAB5CF, 2021-04-14T19:53:28, true
9DDDD405-82E4-4C56-A6A6-E2B51ACAB5CF, 2021-04-14T19:54:31, true
9DDDD405-82E4-4C56-A6A6-E2B51ACAB5CF, 2021-04-14T19:55:31, true
9DDDD405-82E4-4C56-A6A6-E2B51ACAB5CF, 2021-04-14T19:56:33, true
9DDDD405-82E4-4C56-A6A6-E2B51ACAB5CF, 2021-04-14T19:57:34, true
9DDDD405-82E4-4C56-A6A6-E2B51ACAB5CF, 2021-04-14T19:58:39, true
9DDDD405-82E4-4C56-A6A6-E2B51ACAB5CF, 2021-04-14T19:59:40, true
9DDDD405-82E4-4C56-A6A6-E2B51ACAB5CF, 2021-04-14T20:00:40, true
9DDDD405-82E4-4C56-A6A6-E2B51ACAB5CF, 2021-04-14T20:01:44, true
9DDDD405-82E4-4C56-A6A6-E2B51ACAB5CF, 2021-04-14T20:02:51, true
9DDDD405-82E4-4C56-A6A6-E2B51ACAB5CF, 2021-04-14T20:03:53, true
9DDDD405-82E4-4C56-A6A6-E2B51ACAB5CF, 2021-04-14T20:04:55, true
9DDDD405-82E4-4C56-A6A6-E2B51ACAB5CF, 2021-04-14T20:05:59, true
9DDDD405-82E4-4C56-A6A6-E2B51ACAB5CF, 2021-04-14T20:06:59, true
9DDDD405-82E4-4C56-A6A6-E2B51ACAB5CF, 2021-04-14T20:08:02, true
9DDDD405-82E4-4C56-A6A6-E2B51ACAB5CF, 2021-04-14T20:09:04, true
9DDDD405-82E4-4C56-A6A6-E2B51ACAB5CF, 2021-04-14T20:10:06, true
9DDDD405-82E4-4C56-A6A6-E2B51ACAB5CF, 2021-04-14T20:11:08, true
9DDDD405-82E4-4C56-A6A6-E2B51ACAB5CF, 2021-04-14T20:12:08, true
9DDDD405-82E4-4C56-A6A6-E2B51ACAB5CF, 2021-04-14T20:13:09, true
9DDDD405-82E4-4C56-A6A6-E2B51ACAB5CF, 2021-04-14T20:14:21, true
9DDDD405-82E4-4C56-A6A6-E2B51ACAB5CF, 2021-04-14T20:15:21, false
9DDDD405-82E4-4C56-A6A6-E2B51ACAB5CF, 2021-04-14T20:16:21, false
9DDDD405-82E4-4C56-A6A6-E2B51ACAB5CF, 2021-04-14T20:17:21, false
9DDDD405-82E4-4C56-A6A6-E2B51ACAB5CF, 2021-04-14T20:18:21, false
9DDDD405-82E4-4C56-A6A6-E2B51ACAB5CF, 2021-04-14T20:19:21, false
9DDDD405-82E4-4C56-A6A6-E2B51ACAB5CF, 2021-04-14T20:20:39, true
9DDDD405-82E4-4C56-A6A6-E2B51ACAB5CF, 2021-04-14T20:21:42, true
9DDDD405-82E4-4C56-A6A6-E2B51ACAB5CF, 2021-04-14T20:22:46, true
9DDDD405-82E4-4C56-A6A6-E2B51ACAB5CF, 2021-04-14T20:24:13, true
9DDDD405-82E4-4C56-A6A6-E2B51ACAB5CF, 2021-04-14T20:25:14, true
9DDDD405-82E4-4C56-A6A6-E2B51ACAB5CF, 2021-04-14T20:26:14, true
9DDDD405-82E4-4C56-A6A6-E2B51ACAB5CF, 2021-04-14T20:27:16, true
9DDDD405-82E4-4C56-A6A6-E2B51ACAB5CF, 2021-04-14T20:28:18, true
9DDDD405-82E4-4C56-A6A6-E2B51ACAB5CF, 2021-04-14T20:29:19, true
9DDDD405-82E4-4C56-A6A6-E2B51ACAB5CF, 2021-04-14T20:30:22, true
9DDDD405-82E4-4C56-A6A6-E2B51ACAB5CF, 2021-04-14T20:31:22, true
9DDDD405-82E4-4C56-A6A6-E2B51ACAB5CF, 2021-04-14T20:32:24, true
9DDDD405-82E4-4C56-A6A6-E2B51ACAB5CF, 2021-04-14T20:33:27, true
9DDDD405-82E4-4C56-A6A6-E2B51ACAB5CF, 2021-04-14T20:34:30, true
9DDDD405-82E4-4C56-A6A6-E2B51ACAB5CF, 2021-04-14T20:35:45, true
9DDDD405-82E4-4C56-A6A6-E2B51ACAB5CF, 2021-04-14T20:36:47, true
9DDDD405-82E4-4C56-A6A6-E2B51ACAB5CF, 2021-04-14T20:37:48, true
9DDDD405-82E4-4C56-A6A6-E2B51ACAB5CF, 2021-04-14T20:38:52, true
9DDDD405-82E4-4C56-A6A6-E2B51ACAB5CF, 2021-04-14T20:39:52, true
9DDDD405-82E4-4C56-A6A6-E2B51ACAB5CF, 2021-04-14T20:41:15, true
9DDDD405-82E4-4C56-A6A6-E2B51ACAB5CF, 2021-04-14T20:42:17, true
9DDDD405-82E4-4C56-A6A6-E2B51ACAB5CF, 2021-04-14T20:43:20, true
9DDDD405-82E4-4C56-A6A6-E2B51ACAB5CF, 2021-04-14T20:44:27, true
9DDDD405-82E4-4C56-A6A6-E2B51ACAB5CF, 2021-04-14T20:45:28, true
9DDDD405-82E4-4C56-A6A6-E2B51ACAB5CF, 2021-04-14T20:46:39, true
9DDDD405-82E4-4C56-A6A6-E2B51ACAB5CF, 2021-04-14T20:47:42, true
9DDDD405-82E4-4C56-A6A6-E2B51ACAB5CF, 2021-04-14T20:48:44, true
9DDDD405-82E4-4C56-A6A6-E2B51ACAB5CF, 2021-04-14T20:49:45, true
9DDDD405-82E4-4C56-A6A6-E2B51ACAB5CF, 2021-04-14T20:50:49, true
9DDDD405-82E4-4C56-A6A6-E2B51ACAB5CF, 2021-04-14T20:51:51, true
9DDDD405-82E4-4C56-A6A6-E2B51ACAB5CF, 2021-04-14T20:52:53, true
9DDDD405-82E4-4C56-A6A6-E2B51ACAB5CF, 2021-04-14T20:53:55, true
9DDDD405-82E4-4C56-A6A6-E2B51ACAB5CF, 2021-04-14T20:55:06, true
9DDDD405-82E4-4C56-A6A6-E2B51ACAB5CF, 2021-04-14T20:56:08, true
9DDDD405-82E4-4C56-A6A6-E2B51ACAB5CF, 2021-04-14T20:57:11, true
9DDDD405-82E4-4C56-A6A6-E2B51ACAB5CF, 2021-04-14T20:58:26, true
9DDDD405-82E4-4C56-A6A6-E2B51ACAB5CF, 2021-04-14T20:59:27, true
9DDDD405-82E4-4C56-A6A6-E2B51ACAB5CF, 2021-04-14T21:00:31, true
9DDDD405-82E4-4C56-A6A6-E2B51ACAB5CF, 2021-04-14T21:01:34, true
9DDDD405-82E4-4C56-A6A6-E2B51ACAB5CF, 2021-04-14T21:02:36, true
9DDDD405-82E4-4C56-A6A6-E2B51ACAB5CF, 2021-04-14T21:03:39, true
9DDDD405-82E4-4C56-A6A6-E2B51ACAB5CF, 2021-04-14T21:04:41, true
9DDDD405-82E4-4C56-A6A6-E2B51ACAB5CF, 2021-04-14T21:05:44, true
9DDDD405-82E4-4C56-A6A6-E2B51ACAB5CF, 2021-04-14T21:06:46, true
9DDDD405-82E4-4C56-A6A6-E2B51ACAB5CF, 2021-04-14T21:07:47, true
9DDDD405-82E4-4C56-A6A6-E2B51ACAB5CF, 2021-04-14T21:08:56, true
9DDDD405-82E4-4C56-A6A6-E2B51ACAB5CF, 2021-04-14T21:09:57, true
9DDDD405-82E4-4C56-A6A6-E2B51ACAB5CF, 2021-04-14T21:11:00, true
9DDDD405-82E4-4C56-A6A6-E2B51ACAB5CF, 2021-04-14T21:12:13, true
9DDDD405-82E4-4C56-A6A6-E2B51ACAB5CF, 2021-04-14T21:13:14, true
9DDDD405-82E4-4C56-A6A6-E2B51ACAB5CF, 2021-04-14T21:14:16, true
9DDDD405-82E4-4C56-A6A6-E2B51ACAB5CF, 2021-04-14T21:15:18, true
9DDDD405-82E4-4C56-A6A6-E2B51ACAB5CF, 2021-04-14T21:16:18, true
9DDDD405-82E4-4C56-A6A6-E2B51ACAB5CF, 2021-04-14T21:17:29, true
9DDDD405-82E4-4C56-A6A6-E2B51ACAB5CF, 2021-04-14T21:18:30, true
9DDDD405-82E4-4C56-A6A6-E2B51ACAB5CF, 2021-04-14T21:19:43, true
9DDDD405-82E4-4C56-A6A6-E2B51ACAB5CF, 2021-04-14T21:20:43, true
9DDDD405-82E4-4C56-A6A6-E2B51ACAB5CF, 2021-04-14T21:21:44, true
9DDDD405-82E4-4C56-A6A6-E2B51ACAB5CF, 2021-04-14T21:22:45, true
9DDDD405-82E4-4C56-A6A6-E2B51ACAB5CF, 2021-04-14T21:23:46, true
9DDDD405-82E4-4C56-A6A6-E2B51ACAB5CF, 2021-04-14T21:25:08, true
9DDDD405-82E4-4C56-A6A6-E2B51ACAB5CF, 2021-04-14T21:26:11, true
9DDDD405-82E4-4C56-A6A6-E2B51ACAB5CF, 2021-04-14T21:27:14, true
9DDDD405-82E4-4C56-A6A6-E2B51ACAB5CF, 2021-04-14T21:28:15, true
9DDDD405-82E4-4C56-A6A6-E2B51ACAB5CF, 2021-04-14T21:29:22, true
9DDDD405-82E4-4C56-A6A6-E2B51ACAB5CF, 2021-04-14T21:30:23, true
9DDDD405-82E4-4C56-A6A6-E2B51ACAB5CF, 2021-04-14T21:31:27, true
9DDDD405-82E4-4C56-A6A6-E2B51ACAB5CF, 2021-04-14T21:32:40, true
9DDDD405-82E4-4C56-A6A6-E2B51ACAB5CF, 2021-04-14T21:33:46, true
9DDDD405-82E4-4C56-A6A6-E2B51ACAB5CF, 2021-04-14T21:34:47, true
9DDDD405-82E4-4C56-A6A6-E2B51ACAB5CF, 2021-04-14T21:35:50, true
9DDDD405-82E4-4C56-A6A6-E2B51ACAB5CF, 2021-04-14T21:37:06, true
9DDDD405-82E4-4C56-A6A6-E2B51ACAB5CF, 2021-04-14T21:38:07, true
9DDDD405-82E4-4C56-A6A6-E2B51ACAB5CF, 2021-04-14T21:39:08, true
9DDDD405-82E4-4C56-A6A6-E2B51ACAB5CF, 2021-04-14T21:40:11, true
9DDDD405-82E4-4C56-A6A6-E2B51ACAB5CF, 2021-04-14T21:41:11, false
9DDDD405-82E4-4C56-A6A6-E2B51ACAB5CF, 2021-04-14T21:42:11, false
9DDDD405-82E4-4C56-A6A6-E2B51ACAB5CF, 2021-04-14T21:43:11, false
9DDDD405-82E4-4C56-A6A6-E2B51ACAB5CF, 2021-04-14T21:44:11, false
9DDDD405-82E4-4C56-A6A6-E2B51ACAB5CF, 2021-04-14T21:45:11, false
9DDDD405-82E4-4C56-A6A6-E2B51ACAB5CF, 2021-04-14T21:46:11, false
9DDDD405-82E4-4C56-A6A6-E2B51ACAB5CF, 2021-04-14T21:47:11, false
9DDDD405-82E4-4C56-A6A6-E2B51ACAB5CF, 2021-04-14T21:48:11, false
9DDDD405-82E4-4C56-A6A6-E2B51ACAB5CF, 2021-04-14T21:49:11, false
9DDDD405-82E4-4C56-A6A6-E2B51ACAB5CF, 2021-04-14T21:50:13, true
9DDDD405-82E4-4C56-A6A6-E2B51ACAB5CF, 2021-04-14T21:51:16, true
9DDDD405-82E4-4C56-A6A6-E2B51ACAB5CF, 2021-04-14T21:52:19, true
9DDDD405-82E4-4C56-A6A6-E2B51ACAB5CF, 2021-04-14T21:53:20, true
9DDDD405-82E4-4C56-A6A6-E2B51ACAB5CF, 2021-04-14T21:54:22, true
9DDDD405-82E4-4C56-A6A6-E2B51ACAB5CF, 2021-04-14T21:55:45, true
9DDDD405-82E4-4C56-A6A6-E2B51ACAB5CF, 2021-04-14T21:56:46, true
9DDDD405-82E4-4C56-A6A6-E2B51ACAB5CF, 2021-04-14T21:57:47, true
9DDDD405-82E4-4C56-A6A6-E2B51ACAB5CF, 2021-04-14T21:58:48, true
9DDDD405-82E4-4C56-A6A6-E2B51ACAB5CF, 2021-04-14T21:59:52, true
9DDDD405-82E4-4C56-A6A6-E2B51ACAB5CF, 2021-04-14T22:00:56, true
9DDDD405-82E4-4C56-A6A6-E2B51ACAB5CF, 2021-04-14T22:01:59, true
9DDDD405-82E4-4C56-A6A6-E2B51ACAB5CF, 2021-04-14T22:03:02, true
9DDDD405-82E4-4C56-A6A6-E2B51ACAB5CF, 2021-04-14T22:04:04, true
9DDDD405-82E4-4C56-A6A6-E2B51ACAB5CF, 2021-04-14T22:05:06, true
9DDDD405-82E4-4C56-A6A6-E2B51ACAB5CF, 2021-04-14T22:06:08, true
9DDDD405-82E4-4C56-A6A6-E2B51ACAB5CF, 2021-04-14T22:07:08, true
9DDDD405-82E4-4C56-A6A6-E2B51ACAB5CF, 2021-04-14T22:08:10, true
9DDDD405-82E4-4C56-A6A6-E2B51ACAB5CF, 2021-04-14T22:09:15, true
9DDDD405-82E4-4C56-A6A6-E2B51ACAB5CF, 2021-04-14T22:10:17, true
9DDDD405-82E4-4C56-A6A6-E2B51ACAB5CF, 2021-04-14T22:11:20, true
9DDDD405-82E4-4C56-A6A6-E2B51ACAB5CF, 2021-04-14T22:12:22, true
9DDDD405-82E4-4C56-A6A6-E2B51ACAB5CF, 2021-04-14T22:13:23, true
9DDDD405-82E4-4C56-A6A6-E2B51ACAB5CF, 2021-04-14T22:14:23, true
9DDDD405-82E4-4C56-A6A6-E2B51ACAB5CF, 2021-04-14T22:15:26, true
9DDDD405-82E4-4C56-A6A6-E2B51ACAB5CF, 2021-04-14T22:16:28, true
9DDDD405-82E4-4C56-A6A6-E2B51ACAB5CF, 2021-04-14T22:17:33, true
9DDDD405-82E4-4C56-A6A6-E2B51ACAB5CF, 2021-04-14T22:18:33, true
9DDDD405-82E4-4C56-A6A6-E2B51ACAB5CF, 2021-04-14T22:19:37, true
9DDDD405-82E4-4C56-A6A6-E2B51ACAB5CF, 2021-04-14T22:20:38, true
9DDDD405-82E4-4C56-A6A6-E2B51ACAB5CF, 2021-04-14T22:21:39, true
9DDDD405-82E4-4C56-A6A6-E2B51ACAB5CF, 2021-04-14T22:22:40, true
9DDDD405-82E4-4C56-A6A6-E2B51ACAB5CF, 2021-04-14T22:23:50, true
9DDDD405-82E4-4C56-A6A6-E2B51ACAB5CF, 2021-04-14T22:25:09, true
9DDDD405-82E4-4C56-A6A6-E2B51ACAB5CF, 2021-04-14T22:26:12, true
9DDDD405-82E4-4C56-A6A6-E2B51ACAB5CF, 2021-04-14T22:27:12, true
9DDDD405-82E4-4C56-A6A6-E2B51ACAB5CF, 2021-04-14T22:28:12, true
9DDDD405-82E4-4C56-A6A6-E2B51ACAB5CF, 2021-04-14T22:29:15, true
9DDDD405-82E4-4C56-A6A6-E2B51ACAB5CF, 2021-04-14T22:30:15, true
9DDDD405-82E4-4C56-A6A6-E2B51ACAB5CF, 2021-04-14T22:31:17, true
9DDDD405-82E4-4C56-A6A6-E2B51ACAB5CF, 2021-04-14T22:32:20, true
9DDDD405-82E4-4C56-A6A6-E2B51ACAB5CF, 2021-04-14T22:33:23, true
9DDDD405-82E4-4C56-A6A6-E2B51ACAB5CF, 2021-04-14T22:34:34, true
9DDDD405-82E4-4C56-A6A6-E2B51ACAB5CF, 2021-04-14T22:35:34, true
9DDDD405-82E4-4C56-A6A6-E2B51ACAB5CF, 2021-04-14T22:36:38, true
9DDDD405-82E4-4C56-A6A6-E2B51ACAB5CF, 2021-04-14T22:37:38, true
9DDDD405-82E4-4C56-A6A6-E2B51ACAB5CF, 2021-04-14T22:38:39, true
9DDDD405-82E4-4C56-A6A6-E2B51ACAB5CF, 2021-04-14T22:39:40, true
9DDDD405-82E4-4C56-A6A6-E2B51ACAB5CF, 2021-04-14T22:40:42, true
9DDDD405-82E4-4C56-A6A6-E2B51ACAB5CF, 2021-04-14T22:41:43, true
9DDDD405-82E4-4C56-A6A6-E2B51ACAB5CF, 2021-04-14T22:42:47, true
9DDDD405-82E4-4C56-A6A6-E2B51ACAB5CF, 2021-04-14T22:43:50, true
9DDDD405-82E4-4C56-A6A6-E2B51ACAB5CF, 2021-04-14T22:44:54, true
