Device, Measure Date Time, Exist
9DDDD405-82E4-4C56-A6A6-E2B51ACAB5CF, 2021-03-26T22:45:30, true
9DDDD405-82E4-4C56-A6A6-E2B51ACAB5CF, 2021-03-26T22:46:33, true
9DDDD405-82E4-4C56-A6A6-E2B51ACAB5CF, 2021-03-26T22:47:35, true
9DDDD405-82E4-4C56-A6A6-E2B51ACAB5CF, 2021-03-26T22:48:39, true
9DDDD405-82E4-4C56-A6A6-E2B51ACAB5CF, 2021-03-26T22:49:44, true
9DDDD405-82E4-4C56-A6A6-E2B51ACAB5CF, 2021-03-26T22:50:46, true
9DDDD405-82E4-4C56-A6A6-E2B51ACAB5CF, 2021-03-26T22:51:54, true
9DDDD405-82E4-4C56-A6A6-E2B51ACAB5CF, 2021-03-26T22:52:56, true
9DDDD405-82E4-4C56-A6A6-E2B51ACAB5CF, 2021-03-26T22:54:01, true
9DDDD405-82E4-4C56-A6A6-E2B51ACAB5CF, 2021-03-26T22:55:01, true
9DDDD405-82E4-4C56-A6A6-E2B51ACAB5CF, 2021-03-26T22:56:12, true
9DDDD405-82E4-4C56-A6A6-E2B51ACAB5CF, 2021-03-26T22:57:12, true
9DDDD405-82E4-4C56-A6A6-E2B51ACAB5CF, 2021-03-26T22:58:14, true
9DDDD405-82E4-4C56-A6A6-E2B51ACAB5CF, 2021-03-26T22:59:16, true
9DDDD405-82E4-4C56-A6A6-E2B51ACAB5CF, 2021-03-26T23:00:18, true
9DDDD405-82E4-4C56-A6A6-E2B51ACAB5CF, 2021-03-26T23:01:19, true
9DDDD405-82E4-4C56-A6A6-E2B51ACAB5CF, 2021-03-26T23:02:23, true
9DDDD405-82E4-4C56-A6A6-E2B51ACAB5CF, 2021-03-26T23:03:24, true
9DDDD405-82E4-4C56-A6A6-E2B51ACAB5CF, 2021-03-26T23:04:25, true
9DDDD405-82E4-4C56-A6A6-E2B51ACAB5CF, 2021-03-26T23:05:26, true
9DDDD405-82E4-4C56-A6A6-E2B51ACAB5CF, 2021-03-26T23:06:26, true
9DDDD405-82E4-4C56-A6A6-E2B51ACAB5CF, 2021-03-26T23:07:30, true
9DDDD405-82E4-4C56-A6A6-E2B51ACAB5CF, 2021-03-26T23:08:31, true
9DDDD405-82E4-4C56-A6A6-E2B51ACAB5CF, 2021-03-26T23:09:41, true
9DDDD405-82E4-4C56-A6A6-E2B51ACAB5CF, 2021-03-26T23:10:43, true
9DDDD405-82E4-4C56-A6A6-E2B51ACAB5CF, 2021-03-26T23:11:44, true
9DDDD405-82E4-4C56-A6A6-E2B51ACAB5CF, 2021-03-26T23:12:48, true
9DDDD405-82E4-4C56-A6A6-E2B51ACAB5CF, 2021-03-26T23:13:52, true
9DDDD405-82E4-4C56-A6A6-E2B51ACAB5CF, 2021-03-26T23:14:56, true
9DDDD405-82E4-4C56-A6A6-E2B51ACAB5CF, 2021-03-26T23:15:59, true
9DDDD405-82E4-4C56-A6A6-E2B51ACAB5CF, 2021-03-26T23:17:00, true
9DDDD405-82E4-4C56-A6A6-E2B51ACAB5CF, 2021-03-26T23:18:06, true
9DDDD405-82E4-4C56-A6A6-E2B51ACAB5CF, 2021-03-26T23:19:08, true
9DDDD405-82E4-4C56-A6A6-E2B51ACAB5CF, 2021-03-26T23:20:11, true
9DDDD405-82E4-4C56-A6A6-E2B51ACAB5CF, 2021-03-26T23:21:11, true
9DDDD405-82E4-4C56-A6A6-E2B51ACAB5CF, 2021-03-26T23:22:14, true
9DDDD405-82E4-4C56-A6A6-E2B51ACAB5CF, 2021-03-26T23:23:15, true
9DDDD405-82E4-4C56-A6A6-E2B51ACAB5CF, 2021-03-26T23:24:15, true
9DDDD405-82E4-4C56-A6A6-E2B51ACAB5CF, 2021-03-26T23:25:20, true
9DDDD405-82E4-4C56-A6A6-E2B51ACAB5CF, 2021-03-26T23:26:23, true
9DDDD405-82E4-4C56-A6A6-E2B51ACAB5CF, 2021-03-26T23:27:26, true
9DDDD405-82E4-4C56-A6A6-E2B51ACAB5CF, 2021-03-26T23:28:27, true
9DDDD405-82E4-4C56-A6A6-E2B51ACAB5CF, 2021-03-26T23:29:31, true
9DDDD405-82E4-4C56-A6A6-E2B51ACAB5CF, 2021-03-26T23:30:32, true
9DDDD405-82E4-4C56-A6A6-E2B51ACAB5CF, 2021-03-26T23:31:33, true
9DDDD405-82E4-4C56-A6A6-E2B51ACAB5CF, 2021-03-26T23:32:34, true
9DDDD405-82E4-4C56-A6A6-E2B51ACAB5CF, 2021-03-26T23:33:36, true
9DDDD405-82E4-4C56-A6A6-E2B51ACAB5CF, 2021-03-26T23:34:38, true
9DDDD405-82E4-4C56-A6A6-E2B51ACAB5CF, 2021-03-26T23:35:41, true
9DDDD405-82E4-4C56-A6A6-E2B51ACAB5CF, 2021-03-26T23:36:43, true
9DDDD405-82E4-4C56-A6A6-E2B51ACAB5CF, 2021-03-26T23:37:44, true
9DDDD405-82E4-4C56-A6A6-E2B51ACAB5CF, 2021-03-26T23:38:47, true
9DDDD405-82E4-4C56-A6A6-E2B51ACAB5CF, 2021-03-26T23:39:57, true
9DDDD405-82E4-4C56-A6A6-E2B51ACAB5CF, 2021-03-26T23:40:57, true
9DDDD405-82E4-4C56-A6A6-E2B51ACAB5CF, 2021-03-26T23:41:59, true
9DDDD405-82E4-4C56-A6A6-E2B51ACAB5CF, 2021-03-26T23:43:01, true
9DDDD405-82E4-4C56-A6A6-E2B51ACAB5CF, 2021-03-26T23:44:02, true
9DDDD405-82E4-4C56-A6A6-E2B51ACAB5CF, 2021-03-26T23:45:05, true
9DDDD405-82E4-4C56-A6A6-E2B51ACAB5CF, 2021-03-26T23:46:28, true
9DDDD405-82E4-4C56-A6A6-E2B51ACAB5CF, 2021-03-26T23:47:37, true
9DDDD405-82E4-4C56-A6A6-E2B51ACAB5CF, 2021-03-26T23:48:39, true
9DDDD405-82E4-4C56-A6A6-E2B51ACAB5CF, 2021-03-26T23:49:39, true
9DDDD405-82E4-4C56-A6A6-E2B51ACAB5CF, 2021-03-26T23:50:49, true
9DDDD405-82E4-4C56-A6A6-E2B51ACAB5CF, 2021-03-26T23:51:51, true
9DDDD405-82E4-4C56-A6A6-E2B51ACAB5CF, 2021-03-26T23:52:52, true
9DDDD405-82E4-4C56-A6A6-E2B51ACAB5CF, 2021-03-26T23:53:53, true
9DDDD405-82E4-4C56-A6A6-E2B51ACAB5CF, 2021-03-26T23:54:56, true
9DDDD405-82E4-4C56-A6A6-E2B51ACAB5CF, 2021-03-26T23:55:56, true
9DDDD405-82E4-4C56-A6A6-E2B51ACAB5CF, 2021-03-26T23:57:19, true
9DDDD405-82E4-4C56-A6A6-E2B51ACAB5CF, 2021-03-26T23:58:24, true
9DDDD405-82E4-4C56-A6A6-E2B51ACAB5CF, 2021-03-26T23:59:25, true
9DDDD405-82E4-4C56-A6A6-E2B51ACAB5CF, 2021-03-27T00:00:28, true
9DDDD405-82E4-4C56-A6A6-E2B51ACAB5CF, 2021-03-27T00:01:29, true
9DDDD405-82E4-4C56-A6A6-E2B51ACAB5CF, 2021-03-27T00:02:36, true
9DDDD405-82E4-4C56-A6A6-E2B51ACAB5CF, 2021-03-27T00:03:39, true
9DDDD405-82E4-4C56-A6A6-E2B51ACAB5CF, 2021-03-27T00:04:42, true
9DDDD405-82E4-4C56-A6A6-E2B51ACAB5CF, 2021-03-27T00:05:45, true
9DDDD405-82E4-4C56-A6A6-E2B51ACAB5CF, 2021-03-27T00:06:48, true
9DDDD405-82E4-4C56-A6A6-E2B51ACAB5CF, 2021-03-27T00:07:51, true
9DDDD405-82E4-4C56-A6A6-E2B51ACAB5CF, 2021-03-27T00:08:54, true
9DDDD405-82E4-4C56-A6A6-E2B51ACAB5CF, 2021-03-27T00:09:56, true
9DDDD405-82E4-4C56-A6A6-E2B51ACAB5CF, 2021-03-27T00:10:58, true
9DDDD405-82E4-4C56-A6A6-E2B51ACAB5CF, 2021-03-27T00:11:59, true
9DDDD405-82E4-4C56-A6A6-E2B51ACAB5CF, 2021-03-27T00:13:00, true
9DDDD405-82E4-4C56-A6A6-E2B51ACAB5CF, 2021-03-27T00:14:02, true
9DDDD405-82E4-4C56-A6A6-E2B51ACAB5CF, 2021-03-27T00:15:04, true
9DDDD405-82E4-4C56-A6A6-E2B51ACAB5CF, 2021-03-27T00:16:06, true
9DDDD405-82E4-4C56-A6A6-E2B51ACAB5CF, 2021-03-27T00:17:07, true
9DDDD405-82E4-4C56-A6A6-E2B51ACAB5CF, 2021-03-27T00:18:10, true
9DDDD405-82E4-4C56-A6A6-E2B51ACAB5CF, 2021-03-27T00:19:10, true
9DDDD405-82E4-4C56-A6A6-E2B51ACAB5CF, 2021-03-27T00:20:11, true
9DDDD405-82E4-4C56-A6A6-E2B51ACAB5CF, 2021-03-27T00:21:13, true
9DDDD405-82E4-4C56-A6A6-E2B51ACAB5CF, 2021-03-27T00:22:14, true
9DDDD405-82E4-4C56-A6A6-E2B51ACAB5CF, 2021-03-27T00:23:14, true
9DDDD405-82E4-4C56-A6A6-E2B51ACAB5CF, 2021-03-27T00:24:27, true
9DDDD405-82E4-4C56-A6A6-E2B51ACAB5CF, 2021-03-27T00:25:30, true
9DDDD405-82E4-4C56-A6A6-E2B51ACAB5CF, 2021-03-27T00:26:30, true
9DDDD405-82E4-4C56-A6A6-E2B51ACAB5CF, 2021-03-27T00:27:32, true
9DDDD405-82E4-4C56-A6A6-E2B51ACAB5CF, 2021-03-27T00:28:38, true
9DDDD405-82E4-4C56-A6A6-E2B51ACAB5CF, 2021-03-27T00:29:40, true
9DDDD405-82E4-4C56-A6A6-E2B51ACAB5CF, 2021-03-27T00:30:43, true
9DDDD405-82E4-4C56-A6A6-E2B51ACAB5CF, 2021-03-27T00:31:44, true
9DDDD405-82E4-4C56-A6A6-E2B51ACAB5CF, 2021-03-27T00:32:47, true
9DDDD405-82E4-4C56-A6A6-E2B51ACAB5CF, 2021-03-27T00:33:48, true
9DDDD405-82E4-4C56-A6A6-E2B51ACAB5CF, 2021-03-27T00:35:00, true
9DDDD405-82E4-4C56-A6A6-E2B51ACAB5CF, 2021-03-27T00:36:03, true
9DDDD405-82E4-4C56-A6A6-E2B51ACAB5CF, 2021-03-27T00:37:06, true
9DDDD405-82E4-4C56-A6A6-E2B51ACAB5CF, 2021-03-27T00:38:07, true
9DDDD405-82E4-4C56-A6A6-E2B51ACAB5CF, 2021-03-27T00:39:07, true
9DDDD405-82E4-4C56-A6A6-E2B51ACAB5CF, 2021-03-27T00:40:07, true
9DDDD405-82E4-4C56-A6A6-E2B51ACAB5CF, 2021-03-27T00:41:07, true
9DDDD405-82E4-4C56-A6A6-E2B51ACAB5CF, 2021-03-27T00:42:11, true
9DDDD405-82E4-4C56-A6A6-E2B51ACAB5CF, 2021-03-27T00:43:14, true
9DDDD405-82E4-4C56-A6A6-E2B51ACAB5CF, 2021-03-27T00:44:17, true
9DDDD405-82E4-4C56-A6A6-E2B51ACAB5CF, 2021-03-27T00:45:19, true
9DDDD405-82E4-4C56-A6A6-E2B51ACAB5CF, 2021-03-27T00:46:24, true
9DDDD405-82E4-4C56-A6A6-E2B51ACAB5CF, 2021-03-27T00:47:26, true
9DDDD405-82E4-4C56-A6A6-E2B51ACAB5CF, 2021-03-27T00:48:27, true
9DDDD405-82E4-4C56-A6A6-E2B51ACAB5CF, 2021-03-27T00:49:27, true
9DDDD405-82E4-4C56-A6A6-E2B51ACAB5CF, 2021-03-27T00:50:31, true
9DDDD405-82E4-4C56-A6A6-E2B51ACAB5CF, 2021-03-27T00:51:33, true
9DDDD405-82E4-4C56-A6A6-E2B51ACAB5CF, 2021-03-27T00:52:37, true
9DDDD405-82E4-4C56-A6A6-E2B51ACAB5CF, 2021-03-27T00:53:37, true
9DDDD405-82E4-4C56-A6A6-E2B51ACAB5CF, 2021-03-27T00:54:41, true
9DDDD405-82E4-4C56-A6A6-E2B51ACAB5CF, 2021-03-27T00:55:41, true
9DDDD405-82E4-4C56-A6A6-E2B51ACAB5CF, 2021-03-27T00:56:57, true
9DDDD405-82E4-4C56-A6A6-E2B51ACAB5CF, 2021-03-27T00:57:58, true
9DDDD405-82E4-4C56-A6A6-E2B51ACAB5CF, 2021-03-27T00:58:59, true
9DDDD405-82E4-4C56-A6A6-E2B51ACAB5CF, 2021-03-27T01:00:01, true
9DDDD405-82E4-4C56-A6A6-E2B51ACAB5CF, 2021-03-27T01:01:04, true
9DDDD405-82E4-4C56-A6A6-E2B51ACAB5CF, 2021-03-27T01:02:08, true
9DDDD405-82E4-4C56-A6A6-E2B51ACAB5CF, 2021-03-27T01:03:11, true
9DDDD405-82E4-4C56-A6A6-E2B51ACAB5CF, 2021-03-27T01:04:12, true
9DDDD405-82E4-4C56-A6A6-E2B51ACAB5CF, 2021-03-27T01:05:15, true
9DDDD405-82E4-4C56-A6A6-E2B51ACAB5CF, 2021-03-27T01:06:17, true
9DDDD405-82E4-4C56-A6A6-E2B51ACAB5CF, 2021-03-27T01:07:20, true
9DDDD405-82E4-4C56-A6A6-E2B51ACAB5CF, 2021-03-27T01:08:24, true
9DDDD405-82E4-4C56-A6A6-E2B51ACAB5CF, 2021-03-27T01:09:26, true
9DDDD405-82E4-4C56-A6A6-E2B51ACAB5CF, 2021-03-27T01:10:27, true
9DDDD405-82E4-4C56-A6A6-E2B51ACAB5CF, 2021-03-27T01:11:30, true
9DDDD405-82E4-4C56-A6A6-E2B51ACAB5CF, 2021-03-27T01:12:30, true
9DDDD405-82E4-4C56-A6A6-E2B51ACAB5CF, 2021-03-27T01:13:32, true
9DDDD405-82E4-4C56-A6A6-E2B51ACAB5CF, 2021-03-27T01:14:35, true
9DDDD405-82E4-4C56-A6A6-E2B51ACAB5CF, 2021-03-27T01:15:39, true
9DDDD405-82E4-4C56-A6A6-E2B51ACAB5CF, 2021-03-27T01:16:43, true
9DDDD405-82E4-4C56-A6A6-E2B51ACAB5CF, 2021-03-27T01:17:45, true
9DDDD405-82E4-4C56-A6A6-E2B51ACAB5CF, 2021-03-27T01:18:46, true
9DDDD405-82E4-4C56-A6A6-E2B51ACAB5CF, 2021-03-27T01:19:49, true
9DDDD405-82E4-4C56-A6A6-E2B51ACAB5CF, 2021-03-27T01:20:53, true
9DDDD405-82E4-4C56-A6A6-E2B51ACAB5CF, 2021-03-27T01:21:54, true
9DDDD405-82E4-4C56-A6A6-E2B51ACAB5CF, 2021-03-27T01:22:55, true
9DDDD405-82E4-4C56-A6A6-E2B51ACAB5CF, 2021-03-27T01:23:57, true
9DDDD405-82E4-4C56-A6A6-E2B51ACAB5CF, 2021-03-27T01:25:00, true
9DDDD405-82E4-4C56-A6A6-E2B51ACAB5CF, 2021-03-27T01:26:02, true
9DDDD405-82E4-4C56-A6A6-E2B51ACAB5CF, 2021-03-27T01:27:02, true
9DDDD405-82E4-4C56-A6A6-E2B51ACAB5CF, 2021-03-27T01:28:04, true
9DDDD405-82E4-4C56-A6A6-E2B51ACAB5CF, 2021-03-27T01:29:05, true
9DDDD405-82E4-4C56-A6A6-E2B51ACAB5CF, 2021-03-27T01:30:10, true
9DDDD405-82E4-4C56-A6A6-E2B51ACAB5CF, 2021-03-27T01:31:12, true
9DDDD405-82E4-4C56-A6A6-E2B51ACAB5CF, 2021-03-27T01:32:12, true
9DDDD405-82E4-4C56-A6A6-E2B51ACAB5CF, 2021-03-27T01:33:17, true
9DDDD405-82E4-4C56-A6A6-E2B51ACAB5CF, 2021-03-27T01:34:21, true
9DDDD405-82E4-4C56-A6A6-E2B51ACAB5CF, 2021-03-27T01:35:23, true
9DDDD405-82E4-4C56-A6A6-E2B51ACAB5CF, 2021-03-27T01:36:24, true
9DDDD405-82E4-4C56-A6A6-E2B51ACAB5CF, 2021-03-27T01:37:27, true
9DDDD405-82E4-4C56-A6A6-E2B51ACAB5CF, 2021-03-27T01:38:31, true
9DDDD405-82E4-4C56-A6A6-E2B51ACAB5CF, 2021-03-27T01:39:31, true
9DDDD405-82E4-4C56-A6A6-E2B51ACAB5CF, 2021-03-27T01:40:33, true
9DDDD405-82E4-4C56-A6A6-E2B51ACAB5CF, 2021-03-27T01:41:33, true
9DDDD405-82E4-4C56-A6A6-E2B51ACAB5CF, 2021-03-27T01:42:35, true
9DDDD405-82E4-4C56-A6A6-E2B51ACAB5CF, 2021-03-27T01:43:35, true
9DDDD405-82E4-4C56-A6A6-E2B51ACAB5CF, 2021-03-27T01:44:38, true
9DDDD405-82E4-4C56-A6A6-E2B51ACAB5CF, 2021-03-27T01:45:40, true
9DDDD405-82E4-4C56-A6A6-E2B51ACAB5CF, 2021-03-27T01:46:43, true
9DDDD405-82E4-4C56-A6A6-E2B51ACAB5CF, 2021-03-27T01:47:45, true
9DDDD405-82E4-4C56-A6A6-E2B51ACAB5CF, 2021-03-27T01:48:48, true
9DDDD405-82E4-4C56-A6A6-E2B51ACAB5CF, 2021-03-27T01:49:51, true
9DDDD405-82E4-4C56-A6A6-E2B51ACAB5CF, 2021-03-27T01:50:51, true
9DDDD405-82E4-4C56-A6A6-E2B51ACAB5CF, 2021-03-27T01:52:00, true
9DDDD405-82E4-4C56-A6A6-E2B51ACAB5CF, 2021-03-27T01:53:04, true
9DDDD405-82E4-4C56-A6A6-E2B51ACAB5CF, 2021-03-27T01:54:05, true
9DDDD405-82E4-4C56-A6A6-E2B51ACAB5CF, 2021-03-27T01:55:07, true
9DDDD405-82E4-4C56-A6A6-E2B51ACAB5CF, 2021-03-27T01:56:08, true
9DDDD405-82E4-4C56-A6A6-E2B51ACAB5CF, 2021-03-27T01:57:11, true
9DDDD405-82E4-4C56-A6A6-E2B51ACAB5CF, 2021-03-27T01:58:24, true
9DDDD405-82E4-4C56-A6A6-E2B51ACAB5CF, 2021-03-27T01:59:26, true
9DDDD405-82E4-4C56-A6A6-E2B51ACAB5CF, 2021-03-27T02:00:31, true
9DDDD405-82E4-4C56-A6A6-E2B51ACAB5CF, 2021-03-27T02:01:33, true
9DDDD405-82E4-4C56-A6A6-E2B51ACAB5CF, 2021-03-27T02:02:34, true
9DDDD405-82E4-4C56-A6A6-E2B51ACAB5CF, 2021-03-27T02:03:35, true
9DDDD405-82E4-4C56-A6A6-E2B51ACAB5CF, 2021-03-27T02:04:36, true
9DDDD405-82E4-4C56-A6A6-E2B51ACAB5CF, 2021-03-27T02:05:38, true
9DDDD405-82E4-4C56-A6A6-E2B51ACAB5CF, 2021-03-27T02:06:39, true
9DDDD405-82E4-4C56-A6A6-E2B51ACAB5CF, 2021-03-27T02:07:44, true
9DDDD405-82E4-4C56-A6A6-E2B51ACAB5CF, 2021-03-27T02:08:46, true
9DDDD405-82E4-4C56-A6A6-E2B51ACAB5CF, 2021-03-27T02:09:49, true
9DDDD405-82E4-4C56-A6A6-E2B51ACAB5CF, 2021-03-27T02:10:53, true
9DDDD405-82E4-4C56-A6A6-E2B51ACAB5CF, 2021-03-27T02:11:53, true
9DDDD405-82E4-4C56-A6A6-E2B51ACAB5CF, 2021-03-27T02:12:54, true
9DDDD405-82E4-4C56-A6A6-E2B51ACAB5CF, 2021-03-27T02:13:57, true
9DDDD405-82E4-4C56-A6A6-E2B51ACAB5CF, 2021-03-27T02:14:59, true
9DDDD405-82E4-4C56-A6A6-E2B51ACAB5CF, 2021-03-27T02:16:02, true
9DDDD405-82E4-4C56-A6A6-E2B51ACAB5CF, 2021-03-27T02:17:06, true
9DDDD405-82E4-4C56-A6A6-E2B51ACAB5CF, 2021-03-27T02:18:07, true
9DDDD405-82E4-4C56-A6A6-E2B51ACAB5CF, 2021-03-27T02:19:10, true
9DDDD405-82E4-4C56-A6A6-E2B51ACAB5CF, 2021-03-27T02:20:18, true
9DDDD405-82E4-4C56-A6A6-E2B51ACAB5CF, 2021-03-27T02:21:23, true
9DDDD405-82E4-4C56-A6A6-E2B51ACAB5CF, 2021-03-27T02:22:24, true
9DDDD405-82E4-4C56-A6A6-E2B51ACAB5CF, 2021-03-27T02:23:27, true
9DDDD405-82E4-4C56-A6A6-E2B51ACAB5CF, 2021-03-27T02:24:30, true
9DDDD405-82E4-4C56-A6A6-E2B51ACAB5CF, 2021-03-27T02:25:33, true
9DDDD405-82E4-4C56-A6A6-E2B51ACAB5CF, 2021-03-27T02:26:43, true
9DDDD405-82E4-4C56-A6A6-E2B51ACAB5CF, 2021-03-27T02:27:48, true
9DDDD405-82E4-4C56-A6A6-E2B51ACAB5CF, 2021-03-27T02:28:51, true
9DDDD405-82E4-4C56-A6A6-E2B51ACAB5CF, 2021-03-27T02:29:52, true
9DDDD405-82E4-4C56-A6A6-E2B51ACAB5CF, 2021-03-27T02:30:53, true
9DDDD405-82E4-4C56-A6A6-E2B51ACAB5CF, 2021-03-27T02:31:57, true
9DDDD405-82E4-4C56-A6A6-E2B51ACAB5CF, 2021-03-27T02:32:59, true
9DDDD405-82E4-4C56-A6A6-E2B51ACAB5CF, 2021-03-27T02:34:10, true
9DDDD405-82E4-4C56-A6A6-E2B51ACAB5CF, 2021-03-27T02:35:10, true
9DDDD405-82E4-4C56-A6A6-E2B51ACAB5CF, 2021-03-27T02:36:12, true
9DDDD405-82E4-4C56-A6A6-E2B51ACAB5CF, 2021-03-27T02:37:14, true
9DDDD405-82E4-4C56-A6A6-E2B51ACAB5CF, 2021-03-27T02:38:14, true
9DDDD405-82E4-4C56-A6A6-E2B51ACAB5CF, 2021-03-27T02:39:15, true
9DDDD405-82E4-4C56-A6A6-E2B51ACAB5CF, 2021-03-27T02:40:17, true
9DDDD405-82E4-4C56-A6A6-E2B51ACAB5CF, 2021-03-27T02:41:21, true
9DDDD405-82E4-4C56-A6A6-E2B51ACAB5CF, 2021-03-27T02:42:24, true
9DDDD405-82E4-4C56-A6A6-E2B51ACAB5CF, 2021-03-27T02:43:29, true
9DDDD405-82E4-4C56-A6A6-E2B51ACAB5CF, 2021-03-27T02:44:34, true
9DDDD405-82E4-4C56-A6A6-E2B51ACAB5CF, 2021-03-27T02:45:37, true
9DDDD405-82E4-4C56-A6A6-E2B51ACAB5CF, 2021-03-27T02:46:45, true
9DDDD405-82E4-4C56-A6A6-E2B51ACAB5CF, 2021-03-27T02:47:45, true
9DDDD405-82E4-4C56-A6A6-E2B51ACAB5CF, 2021-03-27T02:48:45, false
9DDDD405-82E4-4C56-A6A6-E2B51ACAB5CF, 2021-03-27T02:49:16, true
9DDDD405-82E4-4C56-A6A6-E2B51ACAB5CF, 2021-03-27T02:50:19, true
9DDDD405-82E4-4C56-A6A6-E2B51ACAB5CF, 2021-03-27T02:51:20, true
9DDDD405-82E4-4C56-A6A6-E2B51ACAB5CF, 2021-03-27T02:52:22, true
9DDDD405-82E4-4C56-A6A6-E2B51ACAB5CF, 2021-03-27T02:53:24, true
9DDDD405-82E4-4C56-A6A6-E2B51ACAB5CF, 2021-03-27T02:54:27, true
9DDDD405-82E4-4C56-A6A6-E2B51ACAB5CF, 2021-03-27T02:55:30, true
9DDDD405-82E4-4C56-A6A6-E2B51ACAB5CF, 2021-03-27T02:56:30, true
9DDDD405-82E4-4C56-A6A6-E2B51ACAB5CF, 2021-03-27T02:57:32, true
9DDDD405-82E4-4C56-A6A6-E2B51ACAB5CF, 2021-03-27T02:58:34, true
9DDDD405-82E4-4C56-A6A6-E2B51ACAB5CF, 2021-03-27T02:59:36, true
9DDDD405-82E4-4C56-A6A6-E2B51ACAB5CF, 2021-03-27T03:00:38, true
9DDDD405-82E4-4C56-A6A6-E2B51ACAB5CF, 2021-03-27T03:01:43, true
9DDDD405-82E4-4C56-A6A6-E2B51ACAB5CF, 2021-03-27T03:02:55, true
9DDDD405-82E4-4C56-A6A6-E2B51ACAB5CF, 2021-03-27T03:03:56, true
9DDDD405-82E4-4C56-A6A6-E2B51ACAB5CF, 2021-03-27T03:04:57, true
9DDDD405-82E4-4C56-A6A6-E2B51ACAB5CF, 2021-03-27T03:06:00, true
9DDDD405-82E4-4C56-A6A6-E2B51ACAB5CF, 2021-03-27T03:07:01, true
9DDDD405-82E4-4C56-A6A6-E2B51ACAB5CF, 2021-03-27T03:08:06, true
9DDDD405-82E4-4C56-A6A6-E2B51ACAB5CF, 2021-03-27T03:09:16, true
9DDDD405-82E4-4C56-A6A6-E2B51ACAB5CF, 2021-03-27T03:10:18, true
9DDDD405-82E4-4C56-A6A6-E2B51ACAB5CF, 2021-03-27T03:11:20, true
9DDDD405-82E4-4C56-A6A6-E2B51ACAB5CF, 2021-03-27T03:12:22, true
9DDDD405-82E4-4C56-A6A6-E2B51ACAB5CF, 2021-03-27T03:13:33, true
9DDDD405-82E4-4C56-A6A6-E2B51ACAB5CF, 2021-03-27T03:14:34, true
9DDDD405-82E4-4C56-A6A6-E2B51ACAB5CF, 2021-03-27T03:15:36, true
9DDDD405-82E4-4C56-A6A6-E2B51ACAB5CF, 2021-03-27T03:16:38, true
9DDDD405-82E4-4C56-A6A6-E2B51ACAB5CF, 2021-03-27T03:17:41, true
9DDDD405-82E4-4C56-A6A6-E2B51ACAB5CF, 2021-03-27T03:18:42, true
9DDDD405-82E4-4C56-A6A6-E2B51ACAB5CF, 2021-03-27T03:19:44, true
9DDDD405-82E4-4C56-A6A6-E2B51ACAB5CF, 2021-03-27T03:20:44, true
9DDDD405-82E4-4C56-A6A6-E2B51ACAB5CF, 2021-03-27T03:21:45, true
9DDDD405-82E4-4C56-A6A6-E2B51ACAB5CF, 2021-03-27T03:22:53, true
9DDDD405-82E4-4C56-A6A6-E2B51ACAB5CF, 2021-03-27T03:23:53, true
9DDDD405-82E4-4C56-A6A6-E2B51ACAB5CF, 2021-03-27T03:24:56, true
9DDDD405-82E4-4C56-A6A6-E2B51ACAB5CF, 2021-03-27T03:26:01, true
9DDDD405-82E4-4C56-A6A6-E2B51ACAB5CF, 2021-03-27T03:27:05, true
9DDDD405-82E4-4C56-A6A6-E2B51ACAB5CF, 2021-03-27T03:28:09, true
9DDDD405-82E4-4C56-A6A6-E2B51ACAB5CF, 2021-03-27T03:29:09, true
9DDDD405-82E4-4C56-A6A6-E2B51ACAB5CF, 2021-03-27T03:30:10, true
9DDDD405-82E4-4C56-A6A6-E2B51ACAB5CF, 2021-03-27T03:31:10, true
9DDDD405-82E4-4C56-A6A6-E2B51ACAB5CF, 2021-03-27T03:32:16, true
9DDDD405-82E4-4C56-A6A6-E2B51ACAB5CF, 2021-03-27T03:33:18, true
9DDDD405-82E4-4C56-A6A6-E2B51ACAB5CF, 2021-03-27T03:34:18, true
9DDDD405-82E4-4C56-A6A6-E2B51ACAB5CF, 2021-03-27T03:35:20, true
9DDDD405-82E4-4C56-A6A6-E2B51ACAB5CF, 2021-03-27T03:36:23, true
9DDDD405-82E4-4C56-A6A6-E2B51ACAB5CF, 2021-03-27T03:37:25, true
9DDDD405-82E4-4C56-A6A6-E2B51ACAB5CF, 2021-03-27T03:38:27, true
9DDDD405-82E4-4C56-A6A6-E2B51ACAB5CF, 2021-03-27T03:39:31, true
9DDDD405-82E4-4C56-A6A6-E2B51ACAB5CF, 2021-03-27T03:40:31, true
9DDDD405-82E4-4C56-A6A6-E2B51ACAB5CF, 2021-03-27T03:41:32, true
9DDDD405-82E4-4C56-A6A6-E2B51ACAB5CF, 2021-03-27T03:42:35, true
9DDDD405-82E4-4C56-A6A6-E2B51ACAB5CF, 2021-03-27T03:43:38, true
9DDDD405-82E4-4C56-A6A6-E2B51ACAB5CF, 2021-03-27T03:44:41, true
9DDDD405-82E4-4C56-A6A6-E2B51ACAB5CF, 2021-03-27T03:45:44, true
9DDDD405-82E4-4C56-A6A6-E2B51ACAB5CF, 2021-03-27T03:46:46, true
9DDDD405-82E4-4C56-A6A6-E2B51ACAB5CF, 2021-03-27T03:47:50, true
9DDDD405-82E4-4C56-A6A6-E2B51ACAB5CF, 2021-03-27T03:48:51, true
9DDDD405-82E4-4C56-A6A6-E2B51ACAB5CF, 2021-03-27T03:49:53, true
9DDDD405-82E4-4C56-A6A6-E2B51ACAB5CF, 2021-03-27T03:50:54, true
9DDDD405-82E4-4C56-A6A6-E2B51ACAB5CF, 2021-03-27T03:51:58, true
9DDDD405-82E4-4C56-A6A6-E2B51ACAB5CF, 2021-03-27T03:53:05, true
9DDDD405-82E4-4C56-A6A6-E2B51ACAB5CF, 2021-03-27T03:54:07, true
9DDDD405-82E4-4C56-A6A6-E2B51ACAB5CF, 2021-03-27T03:55:07, true
9DDDD405-82E4-4C56-A6A6-E2B51ACAB5CF, 2021-03-27T03:56:09, true
9DDDD405-82E4-4C56-A6A6-E2B51ACAB5CF, 2021-03-27T03:57:31, true
9DDDD405-82E4-4C56-A6A6-E2B51ACAB5CF, 2021-03-27T03:58:33, true
9DDDD405-82E4-4C56-A6A6-E2B51ACAB5CF, 2021-03-27T03:59:36, true
9DDDD405-82E4-4C56-A6A6-E2B51ACAB5CF, 2021-03-27T04:00:37, true
9DDDD405-82E4-4C56-A6A6-E2B51ACAB5CF, 2021-03-27T04:01:40, true
9DDDD405-82E4-4C56-A6A6-E2B51ACAB5CF, 2021-03-27T04:02:40, true
9DDDD405-82E4-4C56-A6A6-E2B51ACAB5CF, 2021-03-27T04:03:54, true
9DDDD405-82E4-4C56-A6A6-E2B51ACAB5CF, 2021-03-27T04:04:58, true
9DDDD405-82E4-4C56-A6A6-E2B51ACAB5CF, 2021-03-27T04:06:01, true
9DDDD405-82E4-4C56-A6A6-E2B51ACAB5CF, 2021-03-27T04:07:03, true
9DDDD405-82E4-4C56-A6A6-E2B51ACAB5CF, 2021-03-27T04:08:04, true
9DDDD405-82E4-4C56-A6A6-E2B51ACAB5CF, 2021-03-27T04:09:09, true
9DDDD405-82E4-4C56-A6A6-E2B51ACAB5CF, 2021-03-27T04:10:12, true
9DDDD405-82E4-4C56-A6A6-E2B51ACAB5CF, 2021-03-27T04:11:13, true
9DDDD405-82E4-4C56-A6A6-E2B51ACAB5CF, 2021-03-27T04:12:15, true
9DDDD405-82E4-4C56-A6A6-E2B51ACAB5CF, 2021-03-27T04:13:19, true
9DDDD405-82E4-4C56-A6A6-E2B51ACAB5CF, 2021-03-27T04:14:24, true
9DDDD405-82E4-4C56-A6A6-E2B51ACAB5CF, 2021-03-27T04:15:26, true
9DDDD405-82E4-4C56-A6A6-E2B51ACAB5CF, 2021-03-27T04:16:31, true
9DDDD405-82E4-4C56-A6A6-E2B51ACAB5CF, 2021-03-27T04:17:35, true
9DDDD405-82E4-4C56-A6A6-E2B51ACAB5CF, 2021-03-27T04:18:38, true
9DDDD405-82E4-4C56-A6A6-E2B51ACAB5CF, 2021-03-27T04:19:40, true
9DDDD405-82E4-4C56-A6A6-E2B51ACAB5CF, 2021-03-27T04:20:42, true
9DDDD405-82E4-4C56-A6A6-E2B51ACAB5CF, 2021-03-27T04:21:46, true
9DDDD405-82E4-4C56-A6A6-E2B51ACAB5CF, 2021-03-27T04:22:46, true
9DDDD405-82E4-4C56-A6A6-E2B51ACAB5CF, 2021-03-27T04:23:48, true
9DDDD405-82E4-4C56-A6A6-E2B51ACAB5CF, 2021-03-27T04:24:50, true
9DDDD405-82E4-4C56-A6A6-E2B51ACAB5CF, 2021-03-27T04:25:58, true
9DDDD405-82E4-4C56-A6A6-E2B51ACAB5CF, 2021-03-27T04:26:59, true
9DDDD405-82E4-4C56-A6A6-E2B51ACAB5CF, 2021-03-27T04:28:02, true
9DDDD405-82E4-4C56-A6A6-E2B51ACAB5CF, 2021-03-27T04:29:05, true
9DDDD405-82E4-4C56-A6A6-E2B51ACAB5CF, 2021-03-27T04:30:31, true
9DDDD405-82E4-4C56-A6A6-E2B51ACAB5CF, 2021-03-27T04:31:32, true
9DDDD405-82E4-4C56-A6A6-E2B51ACAB5CF, 2021-03-27T04:32:33, true
9DDDD405-82E4-4C56-A6A6-E2B51ACAB5CF, 2021-03-27T04:33:34, true
9DDDD405-82E4-4C56-A6A6-E2B51ACAB5CF, 2021-03-27T04:34:35, true
9DDDD405-82E4-4C56-A6A6-E2B51ACAB5CF, 2021-03-27T04:35:37, true
9DDDD405-82E4-4C56-A6A6-E2B51ACAB5CF, 2021-03-27T04:36:45, true
9DDDD405-82E4-4C56-A6A6-E2B51ACAB5CF, 2021-03-27T04:37:49, true
9DDDD405-82E4-4C56-A6A6-E2B51ACAB5CF, 2021-03-27T04:38:52, true
9DDDD405-82E4-4C56-A6A6-E2B51ACAB5CF, 2021-03-27T04:39:54, true
9DDDD405-82E4-4C56-A6A6-E2B51ACAB5CF, 2021-03-27T04:40:56, true
9DDDD405-82E4-4C56-A6A6-E2B51ACAB5CF, 2021-03-27T04:42:00, true
9DDDD405-82E4-4C56-A6A6-E2B51ACAB5CF, 2021-03-27T04:43:02, true
9DDDD405-82E4-4C56-A6A6-E2B51ACAB5CF, 2021-03-27T04:44:02, true
9DDDD405-82E4-4C56-A6A6-E2B51ACAB5CF, 2021-03-27T04:45:05, true
9DDDD405-82E4-4C56-A6A6-E2B51ACAB5CF, 2021-03-27T04:46:08, true
9DDDD405-82E4-4C56-A6A6-E2B51ACAB5CF, 2021-03-27T04:47:16, true
9DDDD405-82E4-4C56-A6A6-E2B51ACAB5CF, 2021-03-27T04:48:16, true
9DDDD405-82E4-4C56-A6A6-E2B51ACAB5CF, 2021-03-27T04:49:16, true
9DDDD405-82E4-4C56-A6A6-E2B51ACAB5CF, 2021-03-27T04:50:18, true
9DDDD405-82E4-4C56-A6A6-E2B51ACAB5CF, 2021-03-27T04:51:21, true
9DDDD405-82E4-4C56-A6A6-E2B51ACAB5CF, 2021-03-27T04:52:23, true
9DDDD405-82E4-4C56-A6A6-E2B51ACAB5CF, 2021-03-27T04:53:31, true
9DDDD405-82E4-4C56-A6A6-E2B51ACAB5CF, 2021-03-27T04:54:38, true
9DDDD405-82E4-4C56-A6A6-E2B51ACAB5CF, 2021-03-27T04:55:42, true
9DDDD405-82E4-4C56-A6A6-E2B51ACAB5CF, 2021-03-27T04:56:44, true
9DDDD405-82E4-4C56-A6A6-E2B51ACAB5CF, 2021-03-27T04:57:46, true
9DDDD405-82E4-4C56-A6A6-E2B51ACAB5CF, 2021-03-27T04:58:59, true
9DDDD405-82E4-4C56-A6A6-E2B51ACAB5CF, 2021-03-27T05:00:02, true
9DDDD405-82E4-4C56-A6A6-E2B51ACAB5CF, 2021-03-27T05:01:03, true
9DDDD405-82E4-4C56-A6A6-E2B51ACAB5CF, 2021-03-27T05:02:06, true
9DDDD405-82E4-4C56-A6A6-E2B51ACAB5CF, 2021-03-27T05:03:07, true
9DDDD405-82E4-4C56-A6A6-E2B51ACAB5CF, 2021-03-27T05:04:07, true
9DDDD405-82E4-4C56-A6A6-E2B51ACAB5CF, 2021-03-27T05:05:10, true
9DDDD405-82E4-4C56-A6A6-E2B51ACAB5CF, 2021-03-27T05:06:12, true
9DDDD405-82E4-4C56-A6A6-E2B51ACAB5CF, 2021-03-27T05:07:17, true
9DDDD405-82E4-4C56-A6A6-E2B51ACAB5CF, 2021-03-27T05:08:19, true
9DDDD405-82E4-4C56-A6A6-E2B51ACAB5CF, 2021-03-27T05:09:20, true
9DDDD405-82E4-4C56-A6A6-E2B51ACAB5CF, 2021-03-27T05:10:28, true
9DDDD405-82E4-4C56-A6A6-E2B51ACAB5CF, 2021-03-27T05:11:28, true
9DDDD405-82E4-4C56-A6A6-E2B51ACAB5CF, 2021-03-27T05:12:30, true
9DDDD405-82E4-4C56-A6A6-E2B51ACAB5CF, 2021-03-27T05:13:32, true
9DDDD405-82E4-4C56-A6A6-E2B51ACAB5CF, 2021-03-27T05:14:35, true
9DDDD405-82E4-4C56-A6A6-E2B51ACAB5CF, 2021-03-27T05:15:38, true
9DDDD405-82E4-4C56-A6A6-E2B51ACAB5CF, 2021-03-27T05:16:41, true
9DDDD405-82E4-4C56-A6A6-E2B51ACAB5CF, 2021-03-27T05:17:43, true
9DDDD405-82E4-4C56-A6A6-E2B51ACAB5CF, 2021-03-27T05:18:45, true
9DDDD405-82E4-4C56-A6A6-E2B51ACAB5CF, 2021-03-27T05:19:48, true
9DDDD405-82E4-4C56-A6A6-E2B51ACAB5CF, 2021-03-27T05:21:00, true
9DDDD405-82E4-4C56-A6A6-E2B51ACAB5CF, 2021-03-27T05:22:01, true
9DDDD405-82E4-4C56-A6A6-E2B51ACAB5CF, 2021-03-27T05:23:02, true
9DDDD405-82E4-4C56-A6A6-E2B51ACAB5CF, 2021-03-27T05:24:05, true
9DDDD405-82E4-4C56-A6A6-E2B51ACAB5CF, 2021-03-27T05:25:08, true
9DDDD405-82E4-4C56-A6A6-E2B51ACAB5CF, 2021-03-27T05:26:12, true
9DDDD405-82E4-4C56-A6A6-E2B51ACAB5CF, 2021-03-27T05:27:13, true
9DDDD405-82E4-4C56-A6A6-E2B51ACAB5CF, 2021-03-27T05:28:14, true
9DDDD405-82E4-4C56-A6A6-E2B51ACAB5CF, 2021-03-27T05:29:17, true
9DDDD405-82E4-4C56-A6A6-E2B51ACAB5CF, 2021-03-27T05:30:19, true
9DDDD405-82E4-4C56-A6A6-E2B51ACAB5CF, 2021-03-27T05:31:22, true
9DDDD405-82E4-4C56-A6A6-E2B51ACAB5CF, 2021-03-27T05:32:22, true
9DDDD405-82E4-4C56-A6A6-E2B51ACAB5CF, 2021-03-27T05:33:25, true
9DDDD405-82E4-4C56-A6A6-E2B51ACAB5CF, 2021-03-27T05:34:27, true
9DDDD405-82E4-4C56-A6A6-E2B51ACAB5CF, 2021-03-27T05:35:28, true
9DDDD405-82E4-4C56-A6A6-E2B51ACAB5CF, 2021-03-27T05:36:28, true
9DDDD405-82E4-4C56-A6A6-E2B51ACAB5CF, 2021-03-27T05:37:29, true
9DDDD405-82E4-4C56-A6A6-E2B51ACAB5CF, 2021-03-27T05:38:32, true
9DDDD405-82E4-4C56-A6A6-E2B51ACAB5CF, 2021-03-27T05:39:38, true
9DDDD405-82E4-4C56-A6A6-E2B51ACAB5CF, 2021-03-27T05:40:41, true
9DDDD405-82E4-4C56-A6A6-E2B51ACAB5CF, 2021-03-27T05:41:43, true
9DDDD405-82E4-4C56-A6A6-E2B51ACAB5CF, 2021-03-27T05:42:47, true
9DDDD405-82E4-4C56-A6A6-E2B51ACAB5CF, 2021-03-27T05:43:48, true
9DDDD405-82E4-4C56-A6A6-E2B51ACAB5CF, 2021-03-27T05:44:52, true
9DDDD405-82E4-4C56-A6A6-E2B51ACAB5CF, 2021-03-27T05:45:53, true
9DDDD405-82E4-4C56-A6A6-E2B51ACAB5CF, 2021-03-27T05:46:58, true
9DDDD405-82E4-4C56-A6A6-E2B51ACAB5CF, 2021-03-27T05:47:58, true
9DDDD405-82E4-4C56-A6A6-E2B51ACAB5CF, 2021-03-27T05:49:04, true
9DDDD405-82E4-4C56-A6A6-E2B51ACAB5CF, 2021-03-27T05:50:06, true
9DDDD405-82E4-4C56-A6A6-E2B51ACAB5CF, 2021-03-27T05:51:10, true
9DDDD405-82E4-4C56-A6A6-E2B51ACAB5CF, 2021-03-27T05:52:14, true
9DDDD405-82E4-4C56-A6A6-E2B51ACAB5CF, 2021-03-27T05:53:14, true
9DDDD405-82E4-4C56-A6A6-E2B51ACAB5CF, 2021-03-27T05:54:26, true
9DDDD405-82E4-4C56-A6A6-E2B51ACAB5CF, 2021-03-27T05:55:29, true
9DDDD405-82E4-4C56-A6A6-E2B51ACAB5CF, 2021-03-27T05:56:29, true
9DDDD405-82E4-4C56-A6A6-E2B51ACAB5CF, 2021-03-27T05:57:32, true
9DDDD405-82E4-4C56-A6A6-E2B51ACAB5CF, 2021-03-27T05:58:34, true
9DDDD405-82E4-4C56-A6A6-E2B51ACAB5CF, 2021-03-27T05:59:37, true
9DDDD405-82E4-4C56-A6A6-E2B51ACAB5CF, 2021-03-27T06:00:44, true
9DDDD405-82E4-4C56-A6A6-E2B51ACAB5CF, 2021-03-27T06:01:46, true
9DDDD405-82E4-4C56-A6A6-E2B51ACAB5CF, 2021-03-27T06:02:47, true
9DDDD405-82E4-4C56-A6A6-E2B51ACAB5CF, 2021-03-27T06:03:48, true
9DDDD405-82E4-4C56-A6A6-E2B51ACAB5CF, 2021-03-27T06:05:00, true
9DDDD405-82E4-4C56-A6A6-E2B51ACAB5CF, 2021-03-27T06:06:03, true
9DDDD405-82E4-4C56-A6A6-E2B51ACAB5CF, 2021-03-27T06:07:03, true
9DDDD405-82E4-4C56-A6A6-E2B51ACAB5CF, 2021-03-27T06:08:07, true
9DDDD405-82E4-4C56-A6A6-E2B51ACAB5CF, 2021-03-27T06:09:12, true
9DDDD405-82E4-4C56-A6A6-E2B51ACAB5CF, 2021-03-27T06:10:15, true
9DDDD405-82E4-4C56-A6A6-E2B51ACAB5CF, 2021-03-27T06:11:18, true
9DDDD405-82E4-4C56-A6A6-E2B51ACAB5CF, 2021-03-27T06:12:39, true
9DDDD405-82E4-4C56-A6A6-E2B51ACAB5CF, 2021-03-27T06:13:43, true
9DDDD405-82E4-4C56-A6A6-E2B51ACAB5CF, 2021-03-27T06:14:45, true
9DDDD405-82E4-4C56-A6A6-E2B51ACAB5CF, 2021-03-27T06:15:51, true
9DDDD405-82E4-4C56-A6A6-E2B51ACAB5CF, 2021-03-27T06:16:54, true
9DDDD405-82E4-4C56-A6A6-E2B51ACAB5CF, 2021-03-27T06:18:16, true
9DDDD405-82E4-4C56-A6A6-E2B51ACAB5CF, 2021-03-27T06:19:30, true
9DDDD405-82E4-4C56-A6A6-E2B51ACAB5CF, 2021-03-27T06:20:32, true
9DDDD405-82E4-4C56-A6A6-E2B51ACAB5CF, 2021-03-27T06:21:34, true
9DDDD405-82E4-4C56-A6A6-E2B51ACAB5CF, 2021-03-27T06:22:37, true
9DDDD405-82E4-4C56-A6A6-E2B51ACAB5CF, 2021-03-27T06:23:39, true
9DDDD405-82E4-4C56-A6A6-E2B51ACAB5CF, 2021-03-27T06:24:40, true
9DDDD405-82E4-4C56-A6A6-E2B51ACAB5CF, 2021-03-27T06:26:04, true
9DDDD405-82E4-4C56-A6A6-E2B51ACAB5CF, 2021-03-27T06:27:15, true
9DDDD405-82E4-4C56-A6A6-E2B51ACAB5CF, 2021-03-27T06:28:17, true
9DDDD405-82E4-4C56-A6A6-E2B51ACAB5CF, 2021-03-27T06:29:18, true
9DDDD405-82E4-4C56-A6A6-E2B51ACAB5CF, 2021-03-27T06:30:19, true
9DDDD405-82E4-4C56-A6A6-E2B51ACAB5CF, 2021-03-27T06:31:22, true
9DDDD405-82E4-4C56-A6A6-E2B51ACAB5CF, 2021-03-27T06:32:24, true
9DDDD405-82E4-4C56-A6A6-E2B51ACAB5CF, 2021-03-27T06:33:26, true
9DDDD405-82E4-4C56-A6A6-E2B51ACAB5CF, 2021-03-27T06:34:29, true
9DDDD405-82E4-4C56-A6A6-E2B51ACAB5CF, 2021-03-27T06:35:34, true
9DDDD405-82E4-4C56-A6A6-E2B51ACAB5CF, 2021-03-27T06:36:37, true
9DDDD405-82E4-4C56-A6A6-E2B51ACAB5CF, 2021-03-27T06:37:48, true
9DDDD405-82E4-4C56-A6A6-E2B51ACAB5CF, 2021-03-27T06:38:51, true
9DDDD405-82E4-4C56-A6A6-E2B51ACAB5CF, 2021-03-27T06:39:54, true
9DDDD405-82E4-4C56-A6A6-E2B51ACAB5CF, 2021-03-27T06:40:58, true
9DDDD405-82E4-4C56-A6A6-E2B51ACAB5CF, 2021-03-27T06:42:02, true
9DDDD405-82E4-4C56-A6A6-E2B51ACAB5CF, 2021-03-27T06:43:05, true
9DDDD405-82E4-4C56-A6A6-E2B51ACAB5CF, 2021-03-27T06:44:05, true
9DDDD405-82E4-4C56-A6A6-E2B51ACAB5CF, 2021-03-27T06:45:19, true
9DDDD405-82E4-4C56-A6A6-E2B51ACAB5CF, 2021-03-27T06:46:24, true
9DDDD405-82E4-4C56-A6A6-E2B51ACAB5CF, 2021-03-27T06:47:24, true
9DDDD405-82E4-4C56-A6A6-E2B51ACAB5CF, 2021-03-27T06:48:24, false
9DDDD405-82E4-4C56-A6A6-E2B51ACAB5CF, 2021-03-27T06:49:01, true
9DDDD405-82E4-4C56-A6A6-E2B51ACAB5CF, 2021-03-27T06:50:06, true
9DDDD405-82E4-4C56-A6A6-E2B51ACAB5CF, 2021-03-27T06:51:06, true
9DDDD405-82E4-4C56-A6A6-E2B51ACAB5CF, 2021-03-27T06:52:09, true
9DDDD405-82E4-4C56-A6A6-E2B51ACAB5CF, 2021-03-27T06:53:09, true
9DDDD405-82E4-4C56-A6A6-E2B51ACAB5CF, 2021-03-27T06:54:12, true
9DDDD405-82E4-4C56-A6A6-E2B51ACAB5CF, 2021-03-27T06:55:15, true
9DDDD405-82E4-4C56-A6A6-E2B51ACAB5CF, 2021-03-27T06:56:19, true
9DDDD405-82E4-4C56-A6A6-E2B51ACAB5CF, 2021-03-27T06:57:19, true
9DDDD405-82E4-4C56-A6A6-E2B51ACAB5CF, 2021-03-27T06:58:21, true
9DDDD405-82E4-4C56-A6A6-E2B51ACAB5CF, 2021-03-27T06:59:24, true
9DDDD405-82E4-4C56-A6A6-E2B51ACAB5CF, 2021-03-27T07:00:29, true
9DDDD405-82E4-4C56-A6A6-E2B51ACAB5CF, 2021-03-27T07:01:32, true
9DDDD405-82E4-4C56-A6A6-E2B51ACAB5CF, 2021-03-27T07:02:35, true
9DDDD405-82E4-4C56-A6A6-E2B51ACAB5CF, 2021-03-27T07:03:36, true
9DDDD405-82E4-4C56-A6A6-E2B51ACAB5CF, 2021-03-27T07:04:38, true
9DDDD405-82E4-4C56-A6A6-E2B51ACAB5CF, 2021-03-27T07:05:38, true
9DDDD405-82E4-4C56-A6A6-E2B51ACAB5CF, 2021-03-27T07:06:44, true
9DDDD405-82E4-4C56-A6A6-E2B51ACAB5CF, 2021-03-27T07:07:50, true
9DDDD405-82E4-4C56-A6A6-E2B51ACAB5CF, 2021-03-27T07:08:52, true
9DDDD405-82E4-4C56-A6A6-E2B51ACAB5CF, 2021-03-27T07:09:52, false
9DDDD405-82E4-4C56-A6A6-E2B51ACAB5CF, 2021-03-27T07:10:52, false
9DDDD405-82E4-4C56-A6A6-E2B51ACAB5CF, 2021-03-27T07:11:52, false
9DDDD405-82E4-4C56-A6A6-E2B51ACAB5CF, 2021-03-27T07:12:52, false
9DDDD405-82E4-4C56-A6A6-E2B51ACAB5CF, 2021-03-27T07:13:52, false
9DDDD405-82E4-4C56-A6A6-E2B51ACAB5CF, 2021-03-27T07:14:52, false
9DDDD405-82E4-4C56-A6A6-E2B51ACAB5CF, 2021-03-27T07:15:52, false
9DDDD405-82E4-4C56-A6A6-E2B51ACAB5CF, 2021-03-27T07:16:52, false
9DDDD405-82E4-4C56-A6A6-E2B51ACAB5CF, 2021-03-27T07:17:52, false
9DDDD405-82E4-4C56-A6A6-E2B51ACAB5CF, 2021-03-27T07:18:52, false
9DDDD405-82E4-4C56-A6A6-E2B51ACAB5CF, 2021-03-27T07:19:52, false
9DDDD405-82E4-4C56-A6A6-E2B51ACAB5CF, 2021-03-27T07:20:52, false
9DDDD405-82E4-4C56-A6A6-E2B51ACAB5CF, 2021-03-27T07:21:52, false
9DDDD405-82E4-4C56-A6A6-E2B51ACAB5CF, 2021-03-27T07:22:52, false
9DDDD405-82E4-4C56-A6A6-E2B51ACAB5CF, 2021-03-27T07:23:52, false
9DDDD405-82E4-4C56-A6A6-E2B51ACAB5CF, 2021-03-27T07:24:52, false
9DDDD405-82E4-4C56-A6A6-E2B51ACAB5CF, 2021-03-27T07:25:52, false
9DDDD405-82E4-4C56-A6A6-E2B51ACAB5CF, 2021-03-27T07:26:52, false
9DDDD405-82E4-4C56-A6A6-E2B51ACAB5CF, 2021-03-27T07:27:52, false
9DDDD405-82E4-4C56-A6A6-E2B51ACAB5CF, 2021-03-27T07:28:52, false
9DDDD405-82E4-4C56-A6A6-E2B51ACAB5CF, 2021-03-27T07:29:52, false
9DDDD405-82E4-4C56-A6A6-E2B51ACAB5CF, 2021-03-27T07:30:52, false
9DDDD405-82E4-4C56-A6A6-E2B51ACAB5CF, 2021-03-27T07:31:52, false
9DDDD405-82E4-4C56-A6A6-E2B51ACAB5CF, 2021-03-27T07:32:52, false
9DDDD405-82E4-4C56-A6A6-E2B51ACAB5CF, 2021-03-27T07:33:52, false
9DDDD405-82E4-4C56-A6A6-E2B51ACAB5CF, 2021-03-27T07:34:52, false
9DDDD405-82E4-4C56-A6A6-E2B51ACAB5CF, 2021-03-27T07:35:52, false
9DDDD405-82E4-4C56-A6A6-E2B51ACAB5CF, 2021-03-27T07:36:52, false
9DDDD405-82E4-4C56-A6A6-E2B51ACAB5CF, 2021-03-27T07:37:52, false
9DDDD405-82E4-4C56-A6A6-E2B51ACAB5CF, 2021-03-27T07:38:52, false
9DDDD405-82E4-4C56-A6A6-E2B51ACAB5CF, 2021-03-27T07:39:52, false
9DDDD405-82E4-4C56-A6A6-E2B51ACAB5CF, 2021-03-27T07:40:52, false
9DDDD405-82E4-4C56-A6A6-E2B51ACAB5CF, 2021-03-27T07:41:52, false
9DDDD405-82E4-4C56-A6A6-E2B51ACAB5CF, 2021-03-27T07:42:52, false
9DDDD405-82E4-4C56-A6A6-E2B51ACAB5CF, 2021-03-27T07:43:52, false
9DDDD405-82E4-4C56-A6A6-E2B51ACAB5CF, 2021-03-27T07:44:52, false
9DDDD405-82E4-4C56-A6A6-E2B51ACAB5CF, 2021-03-27T07:45:52, false
9DDDD405-82E4-4C56-A6A6-E2B51ACAB5CF, 2021-03-27T07:46:52, false
9DDDD405-82E4-4C56-A6A6-E2B51ACAB5CF, 2021-03-27T07:47:52, false
9DDDD405-82E4-4C56-A6A6-E2B51ACAB5CF, 2021-03-27T07:48:52, false
9DDDD405-82E4-4C56-A6A6-E2B51ACAB5CF, 2021-03-27T07:49:52, false
9DDDD405-82E4-4C56-A6A6-E2B51ACAB5CF, 2021-03-27T07:50:52, false
9DDDD405-82E4-4C56-A6A6-E2B51ACAB5CF, 2021-03-27T07:51:52, false
9DDDD405-82E4-4C56-A6A6-E2B51ACAB5CF, 2021-03-27T07:52:52, false
9DDDD405-82E4-4C56-A6A6-E2B51ACAB5CF, 2021-03-27T07:53:52, false
9DDDD405-82E4-4C56-A6A6-E2B51ACAB5CF, 2021-03-27T07:54:52, false
9DDDD405-82E4-4C56-A6A6-E2B51ACAB5CF, 2021-03-27T07:55:52, false
9DDDD405-82E4-4C56-A6A6-E2B51ACAB5CF, 2021-03-27T07:56:52, false
9DDDD405-82E4-4C56-A6A6-E2B51ACAB5CF, 2021-03-27T07:57:52, false
9DDDD405-82E4-4C56-A6A6-E2B51ACAB5CF, 2021-03-27T07:58:52, false
9DDDD405-82E4-4C56-A6A6-E2B51ACAB5CF, 2021-03-27T07:59:52, false
9DDDD405-82E4-4C56-A6A6-E2B51ACAB5CF, 2021-03-27T08:00:52, false
9DDDD405-82E4-4C56-A6A6-E2B51ACAB5CF, 2021-03-27T08:01:52, false
9DDDD405-82E4-4C56-A6A6-E2B51ACAB5CF, 2021-03-27T08:02:52, false
9DDDD405-82E4-4C56-A6A6-E2B51ACAB5CF, 2021-03-27T08:03:52, false
9DDDD405-82E4-4C56-A6A6-E2B51ACAB5CF, 2021-03-27T08:04:52, false
9DDDD405-82E4-4C56-A6A6-E2B51ACAB5CF, 2021-03-27T08:05:52, false
9DDDD405-82E4-4C56-A6A6-E2B51ACAB5CF, 2021-03-27T08:06:52, false
9DDDD405-82E4-4C56-A6A6-E2B51ACAB5CF, 2021-03-27T08:07:52, false
9DDDD405-82E4-4C56-A6A6-E2B51ACAB5CF, 2021-03-27T08:08:52, false
9DDDD405-82E4-4C56-A6A6-E2B51ACAB5CF, 2021-03-27T08:09:52, false
9DDDD405-82E4-4C56-A6A6-E2B51ACAB5CF, 2021-03-27T08:10:52, false
9DDDD405-82E4-4C56-A6A6-E2B51ACAB5CF, 2021-03-27T08:11:52, false
9DDDD405-82E4-4C56-A6A6-E2B51ACAB5CF, 2021-03-27T08:12:52, false
9DDDD405-82E4-4C56-A6A6-E2B51ACAB5CF, 2021-03-27T08:13:52, false
9DDDD405-82E4-4C56-A6A6-E2B51ACAB5CF, 2021-03-27T08:14:52, false
9DDDD405-82E4-4C56-A6A6-E2B51ACAB5CF, 2021-03-27T08:15:52, false
9DDDD405-82E4-4C56-A6A6-E2B51ACAB5CF, 2021-03-27T08:16:52, false
9DDDD405-82E4-4C56-A6A6-E2B51ACAB5CF, 2021-03-27T08:17:52, false
9DDDD405-82E4-4C56-A6A6-E2B51ACAB5CF, 2021-03-27T08:18:52, false
9DDDD405-82E4-4C56-A6A6-E2B51ACAB5CF, 2021-03-27T08:19:52, false
9DDDD405-82E4-4C56-A6A6-E2B51ACAB5CF, 2021-03-27T08:20:52, false
9DDDD405-82E4-4C56-A6A6-E2B51ACAB5CF, 2021-03-27T08:21:52, false
9DDDD405-82E4-4C56-A6A6-E2B51ACAB5CF, 2021-03-27T08:22:52, false
9DDDD405-82E4-4C56-A6A6-E2B51ACAB5CF, 2021-03-27T08:23:52, false
9DDDD405-82E4-4C56-A6A6-E2B51ACAB5CF, 2021-03-27T08:24:52, false
9DDDD405-82E4-4C56-A6A6-E2B51ACAB5CF, 2021-03-27T08:25:52, false
9DDDD405-82E4-4C56-A6A6-E2B51ACAB5CF, 2021-03-27T08:26:52, false
9DDDD405-82E4-4C56-A6A6-E2B51ACAB5CF, 2021-03-27T08:27:52, false
9DDDD405-82E4-4C56-A6A6-E2B51ACAB5CF, 2021-03-27T08:28:52, false
9DDDD405-82E4-4C56-A6A6-E2B51ACAB5CF, 2021-03-27T08:29:52, false
9DDDD405-82E4-4C56-A6A6-E2B51ACAB5CF, 2021-03-27T08:30:46, true
9DDDD405-82E4-4C56-A6A6-E2B51ACAB5CF, 2021-03-27T08:31:46, false
9DDDD405-82E4-4C56-A6A6-E2B51ACAB5CF, 2021-03-27T08:32:19, true
9DDDD405-82E4-4C56-A6A6-E2B51ACAB5CF, 2021-03-27T08:33:20, true
9DDDD405-82E4-4C56-A6A6-E2B51ACAB5CF, 2021-03-27T08:34:23, true
9DDDD405-82E4-4C56-A6A6-E2B51ACAB5CF, 2021-03-27T08:35:23, true
9DDDD405-82E4-4C56-A6A6-E2B51ACAB5CF, 2021-03-27T08:36:38, true
9DDDD405-82E4-4C56-A6A6-E2B51ACAB5CF, 2021-03-27T08:37:39, true
9DDDD405-82E4-4C56-A6A6-E2B51ACAB5CF, 2021-03-27T08:38:39, true
9DDDD405-82E4-4C56-A6A6-E2B51ACAB5CF, 2021-03-27T08:39:43, true
9DDDD405-82E4-4C56-A6A6-E2B51ACAB5CF, 2021-03-27T08:40:43, true
9DDDD405-82E4-4C56-A6A6-E2B51ACAB5CF, 2021-03-27T08:41:43, true
9DDDD405-82E4-4C56-A6A6-E2B51ACAB5CF, 2021-03-27T08:42:47, true
9DDDD405-82E4-4C56-A6A6-E2B51ACAB5CF, 2021-03-27T08:43:50, true
9DDDD405-82E4-4C56-A6A6-E2B51ACAB5CF, 2021-03-27T08:44:53, true
9DDDD405-82E4-4C56-A6A6-E2B51ACAB5CF, 2021-03-27T08:45:55, true
9DDDD405-82E4-4C56-A6A6-E2B51ACAB5CF, 2021-03-27T08:46:59, true
9DDDD405-82E4-4C56-A6A6-E2B51ACAB5CF, 2021-03-27T08:48:01, true
9DDDD405-82E4-4C56-A6A6-E2B51ACAB5CF, 2021-03-27T08:49:01, true
9DDDD405-82E4-4C56-A6A6-E2B51ACAB5CF, 2021-03-27T08:50:04, true
9DDDD405-82E4-4C56-A6A6-E2B51ACAB5CF, 2021-03-27T08:51:06, true
9DDDD405-82E4-4C56-A6A6-E2B51ACAB5CF, 2021-03-27T08:52:09, true
9DDDD405-82E4-4C56-A6A6-E2B51ACAB5CF, 2021-03-27T08:53:13, true
9DDDD405-82E4-4C56-A6A6-E2B51ACAB5CF, 2021-03-27T08:54:16, true
9DDDD405-82E4-4C56-A6A6-E2B51ACAB5CF, 2021-03-27T08:55:16, true
9DDDD405-82E4-4C56-A6A6-E2B51ACAB5CF, 2021-03-27T08:56:41, true
9DDDD405-82E4-4C56-A6A6-E2B51ACAB5CF, 2021-03-27T08:57:44, true
9DDDD405-82E4-4C56-A6A6-E2B51ACAB5CF, 2021-03-27T08:58:44, true
9DDDD405-82E4-4C56-A6A6-E2B51ACAB5CF, 2021-03-27T08:59:45, true
9DDDD405-82E4-4C56-A6A6-E2B51ACAB5CF, 2021-03-27T09:00:48, true
9DDDD405-82E4-4C56-A6A6-E2B51ACAB5CF, 2021-03-27T09:01:49, true
9DDDD405-82E4-4C56-A6A6-E2B51ACAB5CF, 2021-03-27T09:02:50, true
9DDDD405-82E4-4C56-A6A6-E2B51ACAB5CF, 2021-03-27T09:04:00, true
9DDDD405-82E4-4C56-A6A6-E2B51ACAB5CF, 2021-03-27T09:05:01, true
9DDDD405-82E4-4C56-A6A6-E2B51ACAB5CF, 2021-03-27T09:06:02, true
9DDDD405-82E4-4C56-A6A6-E2B51ACAB5CF, 2021-03-27T09:07:02, true
9DDDD405-82E4-4C56-A6A6-E2B51ACAB5CF, 2021-03-27T09:08:06, true
9DDDD405-82E4-4C56-A6A6-E2B51ACAB5CF, 2021-03-27T09:09:10, true
9DDDD405-82E4-4C56-A6A6-E2B51ACAB5CF, 2021-03-27T09:10:16, true
9DDDD405-82E4-4C56-A6A6-E2B51ACAB5CF, 2021-03-27T09:11:18, true
9DDDD405-82E4-4C56-A6A6-E2B51ACAB5CF, 2021-03-27T09:12:19, true
9DDDD405-82E4-4C56-A6A6-E2B51ACAB5CF, 2021-03-27T09:13:24, true
9DDDD405-82E4-4C56-A6A6-E2B51ACAB5CF, 2021-03-27T09:14:24, true
9DDDD405-82E4-4C56-A6A6-E2B51ACAB5CF, 2021-03-27T09:15:31, true
9DDDD405-82E4-4C56-A6A6-E2B51ACAB5CF, 2021-03-27T09:16:32, true
9DDDD405-82E4-4C56-A6A6-E2B51ACAB5CF, 2021-03-27T09:17:33, true
9DDDD405-82E4-4C56-A6A6-E2B51ACAB5CF, 2021-03-27T09:18:37, true
9DDDD405-82E4-4C56-A6A6-E2B51ACAB5CF, 2021-03-27T09:19:40, true
9DDDD405-82E4-4C56-A6A6-E2B51ACAB5CF, 2021-03-27T09:20:41, true
9DDDD405-82E4-4C56-A6A6-E2B51ACAB5CF, 2021-03-27T09:21:47, true
9DDDD405-82E4-4C56-A6A6-E2B51ACAB5CF, 2021-03-27T09:22:47, false
9DDDD405-82E4-4C56-A6A6-E2B51ACAB5CF, 2021-03-27T09:23:21, true
9DDDD405-82E4-4C56-A6A6-E2B51ACAB5CF, 2021-03-27T09:24:21, false
9DDDD405-82E4-4C56-A6A6-E2B51ACAB5CF, 2021-03-27T09:25:21, false
9DDDD405-82E4-4C56-A6A6-E2B51ACAB5CF, 2021-03-27T09:25:56, true
9DDDD405-82E4-4C56-A6A6-E2B51ACAB5CF, 2021-03-27T09:26:59, true
9DDDD405-82E4-4C56-A6A6-E2B51ACAB5CF, 2021-03-27T09:27:59, true
9DDDD405-82E4-4C56-A6A6-E2B51ACAB5CF, 2021-03-27T09:29:03, true
9DDDD405-82E4-4C56-A6A6-E2B51ACAB5CF, 2021-03-27T09:30:04, true
9DDDD405-82E4-4C56-A6A6-E2B51ACAB5CF, 2021-03-27T09:31:08, true
9DDDD405-82E4-4C56-A6A6-E2B51ACAB5CF, 2021-03-27T09:32:08, true
9DDDD405-82E4-4C56-A6A6-E2B51ACAB5CF, 2021-03-27T09:33:19, true
9DDDD405-82E4-4C56-A6A6-E2B51ACAB5CF, 2021-03-27T09:34:19, true
9DDDD405-82E4-4C56-A6A6-E2B51ACAB5CF, 2021-03-27T09:35:22, true
9DDDD405-82E4-4C56-A6A6-E2B51ACAB5CF, 2021-03-27T09:36:24, true
9DDDD405-82E4-4C56-A6A6-E2B51ACAB5CF, 2021-03-27T09:37:25, true
9DDDD405-82E4-4C56-A6A6-E2B51ACAB5CF, 2021-03-27T09:38:27, true
9DDDD405-82E4-4C56-A6A6-E2B51ACAB5CF, 2021-03-27T09:39:28, true
9DDDD405-82E4-4C56-A6A6-E2B51ACAB5CF, 2021-03-27T09:40:29, true
9DDDD405-82E4-4C56-A6A6-E2B51ACAB5CF, 2021-03-27T09:41:30, true
9DDDD405-82E4-4C56-A6A6-E2B51ACAB5CF, 2021-03-27T09:42:30, true
9DDDD405-82E4-4C56-A6A6-E2B51ACAB5CF, 2021-03-27T09:43:33, true
9DDDD405-82E4-4C56-A6A6-E2B51ACAB5CF, 2021-03-27T09:44:35, true
9DDDD405-82E4-4C56-A6A6-E2B51ACAB5CF, 2021-03-27T09:45:38, true
9DDDD405-82E4-4C56-A6A6-E2B51ACAB5CF, 2021-03-27T09:46:41, true
9DDDD405-82E4-4C56-A6A6-E2B51ACAB5CF, 2021-03-27T09:47:44, true
9DDDD405-82E4-4C56-A6A6-E2B51ACAB5CF, 2021-03-27T09:48:45, true
9DDDD405-82E4-4C56-A6A6-E2B51ACAB5CF, 2021-03-27T09:49:49, true
9DDDD405-82E4-4C56-A6A6-E2B51ACAB5CF, 2021-03-27T09:51:14, true
9DDDD405-82E4-4C56-A6A6-E2B51ACAB5CF, 2021-03-27T09:52:14, true
9DDDD405-82E4-4C56-A6A6-E2B51ACAB5CF, 2021-03-27T09:53:19, true
9DDDD405-82E4-4C56-A6A6-E2B51ACAB5CF, 2021-03-27T09:54:21, true
9DDDD405-82E4-4C56-A6A6-E2B51ACAB5CF, 2021-03-27T09:55:45, true
9DDDD405-82E4-4C56-A6A6-E2B51ACAB5CF, 2021-03-27T09:56:52, true
9DDDD405-82E4-4C56-A6A6-E2B51ACAB5CF, 2021-03-27T09:57:53, true
9DDDD405-82E4-4C56-A6A6-E2B51ACAB5CF, 2021-03-27T09:58:57, true
9DDDD405-82E4-4C56-A6A6-E2B51ACAB5CF, 2021-03-27T10:00:01, true
9DDDD405-82E4-4C56-A6A6-E2B51ACAB5CF, 2021-03-27T10:01:03, true
9DDDD405-82E4-4C56-A6A6-E2B51ACAB5CF, 2021-03-27T10:02:12, true
9DDDD405-82E4-4C56-A6A6-E2B51ACAB5CF, 2021-03-27T10:03:16, true
9DDDD405-82E4-4C56-A6A6-E2B51ACAB5CF, 2021-03-27T10:04:18, true
9DDDD405-82E4-4C56-A6A6-E2B51ACAB5CF, 2021-03-27T10:05:21, true
9DDDD405-82E4-4C56-A6A6-E2B51ACAB5CF, 2021-03-27T10:06:25, true
9DDDD405-82E4-4C56-A6A6-E2B51ACAB5CF, 2021-03-27T10:07:42, true
9DDDD405-82E4-4C56-A6A6-E2B51ACAB5CF, 2021-03-27T10:08:44, true
9DDDD405-82E4-4C56-A6A6-E2B51ACAB5CF, 2021-03-27T10:09:55, true
9DDDD405-82E4-4C56-A6A6-E2B51ACAB5CF, 2021-03-27T10:11:07, true
9DDDD405-82E4-4C56-A6A6-E2B51ACAB5CF, 2021-03-27T10:12:08, true
9DDDD405-82E4-4C56-A6A6-E2B51ACAB5CF, 2021-03-27T10:13:08, true
9DDDD405-82E4-4C56-A6A6-E2B51ACAB5CF, 2021-03-27T10:14:13, true
9DDDD405-82E4-4C56-A6A6-E2B51ACAB5CF, 2021-03-27T10:15:14, true
9DDDD405-82E4-4C56-A6A6-E2B51ACAB5CF, 2021-03-27T10:16:14, true
9DDDD405-82E4-4C56-A6A6-E2B51ACAB5CF, 2021-03-27T10:17:18, true
9DDDD405-82E4-4C56-A6A6-E2B51ACAB5CF, 2021-03-27T10:18:25, true
9DDDD405-82E4-4C56-A6A6-E2B51ACAB5CF, 2021-03-27T10:19:29, true
9DDDD405-82E4-4C56-A6A6-E2B51ACAB5CF, 2021-03-27T10:20:31, true
9DDDD405-82E4-4C56-A6A6-E2B51ACAB5CF, 2021-03-27T10:21:38, true
9DDDD405-82E4-4C56-A6A6-E2B51ACAB5CF, 2021-03-27T10:22:41, true
9DDDD405-82E4-4C56-A6A6-E2B51ACAB5CF, 2021-03-27T10:23:41, false
9DDDD405-82E4-4C56-A6A6-E2B51ACAB5CF, 2021-03-27T10:24:41, false
9DDDD405-82E4-4C56-A6A6-E2B51ACAB5CF, 2021-03-27T10:25:12, true
9DDDD405-82E4-4C56-A6A6-E2B51ACAB5CF, 2021-03-27T10:26:14, true
9DDDD405-82E4-4C56-A6A6-E2B51ACAB5CF, 2021-03-27T10:27:19, true
9DDDD405-82E4-4C56-A6A6-E2B51ACAB5CF, 2021-03-27T10:28:19, false
9DDDD405-82E4-4C56-A6A6-E2B51ACAB5CF, 2021-03-27T10:29:19, false
9DDDD405-82E4-4C56-A6A6-E2B51ACAB5CF, 2021-03-27T10:30:19, false
9DDDD405-82E4-4C56-A6A6-E2B51ACAB5CF, 2021-03-27T10:31:19, false
9DDDD405-82E4-4C56-A6A6-E2B51ACAB5CF, 2021-03-27T10:32:19, false
9DDDD405-82E4-4C56-A6A6-E2B51ACAB5CF, 2021-03-27T10:33:19, false
9DDDD405-82E4-4C56-A6A6-E2B51ACAB5CF, 2021-03-27T10:34:19, false
9DDDD405-82E4-4C56-A6A6-E2B51ACAB5CF, 2021-03-27T10:35:19, false
9DDDD405-82E4-4C56-A6A6-E2B51ACAB5CF, 2021-03-27T10:36:19, false
9DDDD405-82E4-4C56-A6A6-E2B51ACAB5CF, 2021-03-27T10:37:19, false
9DDDD405-82E4-4C56-A6A6-E2B51ACAB5CF, 2021-03-27T10:38:19, false
9DDDD405-82E4-4C56-A6A6-E2B51ACAB5CF, 2021-03-27T10:39:19, false
9DDDD405-82E4-4C56-A6A6-E2B51ACAB5CF, 2021-03-27T10:40:19, false
9DDDD405-82E4-4C56-A6A6-E2B51ACAB5CF, 2021-03-27T10:41:19, false
9DDDD405-82E4-4C56-A6A6-E2B51ACAB5CF, 2021-03-27T10:42:19, false
9DDDD405-82E4-4C56-A6A6-E2B51ACAB5CF, 2021-03-27T10:43:19, false
9DDDD405-82E4-4C56-A6A6-E2B51ACAB5CF, 2021-03-27T10:44:19, false
9DDDD405-82E4-4C56-A6A6-E2B51ACAB5CF, 2021-03-27T10:45:19, false
9DDDD405-82E4-4C56-A6A6-E2B51ACAB5CF, 2021-03-27T10:46:19, false
9DDDD405-82E4-4C56-A6A6-E2B51ACAB5CF, 2021-03-27T10:47:19, false
9DDDD405-82E4-4C56-A6A6-E2B51ACAB5CF, 2021-03-27T10:48:19, false
9DDDD405-82E4-4C56-A6A6-E2B51ACAB5CF, 2021-03-27T10:49:19, false
9DDDD405-82E4-4C56-A6A6-E2B51ACAB5CF, 2021-03-27T10:50:19, false
9DDDD405-82E4-4C56-A6A6-E2B51ACAB5CF, 2021-03-27T10:51:19, false
9DDDD405-82E4-4C56-A6A6-E2B51ACAB5CF, 2021-03-27T10:52:19, false
9DDDD405-82E4-4C56-A6A6-E2B51ACAB5CF, 2021-03-27T10:53:19, false
9DDDD405-82E4-4C56-A6A6-E2B51ACAB5CF, 2021-03-27T10:54:19, false
9DDDD405-82E4-4C56-A6A6-E2B51ACAB5CF, 2021-03-27T10:55:19, false
9DDDD405-82E4-4C56-A6A6-E2B51ACAB5CF, 2021-03-27T10:56:19, false
9DDDD405-82E4-4C56-A6A6-E2B51ACAB5CF, 2021-03-27T10:57:19, false
9DDDD405-82E4-4C56-A6A6-E2B51ACAB5CF, 2021-03-27T10:58:19, false
9DDDD405-82E4-4C56-A6A6-E2B51ACAB5CF, 2021-03-27T10:59:19, false
9DDDD405-82E4-4C56-A6A6-E2B51ACAB5CF, 2021-03-27T11:00:19, false
9DDDD405-82E4-4C56-A6A6-E2B51ACAB5CF, 2021-03-27T11:01:19, false
9DDDD405-82E4-4C56-A6A6-E2B51ACAB5CF, 2021-03-27T11:02:19, false
9DDDD405-82E4-4C56-A6A6-E2B51ACAB5CF, 2021-03-27T11:03:19, false
9DDDD405-82E4-4C56-A6A6-E2B51ACAB5CF, 2021-03-27T11:04:19, false
9DDDD405-82E4-4C56-A6A6-E2B51ACAB5CF, 2021-03-27T11:05:19, false
9DDDD405-82E4-4C56-A6A6-E2B51ACAB5CF, 2021-03-27T11:06:19, false
9DDDD405-82E4-4C56-A6A6-E2B51ACAB5CF, 2021-03-27T11:07:19, false
9DDDD405-82E4-4C56-A6A6-E2B51ACAB5CF, 2021-03-27T11:08:19, false
9DDDD405-82E4-4C56-A6A6-E2B51ACAB5CF, 2021-03-27T11:09:19, false
9DDDD405-82E4-4C56-A6A6-E2B51ACAB5CF, 2021-03-27T11:10:19, false
9DDDD405-82E4-4C56-A6A6-E2B51ACAB5CF, 2021-03-27T11:11:19, false
9DDDD405-82E4-4C56-A6A6-E2B51ACAB5CF, 2021-03-27T11:12:19, false
9DDDD405-82E4-4C56-A6A6-E2B51ACAB5CF, 2021-03-27T11:13:19, false
9DDDD405-82E4-4C56-A6A6-E2B51ACAB5CF, 2021-03-27T11:14:19, false
9DDDD405-82E4-4C56-A6A6-E2B51ACAB5CF, 2021-03-27T11:15:19, false
9DDDD405-82E4-4C56-A6A6-E2B51ACAB5CF, 2021-03-27T11:16:19, false
9DDDD405-82E4-4C56-A6A6-E2B51ACAB5CF, 2021-03-27T11:17:19, false
9DDDD405-82E4-4C56-A6A6-E2B51ACAB5CF, 2021-03-27T11:18:19, false
9DDDD405-82E4-4C56-A6A6-E2B51ACAB5CF, 2021-03-27T11:19:19, false
9DDDD405-82E4-4C56-A6A6-E2B51ACAB5CF, 2021-03-27T11:20:19, false
9DDDD405-82E4-4C56-A6A6-E2B51ACAB5CF, 2021-03-27T11:21:19, false
9DDDD405-82E4-4C56-A6A6-E2B51ACAB5CF, 2021-03-27T11:22:19, false
9DDDD405-82E4-4C56-A6A6-E2B51ACAB5CF, 2021-03-27T11:23:19, false
9DDDD405-82E4-4C56-A6A6-E2B51ACAB5CF, 2021-03-27T11:24:19, false
9DDDD405-82E4-4C56-A6A6-E2B51ACAB5CF, 2021-03-27T11:25:19, false
9DDDD405-82E4-4C56-A6A6-E2B51ACAB5CF, 2021-03-27T11:26:19, false
9DDDD405-82E4-4C56-A6A6-E2B51ACAB5CF, 2021-03-27T11:27:19, false
9DDDD405-82E4-4C56-A6A6-E2B51ACAB5CF, 2021-03-27T11:28:19, false
9DDDD405-82E4-4C56-A6A6-E2B51ACAB5CF, 2021-03-27T11:29:19, false
9DDDD405-82E4-4C56-A6A6-E2B51ACAB5CF, 2021-03-27T11:30:19, false
9DDDD405-82E4-4C56-A6A6-E2B51ACAB5CF, 2021-03-27T11:31:19, false
9DDDD405-82E4-4C56-A6A6-E2B51ACAB5CF, 2021-03-27T11:32:19, false
9DDDD405-82E4-4C56-A6A6-E2B51ACAB5CF, 2021-03-27T11:33:19, false
9DDDD405-82E4-4C56-A6A6-E2B51ACAB5CF, 2021-03-27T11:34:19, false
9DDDD405-82E4-4C56-A6A6-E2B51ACAB5CF, 2021-03-27T11:35:19, false
9DDDD405-82E4-4C56-A6A6-E2B51ACAB5CF, 2021-03-27T11:36:19, false
9DDDD405-82E4-4C56-A6A6-E2B51ACAB5CF, 2021-03-27T11:37:19, false
9DDDD405-82E4-4C56-A6A6-E2B51ACAB5CF, 2021-03-27T11:38:19, false
9DDDD405-82E4-4C56-A6A6-E2B51ACAB5CF, 2021-03-27T11:39:19, false
9DDDD405-82E4-4C56-A6A6-E2B51ACAB5CF, 2021-03-27T11:40:19, false
9DDDD405-82E4-4C56-A6A6-E2B51ACAB5CF, 2021-03-27T11:41:19, false
9DDDD405-82E4-4C56-A6A6-E2B51ACAB5CF, 2021-03-27T11:42:19, false
9DDDD405-82E4-4C56-A6A6-E2B51ACAB5CF, 2021-03-27T11:43:19, false
9DDDD405-82E4-4C56-A6A6-E2B51ACAB5CF, 2021-03-27T11:44:19, false
9DDDD405-82E4-4C56-A6A6-E2B51ACAB5CF, 2021-03-27T11:45:19, false
9DDDD405-82E4-4C56-A6A6-E2B51ACAB5CF, 2021-03-27T11:46:19, false
9DDDD405-82E4-4C56-A6A6-E2B51ACAB5CF, 2021-03-27T11:47:19, false
9DDDD405-82E4-4C56-A6A6-E2B51ACAB5CF, 2021-03-27T11:48:19, false
9DDDD405-82E4-4C56-A6A6-E2B51ACAB5CF, 2021-03-27T11:49:19, false
9DDDD405-82E4-4C56-A6A6-E2B51ACAB5CF, 2021-03-27T11:50:19, false
9DDDD405-82E4-4C56-A6A6-E2B51ACAB5CF, 2021-03-27T11:51:19, false
9DDDD405-82E4-4C56-A6A6-E2B51ACAB5CF, 2021-03-27T11:52:19, false
9DDDD405-82E4-4C56-A6A6-E2B51ACAB5CF, 2021-03-27T11:53:19, false
9DDDD405-82E4-4C56-A6A6-E2B51ACAB5CF, 2021-03-27T11:54:19, false
9DDDD405-82E4-4C56-A6A6-E2B51ACAB5CF, 2021-03-27T11:55:19, false
9DDDD405-82E4-4C56-A6A6-E2B51ACAB5CF, 2021-03-27T11:56:19, false
9DDDD405-82E4-4C56-A6A6-E2B51ACAB5CF, 2021-03-27T11:57:19, false
9DDDD405-82E4-4C56-A6A6-E2B51ACAB5CF, 2021-03-27T11:58:19, false
9DDDD405-82E4-4C56-A6A6-E2B51ACAB5CF, 2021-03-27T11:59:19, false
9DDDD405-82E4-4C56-A6A6-E2B51ACAB5CF, 2021-03-27T12:00:19, false
9DDDD405-82E4-4C56-A6A6-E2B51ACAB5CF, 2021-03-27T12:01:19, false
9DDDD405-82E4-4C56-A6A6-E2B51ACAB5CF, 2021-03-27T12:02:19, false
9DDDD405-82E4-4C56-A6A6-E2B51ACAB5CF, 2021-03-27T12:03:19, false
9DDDD405-82E4-4C56-A6A6-E2B51ACAB5CF, 2021-03-27T12:04:19, false
9DDDD405-82E4-4C56-A6A6-E2B51ACAB5CF, 2021-03-27T12:05:19, false
9DDDD405-82E4-4C56-A6A6-E2B51ACAB5CF, 2021-03-27T12:06:19, false
9DDDD405-82E4-4C56-A6A6-E2B51ACAB5CF, 2021-03-27T12:07:19, false
9DDDD405-82E4-4C56-A6A6-E2B51ACAB5CF, 2021-03-27T12:08:19, false
9DDDD405-82E4-4C56-A6A6-E2B51ACAB5CF, 2021-03-27T12:09:19, false
9DDDD405-82E4-4C56-A6A6-E2B51ACAB5CF, 2021-03-27T12:10:19, false
9DDDD405-82E4-4C56-A6A6-E2B51ACAB5CF, 2021-03-27T12:11:19, false
9DDDD405-82E4-4C56-A6A6-E2B51ACAB5CF, 2021-03-27T12:12:19, false
9DDDD405-82E4-4C56-A6A6-E2B51ACAB5CF, 2021-03-27T12:13:19, false
9DDDD405-82E4-4C56-A6A6-E2B51ACAB5CF, 2021-03-27T12:14:19, false
9DDDD405-82E4-4C56-A6A6-E2B51ACAB5CF, 2021-03-27T12:15:19, false
9DDDD405-82E4-4C56-A6A6-E2B51ACAB5CF, 2021-03-27T12:16:19, false
9DDDD405-82E4-4C56-A6A6-E2B51ACAB5CF, 2021-03-27T12:17:19, false
9DDDD405-82E4-4C56-A6A6-E2B51ACAB5CF, 2021-03-27T12:18:19, false
9DDDD405-82E4-4C56-A6A6-E2B51ACAB5CF, 2021-03-27T12:19:19, false
9DDDD405-82E4-4C56-A6A6-E2B51ACAB5CF, 2021-03-27T12:20:19, false
9DDDD405-82E4-4C56-A6A6-E2B51ACAB5CF, 2021-03-27T12:21:19, false
9DDDD405-82E4-4C56-A6A6-E2B51ACAB5CF, 2021-03-27T12:22:19, false
9DDDD405-82E4-4C56-A6A6-E2B51ACAB5CF, 2021-03-27T12:23:19, false
9DDDD405-82E4-4C56-A6A6-E2B51ACAB5CF, 2021-03-27T12:24:19, false
9DDDD405-82E4-4C56-A6A6-E2B51ACAB5CF, 2021-03-27T12:25:19, false
9DDDD405-82E4-4C56-A6A6-E2B51ACAB5CF, 2021-03-27T12:26:19, false
9DDDD405-82E4-4C56-A6A6-E2B51ACAB5CF, 2021-03-27T12:27:19, false
9DDDD405-82E4-4C56-A6A6-E2B51ACAB5CF, 2021-03-27T12:28:19, false
9DDDD405-82E4-4C56-A6A6-E2B51ACAB5CF, 2021-03-27T12:29:19, false
9DDDD405-82E4-4C56-A6A6-E2B51ACAB5CF, 2021-03-27T12:30:19, false
9DDDD405-82E4-4C56-A6A6-E2B51ACAB5CF, 2021-03-27T12:31:19, false
9DDDD405-82E4-4C56-A6A6-E2B51ACAB5CF, 2021-03-27T12:32:19, false
9DDDD405-82E4-4C56-A6A6-E2B51ACAB5CF, 2021-03-27T12:33:19, false
9DDDD405-82E4-4C56-A6A6-E2B51ACAB5CF, 2021-03-27T12:34:19, false
9DDDD405-82E4-4C56-A6A6-E2B51ACAB5CF, 2021-03-27T12:35:19, false
9DDDD405-82E4-4C56-A6A6-E2B51ACAB5CF, 2021-03-27T12:36:19, false
9DDDD405-82E4-4C56-A6A6-E2B51ACAB5CF, 2021-03-27T12:37:19, false
9DDDD405-82E4-4C56-A6A6-E2B51ACAB5CF, 2021-03-27T12:38:19, false
9DDDD405-82E4-4C56-A6A6-E2B51ACAB5CF, 2021-03-27T12:39:19, false
9DDDD405-82E4-4C56-A6A6-E2B51ACAB5CF, 2021-03-27T12:40:19, false
9DDDD405-82E4-4C56-A6A6-E2B51ACAB5CF, 2021-03-27T12:41:19, false
9DDDD405-82E4-4C56-A6A6-E2B51ACAB5CF, 2021-03-27T12:42:19, false
9DDDD405-82E4-4C56-A6A6-E2B51ACAB5CF, 2021-03-27T12:43:19, false
9DDDD405-82E4-4C56-A6A6-E2B51ACAB5CF, 2021-03-27T12:44:19, false
9DDDD405-82E4-4C56-A6A6-E2B51ACAB5CF, 2021-03-27T12:45:19, false
9DDDD405-82E4-4C56-A6A6-E2B51ACAB5CF, 2021-03-27T12:46:19, false
9DDDD405-82E4-4C56-A6A6-E2B51ACAB5CF, 2021-03-27T12:47:19, false
9DDDD405-82E4-4C56-A6A6-E2B51ACAB5CF, 2021-03-27T12:48:19, false
9DDDD405-82E4-4C56-A6A6-E2B51ACAB5CF, 2021-03-27T12:49:19, false
9DDDD405-82E4-4C56-A6A6-E2B51ACAB5CF, 2021-03-27T12:50:19, false
9DDDD405-82E4-4C56-A6A6-E2B51ACAB5CF, 2021-03-27T12:51:19, false
9DDDD405-82E4-4C56-A6A6-E2B51ACAB5CF, 2021-03-27T12:52:19, false
9DDDD405-82E4-4C56-A6A6-E2B51ACAB5CF, 2021-03-27T12:53:19, false
9DDDD405-82E4-4C56-A6A6-E2B51ACAB5CF, 2021-03-27T12:54:19, false
9DDDD405-82E4-4C56-A6A6-E2B51ACAB5CF, 2021-03-27T12:55:19, false
9DDDD405-82E4-4C56-A6A6-E2B51ACAB5CF, 2021-03-27T12:56:19, false
9DDDD405-82E4-4C56-A6A6-E2B51ACAB5CF, 2021-03-27T12:57:19, false
9DDDD405-82E4-4C56-A6A6-E2B51ACAB5CF, 2021-03-27T12:58:19, false
9DDDD405-82E4-4C56-A6A6-E2B51ACAB5CF, 2021-03-27T12:59:19, false
9DDDD405-82E4-4C56-A6A6-E2B51ACAB5CF, 2021-03-27T13:00:19, false
9DDDD405-82E4-4C56-A6A6-E2B51ACAB5CF, 2021-03-27T13:01:19, false
9DDDD405-82E4-4C56-A6A6-E2B51ACAB5CF, 2021-03-27T13:02:19, false
9DDDD405-82E4-4C56-A6A6-E2B51ACAB5CF, 2021-03-27T13:03:19, false
9DDDD405-82E4-4C56-A6A6-E2B51ACAB5CF, 2021-03-27T13:04:19, false
9DDDD405-82E4-4C56-A6A6-E2B51ACAB5CF, 2021-03-27T13:05:19, false
9DDDD405-82E4-4C56-A6A6-E2B51ACAB5CF, 2021-03-27T13:06:19, false
9DDDD405-82E4-4C56-A6A6-E2B51ACAB5CF, 2021-03-27T13:07:19, false
9DDDD405-82E4-4C56-A6A6-E2B51ACAB5CF, 2021-03-27T13:08:19, false
9DDDD405-82E4-4C56-A6A6-E2B51ACAB5CF, 2021-03-27T13:09:19, false
9DDDD405-82E4-4C56-A6A6-E2B51ACAB5CF, 2021-03-27T13:10:19, false
9DDDD405-82E4-4C56-A6A6-E2B51ACAB5CF, 2021-03-27T13:11:19, false
9DDDD405-82E4-4C56-A6A6-E2B51ACAB5CF, 2021-03-27T13:12:19, false
9DDDD405-82E4-4C56-A6A6-E2B51ACAB5CF, 2021-03-27T13:13:19, false
9DDDD405-82E4-4C56-A6A6-E2B51ACAB5CF, 2021-03-27T13:14:19, false
9DDDD405-82E4-4C56-A6A6-E2B51ACAB5CF, 2021-03-27T13:15:19, false
9DDDD405-82E4-4C56-A6A6-E2B51ACAB5CF, 2021-03-27T13:16:19, false
9DDDD405-82E4-4C56-A6A6-E2B51ACAB5CF, 2021-03-27T13:17:19, false
9DDDD405-82E4-4C56-A6A6-E2B51ACAB5CF, 2021-03-27T13:18:19, false
9DDDD405-82E4-4C56-A6A6-E2B51ACAB5CF, 2021-03-27T13:19:19, false
9DDDD405-82E4-4C56-A6A6-E2B51ACAB5CF, 2021-03-27T13:20:19, false
9DDDD405-82E4-4C56-A6A6-E2B51ACAB5CF, 2021-03-27T13:21:19, false
9DDDD405-82E4-4C56-A6A6-E2B51ACAB5CF, 2021-03-27T13:22:19, false
9DDDD405-82E4-4C56-A6A6-E2B51ACAB5CF, 2021-03-27T13:23:19, false
9DDDD405-82E4-4C56-A6A6-E2B51ACAB5CF, 2021-03-27T13:24:19, false
9DDDD405-82E4-4C56-A6A6-E2B51ACAB5CF, 2021-03-27T13:25:19, false
9DDDD405-82E4-4C56-A6A6-E2B51ACAB5CF, 2021-03-27T13:26:19, false
9DDDD405-82E4-4C56-A6A6-E2B51ACAB5CF, 2021-03-27T13:27:19, false
9DDDD405-82E4-4C56-A6A6-E2B51ACAB5CF, 2021-03-27T13:28:19, false
9DDDD405-82E4-4C56-A6A6-E2B51ACAB5CF, 2021-03-27T13:29:19, false
9DDDD405-82E4-4C56-A6A6-E2B51ACAB5CF, 2021-03-27T13:30:19, false
9DDDD405-82E4-4C56-A6A6-E2B51ACAB5CF, 2021-03-27T13:31:19, false
9DDDD405-82E4-4C56-A6A6-E2B51ACAB5CF, 2021-03-27T13:32:19, false
9DDDD405-82E4-4C56-A6A6-E2B51ACAB5CF, 2021-03-27T13:33:19, false
9DDDD405-82E4-4C56-A6A6-E2B51ACAB5CF, 2021-03-27T13:34:19, false
9DDDD405-82E4-4C56-A6A6-E2B51ACAB5CF, 2021-03-27T13:35:19, false
9DDDD405-82E4-4C56-A6A6-E2B51ACAB5CF, 2021-03-27T13:36:19, false
9DDDD405-82E4-4C56-A6A6-E2B51ACAB5CF, 2021-03-27T13:37:19, false
9DDDD405-82E4-4C56-A6A6-E2B51ACAB5CF, 2021-03-27T13:38:19, false
9DDDD405-82E4-4C56-A6A6-E2B51ACAB5CF, 2021-03-27T13:39:19, false
9DDDD405-82E4-4C56-A6A6-E2B51ACAB5CF, 2021-03-27T13:40:19, false
9DDDD405-82E4-4C56-A6A6-E2B51ACAB5CF, 2021-03-27T13:41:19, false
9DDDD405-82E4-4C56-A6A6-E2B51ACAB5CF, 2021-03-27T13:42:19, false
9DDDD405-82E4-4C56-A6A6-E2B51ACAB5CF, 2021-03-27T13:43:19, false
9DDDD405-82E4-4C56-A6A6-E2B51ACAB5CF, 2021-03-27T13:44:19, false
9DDDD405-82E4-4C56-A6A6-E2B51ACAB5CF, 2021-03-27T13:45:19, false
9DDDD405-82E4-4C56-A6A6-E2B51ACAB5CF, 2021-03-27T13:46:19, false
9DDDD405-82E4-4C56-A6A6-E2B51ACAB5CF, 2021-03-27T13:47:19, false
9DDDD405-82E4-4C56-A6A6-E2B51ACAB5CF, 2021-03-27T13:48:19, false
9DDDD405-82E4-4C56-A6A6-E2B51ACAB5CF, 2021-03-27T13:49:19, false
9DDDD405-82E4-4C56-A6A6-E2B51ACAB5CF, 2021-03-27T13:50:19, false
9DDDD405-82E4-4C56-A6A6-E2B51ACAB5CF, 2021-03-27T13:51:19, false
9DDDD405-82E4-4C56-A6A6-E2B51ACAB5CF, 2021-03-27T13:52:19, false
9DDDD405-82E4-4C56-A6A6-E2B51ACAB5CF, 2021-03-27T13:53:19, false
9DDDD405-82E4-4C56-A6A6-E2B51ACAB5CF, 2021-03-27T13:54:19, false
9DDDD405-82E4-4C56-A6A6-E2B51ACAB5CF, 2021-03-27T13:55:19, false
9DDDD405-82E4-4C56-A6A6-E2B51ACAB5CF, 2021-03-27T13:56:19, false
9DDDD405-82E4-4C56-A6A6-E2B51ACAB5CF, 2021-03-27T13:57:19, false
9DDDD405-82E4-4C56-A6A6-E2B51ACAB5CF, 2021-03-27T13:58:19, false
9DDDD405-82E4-4C56-A6A6-E2B51ACAB5CF, 2021-03-27T13:59:19, false
9DDDD405-82E4-4C56-A6A6-E2B51ACAB5CF, 2021-03-27T14:00:19, false
9DDDD405-82E4-4C56-A6A6-E2B51ACAB5CF, 2021-03-27T14:01:19, false
9DDDD405-82E4-4C56-A6A6-E2B51ACAB5CF, 2021-03-27T14:02:19, false
9DDDD405-82E4-4C56-A6A6-E2B51ACAB5CF, 2021-03-27T14:03:19, false
9DDDD405-82E4-4C56-A6A6-E2B51ACAB5CF, 2021-03-27T14:04:19, false
9DDDD405-82E4-4C56-A6A6-E2B51ACAB5CF, 2021-03-27T14:05:19, false
9DDDD405-82E4-4C56-A6A6-E2B51ACAB5CF, 2021-03-27T14:06:42, true
9DDDD405-82E4-4C56-A6A6-E2B51ACAB5CF, 2021-03-27T14:07:45, true
9DDDD405-82E4-4C56-A6A6-E2B51ACAB5CF, 2021-03-27T14:08:50, true
9DDDD405-82E4-4C56-A6A6-E2B51ACAB5CF, 2021-03-27T14:10:04, true
9DDDD405-82E4-4C56-A6A6-E2B51ACAB5CF, 2021-03-27T14:11:08, true
9DDDD405-82E4-4C56-A6A6-E2B51ACAB5CF, 2021-03-27T14:12:17, true
9DDDD405-82E4-4C56-A6A6-E2B51ACAB5CF, 2021-03-27T14:13:20, true
9DDDD405-82E4-4C56-A6A6-E2B51ACAB5CF, 2021-03-27T14:14:24, true
9DDDD405-82E4-4C56-A6A6-E2B51ACAB5CF, 2021-03-27T14:15:40, true
9DDDD405-82E4-4C56-A6A6-E2B51ACAB5CF, 2021-03-27T14:16:44, true
9DDDD405-82E4-4C56-A6A6-E2B51ACAB5CF, 2021-03-27T14:17:47, true
9DDDD405-82E4-4C56-A6A6-E2B51ACAB5CF, 2021-03-27T14:19:08, true
9DDDD405-82E4-4C56-A6A6-E2B51ACAB5CF, 2021-03-27T14:20:10, true
9DDDD405-82E4-4C56-A6A6-E2B51ACAB5CF, 2021-03-27T14:21:13, true
9DDDD405-82E4-4C56-A6A6-E2B51ACAB5CF, 2021-03-27T14:22:16, true
9DDDD405-82E4-4C56-A6A6-E2B51ACAB5CF, 2021-03-27T14:23:18, true
9DDDD405-82E4-4C56-A6A6-E2B51ACAB5CF, 2021-03-27T14:24:19, true
9DDDD405-82E4-4C56-A6A6-E2B51ACAB5CF, 2021-03-27T14:25:24, true
9DDDD405-82E4-4C56-A6A6-E2B51ACAB5CF, 2021-03-27T14:26:24, false
9DDDD405-82E4-4C56-A6A6-E2B51ACAB5CF, 2021-03-27T14:27:02, true
9DDDD405-82E4-4C56-A6A6-E2B51ACAB5CF, 2021-03-27T14:28:06, true
9DDDD405-82E4-4C56-A6A6-E2B51ACAB5CF, 2021-03-27T14:29:13, true
9DDDD405-82E4-4C56-A6A6-E2B51ACAB5CF, 2021-03-27T14:30:21, true
9DDDD405-82E4-4C56-A6A6-E2B51ACAB5CF, 2021-03-27T14:31:27, true
9DDDD405-82E4-4C56-A6A6-E2B51ACAB5CF, 2021-03-27T14:32:36, true
9DDDD405-82E4-4C56-A6A6-E2B51ACAB5CF, 2021-03-27T14:33:51, true
9DDDD405-82E4-4C56-A6A6-E2B51ACAB5CF, 2021-03-27T14:34:53, true
9DDDD405-82E4-4C56-A6A6-E2B51ACAB5CF, 2021-03-27T14:36:02, true
9DDDD405-82E4-4C56-A6A6-E2B51ACAB5CF, 2021-03-27T14:37:06, true
9DDDD405-82E4-4C56-A6A6-E2B51ACAB5CF, 2021-03-27T14:38:11, true
9DDDD405-82E4-4C56-A6A6-E2B51ACAB5CF, 2021-03-27T14:39:13, true
9DDDD405-82E4-4C56-A6A6-E2B51ACAB5CF, 2021-03-27T14:40:14, true
9DDDD405-82E4-4C56-A6A6-E2B51ACAB5CF, 2021-03-27T14:41:17, true
9DDDD405-82E4-4C56-A6A6-E2B51ACAB5CF, 2021-03-27T14:42:19, true
9DDDD405-82E4-4C56-A6A6-E2B51ACAB5CF, 2021-03-27T14:43:21, true
9DDDD405-82E4-4C56-A6A6-E2B51ACAB5CF, 2021-03-27T14:44:21, true
9DDDD405-82E4-4C56-A6A6-E2B51ACAB5CF, 2021-03-27T14:45:33, true
9DDDD405-82E4-4C56-A6A6-E2B51ACAB5CF, 2021-03-27T14:46:38, true
9DDDD405-82E4-4C56-A6A6-E2B51ACAB5CF, 2021-03-27T14:47:43, true
9DDDD405-82E4-4C56-A6A6-E2B51ACAB5CF, 2021-03-27T14:48:43, true
9DDDD405-82E4-4C56-A6A6-E2B51ACAB5CF, 2021-03-27T14:49:44, true
9DDDD405-82E4-4C56-A6A6-E2B51ACAB5CF, 2021-03-27T14:50:44, true
9DDDD405-82E4-4C56-A6A6-E2B51ACAB5CF, 2021-03-27T14:51:47, true
9DDDD405-82E4-4C56-A6A6-E2B51ACAB5CF, 2021-03-27T14:52:51, true
9DDDD405-82E4-4C56-A6A6-E2B51ACAB5CF, 2021-03-27T14:53:54, true
9DDDD405-82E4-4C56-A6A6-E2B51ACAB5CF, 2021-03-27T14:54:56, true
9DDDD405-82E4-4C56-A6A6-E2B51ACAB5CF, 2021-03-27T14:56:08, true
9DDDD405-82E4-4C56-A6A6-E2B51ACAB5CF, 2021-03-27T14:57:10, true
9DDDD405-82E4-4C56-A6A6-E2B51ACAB5CF, 2021-03-27T14:58:14, true
9DDDD405-82E4-4C56-A6A6-E2B51ACAB5CF, 2021-03-27T14:59:24, true
9DDDD405-82E4-4C56-A6A6-E2B51ACAB5CF, 2021-03-27T15:00:27, true
9DDDD405-82E4-4C56-A6A6-E2B51ACAB5CF, 2021-03-27T15:01:30, true
9DDDD405-82E4-4C56-A6A6-E2B51ACAB5CF, 2021-03-27T15:02:41, true
9DDDD405-82E4-4C56-A6A6-E2B51ACAB5CF, 2021-03-27T15:03:42, true
9DDDD405-82E4-4C56-A6A6-E2B51ACAB5CF, 2021-03-27T15:04:46, true
9DDDD405-82E4-4C56-A6A6-E2B51ACAB5CF, 2021-03-27T15:05:49, true
9DDDD405-82E4-4C56-A6A6-E2B51ACAB5CF, 2021-03-27T15:07:03, true
9DDDD405-82E4-4C56-A6A6-E2B51ACAB5CF, 2021-03-27T15:08:05, true
9DDDD405-82E4-4C56-A6A6-E2B51ACAB5CF, 2021-03-27T15:09:07, true
9DDDD405-82E4-4C56-A6A6-E2B51ACAB5CF, 2021-03-27T15:10:10, true
9DDDD405-82E4-4C56-A6A6-E2B51ACAB5CF, 2021-03-27T15:11:11, true
9DDDD405-82E4-4C56-A6A6-E2B51ACAB5CF, 2021-03-27T15:12:13, true
9DDDD405-82E4-4C56-A6A6-E2B51ACAB5CF, 2021-03-27T15:13:17, true
9DDDD405-82E4-4C56-A6A6-E2B51ACAB5CF, 2021-03-27T15:14:18, true
9DDDD405-82E4-4C56-A6A6-E2B51ACAB5CF, 2021-03-27T15:15:21, true
9DDDD405-82E4-4C56-A6A6-E2B51ACAB5CF, 2021-03-27T15:16:28, true
9DDDD405-82E4-4C56-A6A6-E2B51ACAB5CF, 2021-03-27T15:17:33, true
9DDDD405-82E4-4C56-A6A6-E2B51ACAB5CF, 2021-03-27T15:18:34, true
9DDDD405-82E4-4C56-A6A6-E2B51ACAB5CF, 2021-03-27T15:19:35, true
9DDDD405-82E4-4C56-A6A6-E2B51ACAB5CF, 2021-03-27T15:20:36, true
9DDDD405-82E4-4C56-A6A6-E2B51ACAB5CF, 2021-03-27T15:21:36, true
9DDDD405-82E4-4C56-A6A6-E2B51ACAB5CF, 2021-03-27T15:22:41, true
9DDDD405-82E4-4C56-A6A6-E2B51ACAB5CF, 2021-03-27T15:23:42, true
9DDDD405-82E4-4C56-A6A6-E2B51ACAB5CF, 2021-03-27T15:24:45, true
9DDDD405-82E4-4C56-A6A6-E2B51ACAB5CF, 2021-03-27T15:25:45, true
9DDDD405-82E4-4C56-A6A6-E2B51ACAB5CF, 2021-03-27T15:26:46, true
9DDDD405-82E4-4C56-A6A6-E2B51ACAB5CF, 2021-03-27T15:27:46, false
9DDDD405-82E4-4C56-A6A6-E2B51ACAB5CF, 2021-03-27T15:28:27, true
9DDDD405-82E4-4C56-A6A6-E2B51ACAB5CF, 2021-03-27T15:29:33, true
9DDDD405-82E4-4C56-A6A6-E2B51ACAB5CF, 2021-03-27T15:30:37, true
9DDDD405-82E4-4C56-A6A6-E2B51ACAB5CF, 2021-03-27T15:31:37, true
9DDDD405-82E4-4C56-A6A6-E2B51ACAB5CF, 2021-03-27T15:32:42, true
9DDDD405-82E4-4C56-A6A6-E2B51ACAB5CF, 2021-03-27T15:33:45, true
9DDDD405-82E4-4C56-A6A6-E2B51ACAB5CF, 2021-03-27T15:34:48, true
9DDDD405-82E4-4C56-A6A6-E2B51ACAB5CF, 2021-03-27T15:35:51, true
9DDDD405-82E4-4C56-A6A6-E2B51ACAB5CF, 2021-03-27T15:36:51, true
9DDDD405-82E4-4C56-A6A6-E2B51ACAB5CF, 2021-03-27T15:37:55, true
9DDDD405-82E4-4C56-A6A6-E2B51ACAB5CF, 2021-03-27T15:39:17, true
9DDDD405-82E4-4C56-A6A6-E2B51ACAB5CF, 2021-03-27T15:40:27, true
9DDDD405-82E4-4C56-A6A6-E2B51ACAB5CF, 2021-03-27T15:41:29, true
9DDDD405-82E4-4C56-A6A6-E2B51ACAB5CF, 2021-03-27T15:42:31, true
9DDDD405-82E4-4C56-A6A6-E2B51ACAB5CF, 2021-03-27T15:43:33, true
9DDDD405-82E4-4C56-A6A6-E2B51ACAB5CF, 2021-03-27T15:44:35, true
9DDDD405-82E4-4C56-A6A6-E2B51ACAB5CF, 2021-03-27T15:45:35, true
9DDDD405-82E4-4C56-A6A6-E2B51ACAB5CF, 2021-03-27T15:46:38, true
9DDDD405-82E4-4C56-A6A6-E2B51ACAB5CF, 2021-03-27T15:47:41, true
9DDDD405-82E4-4C56-A6A6-E2B51ACAB5CF, 2021-03-27T15:48:43, true
9DDDD405-82E4-4C56-A6A6-E2B51ACAB5CF, 2021-03-27T15:49:50, true
9DDDD405-82E4-4C56-A6A6-E2B51ACAB5CF, 2021-03-27T15:51:02, true
9DDDD405-82E4-4C56-A6A6-E2B51ACAB5CF, 2021-03-27T15:52:06, true
9DDDD405-82E4-4C56-A6A6-E2B51ACAB5CF, 2021-03-27T15:53:12, true
9DDDD405-82E4-4C56-A6A6-E2B51ACAB5CF, 2021-03-27T15:54:12, true
9DDDD405-82E4-4C56-A6A6-E2B51ACAB5CF, 2021-03-27T15:55:14, true
9DDDD405-82E4-4C56-A6A6-E2B51ACAB5CF, 2021-03-27T15:56:18, true
9DDDD405-82E4-4C56-A6A6-E2B51ACAB5CF, 2021-03-27T15:57:19, true
9DDDD405-82E4-4C56-A6A6-E2B51ACAB5CF, 2021-03-27T15:58:22, true
9DDDD405-82E4-4C56-A6A6-E2B51ACAB5CF, 2021-03-27T15:59:25, true
9DDDD405-82E4-4C56-A6A6-E2B51ACAB5CF, 2021-03-27T16:00:28, true
9DDDD405-82E4-4C56-A6A6-E2B51ACAB5CF, 2021-03-27T16:01:30, true
9DDDD405-82E4-4C56-A6A6-E2B51ACAB5CF, 2021-03-27T16:02:33, true
9DDDD405-82E4-4C56-A6A6-E2B51ACAB5CF, 2021-03-27T16:03:35, true
9DDDD405-82E4-4C56-A6A6-E2B51ACAB5CF, 2021-03-27T16:04:37, true
9DDDD405-82E4-4C56-A6A6-E2B51ACAB5CF, 2021-03-27T16:05:38, true
9DDDD405-82E4-4C56-A6A6-E2B51ACAB5CF, 2021-03-27T16:06:39, true
9DDDD405-82E4-4C56-A6A6-E2B51ACAB5CF, 2021-03-27T16:07:41, true
9DDDD405-82E4-4C56-A6A6-E2B51ACAB5CF, 2021-03-27T16:08:42, true
9DDDD405-82E4-4C56-A6A6-E2B51ACAB5CF, 2021-03-27T16:09:45, true
9DDDD405-82E4-4C56-A6A6-E2B51ACAB5CF, 2021-03-27T16:10:47, true
9DDDD405-82E4-4C56-A6A6-E2B51ACAB5CF, 2021-03-27T16:11:49, true
9DDDD405-82E4-4C56-A6A6-E2B51ACAB5CF, 2021-03-27T16:13:01, true
9DDDD405-82E4-4C56-A6A6-E2B51ACAB5CF, 2021-03-27T16:14:01, true
9DDDD405-82E4-4C56-A6A6-E2B51ACAB5CF, 2021-03-27T16:15:04, true
9DDDD405-82E4-4C56-A6A6-E2B51ACAB5CF, 2021-03-27T16:16:08, true
9DDDD405-82E4-4C56-A6A6-E2B51ACAB5CF, 2021-03-27T16:17:10, true
9DDDD405-82E4-4C56-A6A6-E2B51ACAB5CF, 2021-03-27T16:18:13, true
9DDDD405-82E4-4C56-A6A6-E2B51ACAB5CF, 2021-03-27T16:19:17, true
9DDDD405-82E4-4C56-A6A6-E2B51ACAB5CF, 2021-03-27T16:20:19, true
9DDDD405-82E4-4C56-A6A6-E2B51ACAB5CF, 2021-03-27T16:21:21, true
9DDDD405-82E4-4C56-A6A6-E2B51ACAB5CF, 2021-03-27T16:22:25, true
9DDDD405-82E4-4C56-A6A6-E2B51ACAB5CF, 2021-03-27T16:23:31, true
9DDDD405-82E4-4C56-A6A6-E2B51ACAB5CF, 2021-03-27T16:24:35, true
9DDDD405-82E4-4C56-A6A6-E2B51ACAB5CF, 2021-03-27T16:25:38, true
9DDDD405-82E4-4C56-A6A6-E2B51ACAB5CF, 2021-03-27T16:26:40, true
9DDDD405-82E4-4C56-A6A6-E2B51ACAB5CF, 2021-03-27T16:27:45, true
9DDDD405-82E4-4C56-A6A6-E2B51ACAB5CF, 2021-03-27T16:28:46, true
9DDDD405-82E4-4C56-A6A6-E2B51ACAB5CF, 2021-03-27T16:29:48, true
9DDDD405-82E4-4C56-A6A6-E2B51ACAB5CF, 2021-03-27T16:30:48, true
9DDDD405-82E4-4C56-A6A6-E2B51ACAB5CF, 2021-03-27T16:31:49, true
9DDDD405-82E4-4C56-A6A6-E2B51ACAB5CF, 2021-03-27T16:32:50, true
9DDDD405-82E4-4C56-A6A6-E2B51ACAB5CF, 2021-03-27T16:33:50, true
9DDDD405-82E4-4C56-A6A6-E2B51ACAB5CF, 2021-03-27T16:34:56, true
9DDDD405-82E4-4C56-A6A6-E2B51ACAB5CF, 2021-03-27T16:36:02, true
9DDDD405-82E4-4C56-A6A6-E2B51ACAB5CF, 2021-03-27T16:37:03, true
9DDDD405-82E4-4C56-A6A6-E2B51ACAB5CF, 2021-03-27T16:38:05, true
9DDDD405-82E4-4C56-A6A6-E2B51ACAB5CF, 2021-03-27T16:39:06, true
9DDDD405-82E4-4C56-A6A6-E2B51ACAB5CF, 2021-03-27T16:40:09, true
9DDDD405-82E4-4C56-A6A6-E2B51ACAB5CF, 2021-03-27T16:41:09, false
9DDDD405-82E4-4C56-A6A6-E2B51ACAB5CF, 2021-03-27T16:41:40, true
9DDDD405-82E4-4C56-A6A6-E2B51ACAB5CF, 2021-03-27T16:42:43, true
9DDDD405-82E4-4C56-A6A6-E2B51ACAB5CF, 2021-03-27T16:43:45, true
9DDDD405-82E4-4C56-A6A6-E2B51ACAB5CF, 2021-03-27T16:44:51, true
9DDDD405-82E4-4C56-A6A6-E2B51ACAB5CF, 2021-03-27T16:45:57, true
9DDDD405-82E4-4C56-A6A6-E2B51ACAB5CF, 2021-03-27T16:46:58, true
9DDDD405-82E4-4C56-A6A6-E2B51ACAB5CF, 2021-03-27T16:48:14, true
9DDDD405-82E4-4C56-A6A6-E2B51ACAB5CF, 2021-03-27T16:49:15, true
9DDDD405-82E4-4C56-A6A6-E2B51ACAB5CF, 2021-03-27T16:50:16, true
9DDDD405-82E4-4C56-A6A6-E2B51ACAB5CF, 2021-03-27T16:51:19, true
9DDDD405-82E4-4C56-A6A6-E2B51ACAB5CF, 2021-03-27T16:52:21, true
9DDDD405-82E4-4C56-A6A6-E2B51ACAB5CF, 2021-03-27T16:53:42, true
9DDDD405-82E4-4C56-A6A6-E2B51ACAB5CF, 2021-03-27T16:54:43, true
9DDDD405-82E4-4C56-A6A6-E2B51ACAB5CF, 2021-03-27T16:55:46, true
9DDDD405-82E4-4C56-A6A6-E2B51ACAB5CF, 2021-03-27T16:56:56, true
9DDDD405-82E4-4C56-A6A6-E2B51ACAB5CF, 2021-03-27T16:58:02, true
9DDDD405-82E4-4C56-A6A6-E2B51ACAB5CF, 2021-03-27T16:59:02, true
9DDDD405-82E4-4C56-A6A6-E2B51ACAB5CF, 2021-03-27T17:00:22, true
9DDDD405-82E4-4C56-A6A6-E2B51ACAB5CF, 2021-03-27T17:01:22, true
9DDDD405-82E4-4C56-A6A6-E2B51ACAB5CF, 2021-03-27T17:02:25, true
9DDDD405-82E4-4C56-A6A6-E2B51ACAB5CF, 2021-03-27T17:03:28, true
9DDDD405-82E4-4C56-A6A6-E2B51ACAB5CF, 2021-03-27T17:04:29, true
9DDDD405-82E4-4C56-A6A6-E2B51ACAB5CF, 2021-03-27T17:05:34, true
9DDDD405-82E4-4C56-A6A6-E2B51ACAB5CF, 2021-03-27T17:06:39, true
9DDDD405-82E4-4C56-A6A6-E2B51ACAB5CF, 2021-03-27T17:07:46, true
9DDDD405-82E4-4C56-A6A6-E2B51ACAB5CF, 2021-03-27T17:08:48, true
9DDDD405-82E4-4C56-A6A6-E2B51ACAB5CF, 2021-03-27T17:09:50, true
9DDDD405-82E4-4C56-A6A6-E2B51ACAB5CF, 2021-03-27T17:10:51, true
9DDDD405-82E4-4C56-A6A6-E2B51ACAB5CF, 2021-03-27T17:12:19, true
9DDDD405-82E4-4C56-A6A6-E2B51ACAB5CF, 2021-03-27T17:13:22, true
9DDDD405-82E4-4C56-A6A6-E2B51ACAB5CF, 2021-03-27T17:14:24, true
9DDDD405-82E4-4C56-A6A6-E2B51ACAB5CF, 2021-03-27T17:15:26, true
9DDDD405-82E4-4C56-A6A6-E2B51ACAB5CF, 2021-03-27T17:16:26, true
9DDDD405-82E4-4C56-A6A6-E2B51ACAB5CF, 2021-03-27T17:17:29, true
9DDDD405-82E4-4C56-A6A6-E2B51ACAB5CF, 2021-03-27T17:18:30, true
9DDDD405-82E4-4C56-A6A6-E2B51ACAB5CF, 2021-03-27T17:19:34, true
9DDDD405-82E4-4C56-A6A6-E2B51ACAB5CF, 2021-03-27T17:20:38, true
9DDDD405-82E4-4C56-A6A6-E2B51ACAB5CF, 2021-03-27T17:21:41, true
9DDDD405-82E4-4C56-A6A6-E2B51ACAB5CF, 2021-03-27T17:22:43, true
9DDDD405-82E4-4C56-A6A6-E2B51ACAB5CF, 2021-03-27T17:23:43, true
9DDDD405-82E4-4C56-A6A6-E2B51ACAB5CF, 2021-03-27T17:24:45, true
9DDDD405-82E4-4C56-A6A6-E2B51ACAB5CF, 2021-03-27T17:25:45, true
9DDDD405-82E4-4C56-A6A6-E2B51ACAB5CF, 2021-03-27T17:26:48, true
9DDDD405-82E4-4C56-A6A6-E2B51ACAB5CF, 2021-03-27T17:27:53, true
9DDDD405-82E4-4C56-A6A6-E2B51ACAB5CF, 2021-03-27T17:28:58, true
9DDDD405-82E4-4C56-A6A6-E2B51ACAB5CF, 2021-03-27T17:30:00, true
9DDDD405-82E4-4C56-A6A6-E2B51ACAB5CF, 2021-03-27T17:31:04, true
9DDDD405-82E4-4C56-A6A6-E2B51ACAB5CF, 2021-03-27T17:32:05, true
9DDDD405-82E4-4C56-A6A6-E2B51ACAB5CF, 2021-03-27T17:33:08, true
9DDDD405-82E4-4C56-A6A6-E2B51ACAB5CF, 2021-03-27T17:34:13, true
9DDDD405-82E4-4C56-A6A6-E2B51ACAB5CF, 2021-03-27T17:35:13, true
9DDDD405-82E4-4C56-A6A6-E2B51ACAB5CF, 2021-03-27T17:36:14, true
9DDDD405-82E4-4C56-A6A6-E2B51ACAB5CF, 2021-03-27T17:37:20, true
9DDDD405-82E4-4C56-A6A6-E2B51ACAB5CF, 2021-03-27T17:38:22, true
9DDDD405-82E4-4C56-A6A6-E2B51ACAB5CF, 2021-03-27T17:39:26, true
9DDDD405-82E4-4C56-A6A6-E2B51ACAB5CF, 2021-03-27T17:40:28, true
9DDDD405-82E4-4C56-A6A6-E2B51ACAB5CF, 2021-03-27T17:41:36, true
9DDDD405-82E4-4C56-A6A6-E2B51ACAB5CF, 2021-03-27T17:42:38, true
9DDDD405-82E4-4C56-A6A6-E2B51ACAB5CF, 2021-03-27T17:43:42, true
9DDDD405-82E4-4C56-A6A6-E2B51ACAB5CF, 2021-03-27T17:44:42, true
9DDDD405-82E4-4C56-A6A6-E2B51ACAB5CF, 2021-03-27T17:45:44, true
9DDDD405-82E4-4C56-A6A6-E2B51ACAB5CF, 2021-03-27T17:46:45, true
9DDDD405-82E4-4C56-A6A6-E2B51ACAB5CF, 2021-03-27T17:47:49, true
9DDDD405-82E4-4C56-A6A6-E2B51ACAB5CF, 2021-03-27T17:49:12, true
9DDDD405-82E4-4C56-A6A6-E2B51ACAB5CF, 2021-03-27T17:50:17, true
9DDDD405-82E4-4C56-A6A6-E2B51ACAB5CF, 2021-03-27T17:51:18, true
9DDDD405-82E4-4C56-A6A6-E2B51ACAB5CF, 2021-03-27T17:52:27, true
9DDDD405-82E4-4C56-A6A6-E2B51ACAB5CF, 2021-03-27T17:53:31, true
9DDDD405-82E4-4C56-A6A6-E2B51ACAB5CF, 2021-03-27T17:54:33, true
9DDDD405-82E4-4C56-A6A6-E2B51ACAB5CF, 2021-03-27T17:55:35, true
9DDDD405-82E4-4C56-A6A6-E2B51ACAB5CF, 2021-03-27T17:56:36, true
9DDDD405-82E4-4C56-A6A6-E2B51ACAB5CF, 2021-03-27T17:57:39, true
9DDDD405-82E4-4C56-A6A6-E2B51ACAB5CF, 2021-03-27T17:58:39, false
9DDDD405-82E4-4C56-A6A6-E2B51ACAB5CF, 2021-03-27T17:59:15, true
9DDDD405-82E4-4C56-A6A6-E2B51ACAB5CF, 2021-03-27T18:00:15, false
9DDDD405-82E4-4C56-A6A6-E2B51ACAB5CF, 2021-03-27T18:01:15, false
9DDDD405-82E4-4C56-A6A6-E2B51ACAB5CF, 2021-03-27T18:02:15, false
9DDDD405-82E4-4C56-A6A6-E2B51ACAB5CF, 2021-03-27T18:03:15, false
9DDDD405-82E4-4C56-A6A6-E2B51ACAB5CF, 2021-03-27T18:04:15, false
9DDDD405-82E4-4C56-A6A6-E2B51ACAB5CF, 2021-03-27T18:05:15, false
9DDDD405-82E4-4C56-A6A6-E2B51ACAB5CF, 2021-03-27T18:06:15, false
9DDDD405-82E4-4C56-A6A6-E2B51ACAB5CF, 2021-03-27T18:07:15, false
9DDDD405-82E4-4C56-A6A6-E2B51ACAB5CF, 2021-03-27T18:08:15, false
9DDDD405-82E4-4C56-A6A6-E2B51ACAB5CF, 2021-03-27T18:09:15, false
9DDDD405-82E4-4C56-A6A6-E2B51ACAB5CF, 2021-03-27T18:10:15, false
9DDDD405-82E4-4C56-A6A6-E2B51ACAB5CF, 2021-03-27T18:11:15, false
9DDDD405-82E4-4C56-A6A6-E2B51ACAB5CF, 2021-03-27T18:12:15, false
9DDDD405-82E4-4C56-A6A6-E2B51ACAB5CF, 2021-03-27T18:13:15, false
9DDDD405-82E4-4C56-A6A6-E2B51ACAB5CF, 2021-03-27T18:14:15, false
9DDDD405-82E4-4C56-A6A6-E2B51ACAB5CF, 2021-03-27T18:15:15, false
9DDDD405-82E4-4C56-A6A6-E2B51ACAB5CF, 2021-03-27T18:16:15, false
9DDDD405-82E4-4C56-A6A6-E2B51ACAB5CF, 2021-03-27T18:17:15, false
9DDDD405-82E4-4C56-A6A6-E2B51ACAB5CF, 2021-03-27T18:18:15, false
9DDDD405-82E4-4C56-A6A6-E2B51ACAB5CF, 2021-03-27T18:19:15, false
9DDDD405-82E4-4C56-A6A6-E2B51ACAB5CF, 2021-03-27T18:20:15, false
9DDDD405-82E4-4C56-A6A6-E2B51ACAB5CF, 2021-03-27T18:21:15, false
9DDDD405-82E4-4C56-A6A6-E2B51ACAB5CF, 2021-03-27T18:22:15, false
9DDDD405-82E4-4C56-A6A6-E2B51ACAB5CF, 2021-03-27T18:23:15, false
9DDDD405-82E4-4C56-A6A6-E2B51ACAB5CF, 2021-03-27T18:24:15, false
9DDDD405-82E4-4C56-A6A6-E2B51ACAB5CF, 2021-03-27T18:25:15, false
9DDDD405-82E4-4C56-A6A6-E2B51ACAB5CF, 2021-03-27T18:26:15, false
9DDDD405-82E4-4C56-A6A6-E2B51ACAB5CF, 2021-03-27T18:27:15, false
9DDDD405-82E4-4C56-A6A6-E2B51ACAB5CF, 2021-03-27T18:28:15, false
9DDDD405-82E4-4C56-A6A6-E2B51ACAB5CF, 2021-03-27T18:29:15, false
9DDDD405-82E4-4C56-A6A6-E2B51ACAB5CF, 2021-03-27T18:30:15, false
9DDDD405-82E4-4C56-A6A6-E2B51ACAB5CF, 2021-03-27T18:31:15, false
9DDDD405-82E4-4C56-A6A6-E2B51ACAB5CF, 2021-03-27T18:32:15, false
9DDDD405-82E4-4C56-A6A6-E2B51ACAB5CF, 2021-03-27T18:33:15, false
9DDDD405-82E4-4C56-A6A6-E2B51ACAB5CF, 2021-03-27T18:34:15, false
9DDDD405-82E4-4C56-A6A6-E2B51ACAB5CF, 2021-03-27T18:35:15, false
9DDDD405-82E4-4C56-A6A6-E2B51ACAB5CF, 2021-03-27T18:36:15, false
9DDDD405-82E4-4C56-A6A6-E2B51ACAB5CF, 2021-03-27T18:37:15, false
9DDDD405-82E4-4C56-A6A6-E2B51ACAB5CF, 2021-03-27T18:38:15, false
9DDDD405-82E4-4C56-A6A6-E2B51ACAB5CF, 2021-03-27T18:39:15, false
9DDDD405-82E4-4C56-A6A6-E2B51ACAB5CF, 2021-03-27T18:40:15, false
9DDDD405-82E4-4C56-A6A6-E2B51ACAB5CF, 2021-03-27T18:41:15, false
9DDDD405-82E4-4C56-A6A6-E2B51ACAB5CF, 2021-03-27T18:42:15, false
9DDDD405-82E4-4C56-A6A6-E2B51ACAB5CF, 2021-03-27T18:43:15, false
9DDDD405-82E4-4C56-A6A6-E2B51ACAB5CF, 2021-03-27T18:44:15, false
9DDDD405-82E4-4C56-A6A6-E2B51ACAB5CF, 2021-03-27T18:45:15, false
9DDDD405-82E4-4C56-A6A6-E2B51ACAB5CF, 2021-03-27T18:46:15, false
9DDDD405-82E4-4C56-A6A6-E2B51ACAB5CF, 2021-03-27T18:47:01, true
9DDDD405-82E4-4C56-A6A6-E2B51ACAB5CF, 2021-03-27T18:48:03, true
9DDDD405-82E4-4C56-A6A6-E2B51ACAB5CF, 2021-03-27T18:49:04, true
9DDDD405-82E4-4C56-A6A6-E2B51ACAB5CF, 2021-03-27T18:50:06, true
9DDDD405-82E4-4C56-A6A6-E2B51ACAB5CF, 2021-03-27T18:51:09, true
9DDDD405-82E4-4C56-A6A6-E2B51ACAB5CF, 2021-03-27T18:52:11, true
9DDDD405-82E4-4C56-A6A6-E2B51ACAB5CF, 2021-03-27T18:53:23, true
9DDDD405-82E4-4C56-A6A6-E2B51ACAB5CF, 2021-03-27T18:54:26, true
9DDDD405-82E4-4C56-A6A6-E2B51ACAB5CF, 2021-03-27T18:55:29, true
9DDDD405-82E4-4C56-A6A6-E2B51ACAB5CF, 2021-03-27T18:56:31, true
9DDDD405-82E4-4C56-A6A6-E2B51ACAB5CF, 2021-03-27T18:57:32, true
9DDDD405-82E4-4C56-A6A6-E2B51ACAB5CF, 2021-03-27T18:58:33, true
9DDDD405-82E4-4C56-A6A6-E2B51ACAB5CF, 2021-03-27T18:59:37, true
9DDDD405-82E4-4C56-A6A6-E2B51ACAB5CF, 2021-03-27T19:00:56, true
9DDDD405-82E4-4C56-A6A6-E2B51ACAB5CF, 2021-03-27T19:02:00, true
9DDDD405-82E4-4C56-A6A6-E2B51ACAB5CF, 2021-03-27T19:03:01, true
9DDDD405-82E4-4C56-A6A6-E2B51ACAB5CF, 2021-03-27T19:04:06, true
9DDDD405-82E4-4C56-A6A6-E2B51ACAB5CF, 2021-03-27T19:05:06, true
9DDDD405-82E4-4C56-A6A6-E2B51ACAB5CF, 2021-03-27T19:06:07, true
9DDDD405-82E4-4C56-A6A6-E2B51ACAB5CF, 2021-03-27T19:07:09, true
9DDDD405-82E4-4C56-A6A6-E2B51ACAB5CF, 2021-03-27T19:08:12, true
9DDDD405-82E4-4C56-A6A6-E2B51ACAB5CF, 2021-03-27T19:09:15, true
9DDDD405-82E4-4C56-A6A6-E2B51ACAB5CF, 2021-03-27T19:10:21, true
9DDDD405-82E4-4C56-A6A6-E2B51ACAB5CF, 2021-03-27T19:11:25, true
9DDDD405-82E4-4C56-A6A6-E2B51ACAB5CF, 2021-03-27T19:12:28, true
9DDDD405-82E4-4C56-A6A6-E2B51ACAB5CF, 2021-03-27T19:13:31, true
9DDDD405-82E4-4C56-A6A6-E2B51ACAB5CF, 2021-03-27T19:14:43, true
9DDDD405-82E4-4C56-A6A6-E2B51ACAB5CF, 2021-03-27T19:15:47, true
9DDDD405-82E4-4C56-A6A6-E2B51ACAB5CF, 2021-03-27T19:16:47, false
9DDDD405-82E4-4C56-A6A6-E2B51ACAB5CF, 2021-03-27T19:17:18, true
9DDDD405-82E4-4C56-A6A6-E2B51ACAB5CF, 2021-03-27T19:18:22, true
9DDDD405-82E4-4C56-A6A6-E2B51ACAB5CF, 2021-03-27T19:19:29, true
9DDDD405-82E4-4C56-A6A6-E2B51ACAB5CF, 2021-03-27T19:20:36, true
9DDDD405-82E4-4C56-A6A6-E2B51ACAB5CF, 2021-03-27T19:21:38, true
9DDDD405-82E4-4C56-A6A6-E2B51ACAB5CF, 2021-03-27T19:22:43, true
9DDDD405-82E4-4C56-A6A6-E2B51ACAB5CF, 2021-03-27T19:23:44, true
9DDDD405-82E4-4C56-A6A6-E2B51ACAB5CF, 2021-03-27T19:24:48, true
9DDDD405-82E4-4C56-A6A6-E2B51ACAB5CF, 2021-03-27T19:25:49, true
9DDDD405-82E4-4C56-A6A6-E2B51ACAB5CF, 2021-03-27T19:26:54, true
9DDDD405-82E4-4C56-A6A6-E2B51ACAB5CF, 2021-03-27T19:27:57, true
9DDDD405-82E4-4C56-A6A6-E2B51ACAB5CF, 2021-03-27T19:29:03, true
9DDDD405-82E4-4C56-A6A6-E2B51ACAB5CF, 2021-03-27T19:30:08, true
9DDDD405-82E4-4C56-A6A6-E2B51ACAB5CF, 2021-03-27T19:31:12, true
9DDDD405-82E4-4C56-A6A6-E2B51ACAB5CF, 2021-03-27T19:32:12, true
9DDDD405-82E4-4C56-A6A6-E2B51ACAB5CF, 2021-03-27T19:33:15, true
9DDDD405-82E4-4C56-A6A6-E2B51ACAB5CF, 2021-03-27T19:34:24, true
9DDDD405-82E4-4C56-A6A6-E2B51ACAB5CF, 2021-03-27T19:35:25, true
9DDDD405-82E4-4C56-A6A6-E2B51ACAB5CF, 2021-03-27T19:36:28, true
9DDDD405-82E4-4C56-A6A6-E2B51ACAB5CF, 2021-03-27T19:37:55, true
9DDDD405-82E4-4C56-A6A6-E2B51ACAB5CF, 2021-03-27T19:38:56, true
9DDDD405-82E4-4C56-A6A6-E2B51ACAB5CF, 2021-03-27T19:39:58, true
9DDDD405-82E4-4C56-A6A6-E2B51ACAB5CF, 2021-03-27T19:40:58, true
9DDDD405-82E4-4C56-A6A6-E2B51ACAB5CF, 2021-03-27T19:41:59, true
9DDDD405-82E4-4C56-A6A6-E2B51ACAB5CF, 2021-03-27T19:43:02, true
9DDDD405-82E4-4C56-A6A6-E2B51ACAB5CF, 2021-03-27T19:44:04, true
9DDDD405-82E4-4C56-A6A6-E2B51ACAB5CF, 2021-03-27T19:45:12, true
9DDDD405-82E4-4C56-A6A6-E2B51ACAB5CF, 2021-03-27T19:46:15, true
9DDDD405-82E4-4C56-A6A6-E2B51ACAB5CF, 2021-03-27T19:47:17, true
9DDDD405-82E4-4C56-A6A6-E2B51ACAB5CF, 2021-03-27T19:48:18, true
9DDDD405-82E4-4C56-A6A6-E2B51ACAB5CF, 2021-03-27T19:49:21, true
9DDDD405-82E4-4C56-A6A6-E2B51ACAB5CF, 2021-03-27T19:50:43, true
9DDDD405-82E4-4C56-A6A6-E2B51ACAB5CF, 2021-03-27T19:51:47, true
9DDDD405-82E4-4C56-A6A6-E2B51ACAB5CF, 2021-03-27T19:52:58, true
9DDDD405-82E4-4C56-A6A6-E2B51ACAB5CF, 2021-03-27T19:54:02, true
9DDDD405-82E4-4C56-A6A6-E2B51ACAB5CF, 2021-03-27T19:55:17, true
9DDDD405-82E4-4C56-A6A6-E2B51ACAB5CF, 2021-03-27T19:56:23, true
9DDDD405-82E4-4C56-A6A6-E2B51ACAB5CF, 2021-03-27T19:57:23, false
9DDDD405-82E4-4C56-A6A6-E2B51ACAB5CF, 2021-03-27T19:58:23, false
9DDDD405-82E4-4C56-A6A6-E2B51ACAB5CF, 2021-03-27T19:59:23, false
9DDDD405-82E4-4C56-A6A6-E2B51ACAB5CF, 2021-03-27T20:00:23, false
9DDDD405-82E4-4C56-A6A6-E2B51ACAB5CF, 2021-03-27T20:01:23, false
9DDDD405-82E4-4C56-A6A6-E2B51ACAB5CF, 2021-03-27T20:02:23, false
9DDDD405-82E4-4C56-A6A6-E2B51ACAB5CF, 2021-03-27T20:03:23, false
9DDDD405-82E4-4C56-A6A6-E2B51ACAB5CF, 2021-03-27T20:04:11, true
9DDDD405-82E4-4C56-A6A6-E2B51ACAB5CF, 2021-03-27T20:05:22, true
9DDDD405-82E4-4C56-A6A6-E2B51ACAB5CF, 2021-03-27T20:06:22, true
9DDDD405-82E4-4C56-A6A6-E2B51ACAB5CF, 2021-03-27T20:07:23, true
9DDDD405-82E4-4C56-A6A6-E2B51ACAB5CF, 2021-03-27T20:08:28, true
9DDDD405-82E4-4C56-A6A6-E2B51ACAB5CF, 2021-03-27T20:09:31, true
9DDDD405-82E4-4C56-A6A6-E2B51ACAB5CF, 2021-03-27T20:10:32, true
9DDDD405-82E4-4C56-A6A6-E2B51ACAB5CF, 2021-03-27T20:11:33, true
9DDDD405-82E4-4C56-A6A6-E2B51ACAB5CF, 2021-03-27T20:12:36, true
9DDDD405-82E4-4C56-A6A6-E2B51ACAB5CF, 2021-03-27T20:13:39, true
9DDDD405-82E4-4C56-A6A6-E2B51ACAB5CF, 2021-03-27T20:14:43, true
9DDDD405-82E4-4C56-A6A6-E2B51ACAB5CF, 2021-03-27T20:15:55, true
9DDDD405-82E4-4C56-A6A6-E2B51ACAB5CF, 2021-03-27T20:16:58, true
9DDDD405-82E4-4C56-A6A6-E2B51ACAB5CF, 2021-03-27T20:17:59, true
9DDDD405-82E4-4C56-A6A6-E2B51ACAB5CF, 2021-03-27T20:18:59, true
9DDDD405-82E4-4C56-A6A6-E2B51ACAB5CF, 2021-03-27T20:20:00, true
9DDDD405-82E4-4C56-A6A6-E2B51ACAB5CF, 2021-03-27T20:21:01, true
9DDDD405-82E4-4C56-A6A6-E2B51ACAB5CF, 2021-03-27T20:22:02, true
9DDDD405-82E4-4C56-A6A6-E2B51ACAB5CF, 2021-03-27T20:23:05, true
9DDDD405-82E4-4C56-A6A6-E2B51ACAB5CF, 2021-03-27T20:24:07, true
9DDDD405-82E4-4C56-A6A6-E2B51ACAB5CF, 2021-03-27T20:25:09, true
9DDDD405-82E4-4C56-A6A6-E2B51ACAB5CF, 2021-03-27T20:26:10, true
9DDDD405-82E4-4C56-A6A6-E2B51ACAB5CF, 2021-03-27T20:27:14, true
9DDDD405-82E4-4C56-A6A6-E2B51ACAB5CF, 2021-03-27T20:28:16, true
9DDDD405-82E4-4C56-A6A6-E2B51ACAB5CF, 2021-03-27T20:29:19, true
9DDDD405-82E4-4C56-A6A6-E2B51ACAB5CF, 2021-03-27T20:30:23, true
9DDDD405-82E4-4C56-A6A6-E2B51ACAB5CF, 2021-03-27T20:31:24, true
9DDDD405-82E4-4C56-A6A6-E2B51ACAB5CF, 2021-03-27T20:32:26, true
9DDDD405-82E4-4C56-A6A6-E2B51ACAB5CF, 2021-03-27T20:33:27, true
9DDDD405-82E4-4C56-A6A6-E2B51ACAB5CF, 2021-03-27T20:34:29, true
9DDDD405-82E4-4C56-A6A6-E2B51ACAB5CF, 2021-03-27T20:35:30, true
9DDDD405-82E4-4C56-A6A6-E2B51ACAB5CF, 2021-03-27T20:36:31, true
9DDDD405-82E4-4C56-A6A6-E2B51ACAB5CF, 2021-03-27T20:37:41, true
9DDDD405-82E4-4C56-A6A6-E2B51ACAB5CF, 2021-03-27T20:38:51, true
9DDDD405-82E4-4C56-A6A6-E2B51ACAB5CF, 2021-03-27T20:39:51, true
9DDDD405-82E4-4C56-A6A6-E2B51ACAB5CF, 2021-03-27T20:40:52, true
9DDDD405-82E4-4C56-A6A6-E2B51ACAB5CF, 2021-03-27T20:41:55, true
9DDDD405-82E4-4C56-A6A6-E2B51ACAB5CF, 2021-03-27T20:42:57, true
9DDDD405-82E4-4C56-A6A6-E2B51ACAB5CF, 2021-03-27T20:44:01, true
9DDDD405-82E4-4C56-A6A6-E2B51ACAB5CF, 2021-03-27T20:45:04, true
9DDDD405-82E4-4C56-A6A6-E2B51ACAB5CF, 2021-03-27T20:46:07, true
9DDDD405-82E4-4C56-A6A6-E2B51ACAB5CF, 2021-03-27T20:47:11, true
9DDDD405-82E4-4C56-A6A6-E2B51ACAB5CF, 2021-03-27T20:48:11, true
9DDDD405-82E4-4C56-A6A6-E2B51ACAB5CF, 2021-03-27T20:49:23, true
9DDDD405-82E4-4C56-A6A6-E2B51ACAB5CF, 2021-03-27T20:50:24, true
9DDDD405-82E4-4C56-A6A6-E2B51ACAB5CF, 2021-03-27T20:51:26, true
9DDDD405-82E4-4C56-A6A6-E2B51ACAB5CF, 2021-03-27T20:52:28, true
9DDDD405-82E4-4C56-A6A6-E2B51ACAB5CF, 2021-03-27T20:53:29, true
9DDDD405-82E4-4C56-A6A6-E2B51ACAB5CF, 2021-03-27T20:54:31, true
9DDDD405-82E4-4C56-A6A6-E2B51ACAB5CF, 2021-03-27T20:55:33, true
9DDDD405-82E4-4C56-A6A6-E2B51ACAB5CF, 2021-03-27T20:56:39, true
9DDDD405-82E4-4C56-A6A6-E2B51ACAB5CF, 2021-03-27T20:57:42, true
9DDDD405-82E4-4C56-A6A6-E2B51ACAB5CF, 2021-03-27T20:58:43, true
9DDDD405-82E4-4C56-A6A6-E2B51ACAB5CF, 2021-03-27T20:59:48, true
9DDDD405-82E4-4C56-A6A6-E2B51ACAB5CF, 2021-03-27T21:00:51, true
9DDDD405-82E4-4C56-A6A6-E2B51ACAB5CF, 2021-03-27T21:01:52, true
9DDDD405-82E4-4C56-A6A6-E2B51ACAB5CF, 2021-03-27T21:02:55, true
9DDDD405-82E4-4C56-A6A6-E2B51ACAB5CF, 2021-03-27T21:03:58, true
9DDDD405-82E4-4C56-A6A6-E2B51ACAB5CF, 2021-03-27T21:05:02, true
9DDDD405-82E4-4C56-A6A6-E2B51ACAB5CF, 2021-03-27T21:06:06, true
9DDDD405-82E4-4C56-A6A6-E2B51ACAB5CF, 2021-03-27T21:07:09, true
9DDDD405-82E4-4C56-A6A6-E2B51ACAB5CF, 2021-03-27T21:08:12, true
9DDDD405-82E4-4C56-A6A6-E2B51ACAB5CF, 2021-03-27T21:09:21, true
9DDDD405-82E4-4C56-A6A6-E2B51ACAB5CF, 2021-03-27T21:10:22, true
9DDDD405-82E4-4C56-A6A6-E2B51ACAB5CF, 2021-03-27T21:11:26, true
9DDDD405-82E4-4C56-A6A6-E2B51ACAB5CF, 2021-03-27T21:12:28, true
9DDDD405-82E4-4C56-A6A6-E2B51ACAB5CF, 2021-03-27T21:13:29, true
9DDDD405-82E4-4C56-A6A6-E2B51ACAB5CF, 2021-03-27T21:14:30, true
9DDDD405-82E4-4C56-A6A6-E2B51ACAB5CF, 2021-03-27T21:15:32, true
9DDDD405-82E4-4C56-A6A6-E2B51ACAB5CF, 2021-03-27T21:16:35, true
9DDDD405-82E4-4C56-A6A6-E2B51ACAB5CF, 2021-03-27T21:17:36, true
9DDDD405-82E4-4C56-A6A6-E2B51ACAB5CF, 2021-03-27T21:18:40, true
9DDDD405-82E4-4C56-A6A6-E2B51ACAB5CF, 2021-03-27T21:19:44, true
9DDDD405-82E4-4C56-A6A6-E2B51ACAB5CF, 2021-03-27T21:20:45, true
9DDDD405-82E4-4C56-A6A6-E2B51ACAB5CF, 2021-03-27T21:21:54, true
9DDDD405-82E4-4C56-A6A6-E2B51ACAB5CF, 2021-03-27T21:23:21, true
9DDDD405-82E4-4C56-A6A6-E2B51ACAB5CF, 2021-03-27T21:24:21, true
9DDDD405-82E4-4C56-A6A6-E2B51ACAB5CF, 2021-03-27T21:25:23, true
9DDDD405-82E4-4C56-A6A6-E2B51ACAB5CF, 2021-03-27T21:26:28, true
9DDDD405-82E4-4C56-A6A6-E2B51ACAB5CF, 2021-03-27T21:27:31, true
9DDDD405-82E4-4C56-A6A6-E2B51ACAB5CF, 2021-03-27T21:28:33, true
9DDDD405-82E4-4C56-A6A6-E2B51ACAB5CF, 2021-03-27T21:29:35, true
9DDDD405-82E4-4C56-A6A6-E2B51ACAB5CF, 2021-03-27T21:30:56, true
9DDDD405-82E4-4C56-A6A6-E2B51ACAB5CF, 2021-03-27T21:31:58, true
9DDDD405-82E4-4C56-A6A6-E2B51ACAB5CF, 2021-03-27T21:33:11, true
9DDDD405-82E4-4C56-A6A6-E2B51ACAB5CF, 2021-03-27T21:34:27, true
9DDDD405-82E4-4C56-A6A6-E2B51ACAB5CF, 2021-03-27T21:35:30, true
9DDDD405-82E4-4C56-A6A6-E2B51ACAB5CF, 2021-03-27T21:36:35, true
9DDDD405-82E4-4C56-A6A6-E2B51ACAB5CF, 2021-03-27T21:37:35, true
9DDDD405-82E4-4C56-A6A6-E2B51ACAB5CF, 2021-03-27T21:38:36, true
9DDDD405-82E4-4C56-A6A6-E2B51ACAB5CF, 2021-03-27T21:39:37, true
9DDDD405-82E4-4C56-A6A6-E2B51ACAB5CF, 2021-03-27T21:40:38, true
9DDDD405-82E4-4C56-A6A6-E2B51ACAB5CF, 2021-03-27T21:41:41, true
9DDDD405-82E4-4C56-A6A6-E2B51ACAB5CF, 2021-03-27T21:42:44, true
9DDDD405-82E4-4C56-A6A6-E2B51ACAB5CF, 2021-03-27T21:43:47, true
9DDDD405-82E4-4C56-A6A6-E2B51ACAB5CF, 2021-03-27T21:44:48, true
9DDDD405-82E4-4C56-A6A6-E2B51ACAB5CF, 2021-03-27T21:45:50, true
9DDDD405-82E4-4C56-A6A6-E2B51ACAB5CF, 2021-03-27T21:46:53, true
9DDDD405-82E4-4C56-A6A6-E2B51ACAB5CF, 2021-03-27T21:47:59, true
9DDDD405-82E4-4C56-A6A6-E2B51ACAB5CF, 2021-03-27T21:49:00, true
9DDDD405-82E4-4C56-A6A6-E2B51ACAB5CF, 2021-03-27T21:50:02, true
9DDDD405-82E4-4C56-A6A6-E2B51ACAB5CF, 2021-03-27T21:51:05, true
9DDDD405-82E4-4C56-A6A6-E2B51ACAB5CF, 2021-03-27T21:52:09, true
9DDDD405-82E4-4C56-A6A6-E2B51ACAB5CF, 2021-03-27T21:53:13, true
9DDDD405-82E4-4C56-A6A6-E2B51ACAB5CF, 2021-03-27T21:54:14, true
9DDDD405-82E4-4C56-A6A6-E2B51ACAB5CF, 2021-03-27T21:55:21, true
9DDDD405-82E4-4C56-A6A6-E2B51ACAB5CF, 2021-03-27T21:56:25, true
9DDDD405-82E4-4C56-A6A6-E2B51ACAB5CF, 2021-03-27T21:57:28, true
9DDDD405-82E4-4C56-A6A6-E2B51ACAB5CF, 2021-03-27T21:58:31, true
9DDDD405-82E4-4C56-A6A6-E2B51ACAB5CF, 2021-03-27T21:59:34, true
9DDDD405-82E4-4C56-A6A6-E2B51ACAB5CF, 2021-03-27T22:00:35, true
9DDDD405-82E4-4C56-A6A6-E2B51ACAB5CF, 2021-03-27T22:01:35, true
9DDDD405-82E4-4C56-A6A6-E2B51ACAB5CF, 2021-03-27T22:02:35, true
9DDDD405-82E4-4C56-A6A6-E2B51ACAB5CF, 2021-03-27T22:03:38, true
9DDDD405-82E4-4C56-A6A6-E2B51ACAB5CF, 2021-03-27T22:04:43, true
9DDDD405-82E4-4C56-A6A6-E2B51ACAB5CF, 2021-03-27T22:05:44, true
9DDDD405-82E4-4C56-A6A6-E2B51ACAB5CF, 2021-03-27T22:06:45, true
9DDDD405-82E4-4C56-A6A6-E2B51ACAB5CF, 2021-03-27T22:07:46, true
9DDDD405-82E4-4C56-A6A6-E2B51ACAB5CF, 2021-03-27T22:08:47, true
9DDDD405-82E4-4C56-A6A6-E2B51ACAB5CF, 2021-03-27T22:09:49, true
9DDDD405-82E4-4C56-A6A6-E2B51ACAB5CF, 2021-03-27T22:10:52, true
9DDDD405-82E4-4C56-A6A6-E2B51ACAB5CF, 2021-03-27T22:11:53, true
9DDDD405-82E4-4C56-A6A6-E2B51ACAB5CF, 2021-03-27T22:12:54, true
9DDDD405-82E4-4C56-A6A6-E2B51ACAB5CF, 2021-03-27T22:13:54, true
9DDDD405-82E4-4C56-A6A6-E2B51ACAB5CF, 2021-03-27T22:14:56, true
9DDDD405-82E4-4C56-A6A6-E2B51ACAB5CF, 2021-03-27T22:15:57, true
9DDDD405-82E4-4C56-A6A6-E2B51ACAB5CF, 2021-03-27T22:17:05, true
9DDDD405-82E4-4C56-A6A6-E2B51ACAB5CF, 2021-03-27T22:18:11, true
9DDDD405-82E4-4C56-A6A6-E2B51ACAB5CF, 2021-03-27T22:19:12, true
9DDDD405-82E4-4C56-A6A6-E2B51ACAB5CF, 2021-03-27T22:20:14, true
9DDDD405-82E4-4C56-A6A6-E2B51ACAB5CF, 2021-03-27T22:21:16, true
9DDDD405-82E4-4C56-A6A6-E2B51ACAB5CF, 2021-03-27T22:22:16, true
9DDDD405-82E4-4C56-A6A6-E2B51ACAB5CF, 2021-03-27T22:23:17, true
9DDDD405-82E4-4C56-A6A6-E2B51ACAB5CF, 2021-03-27T22:24:17, true
9DDDD405-82E4-4C56-A6A6-E2B51ACAB5CF, 2021-03-27T22:25:22, true
9DDDD405-82E4-4C56-A6A6-E2B51ACAB5CF, 2021-03-27T22:26:25, true
9DDDD405-82E4-4C56-A6A6-E2B51ACAB5CF, 2021-03-27T22:27:31, true
9DDDD405-82E4-4C56-A6A6-E2B51ACAB5CF, 2021-03-27T22:28:32, true
9DDDD405-82E4-4C56-A6A6-E2B51ACAB5CF, 2021-03-27T22:29:33, true
9DDDD405-82E4-4C56-A6A6-E2B51ACAB5CF, 2021-03-27T22:30:35, true
9DDDD405-82E4-4C56-A6A6-E2B51ACAB5CF, 2021-03-27T22:31:36, true
9DDDD405-82E4-4C56-A6A6-E2B51ACAB5CF, 2021-03-27T22:32:37, true
9DDDD405-82E4-4C56-A6A6-E2B51ACAB5CF, 2021-03-27T22:33:40, true
9DDDD405-82E4-4C56-A6A6-E2B51ACAB5CF, 2021-03-27T22:34:41, true
9DDDD405-82E4-4C56-A6A6-E2B51ACAB5CF, 2021-03-27T22:35:41, true
9DDDD405-82E4-4C56-A6A6-E2B51ACAB5CF, 2021-03-27T22:36:42, true
9DDDD405-82E4-4C56-A6A6-E2B51ACAB5CF, 2021-03-27T22:37:45, true
9DDDD405-82E4-4C56-A6A6-E2B51ACAB5CF, 2021-03-27T22:38:54, true
9DDDD405-82E4-4C56-A6A6-E2B51ACAB5CF, 2021-03-27T22:39:59, true
9DDDD405-82E4-4C56-A6A6-E2B51ACAB5CF, 2021-03-27T22:41:02, true
9DDDD405-82E4-4C56-A6A6-E2B51ACAB5CF, 2021-03-27T22:42:02, true
9DDDD405-82E4-4C56-A6A6-E2B51ACAB5CF, 2021-03-27T22:43:05, true
9DDDD405-82E4-4C56-A6A6-E2B51ACAB5CF, 2021-03-27T22:44:07, true
