Device, Measure Date Time, Exist
9DDDD405-82E4-4C56-A6A6-E2B51ACAB5CF, 2021-03-21T22:45:48, true
9DDDD405-82E4-4C56-A6A6-E2B51ACAB5CF, 2021-03-21T22:46:52, true
9DDDD405-82E4-4C56-A6A6-E2B51ACAB5CF, 2021-03-21T22:47:55, true
9DDDD405-82E4-4C56-A6A6-E2B51ACAB5CF, 2021-03-21T22:48:57, true
9DDDD405-82E4-4C56-A6A6-E2B51ACAB5CF, 2021-03-21T22:49:57, true
9DDDD405-82E4-4C56-A6A6-E2B51ACAB5CF, 2021-03-21T22:50:59, true
9DDDD405-82E4-4C56-A6A6-E2B51ACAB5CF, 2021-03-21T22:52:00, true
9DDDD405-82E4-4C56-A6A6-E2B51ACAB5CF, 2021-03-21T22:53:01, true
9DDDD405-82E4-4C56-A6A6-E2B51ACAB5CF, 2021-03-21T22:54:07, true
9DDDD405-82E4-4C56-A6A6-E2B51ACAB5CF, 2021-03-21T22:55:10, true
9DDDD405-82E4-4C56-A6A6-E2B51ACAB5CF, 2021-03-21T22:56:13, true
9DDDD405-82E4-4C56-A6A6-E2B51ACAB5CF, 2021-03-21T22:57:13, true
9DDDD405-82E4-4C56-A6A6-E2B51ACAB5CF, 2021-03-21T22:58:29, true
9DDDD405-82E4-4C56-A6A6-E2B51ACAB5CF, 2021-03-21T22:59:34, true
9DDDD405-82E4-4C56-A6A6-E2B51ACAB5CF, 2021-03-21T23:00:37, true
9DDDD405-82E4-4C56-A6A6-E2B51ACAB5CF, 2021-03-21T23:01:40, true
9DDDD405-82E4-4C56-A6A6-E2B51ACAB5CF, 2021-03-21T23:02:41, true
9DDDD405-82E4-4C56-A6A6-E2B51ACAB5CF, 2021-03-21T23:03:42, true
9DDDD405-82E4-4C56-A6A6-E2B51ACAB5CF, 2021-03-21T23:04:51, true
9DDDD405-82E4-4C56-A6A6-E2B51ACAB5CF, 2021-03-21T23:05:55, true
9DDDD405-82E4-4C56-A6A6-E2B51ACAB5CF, 2021-03-21T23:07:11, true
9DDDD405-82E4-4C56-A6A6-E2B51ACAB5CF, 2021-03-21T23:08:13, true
9DDDD405-82E4-4C56-A6A6-E2B51ACAB5CF, 2021-03-21T23:09:13, true
9DDDD405-82E4-4C56-A6A6-E2B51ACAB5CF, 2021-03-21T23:10:17, true
9DDDD405-82E4-4C56-A6A6-E2B51ACAB5CF, 2021-03-21T23:11:20, true
9DDDD405-82E4-4C56-A6A6-E2B51ACAB5CF, 2021-03-21T23:12:23, true
9DDDD405-82E4-4C56-A6A6-E2B51ACAB5CF, 2021-03-21T23:13:28, true
9DDDD405-82E4-4C56-A6A6-E2B51ACAB5CF, 2021-03-21T23:14:34, true
9DDDD405-82E4-4C56-A6A6-E2B51ACAB5CF, 2021-03-21T23:15:38, true
9DDDD405-82E4-4C56-A6A6-E2B51ACAB5CF, 2021-03-21T23:16:41, true
9DDDD405-82E4-4C56-A6A6-E2B51ACAB5CF, 2021-03-21T23:17:45, true
9DDDD405-82E4-4C56-A6A6-E2B51ACAB5CF, 2021-03-21T23:18:45, true
9DDDD405-82E4-4C56-A6A6-E2B51ACAB5CF, 2021-03-21T23:19:46, true
9DDDD405-82E4-4C56-A6A6-E2B51ACAB5CF, 2021-03-21T23:20:46, true
9DDDD405-82E4-4C56-A6A6-E2B51ACAB5CF, 2021-03-21T23:21:47, true
9DDDD405-82E4-4C56-A6A6-E2B51ACAB5CF, 2021-03-21T23:22:49, true
9DDDD405-82E4-4C56-A6A6-E2B51ACAB5CF, 2021-03-21T23:23:50, true
9DDDD405-82E4-4C56-A6A6-E2B51ACAB5CF, 2021-03-21T23:24:53, true
9DDDD405-82E4-4C56-A6A6-E2B51ACAB5CF, 2021-03-21T23:25:55, true
9DDDD405-82E4-4C56-A6A6-E2B51ACAB5CF, 2021-03-21T23:27:02, true
9DDDD405-82E4-4C56-A6A6-E2B51ACAB5CF, 2021-03-21T23:28:03, true
9DDDD405-82E4-4C56-A6A6-E2B51ACAB5CF, 2021-03-21T23:29:05, true
9DDDD405-82E4-4C56-A6A6-E2B51ACAB5CF, 2021-03-21T23:30:07, true
9DDDD405-82E4-4C56-A6A6-E2B51ACAB5CF, 2021-03-21T23:31:12, true
9DDDD405-82E4-4C56-A6A6-E2B51ACAB5CF, 2021-03-21T23:32:15, true
9DDDD405-82E4-4C56-A6A6-E2B51ACAB5CF, 2021-03-21T23:33:18, true
9DDDD405-82E4-4C56-A6A6-E2B51ACAB5CF, 2021-03-21T23:34:21, true
9DDDD405-82E4-4C56-A6A6-E2B51ACAB5CF, 2021-03-21T23:35:24, true
9DDDD405-82E4-4C56-A6A6-E2B51ACAB5CF, 2021-03-21T23:36:26, true
9DDDD405-82E4-4C56-A6A6-E2B51ACAB5CF, 2021-03-21T23:37:26, true
9DDDD405-82E4-4C56-A6A6-E2B51ACAB5CF, 2021-03-21T23:38:26, true
9DDDD405-82E4-4C56-A6A6-E2B51ACAB5CF, 2021-03-21T23:39:30, true
9DDDD405-82E4-4C56-A6A6-E2B51ACAB5CF, 2021-03-21T23:40:35, true
9DDDD405-82E4-4C56-A6A6-E2B51ACAB5CF, 2021-03-21T23:41:37, true
9DDDD405-82E4-4C56-A6A6-E2B51ACAB5CF, 2021-03-21T23:42:40, true
9DDDD405-82E4-4C56-A6A6-E2B51ACAB5CF, 2021-03-21T23:43:40, true
9DDDD405-82E4-4C56-A6A6-E2B51ACAB5CF, 2021-03-21T23:44:43, true
9DDDD405-82E4-4C56-A6A6-E2B51ACAB5CF, 2021-03-21T23:45:47, true
9DDDD405-82E4-4C56-A6A6-E2B51ACAB5CF, 2021-03-21T23:46:51, true
9DDDD405-82E4-4C56-A6A6-E2B51ACAB5CF, 2021-03-21T23:47:52, true
9DDDD405-82E4-4C56-A6A6-E2B51ACAB5CF, 2021-03-21T23:49:05, true
9DDDD405-82E4-4C56-A6A6-E2B51ACAB5CF, 2021-03-21T23:50:07, true
9DDDD405-82E4-4C56-A6A6-E2B51ACAB5CF, 2021-03-21T23:51:08, true
9DDDD405-82E4-4C56-A6A6-E2B51ACAB5CF, 2021-03-21T23:52:09, true
9DDDD405-82E4-4C56-A6A6-E2B51ACAB5CF, 2021-03-21T23:53:11, true
9DDDD405-82E4-4C56-A6A6-E2B51ACAB5CF, 2021-03-21T23:54:19, true
9DDDD405-82E4-4C56-A6A6-E2B51ACAB5CF, 2021-03-21T23:55:23, true
9DDDD405-82E4-4C56-A6A6-E2B51ACAB5CF, 2021-03-21T23:56:24, true
9DDDD405-82E4-4C56-A6A6-E2B51ACAB5CF, 2021-03-21T23:57:27, true
9DDDD405-82E4-4C56-A6A6-E2B51ACAB5CF, 2021-03-21T23:58:29, true
9DDDD405-82E4-4C56-A6A6-E2B51ACAB5CF, 2021-03-21T23:59:31, true
9DDDD405-82E4-4C56-A6A6-E2B51ACAB5CF, 2021-03-22T00:00:34, true
9DDDD405-82E4-4C56-A6A6-E2B51ACAB5CF, 2021-03-22T00:01:35, true
9DDDD405-82E4-4C56-A6A6-E2B51ACAB5CF, 2021-03-22T00:02:36, true
9DDDD405-82E4-4C56-A6A6-E2B51ACAB5CF, 2021-03-22T00:03:38, true
9DDDD405-82E4-4C56-A6A6-E2B51ACAB5CF, 2021-03-22T00:04:45, true
9DDDD405-82E4-4C56-A6A6-E2B51ACAB5CF, 2021-03-22T00:05:45, true
9DDDD405-82E4-4C56-A6A6-E2B51ACAB5CF, 2021-03-22T00:06:46, true
9DDDD405-82E4-4C56-A6A6-E2B51ACAB5CF, 2021-03-22T00:07:48, true
9DDDD405-82E4-4C56-A6A6-E2B51ACAB5CF, 2021-03-22T00:08:52, true
9DDDD405-82E4-4C56-A6A6-E2B51ACAB5CF, 2021-03-22T00:09:55, true
9DDDD405-82E4-4C56-A6A6-E2B51ACAB5CF, 2021-03-22T00:11:03, true
9DDDD405-82E4-4C56-A6A6-E2B51ACAB5CF, 2021-03-22T00:12:05, true
9DDDD405-82E4-4C56-A6A6-E2B51ACAB5CF, 2021-03-22T00:13:06, true
9DDDD405-82E4-4C56-A6A6-E2B51ACAB5CF, 2021-03-22T00:14:09, true
9DDDD405-82E4-4C56-A6A6-E2B51ACAB5CF, 2021-03-22T00:15:10, true
9DDDD405-82E4-4C56-A6A6-E2B51ACAB5CF, 2021-03-22T00:16:10, true
9DDDD405-82E4-4C56-A6A6-E2B51ACAB5CF, 2021-03-22T00:17:15, true
9DDDD405-82E4-4C56-A6A6-E2B51ACAB5CF, 2021-03-22T00:18:16, true
9DDDD405-82E4-4C56-A6A6-E2B51ACAB5CF, 2021-03-22T00:19:21, true
9DDDD405-82E4-4C56-A6A6-E2B51ACAB5CF, 2021-03-22T00:20:24, true
9DDDD405-82E4-4C56-A6A6-E2B51ACAB5CF, 2021-03-22T00:21:25, true
9DDDD405-82E4-4C56-A6A6-E2B51ACAB5CF, 2021-03-22T00:22:27, true
9DDDD405-82E4-4C56-A6A6-E2B51ACAB5CF, 2021-03-22T00:23:29, true
9DDDD405-82E4-4C56-A6A6-E2B51ACAB5CF, 2021-03-22T00:24:30, true
9DDDD405-82E4-4C56-A6A6-E2B51ACAB5CF, 2021-03-22T00:25:33, true
9DDDD405-82E4-4C56-A6A6-E2B51ACAB5CF, 2021-03-22T00:26:35, true
9DDDD405-82E4-4C56-A6A6-E2B51ACAB5CF, 2021-03-22T00:27:36, true
9DDDD405-82E4-4C56-A6A6-E2B51ACAB5CF, 2021-03-22T00:28:53, true
9DDDD405-82E4-4C56-A6A6-E2B51ACAB5CF, 2021-03-22T00:29:56, true
9DDDD405-82E4-4C56-A6A6-E2B51ACAB5CF, 2021-03-22T00:30:57, true
9DDDD405-82E4-4C56-A6A6-E2B51ACAB5CF, 2021-03-22T00:32:00, true
9DDDD405-82E4-4C56-A6A6-E2B51ACAB5CF, 2021-03-22T00:33:02, true
9DDDD405-82E4-4C56-A6A6-E2B51ACAB5CF, 2021-03-22T00:34:04, true
9DDDD405-82E4-4C56-A6A6-E2B51ACAB5CF, 2021-03-22T00:35:07, true
9DDDD405-82E4-4C56-A6A6-E2B51ACAB5CF, 2021-03-22T00:36:07, true
9DDDD405-82E4-4C56-A6A6-E2B51ACAB5CF, 2021-03-22T00:37:10, true
9DDDD405-82E4-4C56-A6A6-E2B51ACAB5CF, 2021-03-22T00:38:14, true
9DDDD405-82E4-4C56-A6A6-E2B51ACAB5CF, 2021-03-22T00:39:16, true
9DDDD405-82E4-4C56-A6A6-E2B51ACAB5CF, 2021-03-22T00:40:19, true
9DDDD405-82E4-4C56-A6A6-E2B51ACAB5CF, 2021-03-22T00:41:21, true
9DDDD405-82E4-4C56-A6A6-E2B51ACAB5CF, 2021-03-22T00:42:24, true
9DDDD405-82E4-4C56-A6A6-E2B51ACAB5CF, 2021-03-22T00:43:34, true
9DDDD405-82E4-4C56-A6A6-E2B51ACAB5CF, 2021-03-22T00:44:38, true
9DDDD405-82E4-4C56-A6A6-E2B51ACAB5CF, 2021-03-22T00:45:41, true
9DDDD405-82E4-4C56-A6A6-E2B51ACAB5CF, 2021-03-22T00:46:45, true
9DDDD405-82E4-4C56-A6A6-E2B51ACAB5CF, 2021-03-22T00:47:50, true
9DDDD405-82E4-4C56-A6A6-E2B51ACAB5CF, 2021-03-22T00:48:53, true
9DDDD405-82E4-4C56-A6A6-E2B51ACAB5CF, 2021-03-22T00:49:55, true
9DDDD405-82E4-4C56-A6A6-E2B51ACAB5CF, 2021-03-22T00:50:56, true
9DDDD405-82E4-4C56-A6A6-E2B51ACAB5CF, 2021-03-22T00:51:58, true
9DDDD405-82E4-4C56-A6A6-E2B51ACAB5CF, 2021-03-22T00:53:00, true
9DDDD405-82E4-4C56-A6A6-E2B51ACAB5CF, 2021-03-22T00:54:02, true
9DDDD405-82E4-4C56-A6A6-E2B51ACAB5CF, 2021-03-22T00:55:07, true
9DDDD405-82E4-4C56-A6A6-E2B51ACAB5CF, 2021-03-22T00:56:07, true
9DDDD405-82E4-4C56-A6A6-E2B51ACAB5CF, 2021-03-22T00:57:26, true
9DDDD405-82E4-4C56-A6A6-E2B51ACAB5CF, 2021-03-22T00:58:27, true
9DDDD405-82E4-4C56-A6A6-E2B51ACAB5CF, 2021-03-22T00:59:28, true
9DDDD405-82E4-4C56-A6A6-E2B51ACAB5CF, 2021-03-22T01:00:31, true
9DDDD405-82E4-4C56-A6A6-E2B51ACAB5CF, 2021-03-22T01:01:31, true
9DDDD405-82E4-4C56-A6A6-E2B51ACAB5CF, 2021-03-22T01:02:32, true
9DDDD405-82E4-4C56-A6A6-E2B51ACAB5CF, 2021-03-22T01:03:32, true
9DDDD405-82E4-4C56-A6A6-E2B51ACAB5CF, 2021-03-22T01:04:32, true
9DDDD405-82E4-4C56-A6A6-E2B51ACAB5CF, 2021-03-22T01:05:32, true
9DDDD405-82E4-4C56-A6A6-E2B51ACAB5CF, 2021-03-22T01:06:36, true
9DDDD405-82E4-4C56-A6A6-E2B51ACAB5CF, 2021-03-22T01:07:39, true
9DDDD405-82E4-4C56-A6A6-E2B51ACAB5CF, 2021-03-22T01:08:40, true
9DDDD405-82E4-4C56-A6A6-E2B51ACAB5CF, 2021-03-22T01:09:40, true
9DDDD405-82E4-4C56-A6A6-E2B51ACAB5CF, 2021-03-22T01:10:47, true
9DDDD405-82E4-4C56-A6A6-E2B51ACAB5CF, 2021-03-22T01:11:47, true
9DDDD405-82E4-4C56-A6A6-E2B51ACAB5CF, 2021-03-22T01:12:49, true
9DDDD405-82E4-4C56-A6A6-E2B51ACAB5CF, 2021-03-22T01:13:50, true
9DDDD405-82E4-4C56-A6A6-E2B51ACAB5CF, 2021-03-22T01:14:54, true
9DDDD405-82E4-4C56-A6A6-E2B51ACAB5CF, 2021-03-22T01:15:57, true
9DDDD405-82E4-4C56-A6A6-E2B51ACAB5CF, 2021-03-22T01:17:04, true
9DDDD405-82E4-4C56-A6A6-E2B51ACAB5CF, 2021-03-22T01:18:29, true
9DDDD405-82E4-4C56-A6A6-E2B51ACAB5CF, 2021-03-22T01:19:32, true
9DDDD405-82E4-4C56-A6A6-E2B51ACAB5CF, 2021-03-22T01:20:34, true
9DDDD405-82E4-4C56-A6A6-E2B51ACAB5CF, 2021-03-22T01:21:48, true
9DDDD405-82E4-4C56-A6A6-E2B51ACAB5CF, 2021-03-22T01:22:48, true
9DDDD405-82E4-4C56-A6A6-E2B51ACAB5CF, 2021-03-22T01:23:50, true
9DDDD405-82E4-4C56-A6A6-E2B51ACAB5CF, 2021-03-22T01:24:51, true
9DDDD405-82E4-4C56-A6A6-E2B51ACAB5CF, 2021-03-22T01:25:54, true
9DDDD405-82E4-4C56-A6A6-E2B51ACAB5CF, 2021-03-22T01:26:57, true
9DDDD405-82E4-4C56-A6A6-E2B51ACAB5CF, 2021-03-22T01:28:02, true
9DDDD405-82E4-4C56-A6A6-E2B51ACAB5CF, 2021-03-22T01:29:04, true
9DDDD405-82E4-4C56-A6A6-E2B51ACAB5CF, 2021-03-22T01:30:04, true
9DDDD405-82E4-4C56-A6A6-E2B51ACAB5CF, 2021-03-22T01:31:07, true
9DDDD405-82E4-4C56-A6A6-E2B51ACAB5CF, 2021-03-22T01:32:07, true
9DDDD405-82E4-4C56-A6A6-E2B51ACAB5CF, 2021-03-22T01:33:08, true
9DDDD405-82E4-4C56-A6A6-E2B51ACAB5CF, 2021-03-22T01:34:10, true
9DDDD405-82E4-4C56-A6A6-E2B51ACAB5CF, 2021-03-22T01:35:10, true
9DDDD405-82E4-4C56-A6A6-E2B51ACAB5CF, 2021-03-22T01:36:10, true
9DDDD405-82E4-4C56-A6A6-E2B51ACAB5CF, 2021-03-22T01:37:14, true
9DDDD405-82E4-4C56-A6A6-E2B51ACAB5CF, 2021-03-22T01:38:21, true
9DDDD405-82E4-4C56-A6A6-E2B51ACAB5CF, 2021-03-22T01:39:23, true
9DDDD405-82E4-4C56-A6A6-E2B51ACAB5CF, 2021-03-22T01:40:24, true
9DDDD405-82E4-4C56-A6A6-E2B51ACAB5CF, 2021-03-22T01:41:50, true
9DDDD405-82E4-4C56-A6A6-E2B51ACAB5CF, 2021-03-22T01:42:53, true
9DDDD405-82E4-4C56-A6A6-E2B51ACAB5CF, 2021-03-22T01:43:56, true
9DDDD405-82E4-4C56-A6A6-E2B51ACAB5CF, 2021-03-22T01:44:57, true
9DDDD405-82E4-4C56-A6A6-E2B51ACAB5CF, 2021-03-22T01:45:58, true
9DDDD405-82E4-4C56-A6A6-E2B51ACAB5CF, 2021-03-22T01:47:00, true
9DDDD405-82E4-4C56-A6A6-E2B51ACAB5CF, 2021-03-22T01:48:01, true
9DDDD405-82E4-4C56-A6A6-E2B51ACAB5CF, 2021-03-22T01:49:01, true
9DDDD405-82E4-4C56-A6A6-E2B51ACAB5CF, 2021-03-22T01:50:05, true
9DDDD405-82E4-4C56-A6A6-E2B51ACAB5CF, 2021-03-22T01:51:06, true
9DDDD405-82E4-4C56-A6A6-E2B51ACAB5CF, 2021-03-22T01:52:13, true
9DDDD405-82E4-4C56-A6A6-E2B51ACAB5CF, 2021-03-22T01:53:15, true
9DDDD405-82E4-4C56-A6A6-E2B51ACAB5CF, 2021-03-22T01:54:15, true
9DDDD405-82E4-4C56-A6A6-E2B51ACAB5CF, 2021-03-22T01:55:16, true
9DDDD405-82E4-4C56-A6A6-E2B51ACAB5CF, 2021-03-22T01:56:17, true
9DDDD405-82E4-4C56-A6A6-E2B51ACAB5CF, 2021-03-22T01:57:24, true
9DDDD405-82E4-4C56-A6A6-E2B51ACAB5CF, 2021-03-22T01:58:24, true
9DDDD405-82E4-4C56-A6A6-E2B51ACAB5CF, 2021-03-22T01:59:24, true
9DDDD405-82E4-4C56-A6A6-E2B51ACAB5CF, 2021-03-22T02:00:36, true
9DDDD405-82E4-4C56-A6A6-E2B51ACAB5CF, 2021-03-22T02:01:37, true
9DDDD405-82E4-4C56-A6A6-E2B51ACAB5CF, 2021-03-22T02:02:38, true
9DDDD405-82E4-4C56-A6A6-E2B51ACAB5CF, 2021-03-22T02:03:40, true
9DDDD405-82E4-4C56-A6A6-E2B51ACAB5CF, 2021-03-22T02:04:44, true
9DDDD405-82E4-4C56-A6A6-E2B51ACAB5CF, 2021-03-22T02:05:44, true
9DDDD405-82E4-4C56-A6A6-E2B51ACAB5CF, 2021-03-22T02:06:47, true
9DDDD405-82E4-4C56-A6A6-E2B51ACAB5CF, 2021-03-22T02:07:47, true
9DDDD405-82E4-4C56-A6A6-E2B51ACAB5CF, 2021-03-22T02:08:49, true
9DDDD405-82E4-4C56-A6A6-E2B51ACAB5CF, 2021-03-22T02:09:51, true
9DDDD405-82E4-4C56-A6A6-E2B51ACAB5CF, 2021-03-22T02:10:51, true
9DDDD405-82E4-4C56-A6A6-E2B51ACAB5CF, 2021-03-22T02:12:02, true
9DDDD405-82E4-4C56-A6A6-E2B51ACAB5CF, 2021-03-22T02:13:06, true
9DDDD405-82E4-4C56-A6A6-E2B51ACAB5CF, 2021-03-22T02:14:09, true
9DDDD405-82E4-4C56-A6A6-E2B51ACAB5CF, 2021-03-22T02:15:09, true
9DDDD405-82E4-4C56-A6A6-E2B51ACAB5CF, 2021-03-22T02:16:09, true
9DDDD405-82E4-4C56-A6A6-E2B51ACAB5CF, 2021-03-22T02:17:12, true
9DDDD405-82E4-4C56-A6A6-E2B51ACAB5CF, 2021-03-22T02:18:14, true
9DDDD405-82E4-4C56-A6A6-E2B51ACAB5CF, 2021-03-22T02:19:18, true
9DDDD405-82E4-4C56-A6A6-E2B51ACAB5CF, 2021-03-22T02:20:43, true
9DDDD405-82E4-4C56-A6A6-E2B51ACAB5CF, 2021-03-22T02:21:45, true
9DDDD405-82E4-4C56-A6A6-E2B51ACAB5CF, 2021-03-22T02:22:46, true
9DDDD405-82E4-4C56-A6A6-E2B51ACAB5CF, 2021-03-22T02:23:51, true
9DDDD405-82E4-4C56-A6A6-E2B51ACAB5CF, 2021-03-22T02:24:53, true
9DDDD405-82E4-4C56-A6A6-E2B51ACAB5CF, 2021-03-22T02:25:56, true
9DDDD405-82E4-4C56-A6A6-E2B51ACAB5CF, 2021-03-22T02:26:58, true
9DDDD405-82E4-4C56-A6A6-E2B51ACAB5CF, 2021-03-22T02:28:01, true
9DDDD405-82E4-4C56-A6A6-E2B51ACAB5CF, 2021-03-22T02:29:01, true
9DDDD405-82E4-4C56-A6A6-E2B51ACAB5CF, 2021-03-22T02:30:04, true
9DDDD405-82E4-4C56-A6A6-E2B51ACAB5CF, 2021-03-22T02:31:07, true
9DDDD405-82E4-4C56-A6A6-E2B51ACAB5CF, 2021-03-22T02:32:08, true
9DDDD405-82E4-4C56-A6A6-E2B51ACAB5CF, 2021-03-22T02:33:21, true
9DDDD405-82E4-4C56-A6A6-E2B51ACAB5CF, 2021-03-22T02:34:23, true
9DDDD405-82E4-4C56-A6A6-E2B51ACAB5CF, 2021-03-22T02:35:24, true
9DDDD405-82E4-4C56-A6A6-E2B51ACAB5CF, 2021-03-22T02:36:27, true
9DDDD405-82E4-4C56-A6A6-E2B51ACAB5CF, 2021-03-22T02:37:28, true
9DDDD405-82E4-4C56-A6A6-E2B51ACAB5CF, 2021-03-22T02:38:28, true
9DDDD405-82E4-4C56-A6A6-E2B51ACAB5CF, 2021-03-22T02:39:29, true
9DDDD405-82E4-4C56-A6A6-E2B51ACAB5CF, 2021-03-22T02:40:31, true
9DDDD405-82E4-4C56-A6A6-E2B51ACAB5CF, 2021-03-22T02:41:31, true
9DDDD405-82E4-4C56-A6A6-E2B51ACAB5CF, 2021-03-22T02:42:34, true
9DDDD405-82E4-4C56-A6A6-E2B51ACAB5CF, 2021-03-22T02:43:38, true
9DDDD405-82E4-4C56-A6A6-E2B51ACAB5CF, 2021-03-22T02:44:50, true
9DDDD405-82E4-4C56-A6A6-E2B51ACAB5CF, 2021-03-22T02:45:50, true
9DDDD405-82E4-4C56-A6A6-E2B51ACAB5CF, 2021-03-22T02:46:51, true
9DDDD405-82E4-4C56-A6A6-E2B51ACAB5CF, 2021-03-22T02:47:51, true
9DDDD405-82E4-4C56-A6A6-E2B51ACAB5CF, 2021-03-22T02:49:05, true
9DDDD405-82E4-4C56-A6A6-E2B51ACAB5CF, 2021-03-22T02:50:13, true
9DDDD405-82E4-4C56-A6A6-E2B51ACAB5CF, 2021-03-22T02:51:16, true
9DDDD405-82E4-4C56-A6A6-E2B51ACAB5CF, 2021-03-22T02:52:18, true
9DDDD405-82E4-4C56-A6A6-E2B51ACAB5CF, 2021-03-22T02:53:21, true
9DDDD405-82E4-4C56-A6A6-E2B51ACAB5CF, 2021-03-22T02:54:22, true
9DDDD405-82E4-4C56-A6A6-E2B51ACAB5CF, 2021-03-22T02:55:35, true
9DDDD405-82E4-4C56-A6A6-E2B51ACAB5CF, 2021-03-22T02:56:36, true
9DDDD405-82E4-4C56-A6A6-E2B51ACAB5CF, 2021-03-22T02:57:39, true
9DDDD405-82E4-4C56-A6A6-E2B51ACAB5CF, 2021-03-22T02:58:40, true
9DDDD405-82E4-4C56-A6A6-E2B51ACAB5CF, 2021-03-22T03:00:01, true
9DDDD405-82E4-4C56-A6A6-E2B51ACAB5CF, 2021-03-22T03:01:02, true
9DDDD405-82E4-4C56-A6A6-E2B51ACAB5CF, 2021-03-22T03:02:03, true
9DDDD405-82E4-4C56-A6A6-E2B51ACAB5CF, 2021-03-22T03:03:05, true
9DDDD405-82E4-4C56-A6A6-E2B51ACAB5CF, 2021-03-22T03:04:05, true
9DDDD405-82E4-4C56-A6A6-E2B51ACAB5CF, 2021-03-22T03:05:08, true
9DDDD405-82E4-4C56-A6A6-E2B51ACAB5CF, 2021-03-22T03:06:12, true
9DDDD405-82E4-4C56-A6A6-E2B51ACAB5CF, 2021-03-22T03:07:15, true
9DDDD405-82E4-4C56-A6A6-E2B51ACAB5CF, 2021-03-22T03:08:18, true
9DDDD405-82E4-4C56-A6A6-E2B51ACAB5CF, 2021-03-22T03:09:20, true
9DDDD405-82E4-4C56-A6A6-E2B51ACAB5CF, 2021-03-22T03:10:22, true
9DDDD405-82E4-4C56-A6A6-E2B51ACAB5CF, 2021-03-22T03:11:25, true
9DDDD405-82E4-4C56-A6A6-E2B51ACAB5CF, 2021-03-22T03:12:29, true
9DDDD405-82E4-4C56-A6A6-E2B51ACAB5CF, 2021-03-22T03:13:32, true
9DDDD405-82E4-4C56-A6A6-E2B51ACAB5CF, 2021-03-22T03:14:33, true
9DDDD405-82E4-4C56-A6A6-E2B51ACAB5CF, 2021-03-22T03:15:38, true
9DDDD405-82E4-4C56-A6A6-E2B51ACAB5CF, 2021-03-22T03:16:38, true
9DDDD405-82E4-4C56-A6A6-E2B51ACAB5CF, 2021-03-22T03:17:49, true
9DDDD405-82E4-4C56-A6A6-E2B51ACAB5CF, 2021-03-22T03:18:50, true
9DDDD405-82E4-4C56-A6A6-E2B51ACAB5CF, 2021-03-22T03:19:54, true
9DDDD405-82E4-4C56-A6A6-E2B51ACAB5CF, 2021-03-22T03:20:54, true
9DDDD405-82E4-4C56-A6A6-E2B51ACAB5CF, 2021-03-22T03:22:00, true
9DDDD405-82E4-4C56-A6A6-E2B51ACAB5CF, 2021-03-22T03:23:01, true
9DDDD405-82E4-4C56-A6A6-E2B51ACAB5CF, 2021-03-22T03:24:06, true
9DDDD405-82E4-4C56-A6A6-E2B51ACAB5CF, 2021-03-22T03:25:06, true
9DDDD405-82E4-4C56-A6A6-E2B51ACAB5CF, 2021-03-22T03:26:09, true
9DDDD405-82E4-4C56-A6A6-E2B51ACAB5CF, 2021-03-22T03:27:11, true
9DDDD405-82E4-4C56-A6A6-E2B51ACAB5CF, 2021-03-22T03:28:20, true
9DDDD405-82E4-4C56-A6A6-E2B51ACAB5CF, 2021-03-22T03:29:21, true
9DDDD405-82E4-4C56-A6A6-E2B51ACAB5CF, 2021-03-22T03:30:24, true
9DDDD405-82E4-4C56-A6A6-E2B51ACAB5CF, 2021-03-22T03:31:26, true
9DDDD405-82E4-4C56-A6A6-E2B51ACAB5CF, 2021-03-22T03:32:31, true
9DDDD405-82E4-4C56-A6A6-E2B51ACAB5CF, 2021-03-22T03:33:32, true
9DDDD405-82E4-4C56-A6A6-E2B51ACAB5CF, 2021-03-22T03:34:33, true
9DDDD405-82E4-4C56-A6A6-E2B51ACAB5CF, 2021-03-22T03:35:34, true
9DDDD405-82E4-4C56-A6A6-E2B51ACAB5CF, 2021-03-22T03:36:35, true
9DDDD405-82E4-4C56-A6A6-E2B51ACAB5CF, 2021-03-22T03:37:36, true
9DDDD405-82E4-4C56-A6A6-E2B51ACAB5CF, 2021-03-22T03:38:37, true
9DDDD405-82E4-4C56-A6A6-E2B51ACAB5CF, 2021-03-22T03:39:47, true
9DDDD405-82E4-4C56-A6A6-E2B51ACAB5CF, 2021-03-22T03:40:49, true
9DDDD405-82E4-4C56-A6A6-E2B51ACAB5CF, 2021-03-22T03:41:50, true
9DDDD405-82E4-4C56-A6A6-E2B51ACAB5CF, 2021-03-22T03:42:51, true
9DDDD405-82E4-4C56-A6A6-E2B51ACAB5CF, 2021-03-22T03:43:54, true
9DDDD405-82E4-4C56-A6A6-E2B51ACAB5CF, 2021-03-22T03:44:58, true
9DDDD405-82E4-4C56-A6A6-E2B51ACAB5CF, 2021-03-22T03:46:01, true
9DDDD405-82E4-4C56-A6A6-E2B51ACAB5CF, 2021-03-22T03:47:04, true
9DDDD405-82E4-4C56-A6A6-E2B51ACAB5CF, 2021-03-22T03:48:05, true
9DDDD405-82E4-4C56-A6A6-E2B51ACAB5CF, 2021-03-22T03:49:08, true
9DDDD405-82E4-4C56-A6A6-E2B51ACAB5CF, 2021-03-22T03:50:21, true
9DDDD405-82E4-4C56-A6A6-E2B51ACAB5CF, 2021-03-22T03:51:22, true
9DDDD405-82E4-4C56-A6A6-E2B51ACAB5CF, 2021-03-22T03:52:23, true
9DDDD405-82E4-4C56-A6A6-E2B51ACAB5CF, 2021-03-22T03:53:24, true
9DDDD405-82E4-4C56-A6A6-E2B51ACAB5CF, 2021-03-22T03:54:25, true
9DDDD405-82E4-4C56-A6A6-E2B51ACAB5CF, 2021-03-22T03:55:28, true
9DDDD405-82E4-4C56-A6A6-E2B51ACAB5CF, 2021-03-22T03:56:30, true
9DDDD405-82E4-4C56-A6A6-E2B51ACAB5CF, 2021-03-22T03:57:33, true
9DDDD405-82E4-4C56-A6A6-E2B51ACAB5CF, 2021-03-22T03:58:36, true
9DDDD405-82E4-4C56-A6A6-E2B51ACAB5CF, 2021-03-22T03:59:37, true
9DDDD405-82E4-4C56-A6A6-E2B51ACAB5CF, 2021-03-22T04:00:39, true
9DDDD405-82E4-4C56-A6A6-E2B51ACAB5CF, 2021-03-22T04:01:42, true
9DDDD405-82E4-4C56-A6A6-E2B51ACAB5CF, 2021-03-22T04:02:43, true
9DDDD405-82E4-4C56-A6A6-E2B51ACAB5CF, 2021-03-22T04:03:56, true
9DDDD405-82E4-4C56-A6A6-E2B51ACAB5CF, 2021-03-22T04:04:58, true
9DDDD405-82E4-4C56-A6A6-E2B51ACAB5CF, 2021-03-22T04:05:59, true
9DDDD405-82E4-4C56-A6A6-E2B51ACAB5CF, 2021-03-22T04:07:14, true
9DDDD405-82E4-4C56-A6A6-E2B51ACAB5CF, 2021-03-22T04:08:16, true
9DDDD405-82E4-4C56-A6A6-E2B51ACAB5CF, 2021-03-22T04:09:17, true
9DDDD405-82E4-4C56-A6A6-E2B51ACAB5CF, 2021-03-22T04:10:21, true
9DDDD405-82E4-4C56-A6A6-E2B51ACAB5CF, 2021-03-22T04:11:24, true
9DDDD405-82E4-4C56-A6A6-E2B51ACAB5CF, 2021-03-22T04:12:35, true
9DDDD405-82E4-4C56-A6A6-E2B51ACAB5CF, 2021-03-22T04:13:37, true
9DDDD405-82E4-4C56-A6A6-E2B51ACAB5CF, 2021-03-22T04:14:39, true
9DDDD405-82E4-4C56-A6A6-E2B51ACAB5CF, 2021-03-22T04:15:42, true
9DDDD405-82E4-4C56-A6A6-E2B51ACAB5CF, 2021-03-22T04:16:43, true
9DDDD405-82E4-4C56-A6A6-E2B51ACAB5CF, 2021-03-22T04:17:44, true
9DDDD405-82E4-4C56-A6A6-E2B51ACAB5CF, 2021-03-22T04:18:46, true
9DDDD405-82E4-4C56-A6A6-E2B51ACAB5CF, 2021-03-22T04:19:49, true
9DDDD405-82E4-4C56-A6A6-E2B51ACAB5CF, 2021-03-22T04:20:53, true
9DDDD405-82E4-4C56-A6A6-E2B51ACAB5CF, 2021-03-22T04:21:56, true
9DDDD405-82E4-4C56-A6A6-E2B51ACAB5CF, 2021-03-22T04:22:58, true
9DDDD405-82E4-4C56-A6A6-E2B51ACAB5CF, 2021-03-22T04:24:04, true
9DDDD405-82E4-4C56-A6A6-E2B51ACAB5CF, 2021-03-22T04:25:06, true
9DDDD405-82E4-4C56-A6A6-E2B51ACAB5CF, 2021-03-22T04:26:09, true
9DDDD405-82E4-4C56-A6A6-E2B51ACAB5CF, 2021-03-22T04:27:10, true
9DDDD405-82E4-4C56-A6A6-E2B51ACAB5CF, 2021-03-22T04:28:14, true
9DDDD405-82E4-4C56-A6A6-E2B51ACAB5CF, 2021-03-22T04:29:23, true
9DDDD405-82E4-4C56-A6A6-E2B51ACAB5CF, 2021-03-22T04:30:24, true
9DDDD405-82E4-4C56-A6A6-E2B51ACAB5CF, 2021-03-22T04:31:28, true
9DDDD405-82E4-4C56-A6A6-E2B51ACAB5CF, 2021-03-22T04:32:31, true
9DDDD405-82E4-4C56-A6A6-E2B51ACAB5CF, 2021-03-22T04:33:32, true
9DDDD405-82E4-4C56-A6A6-E2B51ACAB5CF, 2021-03-22T04:34:32, true
9DDDD405-82E4-4C56-A6A6-E2B51ACAB5CF, 2021-03-22T04:35:33, true
9DDDD405-82E4-4C56-A6A6-E2B51ACAB5CF, 2021-03-22T04:36:38, true
9DDDD405-82E4-4C56-A6A6-E2B51ACAB5CF, 2021-03-22T04:37:41, true
9DDDD405-82E4-4C56-A6A6-E2B51ACAB5CF, 2021-03-22T04:38:44, true
9DDDD405-82E4-4C56-A6A6-E2B51ACAB5CF, 2021-03-22T04:39:48, true
9DDDD405-82E4-4C56-A6A6-E2B51ACAB5CF, 2021-03-22T04:40:48, true
9DDDD405-82E4-4C56-A6A6-E2B51ACAB5CF, 2021-03-22T04:41:51, true
9DDDD405-82E4-4C56-A6A6-E2B51ACAB5CF, 2021-03-22T04:42:54, true
9DDDD405-82E4-4C56-A6A6-E2B51ACAB5CF, 2021-03-22T04:43:58, true
9DDDD405-82E4-4C56-A6A6-E2B51ACAB5CF, 2021-03-22T04:45:00, true
9DDDD405-82E4-4C56-A6A6-E2B51ACAB5CF, 2021-03-22T04:46:04, true
9DDDD405-82E4-4C56-A6A6-E2B51ACAB5CF, 2021-03-22T04:47:06, true
9DDDD405-82E4-4C56-A6A6-E2B51ACAB5CF, 2021-03-22T04:48:07, true
9DDDD405-82E4-4C56-A6A6-E2B51ACAB5CF, 2021-03-22T04:49:29, true
9DDDD405-82E4-4C56-A6A6-E2B51ACAB5CF, 2021-03-22T04:50:33, true
9DDDD405-82E4-4C56-A6A6-E2B51ACAB5CF, 2021-03-22T04:51:35, true
9DDDD405-82E4-4C56-A6A6-E2B51ACAB5CF, 2021-03-22T04:52:38, true
9DDDD405-82E4-4C56-A6A6-E2B51ACAB5CF, 2021-03-22T04:53:43, true
9DDDD405-82E4-4C56-A6A6-E2B51ACAB5CF, 2021-03-22T04:54:43, true
9DDDD405-82E4-4C56-A6A6-E2B51ACAB5CF, 2021-03-22T04:55:45, true
9DDDD405-82E4-4C56-A6A6-E2B51ACAB5CF, 2021-03-22T04:56:51, true
9DDDD405-82E4-4C56-A6A6-E2B51ACAB5CF, 2021-03-22T04:57:53, true
9DDDD405-82E4-4C56-A6A6-E2B51ACAB5CF, 2021-03-22T04:58:56, true
9DDDD405-82E4-4C56-A6A6-E2B51ACAB5CF, 2021-03-22T04:59:58, true
9DDDD405-82E4-4C56-A6A6-E2B51ACAB5CF, 2021-03-22T05:01:00, true
9DDDD405-82E4-4C56-A6A6-E2B51ACAB5CF, 2021-03-22T05:02:00, true
9DDDD405-82E4-4C56-A6A6-E2B51ACAB5CF, 2021-03-22T05:03:04, true
9DDDD405-82E4-4C56-A6A6-E2B51ACAB5CF, 2021-03-22T05:04:06, true
9DDDD405-82E4-4C56-A6A6-E2B51ACAB5CF, 2021-03-22T05:05:08, true
9DDDD405-82E4-4C56-A6A6-E2B51ACAB5CF, 2021-03-22T05:06:10, true
9DDDD405-82E4-4C56-A6A6-E2B51ACAB5CF, 2021-03-22T05:07:10, true
9DDDD405-82E4-4C56-A6A6-E2B51ACAB5CF, 2021-03-22T05:08:12, true
9DDDD405-82E4-4C56-A6A6-E2B51ACAB5CF, 2021-03-22T05:09:14, true
9DDDD405-82E4-4C56-A6A6-E2B51ACAB5CF, 2021-03-22T05:10:17, true
9DDDD405-82E4-4C56-A6A6-E2B51ACAB5CF, 2021-03-22T05:11:18, true
9DDDD405-82E4-4C56-A6A6-E2B51ACAB5CF, 2021-03-22T05:12:21, true
9DDDD405-82E4-4C56-A6A6-E2B51ACAB5CF, 2021-03-22T05:13:22, true
9DDDD405-82E4-4C56-A6A6-E2B51ACAB5CF, 2021-03-22T05:14:24, true
9DDDD405-82E4-4C56-A6A6-E2B51ACAB5CF, 2021-03-22T05:15:24, true
9DDDD405-82E4-4C56-A6A6-E2B51ACAB5CF, 2021-03-22T05:16:26, true
9DDDD405-82E4-4C56-A6A6-E2B51ACAB5CF, 2021-03-22T05:17:28, true
9DDDD405-82E4-4C56-A6A6-E2B51ACAB5CF, 2021-03-22T05:18:34, true
9DDDD405-82E4-4C56-A6A6-E2B51ACAB5CF, 2021-03-22T05:19:35, true
9DDDD405-82E4-4C56-A6A6-E2B51ACAB5CF, 2021-03-22T05:20:36, true
9DDDD405-82E4-4C56-A6A6-E2B51ACAB5CF, 2021-03-22T05:21:38, true
9DDDD405-82E4-4C56-A6A6-E2B51ACAB5CF, 2021-03-22T05:22:43, true
9DDDD405-82E4-4C56-A6A6-E2B51ACAB5CF, 2021-03-22T05:23:47, true
9DDDD405-82E4-4C56-A6A6-E2B51ACAB5CF, 2021-03-22T05:24:48, true
9DDDD405-82E4-4C56-A6A6-E2B51ACAB5CF, 2021-03-22T05:25:51, true
9DDDD405-82E4-4C56-A6A6-E2B51ACAB5CF, 2021-03-22T05:26:53, true
9DDDD405-82E4-4C56-A6A6-E2B51ACAB5CF, 2021-03-22T05:28:01, true
9DDDD405-82E4-4C56-A6A6-E2B51ACAB5CF, 2021-03-22T05:29:02, true
9DDDD405-82E4-4C56-A6A6-E2B51ACAB5CF, 2021-03-22T05:30:09, true
9DDDD405-82E4-4C56-A6A6-E2B51ACAB5CF, 2021-03-22T05:31:13, true
9DDDD405-82E4-4C56-A6A6-E2B51ACAB5CF, 2021-03-22T05:32:15, true
9DDDD405-82E4-4C56-A6A6-E2B51ACAB5CF, 2021-03-22T05:33:15, true
9DDDD405-82E4-4C56-A6A6-E2B51ACAB5CF, 2021-03-22T05:34:16, true
9DDDD405-82E4-4C56-A6A6-E2B51ACAB5CF, 2021-03-22T05:35:31, true
9DDDD405-82E4-4C56-A6A6-E2B51ACAB5CF, 2021-03-22T05:36:36, true
9DDDD405-82E4-4C56-A6A6-E2B51ACAB5CF, 2021-03-22T05:37:37, true
9DDDD405-82E4-4C56-A6A6-E2B51ACAB5CF, 2021-03-22T05:38:39, true
9DDDD405-82E4-4C56-A6A6-E2B51ACAB5CF, 2021-03-22T05:39:40, true
9DDDD405-82E4-4C56-A6A6-E2B51ACAB5CF, 2021-03-22T05:40:48, true
9DDDD405-82E4-4C56-A6A6-E2B51ACAB5CF, 2021-03-22T05:41:52, true
9DDDD405-82E4-4C56-A6A6-E2B51ACAB5CF, 2021-03-22T05:42:53, true
9DDDD405-82E4-4C56-A6A6-E2B51ACAB5CF, 2021-03-22T05:43:54, true
9DDDD405-82E4-4C56-A6A6-E2B51ACAB5CF, 2021-03-22T05:44:58, true
9DDDD405-82E4-4C56-A6A6-E2B51ACAB5CF, 2021-03-22T05:45:59, true
9DDDD405-82E4-4C56-A6A6-E2B51ACAB5CF, 2021-03-22T05:46:59, true
9DDDD405-82E4-4C56-A6A6-E2B51ACAB5CF, 2021-03-22T05:48:01, true
9DDDD405-82E4-4C56-A6A6-E2B51ACAB5CF, 2021-03-22T05:49:04, true
9DDDD405-82E4-4C56-A6A6-E2B51ACAB5CF, 2021-03-22T05:50:11, true
9DDDD405-82E4-4C56-A6A6-E2B51ACAB5CF, 2021-03-22T05:51:20, true
9DDDD405-82E4-4C56-A6A6-E2B51ACAB5CF, 2021-03-22T05:52:23, true
9DDDD405-82E4-4C56-A6A6-E2B51ACAB5CF, 2021-03-22T05:53:28, true
9DDDD405-82E4-4C56-A6A6-E2B51ACAB5CF, 2021-03-22T05:54:31, true
9DDDD405-82E4-4C56-A6A6-E2B51ACAB5CF, 2021-03-22T05:55:32, true
9DDDD405-82E4-4C56-A6A6-E2B51ACAB5CF, 2021-03-22T05:56:32, true
9DDDD405-82E4-4C56-A6A6-E2B51ACAB5CF, 2021-03-22T05:57:34, true
9DDDD405-82E4-4C56-A6A6-E2B51ACAB5CF, 2021-03-22T05:58:34, false
9DDDD405-82E4-4C56-A6A6-E2B51ACAB5CF, 2021-03-22T05:59:34, false
9DDDD405-82E4-4C56-A6A6-E2B51ACAB5CF, 2021-03-22T06:00:57, true
9DDDD405-82E4-4C56-A6A6-E2B51ACAB5CF, 2021-03-22T06:02:00, true
9DDDD405-82E4-4C56-A6A6-E2B51ACAB5CF, 2021-03-22T06:03:05, true
9DDDD405-82E4-4C56-A6A6-E2B51ACAB5CF, 2021-03-22T06:04:07, true
9DDDD405-82E4-4C56-A6A6-E2B51ACAB5CF, 2021-03-22T06:05:09, true
9DDDD405-82E4-4C56-A6A6-E2B51ACAB5CF, 2021-03-22T06:06:27, true
9DDDD405-82E4-4C56-A6A6-E2B51ACAB5CF, 2021-03-22T06:07:29, true
9DDDD405-82E4-4C56-A6A6-E2B51ACAB5CF, 2021-03-22T06:08:33, true
9DDDD405-82E4-4C56-A6A6-E2B51ACAB5CF, 2021-03-22T06:09:34, true
9DDDD405-82E4-4C56-A6A6-E2B51ACAB5CF, 2021-03-22T06:10:34, true
9DDDD405-82E4-4C56-A6A6-E2B51ACAB5CF, 2021-03-22T06:11:34, true
9DDDD405-82E4-4C56-A6A6-E2B51ACAB5CF, 2021-03-22T06:12:36, true
9DDDD405-82E4-4C56-A6A6-E2B51ACAB5CF, 2021-03-22T06:13:51, true
9DDDD405-82E4-4C56-A6A6-E2B51ACAB5CF, 2021-03-22T06:14:52, true
9DDDD405-82E4-4C56-A6A6-E2B51ACAB5CF, 2021-03-22T06:16:03, true
9DDDD405-82E4-4C56-A6A6-E2B51ACAB5CF, 2021-03-22T06:17:11, true
9DDDD405-82E4-4C56-A6A6-E2B51ACAB5CF, 2021-03-22T06:18:14, true
9DDDD405-82E4-4C56-A6A6-E2B51ACAB5CF, 2021-03-22T06:19:32, true
9DDDD405-82E4-4C56-A6A6-E2B51ACAB5CF, 2021-03-22T06:20:34, true
9DDDD405-82E4-4C56-A6A6-E2B51ACAB5CF, 2021-03-22T06:21:36, true
9DDDD405-82E4-4C56-A6A6-E2B51ACAB5CF, 2021-03-22T06:22:39, true
9DDDD405-82E4-4C56-A6A6-E2B51ACAB5CF, 2021-03-22T06:23:39, true
9DDDD405-82E4-4C56-A6A6-E2B51ACAB5CF, 2021-03-22T06:24:48, true
9DDDD405-82E4-4C56-A6A6-E2B51ACAB5CF, 2021-03-22T06:25:51, true
9DDDD405-82E4-4C56-A6A6-E2B51ACAB5CF, 2021-03-22T06:26:53, true
9DDDD405-82E4-4C56-A6A6-E2B51ACAB5CF, 2021-03-22T06:27:57, true
9DDDD405-82E4-4C56-A6A6-E2B51ACAB5CF, 2021-03-22T06:29:00, true
9DDDD405-82E4-4C56-A6A6-E2B51ACAB5CF, 2021-03-22T06:30:02, true
9DDDD405-82E4-4C56-A6A6-E2B51ACAB5CF, 2021-03-22T06:31:06, true
9DDDD405-82E4-4C56-A6A6-E2B51ACAB5CF, 2021-03-22T06:32:10, true
9DDDD405-82E4-4C56-A6A6-E2B51ACAB5CF, 2021-03-22T06:33:12, true
9DDDD405-82E4-4C56-A6A6-E2B51ACAB5CF, 2021-03-22T06:34:13, true
9DDDD405-82E4-4C56-A6A6-E2B51ACAB5CF, 2021-03-22T06:35:14, true
9DDDD405-82E4-4C56-A6A6-E2B51ACAB5CF, 2021-03-22T06:36:23, true
9DDDD405-82E4-4C56-A6A6-E2B51ACAB5CF, 2021-03-22T06:37:27, true
9DDDD405-82E4-4C56-A6A6-E2B51ACAB5CF, 2021-03-22T06:38:27, false
9DDDD405-82E4-4C56-A6A6-E2B51ACAB5CF, 2021-03-22T06:39:27, false
9DDDD405-82E4-4C56-A6A6-E2B51ACAB5CF, 2021-03-22T06:40:27, false
9DDDD405-82E4-4C56-A6A6-E2B51ACAB5CF, 2021-03-22T06:41:27, false
9DDDD405-82E4-4C56-A6A6-E2B51ACAB5CF, 2021-03-22T06:42:27, false
9DDDD405-82E4-4C56-A6A6-E2B51ACAB5CF, 2021-03-22T06:43:20, true
9DDDD405-82E4-4C56-A6A6-E2B51ACAB5CF, 2021-03-22T06:44:23, true
9DDDD405-82E4-4C56-A6A6-E2B51ACAB5CF, 2021-03-22T06:45:26, true
9DDDD405-82E4-4C56-A6A6-E2B51ACAB5CF, 2021-03-22T06:46:32, true
9DDDD405-82E4-4C56-A6A6-E2B51ACAB5CF, 2021-03-22T06:47:34, true
9DDDD405-82E4-4C56-A6A6-E2B51ACAB5CF, 2021-03-22T06:48:36, true
9DDDD405-82E4-4C56-A6A6-E2B51ACAB5CF, 2021-03-22T06:49:40, true
9DDDD405-82E4-4C56-A6A6-E2B51ACAB5CF, 2021-03-22T06:50:42, true
9DDDD405-82E4-4C56-A6A6-E2B51ACAB5CF, 2021-03-22T06:51:43, true
9DDDD405-82E4-4C56-A6A6-E2B51ACAB5CF, 2021-03-22T06:52:44, true
9DDDD405-82E4-4C56-A6A6-E2B51ACAB5CF, 2021-03-22T06:53:47, true
9DDDD405-82E4-4C56-A6A6-E2B51ACAB5CF, 2021-03-22T06:54:50, true
9DDDD405-82E4-4C56-A6A6-E2B51ACAB5CF, 2021-03-22T06:55:54, true
9DDDD405-82E4-4C56-A6A6-E2B51ACAB5CF, 2021-03-22T06:56:58, true
9DDDD405-82E4-4C56-A6A6-E2B51ACAB5CF, 2021-03-22T06:58:00, true
9DDDD405-82E4-4C56-A6A6-E2B51ACAB5CF, 2021-03-22T06:59:01, true
9DDDD405-82E4-4C56-A6A6-E2B51ACAB5CF, 2021-03-22T07:00:04, true
9DDDD405-82E4-4C56-A6A6-E2B51ACAB5CF, 2021-03-22T07:01:07, true
9DDDD405-82E4-4C56-A6A6-E2B51ACAB5CF, 2021-03-22T07:02:08, true
9DDDD405-82E4-4C56-A6A6-E2B51ACAB5CF, 2021-03-22T07:03:12, true
9DDDD405-82E4-4C56-A6A6-E2B51ACAB5CF, 2021-03-22T07:04:17, true
9DDDD405-82E4-4C56-A6A6-E2B51ACAB5CF, 2021-03-22T07:05:19, true
9DDDD405-82E4-4C56-A6A6-E2B51ACAB5CF, 2021-03-22T07:06:29, true
9DDDD405-82E4-4C56-A6A6-E2B51ACAB5CF, 2021-03-22T07:07:29, true
9DDDD405-82E4-4C56-A6A6-E2B51ACAB5CF, 2021-03-22T07:08:35, true
9DDDD405-82E4-4C56-A6A6-E2B51ACAB5CF, 2021-03-22T07:09:38, true
9DDDD405-82E4-4C56-A6A6-E2B51ACAB5CF, 2021-03-22T07:10:41, true
9DDDD405-82E4-4C56-A6A6-E2B51ACAB5CF, 2021-03-22T07:11:45, true
9DDDD405-82E4-4C56-A6A6-E2B51ACAB5CF, 2021-03-22T07:12:45, false
9DDDD405-82E4-4C56-A6A6-E2B51ACAB5CF, 2021-03-22T07:13:45, false
9DDDD405-82E4-4C56-A6A6-E2B51ACAB5CF, 2021-03-22T07:14:45, false
9DDDD405-82E4-4C56-A6A6-E2B51ACAB5CF, 2021-03-22T07:15:45, false
9DDDD405-82E4-4C56-A6A6-E2B51ACAB5CF, 2021-03-22T07:16:45, false
9DDDD405-82E4-4C56-A6A6-E2B51ACAB5CF, 2021-03-22T07:17:45, false
9DDDD405-82E4-4C56-A6A6-E2B51ACAB5CF, 2021-03-22T07:18:45, false
9DDDD405-82E4-4C56-A6A6-E2B51ACAB5CF, 2021-03-22T07:19:45, false
9DDDD405-82E4-4C56-A6A6-E2B51ACAB5CF, 2021-03-22T07:20:45, false
9DDDD405-82E4-4C56-A6A6-E2B51ACAB5CF, 2021-03-22T07:21:45, false
9DDDD405-82E4-4C56-A6A6-E2B51ACAB5CF, 2021-03-22T07:22:45, false
9DDDD405-82E4-4C56-A6A6-E2B51ACAB5CF, 2021-03-22T07:23:45, false
9DDDD405-82E4-4C56-A6A6-E2B51ACAB5CF, 2021-03-22T07:24:45, false
9DDDD405-82E4-4C56-A6A6-E2B51ACAB5CF, 2021-03-22T07:25:45, false
9DDDD405-82E4-4C56-A6A6-E2B51ACAB5CF, 2021-03-22T07:26:45, false
9DDDD405-82E4-4C56-A6A6-E2B51ACAB5CF, 2021-03-22T07:27:45, false
9DDDD405-82E4-4C56-A6A6-E2B51ACAB5CF, 2021-03-22T07:28:45, false
9DDDD405-82E4-4C56-A6A6-E2B51ACAB5CF, 2021-03-22T07:29:45, false
9DDDD405-82E4-4C56-A6A6-E2B51ACAB5CF, 2021-03-22T07:30:45, false
9DDDD405-82E4-4C56-A6A6-E2B51ACAB5CF, 2021-03-22T07:31:45, false
9DDDD405-82E4-4C56-A6A6-E2B51ACAB5CF, 2021-03-22T07:32:45, false
9DDDD405-82E4-4C56-A6A6-E2B51ACAB5CF, 2021-03-22T07:33:45, false
9DDDD405-82E4-4C56-A6A6-E2B51ACAB5CF, 2021-03-22T07:34:45, false
9DDDD405-82E4-4C56-A6A6-E2B51ACAB5CF, 2021-03-22T07:35:45, false
9DDDD405-82E4-4C56-A6A6-E2B51ACAB5CF, 2021-03-22T07:36:45, false
9DDDD405-82E4-4C56-A6A6-E2B51ACAB5CF, 2021-03-22T07:37:45, false
9DDDD405-82E4-4C56-A6A6-E2B51ACAB5CF, 2021-03-22T07:38:45, false
9DDDD405-82E4-4C56-A6A6-E2B51ACAB5CF, 2021-03-22T07:39:45, false
9DDDD405-82E4-4C56-A6A6-E2B51ACAB5CF, 2021-03-22T07:40:45, false
9DDDD405-82E4-4C56-A6A6-E2B51ACAB5CF, 2021-03-22T07:41:45, false
9DDDD405-82E4-4C56-A6A6-E2B51ACAB5CF, 2021-03-22T07:42:45, false
9DDDD405-82E4-4C56-A6A6-E2B51ACAB5CF, 2021-03-22T07:43:45, false
9DDDD405-82E4-4C56-A6A6-E2B51ACAB5CF, 2021-03-22T07:44:45, false
9DDDD405-82E4-4C56-A6A6-E2B51ACAB5CF, 2021-03-22T07:45:45, false
9DDDD405-82E4-4C56-A6A6-E2B51ACAB5CF, 2021-03-22T07:46:45, false
9DDDD405-82E4-4C56-A6A6-E2B51ACAB5CF, 2021-03-22T07:47:45, false
9DDDD405-82E4-4C56-A6A6-E2B51ACAB5CF, 2021-03-22T07:48:45, false
9DDDD405-82E4-4C56-A6A6-E2B51ACAB5CF, 2021-03-22T07:49:45, false
9DDDD405-82E4-4C56-A6A6-E2B51ACAB5CF, 2021-03-22T07:50:45, false
9DDDD405-82E4-4C56-A6A6-E2B51ACAB5CF, 2021-03-22T07:51:45, false
9DDDD405-82E4-4C56-A6A6-E2B51ACAB5CF, 2021-03-22T07:52:45, false
9DDDD405-82E4-4C56-A6A6-E2B51ACAB5CF, 2021-03-22T07:53:45, false
9DDDD405-82E4-4C56-A6A6-E2B51ACAB5CF, 2021-03-22T07:54:45, false
9DDDD405-82E4-4C56-A6A6-E2B51ACAB5CF, 2021-03-22T07:55:45, false
9DDDD405-82E4-4C56-A6A6-E2B51ACAB5CF, 2021-03-22T07:56:45, false
9DDDD405-82E4-4C56-A6A6-E2B51ACAB5CF, 2021-03-22T07:57:45, false
9DDDD405-82E4-4C56-A6A6-E2B51ACAB5CF, 2021-03-22T07:58:23, true
9DDDD405-82E4-4C56-A6A6-E2B51ACAB5CF, 2021-03-22T07:59:26, true
9DDDD405-82E4-4C56-A6A6-E2B51ACAB5CF, 2021-03-22T08:00:29, true
9DDDD405-82E4-4C56-A6A6-E2B51ACAB5CF, 2021-03-22T08:01:29, true
9DDDD405-82E4-4C56-A6A6-E2B51ACAB5CF, 2021-03-22T08:02:41, true
9DDDD405-82E4-4C56-A6A6-E2B51ACAB5CF, 2021-03-22T08:03:42, true
9DDDD405-82E4-4C56-A6A6-E2B51ACAB5CF, 2021-03-22T08:04:43, true
9DDDD405-82E4-4C56-A6A6-E2B51ACAB5CF, 2021-03-22T08:05:44, true
9DDDD405-82E4-4C56-A6A6-E2B51ACAB5CF, 2021-03-22T08:06:50, true
9DDDD405-82E4-4C56-A6A6-E2B51ACAB5CF, 2021-03-22T08:07:55, true
9DDDD405-82E4-4C56-A6A6-E2B51ACAB5CF, 2021-03-22T08:08:59, true
9DDDD405-82E4-4C56-A6A6-E2B51ACAB5CF, 2021-03-22T08:10:01, true
9DDDD405-82E4-4C56-A6A6-E2B51ACAB5CF, 2021-03-22T08:11:09, true
9DDDD405-82E4-4C56-A6A6-E2B51ACAB5CF, 2021-03-22T08:12:14, true
9DDDD405-82E4-4C56-A6A6-E2B51ACAB5CF, 2021-03-22T08:13:14, true
9DDDD405-82E4-4C56-A6A6-E2B51ACAB5CF, 2021-03-22T08:14:14, true
9DDDD405-82E4-4C56-A6A6-E2B51ACAB5CF, 2021-03-22T08:15:19, true
9DDDD405-82E4-4C56-A6A6-E2B51ACAB5CF, 2021-03-22T08:16:24, true
9DDDD405-82E4-4C56-A6A6-E2B51ACAB5CF, 2021-03-22T08:17:27, true
9DDDD405-82E4-4C56-A6A6-E2B51ACAB5CF, 2021-03-22T08:18:30, true
9DDDD405-82E4-4C56-A6A6-E2B51ACAB5CF, 2021-03-22T08:19:33, true
9DDDD405-82E4-4C56-A6A6-E2B51ACAB5CF, 2021-03-22T08:20:36, true
9DDDD405-82E4-4C56-A6A6-E2B51ACAB5CF, 2021-03-22T08:21:47, true
9DDDD405-82E4-4C56-A6A6-E2B51ACAB5CF, 2021-03-22T08:22:51, true
9DDDD405-82E4-4C56-A6A6-E2B51ACAB5CF, 2021-03-22T08:23:53, true
9DDDD405-82E4-4C56-A6A6-E2B51ACAB5CF, 2021-03-22T08:24:54, true
9DDDD405-82E4-4C56-A6A6-E2B51ACAB5CF, 2021-03-22T08:26:06, true
9DDDD405-82E4-4C56-A6A6-E2B51ACAB5CF, 2021-03-22T08:27:15, true
9DDDD405-82E4-4C56-A6A6-E2B51ACAB5CF, 2021-03-22T08:28:17, true
9DDDD405-82E4-4C56-A6A6-E2B51ACAB5CF, 2021-03-22T08:29:22, true
9DDDD405-82E4-4C56-A6A6-E2B51ACAB5CF, 2021-03-22T08:30:30, true
9DDDD405-82E4-4C56-A6A6-E2B51ACAB5CF, 2021-03-22T08:31:34, true
9DDDD405-82E4-4C56-A6A6-E2B51ACAB5CF, 2021-03-22T08:32:48, true
9DDDD405-82E4-4C56-A6A6-E2B51ACAB5CF, 2021-03-22T08:33:51, true
9DDDD405-82E4-4C56-A6A6-E2B51ACAB5CF, 2021-03-22T08:34:53, true
9DDDD405-82E4-4C56-A6A6-E2B51ACAB5CF, 2021-03-22T08:35:54, true
9DDDD405-82E4-4C56-A6A6-E2B51ACAB5CF, 2021-03-22T08:36:55, true
9DDDD405-82E4-4C56-A6A6-E2B51ACAB5CF, 2021-03-22T08:37:56, true
9DDDD405-82E4-4C56-A6A6-E2B51ACAB5CF, 2021-03-22T08:38:58, true
9DDDD405-82E4-4C56-A6A6-E2B51ACAB5CF, 2021-03-22T08:40:02, true
9DDDD405-82E4-4C56-A6A6-E2B51ACAB5CF, 2021-03-22T08:41:02, false
9DDDD405-82E4-4C56-A6A6-E2B51ACAB5CF, 2021-03-22T08:41:42, true
9DDDD405-82E4-4C56-A6A6-E2B51ACAB5CF, 2021-03-22T08:42:44, true
9DDDD405-82E4-4C56-A6A6-E2B51ACAB5CF, 2021-03-22T08:43:47, true
9DDDD405-82E4-4C56-A6A6-E2B51ACAB5CF, 2021-03-22T08:44:47, true
9DDDD405-82E4-4C56-A6A6-E2B51ACAB5CF, 2021-03-22T08:45:48, true
9DDDD405-82E4-4C56-A6A6-E2B51ACAB5CF, 2021-03-22T08:46:48, true
9DDDD405-82E4-4C56-A6A6-E2B51ACAB5CF, 2021-03-22T08:47:49, true
9DDDD405-82E4-4C56-A6A6-E2B51ACAB5CF, 2021-03-22T08:48:51, true
9DDDD405-82E4-4C56-A6A6-E2B51ACAB5CF, 2021-03-22T08:49:52, true
9DDDD405-82E4-4C56-A6A6-E2B51ACAB5CF, 2021-03-22T08:50:52, true
9DDDD405-82E4-4C56-A6A6-E2B51ACAB5CF, 2021-03-22T08:51:57, true
9DDDD405-82E4-4C56-A6A6-E2B51ACAB5CF, 2021-03-22T08:52:59, true
9DDDD405-82E4-4C56-A6A6-E2B51ACAB5CF, 2021-03-22T08:54:03, true
9DDDD405-82E4-4C56-A6A6-E2B51ACAB5CF, 2021-03-22T08:55:04, true
9DDDD405-82E4-4C56-A6A6-E2B51ACAB5CF, 2021-03-22T08:56:06, true
9DDDD405-82E4-4C56-A6A6-E2B51ACAB5CF, 2021-03-22T08:57:08, true
9DDDD405-82E4-4C56-A6A6-E2B51ACAB5CF, 2021-03-22T08:58:09, true
9DDDD405-82E4-4C56-A6A6-E2B51ACAB5CF, 2021-03-22T08:59:10, true
9DDDD405-82E4-4C56-A6A6-E2B51ACAB5CF, 2021-03-22T09:00:12, true
9DDDD405-82E4-4C56-A6A6-E2B51ACAB5CF, 2021-03-22T09:01:14, true
9DDDD405-82E4-4C56-A6A6-E2B51ACAB5CF, 2021-03-22T09:02:15, true
9DDDD405-82E4-4C56-A6A6-E2B51ACAB5CF, 2021-03-22T09:03:17, true
9DDDD405-82E4-4C56-A6A6-E2B51ACAB5CF, 2021-03-22T09:04:20, true
9DDDD405-82E4-4C56-A6A6-E2B51ACAB5CF, 2021-03-22T09:05:20, true
9DDDD405-82E4-4C56-A6A6-E2B51ACAB5CF, 2021-03-22T09:06:22, true
9DDDD405-82E4-4C56-A6A6-E2B51ACAB5CF, 2021-03-22T09:07:24, true
9DDDD405-82E4-4C56-A6A6-E2B51ACAB5CF, 2021-03-22T09:08:25, true
9DDDD405-82E4-4C56-A6A6-E2B51ACAB5CF, 2021-03-22T09:09:27, true
9DDDD405-82E4-4C56-A6A6-E2B51ACAB5CF, 2021-03-22T09:10:28, true
9DDDD405-82E4-4C56-A6A6-E2B51ACAB5CF, 2021-03-22T09:11:28, true
9DDDD405-82E4-4C56-A6A6-E2B51ACAB5CF, 2021-03-22T09:12:32, true
9DDDD405-82E4-4C56-A6A6-E2B51ACAB5CF, 2021-03-22T09:13:34, true
9DDDD405-82E4-4C56-A6A6-E2B51ACAB5CF, 2021-03-22T09:14:37, true
9DDDD405-82E4-4C56-A6A6-E2B51ACAB5CF, 2021-03-22T09:15:42, true
9DDDD405-82E4-4C56-A6A6-E2B51ACAB5CF, 2021-03-22T09:16:53, true
9DDDD405-82E4-4C56-A6A6-E2B51ACAB5CF, 2021-03-22T09:17:54, true
9DDDD405-82E4-4C56-A6A6-E2B51ACAB5CF, 2021-03-22T09:18:56, true
9DDDD405-82E4-4C56-A6A6-E2B51ACAB5CF, 2021-03-22T09:19:58, true
9DDDD405-82E4-4C56-A6A6-E2B51ACAB5CF, 2021-03-22T09:21:02, true
9DDDD405-82E4-4C56-A6A6-E2B51ACAB5CF, 2021-03-22T09:22:06, true
9DDDD405-82E4-4C56-A6A6-E2B51ACAB5CF, 2021-03-22T09:23:09, true
9DDDD405-82E4-4C56-A6A6-E2B51ACAB5CF, 2021-03-22T09:24:12, true
9DDDD405-82E4-4C56-A6A6-E2B51ACAB5CF, 2021-03-22T09:25:15, true
9DDDD405-82E4-4C56-A6A6-E2B51ACAB5CF, 2021-03-22T09:26:15, false
9DDDD405-82E4-4C56-A6A6-E2B51ACAB5CF, 2021-03-22T09:26:51, true
9DDDD405-82E4-4C56-A6A6-E2B51ACAB5CF, 2021-03-22T09:27:56, true
9DDDD405-82E4-4C56-A6A6-E2B51ACAB5CF, 2021-03-22T09:28:59, true
9DDDD405-82E4-4C56-A6A6-E2B51ACAB5CF, 2021-03-22T09:29:59, false
9DDDD405-82E4-4C56-A6A6-E2B51ACAB5CF, 2021-03-22T09:30:59, false
9DDDD405-82E4-4C56-A6A6-E2B51ACAB5CF, 2021-03-22T09:31:59, false
9DDDD405-82E4-4C56-A6A6-E2B51ACAB5CF, 2021-03-22T09:32:50, true
9DDDD405-82E4-4C56-A6A6-E2B51ACAB5CF, 2021-03-22T09:34:01, true
9DDDD405-82E4-4C56-A6A6-E2B51ACAB5CF, 2021-03-22T09:35:01, false
9DDDD405-82E4-4C56-A6A6-E2B51ACAB5CF, 2021-03-22T09:36:01, false
9DDDD405-82E4-4C56-A6A6-E2B51ACAB5CF, 2021-03-22T09:37:01, false
9DDDD405-82E4-4C56-A6A6-E2B51ACAB5CF, 2021-03-22T09:38:19, true
9DDDD405-82E4-4C56-A6A6-E2B51ACAB5CF, 2021-03-22T09:39:21, true
9DDDD405-82E4-4C56-A6A6-E2B51ACAB5CF, 2021-03-22T09:40:25, true
9DDDD405-82E4-4C56-A6A6-E2B51ACAB5CF, 2021-03-22T09:41:42, true
9DDDD405-82E4-4C56-A6A6-E2B51ACAB5CF, 2021-03-22T09:42:45, true
9DDDD405-82E4-4C56-A6A6-E2B51ACAB5CF, 2021-03-22T09:43:51, true
9DDDD405-82E4-4C56-A6A6-E2B51ACAB5CF, 2021-03-22T09:44:54, true
9DDDD405-82E4-4C56-A6A6-E2B51ACAB5CF, 2021-03-22T09:45:54, false
9DDDD405-82E4-4C56-A6A6-E2B51ACAB5CF, 2021-03-22T09:47:13, true
9DDDD405-82E4-4C56-A6A6-E2B51ACAB5CF, 2021-03-22T09:48:14, true
9DDDD405-82E4-4C56-A6A6-E2B51ACAB5CF, 2021-03-22T09:49:14, false
9DDDD405-82E4-4C56-A6A6-E2B51ACAB5CF, 2021-03-22T09:50:14, false
9DDDD405-82E4-4C56-A6A6-E2B51ACAB5CF, 2021-03-22T09:51:14, false
9DDDD405-82E4-4C56-A6A6-E2B51ACAB5CF, 2021-03-22T09:52:14, false
9DDDD405-82E4-4C56-A6A6-E2B51ACAB5CF, 2021-03-22T09:53:14, false
9DDDD405-82E4-4C56-A6A6-E2B51ACAB5CF, 2021-03-22T09:54:14, false
9DDDD405-82E4-4C56-A6A6-E2B51ACAB5CF, 2021-03-22T09:55:14, false
9DDDD405-82E4-4C56-A6A6-E2B51ACAB5CF, 2021-03-22T09:56:14, false
9DDDD405-82E4-4C56-A6A6-E2B51ACAB5CF, 2021-03-22T09:57:14, false
9DDDD405-82E4-4C56-A6A6-E2B51ACAB5CF, 2021-03-22T09:58:14, false
9DDDD405-82E4-4C56-A6A6-E2B51ACAB5CF, 2021-03-22T09:59:14, false
9DDDD405-82E4-4C56-A6A6-E2B51ACAB5CF, 2021-03-22T10:00:14, false
9DDDD405-82E4-4C56-A6A6-E2B51ACAB5CF, 2021-03-22T10:01:14, false
9DDDD405-82E4-4C56-A6A6-E2B51ACAB5CF, 2021-03-22T10:02:14, false
9DDDD405-82E4-4C56-A6A6-E2B51ACAB5CF, 2021-03-22T10:03:14, false
9DDDD405-82E4-4C56-A6A6-E2B51ACAB5CF, 2021-03-22T10:04:14, false
9DDDD405-82E4-4C56-A6A6-E2B51ACAB5CF, 2021-03-22T10:05:14, false
9DDDD405-82E4-4C56-A6A6-E2B51ACAB5CF, 2021-03-22T10:06:14, false
9DDDD405-82E4-4C56-A6A6-E2B51ACAB5CF, 2021-03-22T10:07:14, false
9DDDD405-82E4-4C56-A6A6-E2B51ACAB5CF, 2021-03-22T10:08:14, false
9DDDD405-82E4-4C56-A6A6-E2B51ACAB5CF, 2021-03-22T10:09:14, false
9DDDD405-82E4-4C56-A6A6-E2B51ACAB5CF, 2021-03-22T10:10:14, false
9DDDD405-82E4-4C56-A6A6-E2B51ACAB5CF, 2021-03-22T10:11:14, false
9DDDD405-82E4-4C56-A6A6-E2B51ACAB5CF, 2021-03-22T10:12:14, false
9DDDD405-82E4-4C56-A6A6-E2B51ACAB5CF, 2021-03-22T10:13:14, false
9DDDD405-82E4-4C56-A6A6-E2B51ACAB5CF, 2021-03-22T10:14:14, false
9DDDD405-82E4-4C56-A6A6-E2B51ACAB5CF, 2021-03-22T10:15:14, false
9DDDD405-82E4-4C56-A6A6-E2B51ACAB5CF, 2021-03-22T10:16:14, false
9DDDD405-82E4-4C56-A6A6-E2B51ACAB5CF, 2021-03-22T10:17:14, false
9DDDD405-82E4-4C56-A6A6-E2B51ACAB5CF, 2021-03-22T10:18:14, false
9DDDD405-82E4-4C56-A6A6-E2B51ACAB5CF, 2021-03-22T10:19:14, false
9DDDD405-82E4-4C56-A6A6-E2B51ACAB5CF, 2021-03-22T10:20:14, false
9DDDD405-82E4-4C56-A6A6-E2B51ACAB5CF, 2021-03-22T10:21:14, false
9DDDD405-82E4-4C56-A6A6-E2B51ACAB5CF, 2021-03-22T10:22:14, false
9DDDD405-82E4-4C56-A6A6-E2B51ACAB5CF, 2021-03-22T10:23:14, false
9DDDD405-82E4-4C56-A6A6-E2B51ACAB5CF, 2021-03-22T10:24:14, false
9DDDD405-82E4-4C56-A6A6-E2B51ACAB5CF, 2021-03-22T10:25:14, false
9DDDD405-82E4-4C56-A6A6-E2B51ACAB5CF, 2021-03-22T10:26:14, false
9DDDD405-82E4-4C56-A6A6-E2B51ACAB5CF, 2021-03-22T10:27:14, false
9DDDD405-82E4-4C56-A6A6-E2B51ACAB5CF, 2021-03-22T10:28:14, false
9DDDD405-82E4-4C56-A6A6-E2B51ACAB5CF, 2021-03-22T10:29:14, false
9DDDD405-82E4-4C56-A6A6-E2B51ACAB5CF, 2021-03-22T10:30:14, false
9DDDD405-82E4-4C56-A6A6-E2B51ACAB5CF, 2021-03-22T10:31:14, false
9DDDD405-82E4-4C56-A6A6-E2B51ACAB5CF, 2021-03-22T10:32:14, false
9DDDD405-82E4-4C56-A6A6-E2B51ACAB5CF, 2021-03-22T10:33:14, false
9DDDD405-82E4-4C56-A6A6-E2B51ACAB5CF, 2021-03-22T10:34:14, false
9DDDD405-82E4-4C56-A6A6-E2B51ACAB5CF, 2021-03-22T10:35:14, false
9DDDD405-82E4-4C56-A6A6-E2B51ACAB5CF, 2021-03-22T10:36:14, false
9DDDD405-82E4-4C56-A6A6-E2B51ACAB5CF, 2021-03-22T10:37:14, false
9DDDD405-82E4-4C56-A6A6-E2B51ACAB5CF, 2021-03-22T10:38:14, false
9DDDD405-82E4-4C56-A6A6-E2B51ACAB5CF, 2021-03-22T10:39:14, false
9DDDD405-82E4-4C56-A6A6-E2B51ACAB5CF, 2021-03-22T10:40:14, false
9DDDD405-82E4-4C56-A6A6-E2B51ACAB5CF, 2021-03-22T10:41:14, false
9DDDD405-82E4-4C56-A6A6-E2B51ACAB5CF, 2021-03-22T10:42:14, false
9DDDD405-82E4-4C56-A6A6-E2B51ACAB5CF, 2021-03-22T10:43:14, false
9DDDD405-82E4-4C56-A6A6-E2B51ACAB5CF, 2021-03-22T10:44:14, false
9DDDD405-82E4-4C56-A6A6-E2B51ACAB5CF, 2021-03-22T10:45:14, false
9DDDD405-82E4-4C56-A6A6-E2B51ACAB5CF, 2021-03-22T10:46:14, false
9DDDD405-82E4-4C56-A6A6-E2B51ACAB5CF, 2021-03-22T10:47:14, false
9DDDD405-82E4-4C56-A6A6-E2B51ACAB5CF, 2021-03-22T10:48:14, false
9DDDD405-82E4-4C56-A6A6-E2B51ACAB5CF, 2021-03-22T10:49:14, false
9DDDD405-82E4-4C56-A6A6-E2B51ACAB5CF, 2021-03-22T10:50:14, false
9DDDD405-82E4-4C56-A6A6-E2B51ACAB5CF, 2021-03-22T10:51:14, false
9DDDD405-82E4-4C56-A6A6-E2B51ACAB5CF, 2021-03-22T10:52:14, false
9DDDD405-82E4-4C56-A6A6-E2B51ACAB5CF, 2021-03-22T10:53:14, false
9DDDD405-82E4-4C56-A6A6-E2B51ACAB5CF, 2021-03-22T10:54:14, false
9DDDD405-82E4-4C56-A6A6-E2B51ACAB5CF, 2021-03-22T10:55:14, false
9DDDD405-82E4-4C56-A6A6-E2B51ACAB5CF, 2021-03-22T10:56:14, false
9DDDD405-82E4-4C56-A6A6-E2B51ACAB5CF, 2021-03-22T10:57:14, false
9DDDD405-82E4-4C56-A6A6-E2B51ACAB5CF, 2021-03-22T10:58:14, false
9DDDD405-82E4-4C56-A6A6-E2B51ACAB5CF, 2021-03-22T10:59:14, false
9DDDD405-82E4-4C56-A6A6-E2B51ACAB5CF, 2021-03-22T11:00:14, false
9DDDD405-82E4-4C56-A6A6-E2B51ACAB5CF, 2021-03-22T11:01:14, false
9DDDD405-82E4-4C56-A6A6-E2B51ACAB5CF, 2021-03-22T11:02:14, false
9DDDD405-82E4-4C56-A6A6-E2B51ACAB5CF, 2021-03-22T11:03:14, false
9DDDD405-82E4-4C56-A6A6-E2B51ACAB5CF, 2021-03-22T11:04:14, false
9DDDD405-82E4-4C56-A6A6-E2B51ACAB5CF, 2021-03-22T11:05:14, false
9DDDD405-82E4-4C56-A6A6-E2B51ACAB5CF, 2021-03-22T11:06:14, false
9DDDD405-82E4-4C56-A6A6-E2B51ACAB5CF, 2021-03-22T11:07:14, false
9DDDD405-82E4-4C56-A6A6-E2B51ACAB5CF, 2021-03-22T11:08:14, false
9DDDD405-82E4-4C56-A6A6-E2B51ACAB5CF, 2021-03-22T11:09:14, false
9DDDD405-82E4-4C56-A6A6-E2B51ACAB5CF, 2021-03-22T11:10:14, false
9DDDD405-82E4-4C56-A6A6-E2B51ACAB5CF, 2021-03-22T11:11:14, false
9DDDD405-82E4-4C56-A6A6-E2B51ACAB5CF, 2021-03-22T11:12:14, false
9DDDD405-82E4-4C56-A6A6-E2B51ACAB5CF, 2021-03-22T11:13:14, false
9DDDD405-82E4-4C56-A6A6-E2B51ACAB5CF, 2021-03-22T11:14:14, false
9DDDD405-82E4-4C56-A6A6-E2B51ACAB5CF, 2021-03-22T11:15:14, false
9DDDD405-82E4-4C56-A6A6-E2B51ACAB5CF, 2021-03-22T11:16:14, false
9DDDD405-82E4-4C56-A6A6-E2B51ACAB5CF, 2021-03-22T11:17:14, false
9DDDD405-82E4-4C56-A6A6-E2B51ACAB5CF, 2021-03-22T11:18:14, false
9DDDD405-82E4-4C56-A6A6-E2B51ACAB5CF, 2021-03-22T11:19:14, false
9DDDD405-82E4-4C56-A6A6-E2B51ACAB5CF, 2021-03-22T11:20:14, false
9DDDD405-82E4-4C56-A6A6-E2B51ACAB5CF, 2021-03-22T11:21:14, false
9DDDD405-82E4-4C56-A6A6-E2B51ACAB5CF, 2021-03-22T11:22:14, false
9DDDD405-82E4-4C56-A6A6-E2B51ACAB5CF, 2021-03-22T11:23:14, false
9DDDD405-82E4-4C56-A6A6-E2B51ACAB5CF, 2021-03-22T11:24:14, false
9DDDD405-82E4-4C56-A6A6-E2B51ACAB5CF, 2021-03-22T11:25:14, false
9DDDD405-82E4-4C56-A6A6-E2B51ACAB5CF, 2021-03-22T11:26:14, false
9DDDD405-82E4-4C56-A6A6-E2B51ACAB5CF, 2021-03-22T11:27:14, false
9DDDD405-82E4-4C56-A6A6-E2B51ACAB5CF, 2021-03-22T11:28:14, false
9DDDD405-82E4-4C56-A6A6-E2B51ACAB5CF, 2021-03-22T11:29:14, false
9DDDD405-82E4-4C56-A6A6-E2B51ACAB5CF, 2021-03-22T11:30:14, false
9DDDD405-82E4-4C56-A6A6-E2B51ACAB5CF, 2021-03-22T11:31:14, false
9DDDD405-82E4-4C56-A6A6-E2B51ACAB5CF, 2021-03-22T11:32:14, false
9DDDD405-82E4-4C56-A6A6-E2B51ACAB5CF, 2021-03-22T11:33:14, false
9DDDD405-82E4-4C56-A6A6-E2B51ACAB5CF, 2021-03-22T11:34:14, false
9DDDD405-82E4-4C56-A6A6-E2B51ACAB5CF, 2021-03-22T11:35:14, false
9DDDD405-82E4-4C56-A6A6-E2B51ACAB5CF, 2021-03-22T11:36:14, false
9DDDD405-82E4-4C56-A6A6-E2B51ACAB5CF, 2021-03-22T11:37:14, false
9DDDD405-82E4-4C56-A6A6-E2B51ACAB5CF, 2021-03-22T11:38:14, false
9DDDD405-82E4-4C56-A6A6-E2B51ACAB5CF, 2021-03-22T11:39:14, false
9DDDD405-82E4-4C56-A6A6-E2B51ACAB5CF, 2021-03-22T11:40:14, false
9DDDD405-82E4-4C56-A6A6-E2B51ACAB5CF, 2021-03-22T11:41:14, false
9DDDD405-82E4-4C56-A6A6-E2B51ACAB5CF, 2021-03-22T11:42:14, false
9DDDD405-82E4-4C56-A6A6-E2B51ACAB5CF, 2021-03-22T11:43:14, false
9DDDD405-82E4-4C56-A6A6-E2B51ACAB5CF, 2021-03-22T11:44:14, false
9DDDD405-82E4-4C56-A6A6-E2B51ACAB5CF, 2021-03-22T11:45:14, false
9DDDD405-82E4-4C56-A6A6-E2B51ACAB5CF, 2021-03-22T11:46:14, false
9DDDD405-82E4-4C56-A6A6-E2B51ACAB5CF, 2021-03-22T11:47:14, false
9DDDD405-82E4-4C56-A6A6-E2B51ACAB5CF, 2021-03-22T11:48:14, false
9DDDD405-82E4-4C56-A6A6-E2B51ACAB5CF, 2021-03-22T11:49:14, false
9DDDD405-82E4-4C56-A6A6-E2B51ACAB5CF, 2021-03-22T11:50:14, false
9DDDD405-82E4-4C56-A6A6-E2B51ACAB5CF, 2021-03-22T11:51:14, false
9DDDD405-82E4-4C56-A6A6-E2B51ACAB5CF, 2021-03-22T11:52:14, false
9DDDD405-82E4-4C56-A6A6-E2B51ACAB5CF, 2021-03-22T11:53:14, false
9DDDD405-82E4-4C56-A6A6-E2B51ACAB5CF, 2021-03-22T11:54:14, false
9DDDD405-82E4-4C56-A6A6-E2B51ACAB5CF, 2021-03-22T11:55:14, false
9DDDD405-82E4-4C56-A6A6-E2B51ACAB5CF, 2021-03-22T11:56:14, false
9DDDD405-82E4-4C56-A6A6-E2B51ACAB5CF, 2021-03-22T11:57:14, false
9DDDD405-82E4-4C56-A6A6-E2B51ACAB5CF, 2021-03-22T11:58:14, false
9DDDD405-82E4-4C56-A6A6-E2B51ACAB5CF, 2021-03-22T11:59:14, false
9DDDD405-82E4-4C56-A6A6-E2B51ACAB5CF, 2021-03-22T12:00:14, false
9DDDD405-82E4-4C56-A6A6-E2B51ACAB5CF, 2021-03-22T12:01:14, false
9DDDD405-82E4-4C56-A6A6-E2B51ACAB5CF, 2021-03-22T12:02:14, false
9DDDD405-82E4-4C56-A6A6-E2B51ACAB5CF, 2021-03-22T12:03:14, false
9DDDD405-82E4-4C56-A6A6-E2B51ACAB5CF, 2021-03-22T12:04:14, false
9DDDD405-82E4-4C56-A6A6-E2B51ACAB5CF, 2021-03-22T12:05:14, false
9DDDD405-82E4-4C56-A6A6-E2B51ACAB5CF, 2021-03-22T12:06:14, false
9DDDD405-82E4-4C56-A6A6-E2B51ACAB5CF, 2021-03-22T12:07:14, false
9DDDD405-82E4-4C56-A6A6-E2B51ACAB5CF, 2021-03-22T12:08:14, false
9DDDD405-82E4-4C56-A6A6-E2B51ACAB5CF, 2021-03-22T12:09:14, false
9DDDD405-82E4-4C56-A6A6-E2B51ACAB5CF, 2021-03-22T12:10:14, false
9DDDD405-82E4-4C56-A6A6-E2B51ACAB5CF, 2021-03-22T12:11:14, false
9DDDD405-82E4-4C56-A6A6-E2B51ACAB5CF, 2021-03-22T12:12:14, false
9DDDD405-82E4-4C56-A6A6-E2B51ACAB5CF, 2021-03-22T12:13:14, false
9DDDD405-82E4-4C56-A6A6-E2B51ACAB5CF, 2021-03-22T12:14:14, false
9DDDD405-82E4-4C56-A6A6-E2B51ACAB5CF, 2021-03-22T12:15:14, false
9DDDD405-82E4-4C56-A6A6-E2B51ACAB5CF, 2021-03-22T12:16:14, false
9DDDD405-82E4-4C56-A6A6-E2B51ACAB5CF, 2021-03-22T12:17:14, false
9DDDD405-82E4-4C56-A6A6-E2B51ACAB5CF, 2021-03-22T12:18:14, false
9DDDD405-82E4-4C56-A6A6-E2B51ACAB5CF, 2021-03-22T12:19:14, false
9DDDD405-82E4-4C56-A6A6-E2B51ACAB5CF, 2021-03-22T12:20:14, false
9DDDD405-82E4-4C56-A6A6-E2B51ACAB5CF, 2021-03-22T12:21:14, false
9DDDD405-82E4-4C56-A6A6-E2B51ACAB5CF, 2021-03-22T12:22:14, false
9DDDD405-82E4-4C56-A6A6-E2B51ACAB5CF, 2021-03-22T12:23:14, false
9DDDD405-82E4-4C56-A6A6-E2B51ACAB5CF, 2021-03-22T12:24:14, false
9DDDD405-82E4-4C56-A6A6-E2B51ACAB5CF, 2021-03-22T12:25:14, false
9DDDD405-82E4-4C56-A6A6-E2B51ACAB5CF, 2021-03-22T12:26:14, false
9DDDD405-82E4-4C56-A6A6-E2B51ACAB5CF, 2021-03-22T12:27:14, false
9DDDD405-82E4-4C56-A6A6-E2B51ACAB5CF, 2021-03-22T12:28:14, false
9DDDD405-82E4-4C56-A6A6-E2B51ACAB5CF, 2021-03-22T12:29:14, false
9DDDD405-82E4-4C56-A6A6-E2B51ACAB5CF, 2021-03-22T12:30:14, false
9DDDD405-82E4-4C56-A6A6-E2B51ACAB5CF, 2021-03-22T12:31:14, false
9DDDD405-82E4-4C56-A6A6-E2B51ACAB5CF, 2021-03-22T12:32:14, false
9DDDD405-82E4-4C56-A6A6-E2B51ACAB5CF, 2021-03-22T12:33:14, false
9DDDD405-82E4-4C56-A6A6-E2B51ACAB5CF, 2021-03-22T12:34:14, false
9DDDD405-82E4-4C56-A6A6-E2B51ACAB5CF, 2021-03-22T12:35:14, false
9DDDD405-82E4-4C56-A6A6-E2B51ACAB5CF, 2021-03-22T12:36:14, false
9DDDD405-82E4-4C56-A6A6-E2B51ACAB5CF, 2021-03-22T12:37:14, false
9DDDD405-82E4-4C56-A6A6-E2B51ACAB5CF, 2021-03-22T12:38:14, false
9DDDD405-82E4-4C56-A6A6-E2B51ACAB5CF, 2021-03-22T12:39:14, false
9DDDD405-82E4-4C56-A6A6-E2B51ACAB5CF, 2021-03-22T12:40:14, false
9DDDD405-82E4-4C56-A6A6-E2B51ACAB5CF, 2021-03-22T12:41:14, false
9DDDD405-82E4-4C56-A6A6-E2B51ACAB5CF, 2021-03-22T12:42:14, false
9DDDD405-82E4-4C56-A6A6-E2B51ACAB5CF, 2021-03-22T12:43:14, false
9DDDD405-82E4-4C56-A6A6-E2B51ACAB5CF, 2021-03-22T12:44:14, false
9DDDD405-82E4-4C56-A6A6-E2B51ACAB5CF, 2021-03-22T12:45:14, false
9DDDD405-82E4-4C56-A6A6-E2B51ACAB5CF, 2021-03-22T12:46:14, false
9DDDD405-82E4-4C56-A6A6-E2B51ACAB5CF, 2021-03-22T12:47:14, false
9DDDD405-82E4-4C56-A6A6-E2B51ACAB5CF, 2021-03-22T12:48:14, false
9DDDD405-82E4-4C56-A6A6-E2B51ACAB5CF, 2021-03-22T12:49:14, false
9DDDD405-82E4-4C56-A6A6-E2B51ACAB5CF, 2021-03-22T12:50:14, false
9DDDD405-82E4-4C56-A6A6-E2B51ACAB5CF, 2021-03-22T12:51:14, false
9DDDD405-82E4-4C56-A6A6-E2B51ACAB5CF, 2021-03-22T12:52:14, false
9DDDD405-82E4-4C56-A6A6-E2B51ACAB5CF, 2021-03-22T12:53:14, false
9DDDD405-82E4-4C56-A6A6-E2B51ACAB5CF, 2021-03-22T12:54:14, false
9DDDD405-82E4-4C56-A6A6-E2B51ACAB5CF, 2021-03-22T12:55:14, false
9DDDD405-82E4-4C56-A6A6-E2B51ACAB5CF, 2021-03-22T12:56:14, false
9DDDD405-82E4-4C56-A6A6-E2B51ACAB5CF, 2021-03-22T12:57:14, false
9DDDD405-82E4-4C56-A6A6-E2B51ACAB5CF, 2021-03-22T12:58:14, false
9DDDD405-82E4-4C56-A6A6-E2B51ACAB5CF, 2021-03-22T12:59:14, false
9DDDD405-82E4-4C56-A6A6-E2B51ACAB5CF, 2021-03-22T13:00:14, false
9DDDD405-82E4-4C56-A6A6-E2B51ACAB5CF, 2021-03-22T13:01:14, false
9DDDD405-82E4-4C56-A6A6-E2B51ACAB5CF, 2021-03-22T13:02:14, false
9DDDD405-82E4-4C56-A6A6-E2B51ACAB5CF, 2021-03-22T13:03:14, false
9DDDD405-82E4-4C56-A6A6-E2B51ACAB5CF, 2021-03-22T13:04:14, false
9DDDD405-82E4-4C56-A6A6-E2B51ACAB5CF, 2021-03-22T13:05:14, false
9DDDD405-82E4-4C56-A6A6-E2B51ACAB5CF, 2021-03-22T13:06:14, false
9DDDD405-82E4-4C56-A6A6-E2B51ACAB5CF, 2021-03-22T13:07:14, false
9DDDD405-82E4-4C56-A6A6-E2B51ACAB5CF, 2021-03-22T13:08:14, false
9DDDD405-82E4-4C56-A6A6-E2B51ACAB5CF, 2021-03-22T13:09:14, false
9DDDD405-82E4-4C56-A6A6-E2B51ACAB5CF, 2021-03-22T13:10:14, false
9DDDD405-82E4-4C56-A6A6-E2B51ACAB5CF, 2021-03-22T13:11:14, false
9DDDD405-82E4-4C56-A6A6-E2B51ACAB5CF, 2021-03-22T13:12:14, false
9DDDD405-82E4-4C56-A6A6-E2B51ACAB5CF, 2021-03-22T13:13:14, false
9DDDD405-82E4-4C56-A6A6-E2B51ACAB5CF, 2021-03-22T13:14:14, false
9DDDD405-82E4-4C56-A6A6-E2B51ACAB5CF, 2021-03-22T13:15:14, false
9DDDD405-82E4-4C56-A6A6-E2B51ACAB5CF, 2021-03-22T13:16:14, false
9DDDD405-82E4-4C56-A6A6-E2B51ACAB5CF, 2021-03-22T13:17:14, false
9DDDD405-82E4-4C56-A6A6-E2B51ACAB5CF, 2021-03-22T13:18:14, false
9DDDD405-82E4-4C56-A6A6-E2B51ACAB5CF, 2021-03-22T13:19:14, false
9DDDD405-82E4-4C56-A6A6-E2B51ACAB5CF, 2021-03-22T13:20:14, false
9DDDD405-82E4-4C56-A6A6-E2B51ACAB5CF, 2021-03-22T13:21:14, false
9DDDD405-82E4-4C56-A6A6-E2B51ACAB5CF, 2021-03-22T13:22:14, false
9DDDD405-82E4-4C56-A6A6-E2B51ACAB5CF, 2021-03-22T13:23:14, false
9DDDD405-82E4-4C56-A6A6-E2B51ACAB5CF, 2021-03-22T13:24:14, false
9DDDD405-82E4-4C56-A6A6-E2B51ACAB5CF, 2021-03-22T13:25:14, false
9DDDD405-82E4-4C56-A6A6-E2B51ACAB5CF, 2021-03-22T13:26:14, false
9DDDD405-82E4-4C56-A6A6-E2B51ACAB5CF, 2021-03-22T13:27:14, false
9DDDD405-82E4-4C56-A6A6-E2B51ACAB5CF, 2021-03-22T13:28:14, false
9DDDD405-82E4-4C56-A6A6-E2B51ACAB5CF, 2021-03-22T13:29:14, false
9DDDD405-82E4-4C56-A6A6-E2B51ACAB5CF, 2021-03-22T13:30:14, false
9DDDD405-82E4-4C56-A6A6-E2B51ACAB5CF, 2021-03-22T13:31:14, false
9DDDD405-82E4-4C56-A6A6-E2B51ACAB5CF, 2021-03-22T13:32:14, false
9DDDD405-82E4-4C56-A6A6-E2B51ACAB5CF, 2021-03-22T13:33:14, false
9DDDD405-82E4-4C56-A6A6-E2B51ACAB5CF, 2021-03-22T13:34:14, false
9DDDD405-82E4-4C56-A6A6-E2B51ACAB5CF, 2021-03-22T13:35:14, false
9DDDD405-82E4-4C56-A6A6-E2B51ACAB5CF, 2021-03-22T13:36:14, false
9DDDD405-82E4-4C56-A6A6-E2B51ACAB5CF, 2021-03-22T13:37:14, false
9DDDD405-82E4-4C56-A6A6-E2B51ACAB5CF, 2021-03-22T13:38:14, false
9DDDD405-82E4-4C56-A6A6-E2B51ACAB5CF, 2021-03-22T13:39:14, false
9DDDD405-82E4-4C56-A6A6-E2B51ACAB5CF, 2021-03-22T13:40:14, false
9DDDD405-82E4-4C56-A6A6-E2B51ACAB5CF, 2021-03-22T13:41:14, false
9DDDD405-82E4-4C56-A6A6-E2B51ACAB5CF, 2021-03-22T13:42:14, false
9DDDD405-82E4-4C56-A6A6-E2B51ACAB5CF, 2021-03-22T13:43:14, false
9DDDD405-82E4-4C56-A6A6-E2B51ACAB5CF, 2021-03-22T13:44:14, false
9DDDD405-82E4-4C56-A6A6-E2B51ACAB5CF, 2021-03-22T13:45:14, false
9DDDD405-82E4-4C56-A6A6-E2B51ACAB5CF, 2021-03-22T13:46:14, false
9DDDD405-82E4-4C56-A6A6-E2B51ACAB5CF, 2021-03-22T13:47:14, false
9DDDD405-82E4-4C56-A6A6-E2B51ACAB5CF, 2021-03-22T13:48:14, false
9DDDD405-82E4-4C56-A6A6-E2B51ACAB5CF, 2021-03-22T13:49:14, false
9DDDD405-82E4-4C56-A6A6-E2B51ACAB5CF, 2021-03-22T13:50:14, false
9DDDD405-82E4-4C56-A6A6-E2B51ACAB5CF, 2021-03-22T13:51:14, false
9DDDD405-82E4-4C56-A6A6-E2B51ACAB5CF, 2021-03-22T13:52:14, false
9DDDD405-82E4-4C56-A6A6-E2B51ACAB5CF, 2021-03-22T13:53:14, false
9DDDD405-82E4-4C56-A6A6-E2B51ACAB5CF, 2021-03-22T13:54:14, false
9DDDD405-82E4-4C56-A6A6-E2B51ACAB5CF, 2021-03-22T13:55:14, false
9DDDD405-82E4-4C56-A6A6-E2B51ACAB5CF, 2021-03-22T13:56:14, false
9DDDD405-82E4-4C56-A6A6-E2B51ACAB5CF, 2021-03-22T13:57:14, false
9DDDD405-82E4-4C56-A6A6-E2B51ACAB5CF, 2021-03-22T13:58:14, false
9DDDD405-82E4-4C56-A6A6-E2B51ACAB5CF, 2021-03-22T13:59:14, false
9DDDD405-82E4-4C56-A6A6-E2B51ACAB5CF, 2021-03-22T14:00:14, false
9DDDD405-82E4-4C56-A6A6-E2B51ACAB5CF, 2021-03-22T14:01:14, false
9DDDD405-82E4-4C56-A6A6-E2B51ACAB5CF, 2021-03-22T14:02:14, false
9DDDD405-82E4-4C56-A6A6-E2B51ACAB5CF, 2021-03-22T14:03:14, false
9DDDD405-82E4-4C56-A6A6-E2B51ACAB5CF, 2021-03-22T14:04:14, false
9DDDD405-82E4-4C56-A6A6-E2B51ACAB5CF, 2021-03-22T14:05:14, false
9DDDD405-82E4-4C56-A6A6-E2B51ACAB5CF, 2021-03-22T14:06:14, false
9DDDD405-82E4-4C56-A6A6-E2B51ACAB5CF, 2021-03-22T14:07:14, false
9DDDD405-82E4-4C56-A6A6-E2B51ACAB5CF, 2021-03-22T14:08:14, false
9DDDD405-82E4-4C56-A6A6-E2B51ACAB5CF, 2021-03-22T14:09:14, false
9DDDD405-82E4-4C56-A6A6-E2B51ACAB5CF, 2021-03-22T14:10:14, false
9DDDD405-82E4-4C56-A6A6-E2B51ACAB5CF, 2021-03-22T14:11:14, false
9DDDD405-82E4-4C56-A6A6-E2B51ACAB5CF, 2021-03-22T14:12:14, false
9DDDD405-82E4-4C56-A6A6-E2B51ACAB5CF, 2021-03-22T14:13:14, false
9DDDD405-82E4-4C56-A6A6-E2B51ACAB5CF, 2021-03-22T14:14:14, false
9DDDD405-82E4-4C56-A6A6-E2B51ACAB5CF, 2021-03-22T14:15:14, false
9DDDD405-82E4-4C56-A6A6-E2B51ACAB5CF, 2021-03-22T14:16:14, false
9DDDD405-82E4-4C56-A6A6-E2B51ACAB5CF, 2021-03-22T14:17:14, false
9DDDD405-82E4-4C56-A6A6-E2B51ACAB5CF, 2021-03-22T14:18:14, false
9DDDD405-82E4-4C56-A6A6-E2B51ACAB5CF, 2021-03-22T14:19:14, false
9DDDD405-82E4-4C56-A6A6-E2B51ACAB5CF, 2021-03-22T14:20:14, false
9DDDD405-82E4-4C56-A6A6-E2B51ACAB5CF, 2021-03-22T14:21:14, false
9DDDD405-82E4-4C56-A6A6-E2B51ACAB5CF, 2021-03-22T14:22:14, false
9DDDD405-82E4-4C56-A6A6-E2B51ACAB5CF, 2021-03-22T14:23:14, false
9DDDD405-82E4-4C56-A6A6-E2B51ACAB5CF, 2021-03-22T14:24:14, false
9DDDD405-82E4-4C56-A6A6-E2B51ACAB5CF, 2021-03-22T14:25:14, false
9DDDD405-82E4-4C56-A6A6-E2B51ACAB5CF, 2021-03-22T14:26:14, false
9DDDD405-82E4-4C56-A6A6-E2B51ACAB5CF, 2021-03-22T14:27:14, false
9DDDD405-82E4-4C56-A6A6-E2B51ACAB5CF, 2021-03-22T14:28:14, false
9DDDD405-82E4-4C56-A6A6-E2B51ACAB5CF, 2021-03-22T14:29:14, false
9DDDD405-82E4-4C56-A6A6-E2B51ACAB5CF, 2021-03-22T14:30:14, false
9DDDD405-82E4-4C56-A6A6-E2B51ACAB5CF, 2021-03-22T14:31:14, false
9DDDD405-82E4-4C56-A6A6-E2B51ACAB5CF, 2021-03-22T14:32:14, false
9DDDD405-82E4-4C56-A6A6-E2B51ACAB5CF, 2021-03-22T14:33:14, false
9DDDD405-82E4-4C56-A6A6-E2B51ACAB5CF, 2021-03-22T14:34:14, false
9DDDD405-82E4-4C56-A6A6-E2B51ACAB5CF, 2021-03-22T14:35:14, false
9DDDD405-82E4-4C56-A6A6-E2B51ACAB5CF, 2021-03-22T14:36:14, false
9DDDD405-82E4-4C56-A6A6-E2B51ACAB5CF, 2021-03-22T14:37:14, false
9DDDD405-82E4-4C56-A6A6-E2B51ACAB5CF, 2021-03-22T14:38:14, false
9DDDD405-82E4-4C56-A6A6-E2B51ACAB5CF, 2021-03-22T14:39:14, false
9DDDD405-82E4-4C56-A6A6-E2B51ACAB5CF, 2021-03-22T14:40:14, false
9DDDD405-82E4-4C56-A6A6-E2B51ACAB5CF, 2021-03-22T14:41:14, false
9DDDD405-82E4-4C56-A6A6-E2B51ACAB5CF, 2021-03-22T14:42:14, false
9DDDD405-82E4-4C56-A6A6-E2B51ACAB5CF, 2021-03-22T14:43:14, false
9DDDD405-82E4-4C56-A6A6-E2B51ACAB5CF, 2021-03-22T14:44:14, false
9DDDD405-82E4-4C56-A6A6-E2B51ACAB5CF, 2021-03-22T14:45:14, false
9DDDD405-82E4-4C56-A6A6-E2B51ACAB5CF, 2021-03-22T14:46:14, false
9DDDD405-82E4-4C56-A6A6-E2B51ACAB5CF, 2021-03-22T14:47:14, false
9DDDD405-82E4-4C56-A6A6-E2B51ACAB5CF, 2021-03-22T14:48:14, false
9DDDD405-82E4-4C56-A6A6-E2B51ACAB5CF, 2021-03-22T14:49:14, false
9DDDD405-82E4-4C56-A6A6-E2B51ACAB5CF, 2021-03-22T14:50:14, false
9DDDD405-82E4-4C56-A6A6-E2B51ACAB5CF, 2021-03-22T14:51:14, false
9DDDD405-82E4-4C56-A6A6-E2B51ACAB5CF, 2021-03-22T14:52:01, true
9DDDD405-82E4-4C56-A6A6-E2B51ACAB5CF, 2021-03-22T14:53:08, true
9DDDD405-82E4-4C56-A6A6-E2B51ACAB5CF, 2021-03-22T14:54:15, true
9DDDD405-82E4-4C56-A6A6-E2B51ACAB5CF, 2021-03-22T14:55:24, true
9DDDD405-82E4-4C56-A6A6-E2B51ACAB5CF, 2021-03-22T14:56:35, true
9DDDD405-82E4-4C56-A6A6-E2B51ACAB5CF, 2021-03-22T14:57:56, true
9DDDD405-82E4-4C56-A6A6-E2B51ACAB5CF, 2021-03-22T14:59:00, true
9DDDD405-82E4-4C56-A6A6-E2B51ACAB5CF, 2021-03-22T15:00:03, true
9DDDD405-82E4-4C56-A6A6-E2B51ACAB5CF, 2021-03-22T15:01:12, true
9DDDD405-82E4-4C56-A6A6-E2B51ACAB5CF, 2021-03-22T15:02:12, true
9DDDD405-82E4-4C56-A6A6-E2B51ACAB5CF, 2021-03-22T15:03:13, true
9DDDD405-82E4-4C56-A6A6-E2B51ACAB5CF, 2021-03-22T15:04:14, true
9DDDD405-82E4-4C56-A6A6-E2B51ACAB5CF, 2021-03-22T15:05:29, true
9DDDD405-82E4-4C56-A6A6-E2B51ACAB5CF, 2021-03-22T15:06:30, true
9DDDD405-82E4-4C56-A6A6-E2B51ACAB5CF, 2021-03-22T15:07:31, true
9DDDD405-82E4-4C56-A6A6-E2B51ACAB5CF, 2021-03-22T15:08:33, true
9DDDD405-82E4-4C56-A6A6-E2B51ACAB5CF, 2021-03-22T15:09:33, true
9DDDD405-82E4-4C56-A6A6-E2B51ACAB5CF, 2021-03-22T15:10:34, true
9DDDD405-82E4-4C56-A6A6-E2B51ACAB5CF, 2021-03-22T15:11:40, true
9DDDD405-82E4-4C56-A6A6-E2B51ACAB5CF, 2021-03-22T15:12:42, true
9DDDD405-82E4-4C56-A6A6-E2B51ACAB5CF, 2021-03-22T15:13:42, true
9DDDD405-82E4-4C56-A6A6-E2B51ACAB5CF, 2021-03-22T15:14:42, true
9DDDD405-82E4-4C56-A6A6-E2B51ACAB5CF, 2021-03-22T15:15:42, true
9DDDD405-82E4-4C56-A6A6-E2B51ACAB5CF, 2021-03-22T15:16:47, true
9DDDD405-82E4-4C56-A6A6-E2B51ACAB5CF, 2021-03-22T15:17:51, true
9DDDD405-82E4-4C56-A6A6-E2B51ACAB5CF, 2021-03-22T15:18:52, true
9DDDD405-82E4-4C56-A6A6-E2B51ACAB5CF, 2021-03-22T15:19:55, true
9DDDD405-82E4-4C56-A6A6-E2B51ACAB5CF, 2021-03-22T15:21:01, true
9DDDD405-82E4-4C56-A6A6-E2B51ACAB5CF, 2021-03-22T15:22:01, true
9DDDD405-82E4-4C56-A6A6-E2B51ACAB5CF, 2021-03-22T15:23:09, true
9DDDD405-82E4-4C56-A6A6-E2B51ACAB5CF, 2021-03-22T15:24:10, true
9DDDD405-82E4-4C56-A6A6-E2B51ACAB5CF, 2021-03-22T15:25:14, true
9DDDD405-82E4-4C56-A6A6-E2B51ACAB5CF, 2021-03-22T15:26:17, true
9DDDD405-82E4-4C56-A6A6-E2B51ACAB5CF, 2021-03-22T15:27:18, true
9DDDD405-82E4-4C56-A6A6-E2B51ACAB5CF, 2021-03-22T15:28:35, true
9DDDD405-82E4-4C56-A6A6-E2B51ACAB5CF, 2021-03-22T15:29:43, true
9DDDD405-82E4-4C56-A6A6-E2B51ACAB5CF, 2021-03-22T15:30:44, true
9DDDD405-82E4-4C56-A6A6-E2B51ACAB5CF, 2021-03-22T15:31:44, true
9DDDD405-82E4-4C56-A6A6-E2B51ACAB5CF, 2021-03-22T15:32:44, true
9DDDD405-82E4-4C56-A6A6-E2B51ACAB5CF, 2021-03-22T15:33:51, true
9DDDD405-82E4-4C56-A6A6-E2B51ACAB5CF, 2021-03-22T15:34:53, true
9DDDD405-82E4-4C56-A6A6-E2B51ACAB5CF, 2021-03-22T15:35:54, true
9DDDD405-82E4-4C56-A6A6-E2B51ACAB5CF, 2021-03-22T15:36:58, true
9DDDD405-82E4-4C56-A6A6-E2B51ACAB5CF, 2021-03-22T15:38:01, true
9DDDD405-82E4-4C56-A6A6-E2B51ACAB5CF, 2021-03-22T15:39:04, true
9DDDD405-82E4-4C56-A6A6-E2B51ACAB5CF, 2021-03-22T15:40:05, true
9DDDD405-82E4-4C56-A6A6-E2B51ACAB5CF, 2021-03-22T15:41:07, true
9DDDD405-82E4-4C56-A6A6-E2B51ACAB5CF, 2021-03-22T15:42:07, true
9DDDD405-82E4-4C56-A6A6-E2B51ACAB5CF, 2021-03-22T15:43:08, true
9DDDD405-82E4-4C56-A6A6-E2B51ACAB5CF, 2021-03-22T15:44:19, true
9DDDD405-82E4-4C56-A6A6-E2B51ACAB5CF, 2021-03-22T15:45:19, false
9DDDD405-82E4-4C56-A6A6-E2B51ACAB5CF, 2021-03-22T15:46:25, true
9DDDD405-82E4-4C56-A6A6-E2B51ACAB5CF, 2021-03-22T15:47:29, true
9DDDD405-82E4-4C56-A6A6-E2B51ACAB5CF, 2021-03-22T15:48:34, true
9DDDD405-82E4-4C56-A6A6-E2B51ACAB5CF, 2021-03-22T15:49:34, true
9DDDD405-82E4-4C56-A6A6-E2B51ACAB5CF, 2021-03-22T15:50:37, true
9DDDD405-82E4-4C56-A6A6-E2B51ACAB5CF, 2021-03-22T15:51:40, true
9DDDD405-82E4-4C56-A6A6-E2B51ACAB5CF, 2021-03-22T15:52:44, true
9DDDD405-82E4-4C56-A6A6-E2B51ACAB5CF, 2021-03-22T15:53:44, true
9DDDD405-82E4-4C56-A6A6-E2B51ACAB5CF, 2021-03-22T15:54:48, true
9DDDD405-82E4-4C56-A6A6-E2B51ACAB5CF, 2021-03-22T15:56:02, true
9DDDD405-82E4-4C56-A6A6-E2B51ACAB5CF, 2021-03-22T15:57:03, true
9DDDD405-82E4-4C56-A6A6-E2B51ACAB5CF, 2021-03-22T15:58:04, true
9DDDD405-82E4-4C56-A6A6-E2B51ACAB5CF, 2021-03-22T15:59:06, true
9DDDD405-82E4-4C56-A6A6-E2B51ACAB5CF, 2021-03-22T16:00:11, true
9DDDD405-82E4-4C56-A6A6-E2B51ACAB5CF, 2021-03-22T16:01:13, true
9DDDD405-82E4-4C56-A6A6-E2B51ACAB5CF, 2021-03-22T16:02:20, true
9DDDD405-82E4-4C56-A6A6-E2B51ACAB5CF, 2021-03-22T16:03:29, true
9DDDD405-82E4-4C56-A6A6-E2B51ACAB5CF, 2021-03-22T16:04:30, true
9DDDD405-82E4-4C56-A6A6-E2B51ACAB5CF, 2021-03-22T16:05:37, true
9DDDD405-82E4-4C56-A6A6-E2B51ACAB5CF, 2021-03-22T16:06:51, true
9DDDD405-82E4-4C56-A6A6-E2B51ACAB5CF, 2021-03-22T16:07:59, true
9DDDD405-82E4-4C56-A6A6-E2B51ACAB5CF, 2021-03-22T16:09:02, true
9DDDD405-82E4-4C56-A6A6-E2B51ACAB5CF, 2021-03-22T16:10:06, true
9DDDD405-82E4-4C56-A6A6-E2B51ACAB5CF, 2021-03-22T16:11:09, true
9DDDD405-82E4-4C56-A6A6-E2B51ACAB5CF, 2021-03-22T16:12:12, true
9DDDD405-82E4-4C56-A6A6-E2B51ACAB5CF, 2021-03-22T16:13:12, true
9DDDD405-82E4-4C56-A6A6-E2B51ACAB5CF, 2021-03-22T16:14:18, true
9DDDD405-82E4-4C56-A6A6-E2B51ACAB5CF, 2021-03-22T16:15:22, true
9DDDD405-82E4-4C56-A6A6-E2B51ACAB5CF, 2021-03-22T16:16:23, true
9DDDD405-82E4-4C56-A6A6-E2B51ACAB5CF, 2021-03-22T16:17:33, true
9DDDD405-82E4-4C56-A6A6-E2B51ACAB5CF, 2021-03-22T16:18:37, true
9DDDD405-82E4-4C56-A6A6-E2B51ACAB5CF, 2021-03-22T16:19:40, true
9DDDD405-82E4-4C56-A6A6-E2B51ACAB5CF, 2021-03-22T16:20:46, true
9DDDD405-82E4-4C56-A6A6-E2B51ACAB5CF, 2021-03-22T16:21:49, true
9DDDD405-82E4-4C56-A6A6-E2B51ACAB5CF, 2021-03-22T16:22:50, true
9DDDD405-82E4-4C56-A6A6-E2B51ACAB5CF, 2021-03-22T16:23:57, true
9DDDD405-82E4-4C56-A6A6-E2B51ACAB5CF, 2021-03-22T16:24:58, true
9DDDD405-82E4-4C56-A6A6-E2B51ACAB5CF, 2021-03-22T16:26:01, true
9DDDD405-82E4-4C56-A6A6-E2B51ACAB5CF, 2021-03-22T16:27:04, true
9DDDD405-82E4-4C56-A6A6-E2B51ACAB5CF, 2021-03-22T16:28:06, true
9DDDD405-82E4-4C56-A6A6-E2B51ACAB5CF, 2021-03-22T16:29:14, true
9DDDD405-82E4-4C56-A6A6-E2B51ACAB5CF, 2021-03-22T16:30:25, true
9DDDD405-82E4-4C56-A6A6-E2B51ACAB5CF, 2021-03-22T16:31:39, true
9DDDD405-82E4-4C56-A6A6-E2B51ACAB5CF, 2021-03-22T16:32:41, true
9DDDD405-82E4-4C56-A6A6-E2B51ACAB5CF, 2021-03-22T16:33:43, true
9DDDD405-82E4-4C56-A6A6-E2B51ACAB5CF, 2021-03-22T16:34:45, true
9DDDD405-82E4-4C56-A6A6-E2B51ACAB5CF, 2021-03-22T16:35:46, true
9DDDD405-82E4-4C56-A6A6-E2B51ACAB5CF, 2021-03-22T16:36:49, true
9DDDD405-82E4-4C56-A6A6-E2B51ACAB5CF, 2021-03-22T16:37:54, true
9DDDD405-82E4-4C56-A6A6-E2B51ACAB5CF, 2021-03-22T16:38:57, true
9DDDD405-82E4-4C56-A6A6-E2B51ACAB5CF, 2021-03-22T16:40:06, true
9DDDD405-82E4-4C56-A6A6-E2B51ACAB5CF, 2021-03-22T16:41:09, true
9DDDD405-82E4-4C56-A6A6-E2B51ACAB5CF, 2021-03-22T16:42:09, true
9DDDD405-82E4-4C56-A6A6-E2B51ACAB5CF, 2021-03-22T16:43:10, true
9DDDD405-82E4-4C56-A6A6-E2B51ACAB5CF, 2021-03-22T16:44:13, true
9DDDD405-82E4-4C56-A6A6-E2B51ACAB5CF, 2021-03-22T16:45:17, true
9DDDD405-82E4-4C56-A6A6-E2B51ACAB5CF, 2021-03-22T16:46:18, true
9DDDD405-82E4-4C56-A6A6-E2B51ACAB5CF, 2021-03-22T16:47:22, true
9DDDD405-82E4-4C56-A6A6-E2B51ACAB5CF, 2021-03-22T16:48:24, true
9DDDD405-82E4-4C56-A6A6-E2B51ACAB5CF, 2021-03-22T16:49:25, true
9DDDD405-82E4-4C56-A6A6-E2B51ACAB5CF, 2021-03-22T16:50:34, true
9DDDD405-82E4-4C56-A6A6-E2B51ACAB5CF, 2021-03-22T16:51:35, true
9DDDD405-82E4-4C56-A6A6-E2B51ACAB5CF, 2021-03-22T16:52:37, true
9DDDD405-82E4-4C56-A6A6-E2B51ACAB5CF, 2021-03-22T16:53:42, true
9DDDD405-82E4-4C56-A6A6-E2B51ACAB5CF, 2021-03-22T16:54:44, true
9DDDD405-82E4-4C56-A6A6-E2B51ACAB5CF, 2021-03-22T16:55:47, true
9DDDD405-82E4-4C56-A6A6-E2B51ACAB5CF, 2021-03-22T16:56:47, true
9DDDD405-82E4-4C56-A6A6-E2B51ACAB5CF, 2021-03-22T16:57:48, true
9DDDD405-82E4-4C56-A6A6-E2B51ACAB5CF, 2021-03-22T16:58:50, true
9DDDD405-82E4-4C56-A6A6-E2B51ACAB5CF, 2021-03-22T16:59:51, true
9DDDD405-82E4-4C56-A6A6-E2B51ACAB5CF, 2021-03-22T17:00:55, true
9DDDD405-82E4-4C56-A6A6-E2B51ACAB5CF, 2021-03-22T17:01:58, true
9DDDD405-82E4-4C56-A6A6-E2B51ACAB5CF, 2021-03-22T17:02:59, true
9DDDD405-82E4-4C56-A6A6-E2B51ACAB5CF, 2021-03-22T17:04:02, true
9DDDD405-82E4-4C56-A6A6-E2B51ACAB5CF, 2021-03-22T17:05:03, true
9DDDD405-82E4-4C56-A6A6-E2B51ACAB5CF, 2021-03-22T17:06:08, true
9DDDD405-82E4-4C56-A6A6-E2B51ACAB5CF, 2021-03-22T17:07:09, true
9DDDD405-82E4-4C56-A6A6-E2B51ACAB5CF, 2021-03-22T17:08:10, true
9DDDD405-82E4-4C56-A6A6-E2B51ACAB5CF, 2021-03-22T17:09:10, true
9DDDD405-82E4-4C56-A6A6-E2B51ACAB5CF, 2021-03-22T17:10:27, true
9DDDD405-82E4-4C56-A6A6-E2B51ACAB5CF, 2021-03-22T17:11:29, true
9DDDD405-82E4-4C56-A6A6-E2B51ACAB5CF, 2021-03-22T17:12:35, true
9DDDD405-82E4-4C56-A6A6-E2B51ACAB5CF, 2021-03-22T17:13:44, true
9DDDD405-82E4-4C56-A6A6-E2B51ACAB5CF, 2021-03-22T17:14:46, true
9DDDD405-82E4-4C56-A6A6-E2B51ACAB5CF, 2021-03-22T17:15:53, true
9DDDD405-82E4-4C56-A6A6-E2B51ACAB5CF, 2021-03-22T17:16:54, true
9DDDD405-82E4-4C56-A6A6-E2B51ACAB5CF, 2021-03-22T17:17:54, true
9DDDD405-82E4-4C56-A6A6-E2B51ACAB5CF, 2021-03-22T17:18:59, true
9DDDD405-82E4-4C56-A6A6-E2B51ACAB5CF, 2021-03-22T17:19:59, true
9DDDD405-82E4-4C56-A6A6-E2B51ACAB5CF, 2021-03-22T17:21:02, true
9DDDD405-82E4-4C56-A6A6-E2B51ACAB5CF, 2021-03-22T17:22:03, true
9DDDD405-82E4-4C56-A6A6-E2B51ACAB5CF, 2021-03-22T17:23:06, true
9DDDD405-82E4-4C56-A6A6-E2B51ACAB5CF, 2021-03-22T17:24:06, false
9DDDD405-82E4-4C56-A6A6-E2B51ACAB5CF, 2021-03-22T17:25:04, true
9DDDD405-82E4-4C56-A6A6-E2B51ACAB5CF, 2021-03-22T17:26:05, true
9DDDD405-82E4-4C56-A6A6-E2B51ACAB5CF, 2021-03-22T17:27:09, true
9DDDD405-82E4-4C56-A6A6-E2B51ACAB5CF, 2021-03-22T17:28:14, true
9DDDD405-82E4-4C56-A6A6-E2B51ACAB5CF, 2021-03-22T17:29:32, true
9DDDD405-82E4-4C56-A6A6-E2B51ACAB5CF, 2021-03-22T17:30:34, true
9DDDD405-82E4-4C56-A6A6-E2B51ACAB5CF, 2021-03-22T17:31:37, true
9DDDD405-82E4-4C56-A6A6-E2B51ACAB5CF, 2021-03-22T17:32:41, true
9DDDD405-82E4-4C56-A6A6-E2B51ACAB5CF, 2021-03-22T17:33:41, true
9DDDD405-82E4-4C56-A6A6-E2B51ACAB5CF, 2021-03-22T17:34:46, true
9DDDD405-82E4-4C56-A6A6-E2B51ACAB5CF, 2021-03-22T17:35:47, true
9DDDD405-82E4-4C56-A6A6-E2B51ACAB5CF, 2021-03-22T17:36:51, true
9DDDD405-82E4-4C56-A6A6-E2B51ACAB5CF, 2021-03-22T17:37:52, true
9DDDD405-82E4-4C56-A6A6-E2B51ACAB5CF, 2021-03-22T17:38:54, true
9DDDD405-82E4-4C56-A6A6-E2B51ACAB5CF, 2021-03-22T17:39:59, true
9DDDD405-82E4-4C56-A6A6-E2B51ACAB5CF, 2021-03-22T17:41:00, true
9DDDD405-82E4-4C56-A6A6-E2B51ACAB5CF, 2021-03-22T17:42:02, true
9DDDD405-82E4-4C56-A6A6-E2B51ACAB5CF, 2021-03-22T17:43:06, true
9DDDD405-82E4-4C56-A6A6-E2B51ACAB5CF, 2021-03-22T17:44:13, true
9DDDD405-82E4-4C56-A6A6-E2B51ACAB5CF, 2021-03-22T17:45:21, true
9DDDD405-82E4-4C56-A6A6-E2B51ACAB5CF, 2021-03-22T17:46:22, true
9DDDD405-82E4-4C56-A6A6-E2B51ACAB5CF, 2021-03-22T17:47:22, true
9DDDD405-82E4-4C56-A6A6-E2B51ACAB5CF, 2021-03-22T17:48:25, true
9DDDD405-82E4-4C56-A6A6-E2B51ACAB5CF, 2021-03-22T17:49:29, true
9DDDD405-82E4-4C56-A6A6-E2B51ACAB5CF, 2021-03-22T17:50:29, true
9DDDD405-82E4-4C56-A6A6-E2B51ACAB5CF, 2021-03-22T17:51:39, true
9DDDD405-82E4-4C56-A6A6-E2B51ACAB5CF, 2021-03-22T17:52:40, true
9DDDD405-82E4-4C56-A6A6-E2B51ACAB5CF, 2021-03-22T17:53:43, true
9DDDD405-82E4-4C56-A6A6-E2B51ACAB5CF, 2021-03-22T17:54:44, true
9DDDD405-82E4-4C56-A6A6-E2B51ACAB5CF, 2021-03-22T17:55:44, false
9DDDD405-82E4-4C56-A6A6-E2B51ACAB5CF, 2021-03-22T17:56:44, false
9DDDD405-82E4-4C56-A6A6-E2B51ACAB5CF, 2021-03-22T17:57:44, false
9DDDD405-82E4-4C56-A6A6-E2B51ACAB5CF, 2021-03-22T17:58:44, false
9DDDD405-82E4-4C56-A6A6-E2B51ACAB5CF, 2021-03-22T17:59:44, false
9DDDD405-82E4-4C56-A6A6-E2B51ACAB5CF, 2021-03-22T18:00:15, true
9DDDD405-82E4-4C56-A6A6-E2B51ACAB5CF, 2021-03-22T18:01:20, true
9DDDD405-82E4-4C56-A6A6-E2B51ACAB5CF, 2021-03-22T18:02:22, true
9DDDD405-82E4-4C56-A6A6-E2B51ACAB5CF, 2021-03-22T18:03:23, true
9DDDD405-82E4-4C56-A6A6-E2B51ACAB5CF, 2021-03-22T18:04:27, true
9DDDD405-82E4-4C56-A6A6-E2B51ACAB5CF, 2021-03-22T18:05:30, true
9DDDD405-82E4-4C56-A6A6-E2B51ACAB5CF, 2021-03-22T18:06:33, true
9DDDD405-82E4-4C56-A6A6-E2B51ACAB5CF, 2021-03-22T18:07:36, true
9DDDD405-82E4-4C56-A6A6-E2B51ACAB5CF, 2021-03-22T18:08:37, true
9DDDD405-82E4-4C56-A6A6-E2B51ACAB5CF, 2021-03-22T18:09:39, true
9DDDD405-82E4-4C56-A6A6-E2B51ACAB5CF, 2021-03-22T18:10:43, true
9DDDD405-82E4-4C56-A6A6-E2B51ACAB5CF, 2021-03-22T18:11:51, true
9DDDD405-82E4-4C56-A6A6-E2B51ACAB5CF, 2021-03-22T18:12:53, true
9DDDD405-82E4-4C56-A6A6-E2B51ACAB5CF, 2021-03-22T18:13:56, true
9DDDD405-82E4-4C56-A6A6-E2B51ACAB5CF, 2021-03-22T18:14:58, true
9DDDD405-82E4-4C56-A6A6-E2B51ACAB5CF, 2021-03-22T18:16:08, true
9DDDD405-82E4-4C56-A6A6-E2B51ACAB5CF, 2021-03-22T18:17:14, true
9DDDD405-82E4-4C56-A6A6-E2B51ACAB5CF, 2021-03-22T18:18:17, true
9DDDD405-82E4-4C56-A6A6-E2B51ACAB5CF, 2021-03-22T18:19:18, true
9DDDD405-82E4-4C56-A6A6-E2B51ACAB5CF, 2021-03-22T18:20:21, true
9DDDD405-82E4-4C56-A6A6-E2B51ACAB5CF, 2021-03-22T18:21:23, true
9DDDD405-82E4-4C56-A6A6-E2B51ACAB5CF, 2021-03-22T18:22:23, false
9DDDD405-82E4-4C56-A6A6-E2B51ACAB5CF, 2021-03-22T18:23:17, true
9DDDD405-82E4-4C56-A6A6-E2B51ACAB5CF, 2021-03-22T18:24:19, true
9DDDD405-82E4-4C56-A6A6-E2B51ACAB5CF, 2021-03-22T18:25:25, true
9DDDD405-82E4-4C56-A6A6-E2B51ACAB5CF, 2021-03-22T18:26:28, true
9DDDD405-82E4-4C56-A6A6-E2B51ACAB5CF, 2021-03-22T18:27:33, true
9DDDD405-82E4-4C56-A6A6-E2B51ACAB5CF, 2021-03-22T18:28:34, true
9DDDD405-82E4-4C56-A6A6-E2B51ACAB5CF, 2021-03-22T18:29:34, true
9DDDD405-82E4-4C56-A6A6-E2B51ACAB5CF, 2021-03-22T18:30:47, true
9DDDD405-82E4-4C56-A6A6-E2B51ACAB5CF, 2021-03-22T18:31:47, true
9DDDD405-82E4-4C56-A6A6-E2B51ACAB5CF, 2021-03-22T18:32:47, true
9DDDD405-82E4-4C56-A6A6-E2B51ACAB5CF, 2021-03-22T18:33:50, true
9DDDD405-82E4-4C56-A6A6-E2B51ACAB5CF, 2021-03-22T18:35:00, true
9DDDD405-82E4-4C56-A6A6-E2B51ACAB5CF, 2021-03-22T18:36:00, true
9DDDD405-82E4-4C56-A6A6-E2B51ACAB5CF, 2021-03-22T18:37:01, true
9DDDD405-82E4-4C56-A6A6-E2B51ACAB5CF, 2021-03-22T18:38:05, true
9DDDD405-82E4-4C56-A6A6-E2B51ACAB5CF, 2021-03-22T18:39:06, true
9DDDD405-82E4-4C56-A6A6-E2B51ACAB5CF, 2021-03-22T18:40:08, true
9DDDD405-82E4-4C56-A6A6-E2B51ACAB5CF, 2021-03-22T18:41:10, true
9DDDD405-82E4-4C56-A6A6-E2B51ACAB5CF, 2021-03-22T18:42:12, true
9DDDD405-82E4-4C56-A6A6-E2B51ACAB5CF, 2021-03-22T18:43:14, true
9DDDD405-82E4-4C56-A6A6-E2B51ACAB5CF, 2021-03-22T18:44:38, true
9DDDD405-82E4-4C56-A6A6-E2B51ACAB5CF, 2021-03-22T18:45:47, true
9DDDD405-82E4-4C56-A6A6-E2B51ACAB5CF, 2021-03-22T18:46:48, true
9DDDD405-82E4-4C56-A6A6-E2B51ACAB5CF, 2021-03-22T18:47:49, true
9DDDD405-82E4-4C56-A6A6-E2B51ACAB5CF, 2021-03-22T18:48:50, true
9DDDD405-82E4-4C56-A6A6-E2B51ACAB5CF, 2021-03-22T18:49:55, true
9DDDD405-82E4-4C56-A6A6-E2B51ACAB5CF, 2021-03-22T18:51:02, true
9DDDD405-82E4-4C56-A6A6-E2B51ACAB5CF, 2021-03-22T18:52:02, true
9DDDD405-82E4-4C56-A6A6-E2B51ACAB5CF, 2021-03-22T18:53:30, true
9DDDD405-82E4-4C56-A6A6-E2B51ACAB5CF, 2021-03-22T18:54:31, true
9DDDD405-82E4-4C56-A6A6-E2B51ACAB5CF, 2021-03-22T18:55:33, true
9DDDD405-82E4-4C56-A6A6-E2B51ACAB5CF, 2021-03-22T18:56:40, true
9DDDD405-82E4-4C56-A6A6-E2B51ACAB5CF, 2021-03-22T18:57:40, true
9DDDD405-82E4-4C56-A6A6-E2B51ACAB5CF, 2021-03-22T18:58:40, true
9DDDD405-82E4-4C56-A6A6-E2B51ACAB5CF, 2021-03-22T18:59:44, true
9DDDD405-82E4-4C56-A6A6-E2B51ACAB5CF, 2021-03-22T19:00:46, true
9DDDD405-82E4-4C56-A6A6-E2B51ACAB5CF, 2021-03-22T19:01:49, true
9DDDD405-82E4-4C56-A6A6-E2B51ACAB5CF, 2021-03-22T19:02:51, true
9DDDD405-82E4-4C56-A6A6-E2B51ACAB5CF, 2021-03-22T19:03:52, true
9DDDD405-82E4-4C56-A6A6-E2B51ACAB5CF, 2021-03-22T19:04:55, true
9DDDD405-82E4-4C56-A6A6-E2B51ACAB5CF, 2021-03-22T19:05:57, true
9DDDD405-82E4-4C56-A6A6-E2B51ACAB5CF, 2021-03-22T19:06:59, true
9DDDD405-82E4-4C56-A6A6-E2B51ACAB5CF, 2021-03-22T19:08:01, true
9DDDD405-82E4-4C56-A6A6-E2B51ACAB5CF, 2021-03-22T19:09:04, true
9DDDD405-82E4-4C56-A6A6-E2B51ACAB5CF, 2021-03-22T19:10:06, true
9DDDD405-82E4-4C56-A6A6-E2B51ACAB5CF, 2021-03-22T19:11:07, true
9DDDD405-82E4-4C56-A6A6-E2B51ACAB5CF, 2021-03-22T19:12:09, true
9DDDD405-82E4-4C56-A6A6-E2B51ACAB5CF, 2021-03-22T19:13:11, true
9DDDD405-82E4-4C56-A6A6-E2B51ACAB5CF, 2021-03-22T19:14:13, true
9DDDD405-82E4-4C56-A6A6-E2B51ACAB5CF, 2021-03-22T19:15:14, true
9DDDD405-82E4-4C56-A6A6-E2B51ACAB5CF, 2021-03-22T19:16:14, false
9DDDD405-82E4-4C56-A6A6-E2B51ACAB5CF, 2021-03-22T19:16:53, true
9DDDD405-82E4-4C56-A6A6-E2B51ACAB5CF, 2021-03-22T19:17:55, true
9DDDD405-82E4-4C56-A6A6-E2B51ACAB5CF, 2021-03-22T19:19:04, true
9DDDD405-82E4-4C56-A6A6-E2B51ACAB5CF, 2021-03-22T19:20:05, true
9DDDD405-82E4-4C56-A6A6-E2B51ACAB5CF, 2021-03-22T19:21:09, true
9DDDD405-82E4-4C56-A6A6-E2B51ACAB5CF, 2021-03-22T19:22:12, true
9DDDD405-82E4-4C56-A6A6-E2B51ACAB5CF, 2021-03-22T19:23:17, true
9DDDD405-82E4-4C56-A6A6-E2B51ACAB5CF, 2021-03-22T19:24:20, true
9DDDD405-82E4-4C56-A6A6-E2B51ACAB5CF, 2021-03-22T19:25:21, true
9DDDD405-82E4-4C56-A6A6-E2B51ACAB5CF, 2021-03-22T19:26:24, true
9DDDD405-82E4-4C56-A6A6-E2B51ACAB5CF, 2021-03-22T19:27:27, true
9DDDD405-82E4-4C56-A6A6-E2B51ACAB5CF, 2021-03-22T19:28:27, true
9DDDD405-82E4-4C56-A6A6-E2B51ACAB5CF, 2021-03-22T19:29:33, true
9DDDD405-82E4-4C56-A6A6-E2B51ACAB5CF, 2021-03-22T19:30:37, true
9DDDD405-82E4-4C56-A6A6-E2B51ACAB5CF, 2021-03-22T19:31:39, true
9DDDD405-82E4-4C56-A6A6-E2B51ACAB5CF, 2021-03-22T19:32:40, true
9DDDD405-82E4-4C56-A6A6-E2B51ACAB5CF, 2021-03-22T19:33:41, true
9DDDD405-82E4-4C56-A6A6-E2B51ACAB5CF, 2021-03-22T19:34:44, true
9DDDD405-82E4-4C56-A6A6-E2B51ACAB5CF, 2021-03-22T19:35:48, true
9DDDD405-82E4-4C56-A6A6-E2B51ACAB5CF, 2021-03-22T19:36:51, true
9DDDD405-82E4-4C56-A6A6-E2B51ACAB5CF, 2021-03-22T19:37:55, true
9DDDD405-82E4-4C56-A6A6-E2B51ACAB5CF, 2021-03-22T19:38:57, true
9DDDD405-82E4-4C56-A6A6-E2B51ACAB5CF, 2021-03-22T19:40:01, true
9DDDD405-82E4-4C56-A6A6-E2B51ACAB5CF, 2021-03-22T19:41:13, true
9DDDD405-82E4-4C56-A6A6-E2B51ACAB5CF, 2021-03-22T19:42:20, true
9DDDD405-82E4-4C56-A6A6-E2B51ACAB5CF, 2021-03-22T19:43:24, true
9DDDD405-82E4-4C56-A6A6-E2B51ACAB5CF, 2021-03-22T19:44:24, false
9DDDD405-82E4-4C56-A6A6-E2B51ACAB5CF, 2021-03-22T19:45:26, true
9DDDD405-82E4-4C56-A6A6-E2B51ACAB5CF, 2021-03-22T19:46:26, true
9DDDD405-82E4-4C56-A6A6-E2B51ACAB5CF, 2021-03-22T19:47:40, true
9DDDD405-82E4-4C56-A6A6-E2B51ACAB5CF, 2021-03-22T19:48:42, true
9DDDD405-82E4-4C56-A6A6-E2B51ACAB5CF, 2021-03-22T19:49:44, true
9DDDD405-82E4-4C56-A6A6-E2B51ACAB5CF, 2021-03-22T19:50:47, true
9DDDD405-82E4-4C56-A6A6-E2B51ACAB5CF, 2021-03-22T19:51:52, true
9DDDD405-82E4-4C56-A6A6-E2B51ACAB5CF, 2021-03-22T19:52:55, true
9DDDD405-82E4-4C56-A6A6-E2B51ACAB5CF, 2021-03-22T19:53:55, true
9DDDD405-82E4-4C56-A6A6-E2B51ACAB5CF, 2021-03-22T19:54:56, true
9DDDD405-82E4-4C56-A6A6-E2B51ACAB5CF, 2021-03-22T19:55:59, true
9DDDD405-82E4-4C56-A6A6-E2B51ACAB5CF, 2021-03-22T19:57:03, true
9DDDD405-82E4-4C56-A6A6-E2B51ACAB5CF, 2021-03-22T19:58:05, true
9DDDD405-82E4-4C56-A6A6-E2B51ACAB5CF, 2021-03-22T19:59:06, true
9DDDD405-82E4-4C56-A6A6-E2B51ACAB5CF, 2021-03-22T20:00:06, true
9DDDD405-82E4-4C56-A6A6-E2B51ACAB5CF, 2021-03-22T20:01:08, true
9DDDD405-82E4-4C56-A6A6-E2B51ACAB5CF, 2021-03-22T20:02:10, true
9DDDD405-82E4-4C56-A6A6-E2B51ACAB5CF, 2021-03-22T20:03:14, true
9DDDD405-82E4-4C56-A6A6-E2B51ACAB5CF, 2021-03-22T20:04:15, true
9DDDD405-82E4-4C56-A6A6-E2B51ACAB5CF, 2021-03-22T20:05:15, true
9DDDD405-82E4-4C56-A6A6-E2B51ACAB5CF, 2021-03-22T20:06:16, true
9DDDD405-82E4-4C56-A6A6-E2B51ACAB5CF, 2021-03-22T20:07:20, true
9DDDD405-82E4-4C56-A6A6-E2B51ACAB5CF, 2021-03-22T20:08:23, true
9DDDD405-82E4-4C56-A6A6-E2B51ACAB5CF, 2021-03-22T20:09:24, true
9DDDD405-82E4-4C56-A6A6-E2B51ACAB5CF, 2021-03-22T20:10:25, true
9DDDD405-82E4-4C56-A6A6-E2B51ACAB5CF, 2021-03-22T20:11:31, true
9DDDD405-82E4-4C56-A6A6-E2B51ACAB5CF, 2021-03-22T20:12:34, true
9DDDD405-82E4-4C56-A6A6-E2B51ACAB5CF, 2021-03-22T20:13:38, true
9DDDD405-82E4-4C56-A6A6-E2B51ACAB5CF, 2021-03-22T20:14:42, true
9DDDD405-82E4-4C56-A6A6-E2B51ACAB5CF, 2021-03-22T20:15:43, true
9DDDD405-82E4-4C56-A6A6-E2B51ACAB5CF, 2021-03-22T20:16:47, true
9DDDD405-82E4-4C56-A6A6-E2B51ACAB5CF, 2021-03-22T20:17:48, true
9DDDD405-82E4-4C56-A6A6-E2B51ACAB5CF, 2021-03-22T20:18:54, true
9DDDD405-82E4-4C56-A6A6-E2B51ACAB5CF, 2021-03-22T20:19:56, true
9DDDD405-82E4-4C56-A6A6-E2B51ACAB5CF, 2021-03-22T20:20:57, true
9DDDD405-82E4-4C56-A6A6-E2B51ACAB5CF, 2021-03-22T20:22:00, true
9DDDD405-82E4-4C56-A6A6-E2B51ACAB5CF, 2021-03-22T20:23:03, true
9DDDD405-82E4-4C56-A6A6-E2B51ACAB5CF, 2021-03-22T20:24:05, true
9DDDD405-82E4-4C56-A6A6-E2B51ACAB5CF, 2021-03-22T20:25:12, true
9DDDD405-82E4-4C56-A6A6-E2B51ACAB5CF, 2021-03-22T20:26:12, true
9DDDD405-82E4-4C56-A6A6-E2B51ACAB5CF, 2021-03-22T20:27:13, true
9DDDD405-82E4-4C56-A6A6-E2B51ACAB5CF, 2021-03-22T20:28:18, true
9DDDD405-82E4-4C56-A6A6-E2B51ACAB5CF, 2021-03-22T20:29:38, true
9DDDD405-82E4-4C56-A6A6-E2B51ACAB5CF, 2021-03-22T20:30:47, true
9DDDD405-82E4-4C56-A6A6-E2B51ACAB5CF, 2021-03-22T20:31:48, true
9DDDD405-82E4-4C56-A6A6-E2B51ACAB5CF, 2021-03-22T20:32:48, false
9DDDD405-82E4-4C56-A6A6-E2B51ACAB5CF, 2021-03-22T20:33:21, true
9DDDD405-82E4-4C56-A6A6-E2B51ACAB5CF, 2021-03-22T20:34:26, true
9DDDD405-82E4-4C56-A6A6-E2B51ACAB5CF, 2021-03-22T20:35:40, true
9DDDD405-82E4-4C56-A6A6-E2B51ACAB5CF, 2021-03-22T20:36:40, true
9DDDD405-82E4-4C56-A6A6-E2B51ACAB5CF, 2021-03-22T20:37:46, true
9DDDD405-82E4-4C56-A6A6-E2B51ACAB5CF, 2021-03-22T20:38:48, true
9DDDD405-82E4-4C56-A6A6-E2B51ACAB5CF, 2021-03-22T20:39:52, true
9DDDD405-82E4-4C56-A6A6-E2B51ACAB5CF, 2021-03-22T20:40:58, true
9DDDD405-82E4-4C56-A6A6-E2B51ACAB5CF, 2021-03-22T20:42:01, true
9DDDD405-82E4-4C56-A6A6-E2B51ACAB5CF, 2021-03-22T20:43:05, true
9DDDD405-82E4-4C56-A6A6-E2B51ACAB5CF, 2021-03-22T20:44:07, true
9DDDD405-82E4-4C56-A6A6-E2B51ACAB5CF, 2021-03-22T20:45:10, true
9DDDD405-82E4-4C56-A6A6-E2B51ACAB5CF, 2021-03-22T20:46:21, true
9DDDD405-82E4-4C56-A6A6-E2B51ACAB5CF, 2021-03-22T20:47:24, true
9DDDD405-82E4-4C56-A6A6-E2B51ACAB5CF, 2021-03-22T20:48:24, true
9DDDD405-82E4-4C56-A6A6-E2B51ACAB5CF, 2021-03-22T20:49:28, true
9DDDD405-82E4-4C56-A6A6-E2B51ACAB5CF, 2021-03-22T20:50:28, true
9DDDD405-82E4-4C56-A6A6-E2B51ACAB5CF, 2021-03-22T20:51:39, true
9DDDD405-82E4-4C56-A6A6-E2B51ACAB5CF, 2021-03-22T20:52:42, true
9DDDD405-82E4-4C56-A6A6-E2B51ACAB5CF, 2021-03-22T20:53:44, true
9DDDD405-82E4-4C56-A6A6-E2B51ACAB5CF, 2021-03-22T20:54:45, true
9DDDD405-82E4-4C56-A6A6-E2B51ACAB5CF, 2021-03-22T20:55:48, true
9DDDD405-82E4-4C56-A6A6-E2B51ACAB5CF, 2021-03-22T20:56:50, true
9DDDD405-82E4-4C56-A6A6-E2B51ACAB5CF, 2021-03-22T20:58:03, true
9DDDD405-82E4-4C56-A6A6-E2B51ACAB5CF, 2021-03-22T20:59:05, true
9DDDD405-82E4-4C56-A6A6-E2B51ACAB5CF, 2021-03-22T21:00:09, true
9DDDD405-82E4-4C56-A6A6-E2B51ACAB5CF, 2021-03-22T21:01:15, true
9DDDD405-82E4-4C56-A6A6-E2B51ACAB5CF, 2021-03-22T21:02:16, true
9DDDD405-82E4-4C56-A6A6-E2B51ACAB5CF, 2021-03-22T21:03:18, true
9DDDD405-82E4-4C56-A6A6-E2B51ACAB5CF, 2021-03-22T21:04:24, true
9DDDD405-82E4-4C56-A6A6-E2B51ACAB5CF, 2021-03-22T21:05:27, true
9DDDD405-82E4-4C56-A6A6-E2B51ACAB5CF, 2021-03-22T21:06:29, true
9DDDD405-82E4-4C56-A6A6-E2B51ACAB5CF, 2021-03-22T21:07:32, true
9DDDD405-82E4-4C56-A6A6-E2B51ACAB5CF, 2021-03-22T21:08:35, true
9DDDD405-82E4-4C56-A6A6-E2B51ACAB5CF, 2021-03-22T21:09:40, true
9DDDD405-82E4-4C56-A6A6-E2B51ACAB5CF, 2021-03-22T21:10:43, true
9DDDD405-82E4-4C56-A6A6-E2B51ACAB5CF, 2021-03-22T21:11:47, true
9DDDD405-82E4-4C56-A6A6-E2B51ACAB5CF, 2021-03-22T21:12:53, true
9DDDD405-82E4-4C56-A6A6-E2B51ACAB5CF, 2021-03-22T21:13:53, true
9DDDD405-82E4-4C56-A6A6-E2B51ACAB5CF, 2021-03-22T21:14:54, true
9DDDD405-82E4-4C56-A6A6-E2B51ACAB5CF, 2021-03-22T21:15:55, true
9DDDD405-82E4-4C56-A6A6-E2B51ACAB5CF, 2021-03-22T21:16:59, true
9DDDD405-82E4-4C56-A6A6-E2B51ACAB5CF, 2021-03-22T21:18:00, true
9DDDD405-82E4-4C56-A6A6-E2B51ACAB5CF, 2021-03-22T21:19:01, true
9DDDD405-82E4-4C56-A6A6-E2B51ACAB5CF, 2021-03-22T21:20:13, true
9DDDD405-82E4-4C56-A6A6-E2B51ACAB5CF, 2021-03-22T21:21:16, true
9DDDD405-82E4-4C56-A6A6-E2B51ACAB5CF, 2021-03-22T21:22:20, true
9DDDD405-82E4-4C56-A6A6-E2B51ACAB5CF, 2021-03-22T21:23:37, true
9DDDD405-82E4-4C56-A6A6-E2B51ACAB5CF, 2021-03-22T21:24:53, true
9DDDD405-82E4-4C56-A6A6-E2B51ACAB5CF, 2021-03-22T21:25:55, true
9DDDD405-82E4-4C56-A6A6-E2B51ACAB5CF, 2021-03-22T21:26:56, true
9DDDD405-82E4-4C56-A6A6-E2B51ACAB5CF, 2021-03-22T21:27:57, true
9DDDD405-82E4-4C56-A6A6-E2B51ACAB5CF, 2021-03-22T21:28:57, true
9DDDD405-82E4-4C56-A6A6-E2B51ACAB5CF, 2021-03-22T21:30:13, true
9DDDD405-82E4-4C56-A6A6-E2B51ACAB5CF, 2021-03-22T21:31:14, true
9DDDD405-82E4-4C56-A6A6-E2B51ACAB5CF, 2021-03-22T21:32:20, true
9DDDD405-82E4-4C56-A6A6-E2B51ACAB5CF, 2021-03-22T21:33:21, true
9DDDD405-82E4-4C56-A6A6-E2B51ACAB5CF, 2021-03-22T21:34:24, true
9DDDD405-82E4-4C56-A6A6-E2B51ACAB5CF, 2021-03-22T21:35:26, true
9DDDD405-82E4-4C56-A6A6-E2B51ACAB5CF, 2021-03-22T21:36:27, true
9DDDD405-82E4-4C56-A6A6-E2B51ACAB5CF, 2021-03-22T21:37:28, true
9DDDD405-82E4-4C56-A6A6-E2B51ACAB5CF, 2021-03-22T21:38:32, true
9DDDD405-82E4-4C56-A6A6-E2B51ACAB5CF, 2021-03-22T21:39:32, true
9DDDD405-82E4-4C56-A6A6-E2B51ACAB5CF, 2021-03-22T21:40:33, true
9DDDD405-82E4-4C56-A6A6-E2B51ACAB5CF, 2021-03-22T21:41:40, true
9DDDD405-82E4-4C56-A6A6-E2B51ACAB5CF, 2021-03-22T21:42:42, true
9DDDD405-82E4-4C56-A6A6-E2B51ACAB5CF, 2021-03-22T21:43:50, true
9DDDD405-82E4-4C56-A6A6-E2B51ACAB5CF, 2021-03-22T21:44:54, true
9DDDD405-82E4-4C56-A6A6-E2B51ACAB5CF, 2021-03-22T21:45:55, true
9DDDD405-82E4-4C56-A6A6-E2B51ACAB5CF, 2021-03-22T21:46:57, true
9DDDD405-82E4-4C56-A6A6-E2B51ACAB5CF, 2021-03-22T21:47:57, true
9DDDD405-82E4-4C56-A6A6-E2B51ACAB5CF, 2021-03-22T21:48:58, true
9DDDD405-82E4-4C56-A6A6-E2B51ACAB5CF, 2021-03-22T21:49:58, true
9DDDD405-82E4-4C56-A6A6-E2B51ACAB5CF, 2021-03-22T21:51:00, true
9DDDD405-82E4-4C56-A6A6-E2B51ACAB5CF, 2021-03-22T21:52:01, true
9DDDD405-82E4-4C56-A6A6-E2B51ACAB5CF, 2021-03-22T21:53:13, true
9DDDD405-82E4-4C56-A6A6-E2B51ACAB5CF, 2021-03-22T21:54:13, true
9DDDD405-82E4-4C56-A6A6-E2B51ACAB5CF, 2021-03-22T21:55:21, true
9DDDD405-82E4-4C56-A6A6-E2B51ACAB5CF, 2021-03-22T21:56:23, true
9DDDD405-82E4-4C56-A6A6-E2B51ACAB5CF, 2021-03-22T21:57:24, true
9DDDD405-82E4-4C56-A6A6-E2B51ACAB5CF, 2021-03-22T21:58:25, true
9DDDD405-82E4-4C56-A6A6-E2B51ACAB5CF, 2021-03-22T21:59:26, true
9DDDD405-82E4-4C56-A6A6-E2B51ACAB5CF, 2021-03-22T22:00:28, true
9DDDD405-82E4-4C56-A6A6-E2B51ACAB5CF, 2021-03-22T22:01:30, true
9DDDD405-82E4-4C56-A6A6-E2B51ACAB5CF, 2021-03-22T22:02:31, true
9DDDD405-82E4-4C56-A6A6-E2B51ACAB5CF, 2021-03-22T22:03:43, true
9DDDD405-82E4-4C56-A6A6-E2B51ACAB5CF, 2021-03-22T22:04:47, true
9DDDD405-82E4-4C56-A6A6-E2B51ACAB5CF, 2021-03-22T22:05:50, true
9DDDD405-82E4-4C56-A6A6-E2B51ACAB5CF, 2021-03-22T22:06:51, true
9DDDD405-82E4-4C56-A6A6-E2B51ACAB5CF, 2021-03-22T22:07:51, true
9DDDD405-82E4-4C56-A6A6-E2B51ACAB5CF, 2021-03-22T22:08:53, true
9DDDD405-82E4-4C56-A6A6-E2B51ACAB5CF, 2021-03-22T22:09:55, true
9DDDD405-82E4-4C56-A6A6-E2B51ACAB5CF, 2021-03-22T22:10:56, true
9DDDD405-82E4-4C56-A6A6-E2B51ACAB5CF, 2021-03-22T22:11:57, true
9DDDD405-82E4-4C56-A6A6-E2B51ACAB5CF, 2021-03-22T22:13:00, true
9DDDD405-82E4-4C56-A6A6-E2B51ACAB5CF, 2021-03-22T22:14:01, true
9DDDD405-82E4-4C56-A6A6-E2B51ACAB5CF, 2021-03-22T22:15:08, true
9DDDD405-82E4-4C56-A6A6-E2B51ACAB5CF, 2021-03-22T22:16:12, true
9DDDD405-82E4-4C56-A6A6-E2B51ACAB5CF, 2021-03-22T22:17:12, true
9DDDD405-82E4-4C56-A6A6-E2B51ACAB5CF, 2021-03-22T22:18:16, true
9DDDD405-82E4-4C56-A6A6-E2B51ACAB5CF, 2021-03-22T22:19:17, true
9DDDD405-82E4-4C56-A6A6-E2B51ACAB5CF, 2021-03-22T22:20:20, true
9DDDD405-82E4-4C56-A6A6-E2B51ACAB5CF, 2021-03-22T22:21:21, true
9DDDD405-82E4-4C56-A6A6-E2B51ACAB5CF, 2021-03-22T22:22:24, true
9DDDD405-82E4-4C56-A6A6-E2B51ACAB5CF, 2021-03-22T22:23:27, true
9DDDD405-82E4-4C56-A6A6-E2B51ACAB5CF, 2021-03-22T22:24:28, true
9DDDD405-82E4-4C56-A6A6-E2B51ACAB5CF, 2021-03-22T22:25:40, true
9DDDD405-82E4-4C56-A6A6-E2B51ACAB5CF, 2021-03-22T22:26:45, true
9DDDD405-82E4-4C56-A6A6-E2B51ACAB5CF, 2021-03-22T22:27:47, true
9DDDD405-82E4-4C56-A6A6-E2B51ACAB5CF, 2021-03-22T22:28:49, true
9DDDD405-82E4-4C56-A6A6-E2B51ACAB5CF, 2021-03-22T22:29:51, true
9DDDD405-82E4-4C56-A6A6-E2B51ACAB5CF, 2021-03-22T22:30:51, true
9DDDD405-82E4-4C56-A6A6-E2B51ACAB5CF, 2021-03-22T22:31:54, true
9DDDD405-82E4-4C56-A6A6-E2B51ACAB5CF, 2021-03-22T22:33:01, true
9DDDD405-82E4-4C56-A6A6-E2B51ACAB5CF, 2021-03-22T22:34:03, true
9DDDD405-82E4-4C56-A6A6-E2B51ACAB5CF, 2021-03-22T22:35:05, true
9DDDD405-82E4-4C56-A6A6-E2B51ACAB5CF, 2021-03-22T22:36:05, true
9DDDD405-82E4-4C56-A6A6-E2B51ACAB5CF, 2021-03-22T22:37:07, true
9DDDD405-82E4-4C56-A6A6-E2B51ACAB5CF, 2021-03-22T22:38:08, true
9DDDD405-82E4-4C56-A6A6-E2B51ACAB5CF, 2021-03-22T22:39:11, true
9DDDD405-82E4-4C56-A6A6-E2B51ACAB5CF, 2021-03-22T22:40:14, true
9DDDD405-82E4-4C56-A6A6-E2B51ACAB5CF, 2021-03-22T22:41:15, true
9DDDD405-82E4-4C56-A6A6-E2B51ACAB5CF, 2021-03-22T22:42:16, true
9DDDD405-82E4-4C56-A6A6-E2B51ACAB5CF, 2021-03-22T22:43:18, true
9DDDD405-82E4-4C56-A6A6-E2B51ACAB5CF, 2021-03-22T22:44:20, true
