Device, Measure Date Time, Exist
9DDDD405-82E4-4C56-A6A6-E2B51ACAB5CF, 2021-03-30T22:45:45, true
9DDDD405-82E4-4C56-A6A6-E2B51ACAB5CF, 2021-03-30T22:46:47, true
9DDDD405-82E4-4C56-A6A6-E2B51ACAB5CF, 2021-03-30T22:47:52, true
9DDDD405-82E4-4C56-A6A6-E2B51ACAB5CF, 2021-03-30T22:48:56, true
9DDDD405-82E4-4C56-A6A6-E2B51ACAB5CF, 2021-03-30T22:49:58, true
9DDDD405-82E4-4C56-A6A6-E2B51ACAB5CF, 2021-03-30T22:51:02, true
9DDDD405-82E4-4C56-A6A6-E2B51ACAB5CF, 2021-03-30T22:52:04, true
9DDDD405-82E4-4C56-A6A6-E2B51ACAB5CF, 2021-03-30T22:53:07, true
9DDDD405-82E4-4C56-A6A6-E2B51ACAB5CF, 2021-03-30T22:54:09, true
9DDDD405-82E4-4C56-A6A6-E2B51ACAB5CF, 2021-03-30T22:55:38, true
9DDDD405-82E4-4C56-A6A6-E2B51ACAB5CF, 2021-03-30T22:56:40, true
9DDDD405-82E4-4C56-A6A6-E2B51ACAB5CF, 2021-03-30T22:57:41, true
9DDDD405-82E4-4C56-A6A6-E2B51ACAB5CF, 2021-03-30T22:58:42, true
9DDDD405-82E4-4C56-A6A6-E2B51ACAB5CF, 2021-03-30T22:59:45, true
9DDDD405-82E4-4C56-A6A6-E2B51ACAB5CF, 2021-03-30T23:00:45, true
9DDDD405-82E4-4C56-A6A6-E2B51ACAB5CF, 2021-03-30T23:01:47, true
9DDDD405-82E4-4C56-A6A6-E2B51ACAB5CF, 2021-03-30T23:02:47, false
9DDDD405-82E4-4C56-A6A6-E2B51ACAB5CF, 2021-03-30T23:03:20, true
9DDDD405-82E4-4C56-A6A6-E2B51ACAB5CF, 2021-03-30T23:04:23, true
9DDDD405-82E4-4C56-A6A6-E2B51ACAB5CF, 2021-03-30T23:05:28, true
9DDDD405-82E4-4C56-A6A6-E2B51ACAB5CF, 2021-03-30T23:06:31, true
9DDDD405-82E4-4C56-A6A6-E2B51ACAB5CF, 2021-03-30T23:07:36, true
9DDDD405-82E4-4C56-A6A6-E2B51ACAB5CF, 2021-03-30T23:08:38, true
9DDDD405-82E4-4C56-A6A6-E2B51ACAB5CF, 2021-03-30T23:09:38, true
9DDDD405-82E4-4C56-A6A6-E2B51ACAB5CF, 2021-03-30T23:10:51, true
9DDDD405-82E4-4C56-A6A6-E2B51ACAB5CF, 2021-03-30T23:11:52, true
9DDDD405-82E4-4C56-A6A6-E2B51ACAB5CF, 2021-03-30T23:13:05, true
9DDDD405-82E4-4C56-A6A6-E2B51ACAB5CF, 2021-03-30T23:14:07, true
9DDDD405-82E4-4C56-A6A6-E2B51ACAB5CF, 2021-03-30T23:15:07, true
9DDDD405-82E4-4C56-A6A6-E2B51ACAB5CF, 2021-03-30T23:16:10, true
9DDDD405-82E4-4C56-A6A6-E2B51ACAB5CF, 2021-03-30T23:17:11, true
9DDDD405-82E4-4C56-A6A6-E2B51ACAB5CF, 2021-03-30T23:18:14, true
9DDDD405-82E4-4C56-A6A6-E2B51ACAB5CF, 2021-03-30T23:19:15, true
9DDDD405-82E4-4C56-A6A6-E2B51ACAB5CF, 2021-03-30T23:20:16, true
9DDDD405-82E4-4C56-A6A6-E2B51ACAB5CF, 2021-03-30T23:21:18, true
9DDDD405-82E4-4C56-A6A6-E2B51ACAB5CF, 2021-03-30T23:22:20, true
9DDDD405-82E4-4C56-A6A6-E2B51ACAB5CF, 2021-03-30T23:23:23, true
9DDDD405-82E4-4C56-A6A6-E2B51ACAB5CF, 2021-03-30T23:24:24, true
9DDDD405-82E4-4C56-A6A6-E2B51ACAB5CF, 2021-03-30T23:25:24, true
9DDDD405-82E4-4C56-A6A6-E2B51ACAB5CF, 2021-03-30T23:26:29, true
9DDDD405-82E4-4C56-A6A6-E2B51ACAB5CF, 2021-03-30T23:27:33, true
9DDDD405-82E4-4C56-A6A6-E2B51ACAB5CF, 2021-03-30T23:28:34, true
9DDDD405-82E4-4C56-A6A6-E2B51ACAB5CF, 2021-03-30T23:29:35, true
9DDDD405-82E4-4C56-A6A6-E2B51ACAB5CF, 2021-03-30T23:30:35, true
9DDDD405-82E4-4C56-A6A6-E2B51ACAB5CF, 2021-03-30T23:31:37, true
9DDDD405-82E4-4C56-A6A6-E2B51ACAB5CF, 2021-03-30T23:32:38, true
9DDDD405-82E4-4C56-A6A6-E2B51ACAB5CF, 2021-03-30T23:33:43, true
9DDDD405-82E4-4C56-A6A6-E2B51ACAB5CF, 2021-03-30T23:34:44, true
9DDDD405-82E4-4C56-A6A6-E2B51ACAB5CF, 2021-03-30T23:35:44, true
9DDDD405-82E4-4C56-A6A6-E2B51ACAB5CF, 2021-03-30T23:36:54, true
9DDDD405-82E4-4C56-A6A6-E2B51ACAB5CF, 2021-03-30T23:37:56, true
9DDDD405-82E4-4C56-A6A6-E2B51ACAB5CF, 2021-03-30T23:39:00, true
9DDDD405-82E4-4C56-A6A6-E2B51ACAB5CF, 2021-03-30T23:40:02, true
9DDDD405-82E4-4C56-A6A6-E2B51ACAB5CF, 2021-03-30T23:41:05, true
9DDDD405-82E4-4C56-A6A6-E2B51ACAB5CF, 2021-03-30T23:42:06, true
9DDDD405-82E4-4C56-A6A6-E2B51ACAB5CF, 2021-03-30T23:43:09, true
9DDDD405-82E4-4C56-A6A6-E2B51ACAB5CF, 2021-03-30T23:44:10, true
9DDDD405-82E4-4C56-A6A6-E2B51ACAB5CF, 2021-03-30T23:45:12, true
9DDDD405-82E4-4C56-A6A6-E2B51ACAB5CF, 2021-03-30T23:46:17, true
9DDDD405-82E4-4C56-A6A6-E2B51ACAB5CF, 2021-03-30T23:47:18, true
9DDDD405-82E4-4C56-A6A6-E2B51ACAB5CF, 2021-03-30T23:48:19, true
9DDDD405-82E4-4C56-A6A6-E2B51ACAB5CF, 2021-03-30T23:49:20, true
9DDDD405-82E4-4C56-A6A6-E2B51ACAB5CF, 2021-03-30T23:50:21, true
9DDDD405-82E4-4C56-A6A6-E2B51ACAB5CF, 2021-03-30T23:51:21, true
9DDDD405-82E4-4C56-A6A6-E2B51ACAB5CF, 2021-03-30T23:52:24, true
9DDDD405-82E4-4C56-A6A6-E2B51ACAB5CF, 2021-03-30T23:53:27, true
9DDDD405-82E4-4C56-A6A6-E2B51ACAB5CF, 2021-03-30T23:54:30, true
9DDDD405-82E4-4C56-A6A6-E2B51ACAB5CF, 2021-03-30T23:55:31, true
9DDDD405-82E4-4C56-A6A6-E2B51ACAB5CF, 2021-03-30T23:56:34, true
9DDDD405-82E4-4C56-A6A6-E2B51ACAB5CF, 2021-03-30T23:57:37, true
9DDDD405-82E4-4C56-A6A6-E2B51ACAB5CF, 2021-03-30T23:58:41, true
9DDDD405-82E4-4C56-A6A6-E2B51ACAB5CF, 2021-03-30T23:59:43, true
9DDDD405-82E4-4C56-A6A6-E2B51ACAB5CF, 2021-03-31T00:00:45, true
9DDDD405-82E4-4C56-A6A6-E2B51ACAB5CF, 2021-03-31T00:01:51, true
9DDDD405-82E4-4C56-A6A6-E2B51ACAB5CF, 2021-03-31T00:02:55, true
9DDDD405-82E4-4C56-A6A6-E2B51ACAB5CF, 2021-03-31T00:03:55, true
9DDDD405-82E4-4C56-A6A6-E2B51ACAB5CF, 2021-03-31T00:04:58, true
9DDDD405-82E4-4C56-A6A6-E2B51ACAB5CF, 2021-03-31T00:05:58, true
9DDDD405-82E4-4C56-A6A6-E2B51ACAB5CF, 2021-03-31T00:06:58, true
9DDDD405-82E4-4C56-A6A6-E2B51ACAB5CF, 2021-03-31T00:07:59, true
9DDDD405-82E4-4C56-A6A6-E2B51ACAB5CF, 2021-03-31T00:09:00, true
9DDDD405-82E4-4C56-A6A6-E2B51ACAB5CF, 2021-03-31T00:10:07, true
9DDDD405-82E4-4C56-A6A6-E2B51ACAB5CF, 2021-03-31T00:11:12, true
9DDDD405-82E4-4C56-A6A6-E2B51ACAB5CF, 2021-03-31T00:12:15, true
9DDDD405-82E4-4C56-A6A6-E2B51ACAB5CF, 2021-03-31T00:13:18, true
9DDDD405-82E4-4C56-A6A6-E2B51ACAB5CF, 2021-03-31T00:14:22, true
9DDDD405-82E4-4C56-A6A6-E2B51ACAB5CF, 2021-03-31T00:15:23, true
9DDDD405-82E4-4C56-A6A6-E2B51ACAB5CF, 2021-03-31T00:16:26, true
9DDDD405-82E4-4C56-A6A6-E2B51ACAB5CF, 2021-03-31T00:17:28, true
9DDDD405-82E4-4C56-A6A6-E2B51ACAB5CF, 2021-03-31T00:18:29, true
9DDDD405-82E4-4C56-A6A6-E2B51ACAB5CF, 2021-03-31T00:19:30, true
9DDDD405-82E4-4C56-A6A6-E2B51ACAB5CF, 2021-03-31T00:20:31, true
9DDDD405-82E4-4C56-A6A6-E2B51ACAB5CF, 2021-03-31T00:21:31, true
9DDDD405-82E4-4C56-A6A6-E2B51ACAB5CF, 2021-03-31T00:22:34, true
9DDDD405-82E4-4C56-A6A6-E2B51ACAB5CF, 2021-03-31T00:23:34, true
9DDDD405-82E4-4C56-A6A6-E2B51ACAB5CF, 2021-03-31T00:24:40, true
9DDDD405-82E4-4C56-A6A6-E2B51ACAB5CF, 2021-03-31T00:25:40, true
9DDDD405-82E4-4C56-A6A6-E2B51ACAB5CF, 2021-03-31T00:26:42, true
9DDDD405-82E4-4C56-A6A6-E2B51ACAB5CF, 2021-03-31T00:27:43, true
9DDDD405-82E4-4C56-A6A6-E2B51ACAB5CF, 2021-03-31T00:28:46, true
9DDDD405-82E4-4C56-A6A6-E2B51ACAB5CF, 2021-03-31T00:29:47, true
9DDDD405-82E4-4C56-A6A6-E2B51ACAB5CF, 2021-03-31T00:30:47, true
9DDDD405-82E4-4C56-A6A6-E2B51ACAB5CF, 2021-03-31T00:31:49, true
9DDDD405-82E4-4C56-A6A6-E2B51ACAB5CF, 2021-03-31T00:32:52, true
9DDDD405-82E4-4C56-A6A6-E2B51ACAB5CF, 2021-03-31T00:33:53, true
9DDDD405-82E4-4C56-A6A6-E2B51ACAB5CF, 2021-03-31T00:35:09, true
9DDDD405-82E4-4C56-A6A6-E2B51ACAB5CF, 2021-03-31T00:36:09, true
9DDDD405-82E4-4C56-A6A6-E2B51ACAB5CF, 2021-03-31T00:37:11, true
9DDDD405-82E4-4C56-A6A6-E2B51ACAB5CF, 2021-03-31T00:38:12, true
9DDDD405-82E4-4C56-A6A6-E2B51ACAB5CF, 2021-03-31T00:39:14, true
9DDDD405-82E4-4C56-A6A6-E2B51ACAB5CF, 2021-03-31T00:40:17, true
9DDDD405-82E4-4C56-A6A6-E2B51ACAB5CF, 2021-03-31T00:41:19, true
9DDDD405-82E4-4C56-A6A6-E2B51ACAB5CF, 2021-03-31T00:42:20, true
9DDDD405-82E4-4C56-A6A6-E2B51ACAB5CF, 2021-03-31T00:43:33, true
9DDDD405-82E4-4C56-A6A6-E2B51ACAB5CF, 2021-03-31T00:44:34, true
9DDDD405-82E4-4C56-A6A6-E2B51ACAB5CF, 2021-03-31T00:45:34, true
9DDDD405-82E4-4C56-A6A6-E2B51ACAB5CF, 2021-03-31T00:46:35, true
9DDDD405-82E4-4C56-A6A6-E2B51ACAB5CF, 2021-03-31T00:47:35, true
9DDDD405-82E4-4C56-A6A6-E2B51ACAB5CF, 2021-03-31T00:48:39, true
9DDDD405-82E4-4C56-A6A6-E2B51ACAB5CF, 2021-03-31T00:49:42, true
9DDDD405-82E4-4C56-A6A6-E2B51ACAB5CF, 2021-03-31T00:50:44, true
9DDDD405-82E4-4C56-A6A6-E2B51ACAB5CF, 2021-03-31T00:51:45, true
9DDDD405-82E4-4C56-A6A6-E2B51ACAB5CF, 2021-03-31T00:52:45, true
9DDDD405-82E4-4C56-A6A6-E2B51ACAB5CF, 2021-03-31T00:53:52, true
9DDDD405-82E4-4C56-A6A6-E2B51ACAB5CF, 2021-03-31T00:54:55, true
9DDDD405-82E4-4C56-A6A6-E2B51ACAB5CF, 2021-03-31T00:55:56, true
9DDDD405-82E4-4C56-A6A6-E2B51ACAB5CF, 2021-03-31T00:56:58, true
9DDDD405-82E4-4C56-A6A6-E2B51ACAB5CF, 2021-03-31T00:57:59, true
9DDDD405-82E4-4C56-A6A6-E2B51ACAB5CF, 2021-03-31T00:59:02, true
9DDDD405-82E4-4C56-A6A6-E2B51ACAB5CF, 2021-03-31T01:00:04, true
9DDDD405-82E4-4C56-A6A6-E2B51ACAB5CF, 2021-03-31T01:01:06, true
9DDDD405-82E4-4C56-A6A6-E2B51ACAB5CF, 2021-03-31T01:02:08, true
9DDDD405-82E4-4C56-A6A6-E2B51ACAB5CF, 2021-03-31T01:03:10, true
9DDDD405-82E4-4C56-A6A6-E2B51ACAB5CF, 2021-03-31T01:04:13, true
9DDDD405-82E4-4C56-A6A6-E2B51ACAB5CF, 2021-03-31T01:05:16, true
9DDDD405-82E4-4C56-A6A6-E2B51ACAB5CF, 2021-03-31T01:06:19, true
9DDDD405-82E4-4C56-A6A6-E2B51ACAB5CF, 2021-03-31T01:07:21, true
9DDDD405-82E4-4C56-A6A6-E2B51ACAB5CF, 2021-03-31T01:08:38, true
9DDDD405-82E4-4C56-A6A6-E2B51ACAB5CF, 2021-03-31T01:09:40, true
9DDDD405-82E4-4C56-A6A6-E2B51ACAB5CF, 2021-03-31T01:10:43, true
9DDDD405-82E4-4C56-A6A6-E2B51ACAB5CF, 2021-03-31T01:11:44, true
9DDDD405-82E4-4C56-A6A6-E2B51ACAB5CF, 2021-03-31T01:12:44, true
9DDDD405-82E4-4C56-A6A6-E2B51ACAB5CF, 2021-03-31T01:13:45, true
9DDDD405-82E4-4C56-A6A6-E2B51ACAB5CF, 2021-03-31T01:14:47, true
9DDDD405-82E4-4C56-A6A6-E2B51ACAB5CF, 2021-03-31T01:15:51, true
9DDDD405-82E4-4C56-A6A6-E2B51ACAB5CF, 2021-03-31T01:16:51, true
9DDDD405-82E4-4C56-A6A6-E2B51ACAB5CF, 2021-03-31T01:17:54, true
9DDDD405-82E4-4C56-A6A6-E2B51ACAB5CF, 2021-03-31T01:18:54, true
9DDDD405-82E4-4C56-A6A6-E2B51ACAB5CF, 2021-03-31T01:20:03, true
9DDDD405-82E4-4C56-A6A6-E2B51ACAB5CF, 2021-03-31T01:21:04, true
9DDDD405-82E4-4C56-A6A6-E2B51ACAB5CF, 2021-03-31T01:22:28, true
9DDDD405-82E4-4C56-A6A6-E2B51ACAB5CF, 2021-03-31T01:23:35, true
9DDDD405-82E4-4C56-A6A6-E2B51ACAB5CF, 2021-03-31T01:24:35, true
9DDDD405-82E4-4C56-A6A6-E2B51ACAB5CF, 2021-03-31T01:25:37, true
9DDDD405-82E4-4C56-A6A6-E2B51ACAB5CF, 2021-03-31T01:26:40, true
9DDDD405-82E4-4C56-A6A6-E2B51ACAB5CF, 2021-03-31T01:27:43, true
9DDDD405-82E4-4C56-A6A6-E2B51ACAB5CF, 2021-03-31T01:28:44, true
9DDDD405-82E4-4C56-A6A6-E2B51ACAB5CF, 2021-03-31T01:29:47, true
9DDDD405-82E4-4C56-A6A6-E2B51ACAB5CF, 2021-03-31T01:30:48, true
9DDDD405-82E4-4C56-A6A6-E2B51ACAB5CF, 2021-03-31T01:32:08, true
9DDDD405-82E4-4C56-A6A6-E2B51ACAB5CF, 2021-03-31T01:33:11, true
9DDDD405-82E4-4C56-A6A6-E2B51ACAB5CF, 2021-03-31T01:34:11, true
9DDDD405-82E4-4C56-A6A6-E2B51ACAB5CF, 2021-03-31T01:35:13, true
9DDDD405-82E4-4C56-A6A6-E2B51ACAB5CF, 2021-03-31T01:36:15, true
9DDDD405-82E4-4C56-A6A6-E2B51ACAB5CF, 2021-03-31T01:37:24, true
9DDDD405-82E4-4C56-A6A6-E2B51ACAB5CF, 2021-03-31T01:38:25, true
9DDDD405-82E4-4C56-A6A6-E2B51ACAB5CF, 2021-03-31T01:39:41, true
9DDDD405-82E4-4C56-A6A6-E2B51ACAB5CF, 2021-03-31T01:40:41, true
9DDDD405-82E4-4C56-A6A6-E2B51ACAB5CF, 2021-03-31T01:41:42, true
9DDDD405-82E4-4C56-A6A6-E2B51ACAB5CF, 2021-03-31T01:42:43, true
9DDDD405-82E4-4C56-A6A6-E2B51ACAB5CF, 2021-03-31T01:43:46, true
9DDDD405-82E4-4C56-A6A6-E2B51ACAB5CF, 2021-03-31T01:44:46, true
9DDDD405-82E4-4C56-A6A6-E2B51ACAB5CF, 2021-03-31T01:45:49, true
9DDDD405-82E4-4C56-A6A6-E2B51ACAB5CF, 2021-03-31T01:46:51, true
9DDDD405-82E4-4C56-A6A6-E2B51ACAB5CF, 2021-03-31T01:47:51, true
9DDDD405-82E4-4C56-A6A6-E2B51ACAB5CF, 2021-03-31T01:49:04, true
9DDDD405-82E4-4C56-A6A6-E2B51ACAB5CF, 2021-03-31T01:50:06, true
9DDDD405-82E4-4C56-A6A6-E2B51ACAB5CF, 2021-03-31T01:51:09, true
9DDDD405-82E4-4C56-A6A6-E2B51ACAB5CF, 2021-03-31T01:52:14, true
9DDDD405-82E4-4C56-A6A6-E2B51ACAB5CF, 2021-03-31T01:53:16, true
9DDDD405-82E4-4C56-A6A6-E2B51ACAB5CF, 2021-03-31T01:54:17, true
9DDDD405-82E4-4C56-A6A6-E2B51ACAB5CF, 2021-03-31T01:55:19, true
9DDDD405-82E4-4C56-A6A6-E2B51ACAB5CF, 2021-03-31T01:56:20, true
9DDDD405-82E4-4C56-A6A6-E2B51ACAB5CF, 2021-03-31T01:57:22, true
9DDDD405-82E4-4C56-A6A6-E2B51ACAB5CF, 2021-03-31T01:58:25, true
9DDDD405-82E4-4C56-A6A6-E2B51ACAB5CF, 2021-03-31T01:59:37, true
9DDDD405-82E4-4C56-A6A6-E2B51ACAB5CF, 2021-03-31T02:00:37, true
9DDDD405-82E4-4C56-A6A6-E2B51ACAB5CF, 2021-03-31T02:01:38, true
9DDDD405-82E4-4C56-A6A6-E2B51ACAB5CF, 2021-03-31T02:02:41, true
9DDDD405-82E4-4C56-A6A6-E2B51ACAB5CF, 2021-03-31T02:03:45, true
9DDDD405-82E4-4C56-A6A6-E2B51ACAB5CF, 2021-03-31T02:04:46, true
9DDDD405-82E4-4C56-A6A6-E2B51ACAB5CF, 2021-03-31T02:05:46, true
9DDDD405-82E4-4C56-A6A6-E2B51ACAB5CF, 2021-03-31T02:06:50, true
9DDDD405-82E4-4C56-A6A6-E2B51ACAB5CF, 2021-03-31T02:07:54, true
9DDDD405-82E4-4C56-A6A6-E2B51ACAB5CF, 2021-03-31T02:08:56, true
9DDDD405-82E4-4C56-A6A6-E2B51ACAB5CF, 2021-03-31T02:09:56, true
9DDDD405-82E4-4C56-A6A6-E2B51ACAB5CF, 2021-03-31T02:11:06, true
9DDDD405-82E4-4C56-A6A6-E2B51ACAB5CF, 2021-03-31T02:12:06, true
9DDDD405-82E4-4C56-A6A6-E2B51ACAB5CF, 2021-03-31T02:13:08, true
9DDDD405-82E4-4C56-A6A6-E2B51ACAB5CF, 2021-03-31T02:14:15, true
9DDDD405-82E4-4C56-A6A6-E2B51ACAB5CF, 2021-03-31T02:15:17, true
9DDDD405-82E4-4C56-A6A6-E2B51ACAB5CF, 2021-03-31T02:16:19, true
9DDDD405-82E4-4C56-A6A6-E2B51ACAB5CF, 2021-03-31T02:17:21, true
9DDDD405-82E4-4C56-A6A6-E2B51ACAB5CF, 2021-03-31T02:18:21, true
9DDDD405-82E4-4C56-A6A6-E2B51ACAB5CF, 2021-03-31T02:19:23, true
9DDDD405-82E4-4C56-A6A6-E2B51ACAB5CF, 2021-03-31T02:20:24, true
9DDDD405-82E4-4C56-A6A6-E2B51ACAB5CF, 2021-03-31T02:21:37, true
9DDDD405-82E4-4C56-A6A6-E2B51ACAB5CF, 2021-03-31T02:22:39, true
9DDDD405-82E4-4C56-A6A6-E2B51ACAB5CF, 2021-03-31T02:23:41, true
9DDDD405-82E4-4C56-A6A6-E2B51ACAB5CF, 2021-03-31T02:24:42, true
9DDDD405-82E4-4C56-A6A6-E2B51ACAB5CF, 2021-03-31T02:25:43, true
9DDDD405-82E4-4C56-A6A6-E2B51ACAB5CF, 2021-03-31T02:27:02, true
9DDDD405-82E4-4C56-A6A6-E2B51ACAB5CF, 2021-03-31T02:28:06, true
9DDDD405-82E4-4C56-A6A6-E2B51ACAB5CF, 2021-03-31T02:29:07, true
9DDDD405-82E4-4C56-A6A6-E2B51ACAB5CF, 2021-03-31T02:30:11, true
9DDDD405-82E4-4C56-A6A6-E2B51ACAB5CF, 2021-03-31T02:31:11, true
9DDDD405-82E4-4C56-A6A6-E2B51ACAB5CF, 2021-03-31T02:32:13, true
9DDDD405-82E4-4C56-A6A6-E2B51ACAB5CF, 2021-03-31T02:33:23, true
9DDDD405-82E4-4C56-A6A6-E2B51ACAB5CF, 2021-03-31T02:34:26, true
9DDDD405-82E4-4C56-A6A6-E2B51ACAB5CF, 2021-03-31T02:35:28, true
9DDDD405-82E4-4C56-A6A6-E2B51ACAB5CF, 2021-03-31T02:36:29, true
9DDDD405-82E4-4C56-A6A6-E2B51ACAB5CF, 2021-03-31T02:37:31, true
9DDDD405-82E4-4C56-A6A6-E2B51ACAB5CF, 2021-03-31T02:38:35, true
9DDDD405-82E4-4C56-A6A6-E2B51ACAB5CF, 2021-03-31T02:39:36, true
9DDDD405-82E4-4C56-A6A6-E2B51ACAB5CF, 2021-03-31T02:40:37, true
9DDDD405-82E4-4C56-A6A6-E2B51ACAB5CF, 2021-03-31T02:41:38, true
9DDDD405-82E4-4C56-A6A6-E2B51ACAB5CF, 2021-03-31T02:42:39, true
9DDDD405-82E4-4C56-A6A6-E2B51ACAB5CF, 2021-03-31T02:43:54, true
9DDDD405-82E4-4C56-A6A6-E2B51ACAB5CF, 2021-03-31T02:44:57, true
9DDDD405-82E4-4C56-A6A6-E2B51ACAB5CF, 2021-03-31T02:45:57, true
9DDDD405-82E4-4C56-A6A6-E2B51ACAB5CF, 2021-03-31T02:47:01, true
9DDDD405-82E4-4C56-A6A6-E2B51ACAB5CF, 2021-03-31T02:48:03, true
9DDDD405-82E4-4C56-A6A6-E2B51ACAB5CF, 2021-03-31T02:49:04, true
9DDDD405-82E4-4C56-A6A6-E2B51ACAB5CF, 2021-03-31T02:50:05, true
9DDDD405-82E4-4C56-A6A6-E2B51ACAB5CF, 2021-03-31T02:51:08, true
9DDDD405-82E4-4C56-A6A6-E2B51ACAB5CF, 2021-03-31T02:52:10, true
9DDDD405-82E4-4C56-A6A6-E2B51ACAB5CF, 2021-03-31T02:53:10, true
9DDDD405-82E4-4C56-A6A6-E2B51ACAB5CF, 2021-03-31T02:54:13, true
9DDDD405-82E4-4C56-A6A6-E2B51ACAB5CF, 2021-03-31T02:55:20, true
9DDDD405-82E4-4C56-A6A6-E2B51ACAB5CF, 2021-03-31T02:56:24, true
9DDDD405-82E4-4C56-A6A6-E2B51ACAB5CF, 2021-03-31T02:57:26, true
9DDDD405-82E4-4C56-A6A6-E2B51ACAB5CF, 2021-03-31T02:58:26, true
9DDDD405-82E4-4C56-A6A6-E2B51ACAB5CF, 2021-03-31T02:59:30, true
9DDDD405-82E4-4C56-A6A6-E2B51ACAB5CF, 2021-03-31T03:00:32, true
9DDDD405-82E4-4C56-A6A6-E2B51ACAB5CF, 2021-03-31T03:01:35, true
9DDDD405-82E4-4C56-A6A6-E2B51ACAB5CF, 2021-03-31T03:02:36, true
9DDDD405-82E4-4C56-A6A6-E2B51ACAB5CF, 2021-03-31T03:03:36, true
9DDDD405-82E4-4C56-A6A6-E2B51ACAB5CF, 2021-03-31T03:04:37, true
9DDDD405-82E4-4C56-A6A6-E2B51ACAB5CF, 2021-03-31T03:05:38, true
9DDDD405-82E4-4C56-A6A6-E2B51ACAB5CF, 2021-03-31T03:06:38, true
9DDDD405-82E4-4C56-A6A6-E2B51ACAB5CF, 2021-03-31T03:07:39, true
9DDDD405-82E4-4C56-A6A6-E2B51ACAB5CF, 2021-03-31T03:08:48, true
9DDDD405-82E4-4C56-A6A6-E2B51ACAB5CF, 2021-03-31T03:09:49, true
9DDDD405-82E4-4C56-A6A6-E2B51ACAB5CF, 2021-03-31T03:10:51, true
9DDDD405-82E4-4C56-A6A6-E2B51ACAB5CF, 2021-03-31T03:11:54, true
9DDDD405-82E4-4C56-A6A6-E2B51ACAB5CF, 2021-03-31T03:12:56, true
9DDDD405-82E4-4C56-A6A6-E2B51ACAB5CF, 2021-03-31T03:13:57, true
9DDDD405-82E4-4C56-A6A6-E2B51ACAB5CF, 2021-03-31T03:14:59, true
9DDDD405-82E4-4C56-A6A6-E2B51ACAB5CF, 2021-03-31T03:16:02, true
9DDDD405-82E4-4C56-A6A6-E2B51ACAB5CF, 2021-03-31T03:17:15, true
9DDDD405-82E4-4C56-A6A6-E2B51ACAB5CF, 2021-03-31T03:18:17, true
9DDDD405-82E4-4C56-A6A6-E2B51ACAB5CF, 2021-03-31T03:19:18, true
9DDDD405-82E4-4C56-A6A6-E2B51ACAB5CF, 2021-03-31T03:20:21, true
9DDDD405-82E4-4C56-A6A6-E2B51ACAB5CF, 2021-03-31T03:21:22, true
9DDDD405-82E4-4C56-A6A6-E2B51ACAB5CF, 2021-03-31T03:22:26, true
9DDDD405-82E4-4C56-A6A6-E2B51ACAB5CF, 2021-03-31T03:23:27, true
9DDDD405-82E4-4C56-A6A6-E2B51ACAB5CF, 2021-03-31T03:24:30, true
9DDDD405-82E4-4C56-A6A6-E2B51ACAB5CF, 2021-03-31T03:25:32, true
9DDDD405-82E4-4C56-A6A6-E2B51ACAB5CF, 2021-03-31T03:26:33, true
9DDDD405-82E4-4C56-A6A6-E2B51ACAB5CF, 2021-03-31T03:27:36, true
9DDDD405-82E4-4C56-A6A6-E2B51ACAB5CF, 2021-03-31T03:28:39, true
9DDDD405-82E4-4C56-A6A6-E2B51ACAB5CF, 2021-03-31T03:29:45, true
9DDDD405-82E4-4C56-A6A6-E2B51ACAB5CF, 2021-03-31T03:30:47, true
9DDDD405-82E4-4C56-A6A6-E2B51ACAB5CF, 2021-03-31T03:32:16, true
9DDDD405-82E4-4C56-A6A6-E2B51ACAB5CF, 2021-03-31T03:33:17, true
9DDDD405-82E4-4C56-A6A6-E2B51ACAB5CF, 2021-03-31T03:34:18, true
9DDDD405-82E4-4C56-A6A6-E2B51ACAB5CF, 2021-03-31T03:35:21, true
9DDDD405-82E4-4C56-A6A6-E2B51ACAB5CF, 2021-03-31T03:36:24, true
9DDDD405-82E4-4C56-A6A6-E2B51ACAB5CF, 2021-03-31T03:37:29, true
9DDDD405-82E4-4C56-A6A6-E2B51ACAB5CF, 2021-03-31T03:38:36, true
9DDDD405-82E4-4C56-A6A6-E2B51ACAB5CF, 2021-03-31T03:39:38, true
9DDDD405-82E4-4C56-A6A6-E2B51ACAB5CF, 2021-03-31T03:40:39, true
9DDDD405-82E4-4C56-A6A6-E2B51ACAB5CF, 2021-03-31T03:41:39, true
9DDDD405-82E4-4C56-A6A6-E2B51ACAB5CF, 2021-03-31T03:42:40, true
9DDDD405-82E4-4C56-A6A6-E2B51ACAB5CF, 2021-03-31T03:43:41, true
9DDDD405-82E4-4C56-A6A6-E2B51ACAB5CF, 2021-03-31T03:44:43, true
9DDDD405-82E4-4C56-A6A6-E2B51ACAB5CF, 2021-03-31T03:45:44, true
9DDDD405-82E4-4C56-A6A6-E2B51ACAB5CF, 2021-03-31T03:46:45, true
9DDDD405-82E4-4C56-A6A6-E2B51ACAB5CF, 2021-03-31T03:47:47, true
9DDDD405-82E4-4C56-A6A6-E2B51ACAB5CF, 2021-03-31T03:48:49, true
9DDDD405-82E4-4C56-A6A6-E2B51ACAB5CF, 2021-03-31T03:49:51, true
9DDDD405-82E4-4C56-A6A6-E2B51ACAB5CF, 2021-03-31T03:50:52, true
9DDDD405-82E4-4C56-A6A6-E2B51ACAB5CF, 2021-03-31T03:51:54, true
9DDDD405-82E4-4C56-A6A6-E2B51ACAB5CF, 2021-03-31T03:52:56, true
9DDDD405-82E4-4C56-A6A6-E2B51ACAB5CF, 2021-03-31T03:54:01, true
9DDDD405-82E4-4C56-A6A6-E2B51ACAB5CF, 2021-03-31T03:55:03, true
9DDDD405-82E4-4C56-A6A6-E2B51ACAB5CF, 2021-03-31T03:56:05, true
9DDDD405-82E4-4C56-A6A6-E2B51ACAB5CF, 2021-03-31T03:57:08, true
9DDDD405-82E4-4C56-A6A6-E2B51ACAB5CF, 2021-03-31T03:58:08, true
9DDDD405-82E4-4C56-A6A6-E2B51ACAB5CF, 2021-03-31T03:59:17, true
9DDDD405-82E4-4C56-A6A6-E2B51ACAB5CF, 2021-03-31T04:00:17, true
9DDDD405-82E4-4C56-A6A6-E2B51ACAB5CF, 2021-03-31T04:01:22, true
9DDDD405-82E4-4C56-A6A6-E2B51ACAB5CF, 2021-03-31T04:02:23, true
9DDDD405-82E4-4C56-A6A6-E2B51ACAB5CF, 2021-03-31T04:03:26, true
9DDDD405-82E4-4C56-A6A6-E2B51ACAB5CF, 2021-03-31T04:04:27, true
9DDDD405-82E4-4C56-A6A6-E2B51ACAB5CF, 2021-03-31T04:05:29, true
9DDDD405-82E4-4C56-A6A6-E2B51ACAB5CF, 2021-03-31T04:06:29, true
9DDDD405-82E4-4C56-A6A6-E2B51ACAB5CF, 2021-03-31T04:07:31, true
9DDDD405-82E4-4C56-A6A6-E2B51ACAB5CF, 2021-03-31T04:08:31, true
9DDDD405-82E4-4C56-A6A6-E2B51ACAB5CF, 2021-03-31T04:09:31, true
9DDDD405-82E4-4C56-A6A6-E2B51ACAB5CF, 2021-03-31T04:10:32, true
9DDDD405-82E4-4C56-A6A6-E2B51ACAB5CF, 2021-03-31T04:11:37, true
9DDDD405-82E4-4C56-A6A6-E2B51ACAB5CF, 2021-03-31T04:12:40, true
9DDDD405-82E4-4C56-A6A6-E2B51ACAB5CF, 2021-03-31T04:13:43, true
9DDDD405-82E4-4C56-A6A6-E2B51ACAB5CF, 2021-03-31T04:14:45, true
9DDDD405-82E4-4C56-A6A6-E2B51ACAB5CF, 2021-03-31T04:15:48, true
9DDDD405-82E4-4C56-A6A6-E2B51ACAB5CF, 2021-03-31T04:16:50, true
9DDDD405-82E4-4C56-A6A6-E2B51ACAB5CF, 2021-03-31T04:17:54, true
9DDDD405-82E4-4C56-A6A6-E2B51ACAB5CF, 2021-03-31T04:18:58, true
9DDDD405-82E4-4C56-A6A6-E2B51ACAB5CF, 2021-03-31T04:20:01, true
9DDDD405-82E4-4C56-A6A6-E2B51ACAB5CF, 2021-03-31T04:21:03, true
9DDDD405-82E4-4C56-A6A6-E2B51ACAB5CF, 2021-03-31T04:22:03, true
9DDDD405-82E4-4C56-A6A6-E2B51ACAB5CF, 2021-03-31T04:23:04, true
9DDDD405-82E4-4C56-A6A6-E2B51ACAB5CF, 2021-03-31T04:24:07, true
9DDDD405-82E4-4C56-A6A6-E2B51ACAB5CF, 2021-03-31T04:25:10, true
9DDDD405-82E4-4C56-A6A6-E2B51ACAB5CF, 2021-03-31T04:26:12, true
9DDDD405-82E4-4C56-A6A6-E2B51ACAB5CF, 2021-03-31T04:27:15, true
9DDDD405-82E4-4C56-A6A6-E2B51ACAB5CF, 2021-03-31T04:28:17, true
9DDDD405-82E4-4C56-A6A6-E2B51ACAB5CF, 2021-03-31T04:29:17, true
9DDDD405-82E4-4C56-A6A6-E2B51ACAB5CF, 2021-03-31T04:30:22, true
9DDDD405-82E4-4C56-A6A6-E2B51ACAB5CF, 2021-03-31T04:31:24, true
9DDDD405-82E4-4C56-A6A6-E2B51ACAB5CF, 2021-03-31T04:32:26, true
9DDDD405-82E4-4C56-A6A6-E2B51ACAB5CF, 2021-03-31T04:33:28, true
9DDDD405-82E4-4C56-A6A6-E2B51ACAB5CF, 2021-03-31T04:34:32, true
9DDDD405-82E4-4C56-A6A6-E2B51ACAB5CF, 2021-03-31T04:35:36, true
9DDDD405-82E4-4C56-A6A6-E2B51ACAB5CF, 2021-03-31T04:36:37, true
9DDDD405-82E4-4C56-A6A6-E2B51ACAB5CF, 2021-03-31T04:37:40, true
9DDDD405-82E4-4C56-A6A6-E2B51ACAB5CF, 2021-03-31T04:38:44, true
9DDDD405-82E4-4C56-A6A6-E2B51ACAB5CF, 2021-03-31T04:39:45, true
9DDDD405-82E4-4C56-A6A6-E2B51ACAB5CF, 2021-03-31T04:40:47, true
9DDDD405-82E4-4C56-A6A6-E2B51ACAB5CF, 2021-03-31T04:41:51, true
9DDDD405-82E4-4C56-A6A6-E2B51ACAB5CF, 2021-03-31T04:42:53, true
9DDDD405-82E4-4C56-A6A6-E2B51ACAB5CF, 2021-03-31T04:43:54, true
9DDDD405-82E4-4C56-A6A6-E2B51ACAB5CF, 2021-03-31T04:44:55, true
9DDDD405-82E4-4C56-A6A6-E2B51ACAB5CF, 2021-03-31T04:45:58, true
9DDDD405-82E4-4C56-A6A6-E2B51ACAB5CF, 2021-03-31T04:47:06, true
9DDDD405-82E4-4C56-A6A6-E2B51ACAB5CF, 2021-03-31T04:48:09, true
9DDDD405-82E4-4C56-A6A6-E2B51ACAB5CF, 2021-03-31T04:49:12, true
9DDDD405-82E4-4C56-A6A6-E2B51ACAB5CF, 2021-03-31T04:50:15, true
9DDDD405-82E4-4C56-A6A6-E2B51ACAB5CF, 2021-03-31T04:51:18, true
9DDDD405-82E4-4C56-A6A6-E2B51ACAB5CF, 2021-03-31T04:52:19, true
9DDDD405-82E4-4C56-A6A6-E2B51ACAB5CF, 2021-03-31T04:53:21, true
9DDDD405-82E4-4C56-A6A6-E2B51ACAB5CF, 2021-03-31T04:54:23, true
9DDDD405-82E4-4C56-A6A6-E2B51ACAB5CF, 2021-03-31T04:55:35, true
9DDDD405-82E4-4C56-A6A6-E2B51ACAB5CF, 2021-03-31T04:56:37, true
9DDDD405-82E4-4C56-A6A6-E2B51ACAB5CF, 2021-03-31T04:57:38, true
9DDDD405-82E4-4C56-A6A6-E2B51ACAB5CF, 2021-03-31T04:58:57, true
9DDDD405-82E4-4C56-A6A6-E2B51ACAB5CF, 2021-03-31T05:00:00, true
9DDDD405-82E4-4C56-A6A6-E2B51ACAB5CF, 2021-03-31T05:01:02, true
9DDDD405-82E4-4C56-A6A6-E2B51ACAB5CF, 2021-03-31T05:02:02, true
9DDDD405-82E4-4C56-A6A6-E2B51ACAB5CF, 2021-03-31T05:03:07, true
9DDDD405-82E4-4C56-A6A6-E2B51ACAB5CF, 2021-03-31T05:04:11, true
9DDDD405-82E4-4C56-A6A6-E2B51ACAB5CF, 2021-03-31T05:05:13, true
9DDDD405-82E4-4C56-A6A6-E2B51ACAB5CF, 2021-03-31T05:06:15, true
9DDDD405-82E4-4C56-A6A6-E2B51ACAB5CF, 2021-03-31T05:07:19, true
9DDDD405-82E4-4C56-A6A6-E2B51ACAB5CF, 2021-03-31T05:08:24, true
9DDDD405-82E4-4C56-A6A6-E2B51ACAB5CF, 2021-03-31T05:09:27, true
9DDDD405-82E4-4C56-A6A6-E2B51ACAB5CF, 2021-03-31T05:10:30, true
9DDDD405-82E4-4C56-A6A6-E2B51ACAB5CF, 2021-03-31T05:11:33, true
9DDDD405-82E4-4C56-A6A6-E2B51ACAB5CF, 2021-03-31T05:12:37, true
9DDDD405-82E4-4C56-A6A6-E2B51ACAB5CF, 2021-03-31T05:13:38, true
9DDDD405-82E4-4C56-A6A6-E2B51ACAB5CF, 2021-03-31T05:14:39, true
9DDDD405-82E4-4C56-A6A6-E2B51ACAB5CF, 2021-03-31T05:15:40, true
9DDDD405-82E4-4C56-A6A6-E2B51ACAB5CF, 2021-03-31T05:16:40, true
9DDDD405-82E4-4C56-A6A6-E2B51ACAB5CF, 2021-03-31T05:17:46, true
9DDDD405-82E4-4C56-A6A6-E2B51ACAB5CF, 2021-03-31T05:18:52, true
9DDDD405-82E4-4C56-A6A6-E2B51ACAB5CF, 2021-03-31T05:19:52, true
9DDDD405-82E4-4C56-A6A6-E2B51ACAB5CF, 2021-03-31T05:20:53, true
9DDDD405-82E4-4C56-A6A6-E2B51ACAB5CF, 2021-03-31T05:21:53, true
9DDDD405-82E4-4C56-A6A6-E2B51ACAB5CF, 2021-03-31T05:22:57, true
9DDDD405-82E4-4C56-A6A6-E2B51ACAB5CF, 2021-03-31T05:24:00, true
9DDDD405-82E4-4C56-A6A6-E2B51ACAB5CF, 2021-03-31T05:25:00, true
9DDDD405-82E4-4C56-A6A6-E2B51ACAB5CF, 2021-03-31T05:26:13, true
9DDDD405-82E4-4C56-A6A6-E2B51ACAB5CF, 2021-03-31T05:27:15, true
9DDDD405-82E4-4C56-A6A6-E2B51ACAB5CF, 2021-03-31T05:28:18, true
9DDDD405-82E4-4C56-A6A6-E2B51ACAB5CF, 2021-03-31T05:29:28, true
9DDDD405-82E4-4C56-A6A6-E2B51ACAB5CF, 2021-03-31T05:30:28, false
9DDDD405-82E4-4C56-A6A6-E2B51ACAB5CF, 2021-03-31T05:31:09, true
9DDDD405-82E4-4C56-A6A6-E2B51ACAB5CF, 2021-03-31T05:32:34, true
9DDDD405-82E4-4C56-A6A6-E2B51ACAB5CF, 2021-03-31T05:33:38, true
9DDDD405-82E4-4C56-A6A6-E2B51ACAB5CF, 2021-03-31T05:34:38, false
9DDDD405-82E4-4C56-A6A6-E2B51ACAB5CF, 2021-03-31T05:35:38, false
9DDDD405-82E4-4C56-A6A6-E2B51ACAB5CF, 2021-03-31T05:36:38, false
9DDDD405-82E4-4C56-A6A6-E2B51ACAB5CF, 2021-03-31T05:37:38, false
9DDDD405-82E4-4C56-A6A6-E2B51ACAB5CF, 2021-03-31T05:38:38, false
9DDDD405-82E4-4C56-A6A6-E2B51ACAB5CF, 2021-03-31T05:39:38, false
9DDDD405-82E4-4C56-A6A6-E2B51ACAB5CF, 2021-03-31T05:40:38, false
9DDDD405-82E4-4C56-A6A6-E2B51ACAB5CF, 2021-03-31T05:41:38, false
9DDDD405-82E4-4C56-A6A6-E2B51ACAB5CF, 2021-03-31T05:42:38, false
9DDDD405-82E4-4C56-A6A6-E2B51ACAB5CF, 2021-03-31T05:43:38, false
9DDDD405-82E4-4C56-A6A6-E2B51ACAB5CF, 2021-03-31T05:44:38, false
9DDDD405-82E4-4C56-A6A6-E2B51ACAB5CF, 2021-03-31T05:45:38, false
9DDDD405-82E4-4C56-A6A6-E2B51ACAB5CF, 2021-03-31T05:46:38, false
9DDDD405-82E4-4C56-A6A6-E2B51ACAB5CF, 2021-03-31T05:47:38, false
9DDDD405-82E4-4C56-A6A6-E2B51ACAB5CF, 2021-03-31T05:48:38, false
9DDDD405-82E4-4C56-A6A6-E2B51ACAB5CF, 2021-03-31T05:49:38, false
9DDDD405-82E4-4C56-A6A6-E2B51ACAB5CF, 2021-03-31T05:50:38, false
9DDDD405-82E4-4C56-A6A6-E2B51ACAB5CF, 2021-03-31T05:51:38, false
9DDDD405-82E4-4C56-A6A6-E2B51ACAB5CF, 2021-03-31T05:52:38, false
9DDDD405-82E4-4C56-A6A6-E2B51ACAB5CF, 2021-03-31T05:53:38, false
9DDDD405-82E4-4C56-A6A6-E2B51ACAB5CF, 2021-03-31T05:54:38, false
9DDDD405-82E4-4C56-A6A6-E2B51ACAB5CF, 2021-03-31T05:55:38, false
9DDDD405-82E4-4C56-A6A6-E2B51ACAB5CF, 2021-03-31T05:56:38, false
9DDDD405-82E4-4C56-A6A6-E2B51ACAB5CF, 2021-03-31T05:57:38, false
9DDDD405-82E4-4C56-A6A6-E2B51ACAB5CF, 2021-03-31T05:58:38, false
9DDDD405-82E4-4C56-A6A6-E2B51ACAB5CF, 2021-03-31T05:59:38, false
9DDDD405-82E4-4C56-A6A6-E2B51ACAB5CF, 2021-03-31T06:00:38, false
9DDDD405-82E4-4C56-A6A6-E2B51ACAB5CF, 2021-03-31T06:01:38, false
9DDDD405-82E4-4C56-A6A6-E2B51ACAB5CF, 2021-03-31T06:02:38, false
9DDDD405-82E4-4C56-A6A6-E2B51ACAB5CF, 2021-03-31T06:03:38, false
9DDDD405-82E4-4C56-A6A6-E2B51ACAB5CF, 2021-03-31T06:04:38, false
9DDDD405-82E4-4C56-A6A6-E2B51ACAB5CF, 2021-03-31T06:05:38, false
9DDDD405-82E4-4C56-A6A6-E2B51ACAB5CF, 2021-03-31T06:06:38, false
9DDDD405-82E4-4C56-A6A6-E2B51ACAB5CF, 2021-03-31T06:07:38, false
9DDDD405-82E4-4C56-A6A6-E2B51ACAB5CF, 2021-03-31T06:08:38, false
9DDDD405-82E4-4C56-A6A6-E2B51ACAB5CF, 2021-03-31T06:09:38, false
9DDDD405-82E4-4C56-A6A6-E2B51ACAB5CF, 2021-03-31T06:10:38, false
9DDDD405-82E4-4C56-A6A6-E2B51ACAB5CF, 2021-03-31T06:11:38, false
9DDDD405-82E4-4C56-A6A6-E2B51ACAB5CF, 2021-03-31T06:12:38, false
9DDDD405-82E4-4C56-A6A6-E2B51ACAB5CF, 2021-03-31T06:13:38, false
9DDDD405-82E4-4C56-A6A6-E2B51ACAB5CF, 2021-03-31T06:14:38, false
9DDDD405-82E4-4C56-A6A6-E2B51ACAB5CF, 2021-03-31T06:15:38, false
9DDDD405-82E4-4C56-A6A6-E2B51ACAB5CF, 2021-03-31T06:16:38, false
9DDDD405-82E4-4C56-A6A6-E2B51ACAB5CF, 2021-03-31T06:17:38, false
9DDDD405-82E4-4C56-A6A6-E2B51ACAB5CF, 2021-03-31T06:18:38, false
9DDDD405-82E4-4C56-A6A6-E2B51ACAB5CF, 2021-03-31T06:19:38, false
9DDDD405-82E4-4C56-A6A6-E2B51ACAB5CF, 2021-03-31T06:20:38, false
9DDDD405-82E4-4C56-A6A6-E2B51ACAB5CF, 2021-03-31T06:21:38, false
9DDDD405-82E4-4C56-A6A6-E2B51ACAB5CF, 2021-03-31T06:22:38, false
9DDDD405-82E4-4C56-A6A6-E2B51ACAB5CF, 2021-03-31T06:23:38, false
9DDDD405-82E4-4C56-A6A6-E2B51ACAB5CF, 2021-03-31T06:24:38, false
9DDDD405-82E4-4C56-A6A6-E2B51ACAB5CF, 2021-03-31T06:25:38, false
9DDDD405-82E4-4C56-A6A6-E2B51ACAB5CF, 2021-03-31T06:26:38, false
9DDDD405-82E4-4C56-A6A6-E2B51ACAB5CF, 2021-03-31T06:27:38, false
9DDDD405-82E4-4C56-A6A6-E2B51ACAB5CF, 2021-03-31T06:28:38, false
9DDDD405-82E4-4C56-A6A6-E2B51ACAB5CF, 2021-03-31T06:29:38, false
9DDDD405-82E4-4C56-A6A6-E2B51ACAB5CF, 2021-03-31T06:30:38, false
9DDDD405-82E4-4C56-A6A6-E2B51ACAB5CF, 2021-03-31T06:31:38, false
9DDDD405-82E4-4C56-A6A6-E2B51ACAB5CF, 2021-03-31T06:32:38, false
9DDDD405-82E4-4C56-A6A6-E2B51ACAB5CF, 2021-03-31T06:33:38, false
9DDDD405-82E4-4C56-A6A6-E2B51ACAB5CF, 2021-03-31T06:34:38, false
9DDDD405-82E4-4C56-A6A6-E2B51ACAB5CF, 2021-03-31T06:35:38, false
9DDDD405-82E4-4C56-A6A6-E2B51ACAB5CF, 2021-03-31T06:36:38, false
9DDDD405-82E4-4C56-A6A6-E2B51ACAB5CF, 2021-03-31T06:37:38, false
9DDDD405-82E4-4C56-A6A6-E2B51ACAB5CF, 2021-03-31T06:38:38, false
9DDDD405-82E4-4C56-A6A6-E2B51ACAB5CF, 2021-03-31T06:39:38, false
9DDDD405-82E4-4C56-A6A6-E2B51ACAB5CF, 2021-03-31T06:40:38, false
9DDDD405-82E4-4C56-A6A6-E2B51ACAB5CF, 2021-03-31T06:41:38, false
9DDDD405-82E4-4C56-A6A6-E2B51ACAB5CF, 2021-03-31T06:42:38, false
9DDDD405-82E4-4C56-A6A6-E2B51ACAB5CF, 2021-03-31T06:43:38, false
9DDDD405-82E4-4C56-A6A6-E2B51ACAB5CF, 2021-03-31T06:44:38, false
9DDDD405-82E4-4C56-A6A6-E2B51ACAB5CF, 2021-03-31T06:45:38, false
9DDDD405-82E4-4C56-A6A6-E2B51ACAB5CF, 2021-03-31T06:46:38, false
9DDDD405-82E4-4C56-A6A6-E2B51ACAB5CF, 2021-03-31T06:47:38, false
9DDDD405-82E4-4C56-A6A6-E2B51ACAB5CF, 2021-03-31T06:48:38, false
9DDDD405-82E4-4C56-A6A6-E2B51ACAB5CF, 2021-03-31T06:49:38, false
9DDDD405-82E4-4C56-A6A6-E2B51ACAB5CF, 2021-03-31T06:50:38, false
9DDDD405-82E4-4C56-A6A6-E2B51ACAB5CF, 2021-03-31T06:51:38, false
9DDDD405-82E4-4C56-A6A6-E2B51ACAB5CF, 2021-03-31T06:52:38, false
9DDDD405-82E4-4C56-A6A6-E2B51ACAB5CF, 2021-03-31T06:53:38, false
9DDDD405-82E4-4C56-A6A6-E2B51ACAB5CF, 2021-03-31T06:54:38, false
9DDDD405-82E4-4C56-A6A6-E2B51ACAB5CF, 2021-03-31T06:55:38, false
9DDDD405-82E4-4C56-A6A6-E2B51ACAB5CF, 2021-03-31T06:56:38, false
9DDDD405-82E4-4C56-A6A6-E2B51ACAB5CF, 2021-03-31T06:57:38, false
9DDDD405-82E4-4C56-A6A6-E2B51ACAB5CF, 2021-03-31T06:58:38, false
9DDDD405-82E4-4C56-A6A6-E2B51ACAB5CF, 2021-03-31T06:59:38, false
9DDDD405-82E4-4C56-A6A6-E2B51ACAB5CF, 2021-03-31T07:00:38, false
9DDDD405-82E4-4C56-A6A6-E2B51ACAB5CF, 2021-03-31T07:01:38, false
9DDDD405-82E4-4C56-A6A6-E2B51ACAB5CF, 2021-03-31T07:02:38, false
9DDDD405-82E4-4C56-A6A6-E2B51ACAB5CF, 2021-03-31T07:03:38, false
9DDDD405-82E4-4C56-A6A6-E2B51ACAB5CF, 2021-03-31T07:04:38, false
9DDDD405-82E4-4C56-A6A6-E2B51ACAB5CF, 2021-03-31T07:05:38, false
9DDDD405-82E4-4C56-A6A6-E2B51ACAB5CF, 2021-03-31T07:06:38, false
9DDDD405-82E4-4C56-A6A6-E2B51ACAB5CF, 2021-03-31T07:07:38, false
9DDDD405-82E4-4C56-A6A6-E2B51ACAB5CF, 2021-03-31T07:08:38, false
9DDDD405-82E4-4C56-A6A6-E2B51ACAB5CF, 2021-03-31T07:09:38, false
9DDDD405-82E4-4C56-A6A6-E2B51ACAB5CF, 2021-03-31T07:10:38, false
9DDDD405-82E4-4C56-A6A6-E2B51ACAB5CF, 2021-03-31T07:11:38, false
9DDDD405-82E4-4C56-A6A6-E2B51ACAB5CF, 2021-03-31T07:12:38, false
9DDDD405-82E4-4C56-A6A6-E2B51ACAB5CF, 2021-03-31T07:13:38, false
9DDDD405-82E4-4C56-A6A6-E2B51ACAB5CF, 2021-03-31T07:14:38, false
9DDDD405-82E4-4C56-A6A6-E2B51ACAB5CF, 2021-03-31T07:15:38, false
9DDDD405-82E4-4C56-A6A6-E2B51ACAB5CF, 2021-03-31T07:16:38, false
9DDDD405-82E4-4C56-A6A6-E2B51ACAB5CF, 2021-03-31T07:17:38, false
9DDDD405-82E4-4C56-A6A6-E2B51ACAB5CF, 2021-03-31T07:18:38, false
9DDDD405-82E4-4C56-A6A6-E2B51ACAB5CF, 2021-03-31T07:19:38, false
9DDDD405-82E4-4C56-A6A6-E2B51ACAB5CF, 2021-03-31T07:20:38, false
9DDDD405-82E4-4C56-A6A6-E2B51ACAB5CF, 2021-03-31T07:21:38, false
9DDDD405-82E4-4C56-A6A6-E2B51ACAB5CF, 2021-03-31T07:22:38, false
9DDDD405-82E4-4C56-A6A6-E2B51ACAB5CF, 2021-03-31T07:23:38, false
9DDDD405-82E4-4C56-A6A6-E2B51ACAB5CF, 2021-03-31T07:24:38, false
9DDDD405-82E4-4C56-A6A6-E2B51ACAB5CF, 2021-03-31T07:25:38, false
9DDDD405-82E4-4C56-A6A6-E2B51ACAB5CF, 2021-03-31T07:26:38, false
9DDDD405-82E4-4C56-A6A6-E2B51ACAB5CF, 2021-03-31T07:27:38, false
9DDDD405-82E4-4C56-A6A6-E2B51ACAB5CF, 2021-03-31T07:28:38, false
9DDDD405-82E4-4C56-A6A6-E2B51ACAB5CF, 2021-03-31T07:29:26, true
9DDDD405-82E4-4C56-A6A6-E2B51ACAB5CF, 2021-03-31T07:30:29, true
9DDDD405-82E4-4C56-A6A6-E2B51ACAB5CF, 2021-03-31T07:31:31, true
9DDDD405-82E4-4C56-A6A6-E2B51ACAB5CF, 2021-03-31T07:32:32, true
9DDDD405-82E4-4C56-A6A6-E2B51ACAB5CF, 2021-03-31T07:33:35, true
9DDDD405-82E4-4C56-A6A6-E2B51ACAB5CF, 2021-03-31T07:34:36, true
9DDDD405-82E4-4C56-A6A6-E2B51ACAB5CF, 2021-03-31T07:35:46, true
9DDDD405-82E4-4C56-A6A6-E2B51ACAB5CF, 2021-03-31T07:36:53, true
9DDDD405-82E4-4C56-A6A6-E2B51ACAB5CF, 2021-03-31T07:37:54, true
9DDDD405-82E4-4C56-A6A6-E2B51ACAB5CF, 2021-03-31T07:38:55, true
9DDDD405-82E4-4C56-A6A6-E2B51ACAB5CF, 2021-03-31T07:40:06, true
9DDDD405-82E4-4C56-A6A6-E2B51ACAB5CF, 2021-03-31T07:41:09, true
9DDDD405-82E4-4C56-A6A6-E2B51ACAB5CF, 2021-03-31T07:42:10, true
9DDDD405-82E4-4C56-A6A6-E2B51ACAB5CF, 2021-03-31T07:43:14, true
9DDDD405-82E4-4C56-A6A6-E2B51ACAB5CF, 2021-03-31T07:44:14, false
9DDDD405-82E4-4C56-A6A6-E2B51ACAB5CF, 2021-03-31T07:45:14, false
9DDDD405-82E4-4C56-A6A6-E2B51ACAB5CF, 2021-03-31T07:46:14, false
9DDDD405-82E4-4C56-A6A6-E2B51ACAB5CF, 2021-03-31T07:47:14, false
9DDDD405-82E4-4C56-A6A6-E2B51ACAB5CF, 2021-03-31T07:48:14, false
9DDDD405-82E4-4C56-A6A6-E2B51ACAB5CF, 2021-03-31T07:49:14, false
9DDDD405-82E4-4C56-A6A6-E2B51ACAB5CF, 2021-03-31T07:50:33, true
9DDDD405-82E4-4C56-A6A6-E2B51ACAB5CF, 2021-03-31T07:51:34, true
9DDDD405-82E4-4C56-A6A6-E2B51ACAB5CF, 2021-03-31T07:52:46, true
9DDDD405-82E4-4C56-A6A6-E2B51ACAB5CF, 2021-03-31T07:53:47, true
9DDDD405-82E4-4C56-A6A6-E2B51ACAB5CF, 2021-03-31T07:54:48, true
9DDDD405-82E4-4C56-A6A6-E2B51ACAB5CF, 2021-03-31T07:55:52, true
9DDDD405-82E4-4C56-A6A6-E2B51ACAB5CF, 2021-03-31T07:56:53, true
9DDDD405-82E4-4C56-A6A6-E2B51ACAB5CF, 2021-03-31T07:57:54, true
9DDDD405-82E4-4C56-A6A6-E2B51ACAB5CF, 2021-03-31T07:58:55, true
9DDDD405-82E4-4C56-A6A6-E2B51ACAB5CF, 2021-03-31T07:59:56, true
9DDDD405-82E4-4C56-A6A6-E2B51ACAB5CF, 2021-03-31T08:00:57, true
9DDDD405-82E4-4C56-A6A6-E2B51ACAB5CF, 2021-03-31T08:01:59, true
9DDDD405-82E4-4C56-A6A6-E2B51ACAB5CF, 2021-03-31T08:03:07, true
9DDDD405-82E4-4C56-A6A6-E2B51ACAB5CF, 2021-03-31T08:04:28, true
9DDDD405-82E4-4C56-A6A6-E2B51ACAB5CF, 2021-03-31T08:05:31, true
9DDDD405-82E4-4C56-A6A6-E2B51ACAB5CF, 2021-03-31T08:06:39, true
9DDDD405-82E4-4C56-A6A6-E2B51ACAB5CF, 2021-03-31T08:07:41, true
9DDDD405-82E4-4C56-A6A6-E2B51ACAB5CF, 2021-03-31T08:08:45, true
9DDDD405-82E4-4C56-A6A6-E2B51ACAB5CF, 2021-03-31T08:09:48, true
9DDDD405-82E4-4C56-A6A6-E2B51ACAB5CF, 2021-03-31T08:10:51, true
9DDDD405-82E4-4C56-A6A6-E2B51ACAB5CF, 2021-03-31T08:11:52, true
9DDDD405-82E4-4C56-A6A6-E2B51ACAB5CF, 2021-03-31T08:12:57, true
9DDDD405-82E4-4C56-A6A6-E2B51ACAB5CF, 2021-03-31T08:13:58, true
9DDDD405-82E4-4C56-A6A6-E2B51ACAB5CF, 2021-03-31T08:14:58, true
9DDDD405-82E4-4C56-A6A6-E2B51ACAB5CF, 2021-03-31T08:16:00, true
9DDDD405-82E4-4C56-A6A6-E2B51ACAB5CF, 2021-03-31T08:17:03, true
9DDDD405-82E4-4C56-A6A6-E2B51ACAB5CF, 2021-03-31T08:18:10, true
9DDDD405-82E4-4C56-A6A6-E2B51ACAB5CF, 2021-03-31T08:19:12, true
9DDDD405-82E4-4C56-A6A6-E2B51ACAB5CF, 2021-03-31T08:20:15, true
9DDDD405-82E4-4C56-A6A6-E2B51ACAB5CF, 2021-03-31T08:21:16, true
9DDDD405-82E4-4C56-A6A6-E2B51ACAB5CF, 2021-03-31T08:22:17, true
9DDDD405-82E4-4C56-A6A6-E2B51ACAB5CF, 2021-03-31T08:23:22, true
9DDDD405-82E4-4C56-A6A6-E2B51ACAB5CF, 2021-03-31T08:24:25, true
9DDDD405-82E4-4C56-A6A6-E2B51ACAB5CF, 2021-03-31T08:25:27, true
9DDDD405-82E4-4C56-A6A6-E2B51ACAB5CF, 2021-03-31T08:26:27, true
9DDDD405-82E4-4C56-A6A6-E2B51ACAB5CF, 2021-03-31T08:27:51, true
9DDDD405-82E4-4C56-A6A6-E2B51ACAB5CF, 2021-03-31T08:28:54, true
9DDDD405-82E4-4C56-A6A6-E2B51ACAB5CF, 2021-03-31T08:29:56, true
9DDDD405-82E4-4C56-A6A6-E2B51ACAB5CF, 2021-03-31T08:30:58, true
9DDDD405-82E4-4C56-A6A6-E2B51ACAB5CF, 2021-03-31T08:32:04, true
9DDDD405-82E4-4C56-A6A6-E2B51ACAB5CF, 2021-03-31T08:33:08, true
9DDDD405-82E4-4C56-A6A6-E2B51ACAB5CF, 2021-03-31T08:34:08, false
9DDDD405-82E4-4C56-A6A6-E2B51ACAB5CF, 2021-03-31T08:35:08, false
9DDDD405-82E4-4C56-A6A6-E2B51ACAB5CF, 2021-03-31T08:36:08, false
9DDDD405-82E4-4C56-A6A6-E2B51ACAB5CF, 2021-03-31T08:37:08, false
9DDDD405-82E4-4C56-A6A6-E2B51ACAB5CF, 2021-03-31T08:37:38, true
9DDDD405-82E4-4C56-A6A6-E2B51ACAB5CF, 2021-03-31T08:38:39, true
9DDDD405-82E4-4C56-A6A6-E2B51ACAB5CF, 2021-03-31T08:39:39, false
9DDDD405-82E4-4C56-A6A6-E2B51ACAB5CF, 2021-03-31T08:40:13, true
9DDDD405-82E4-4C56-A6A6-E2B51ACAB5CF, 2021-03-31T08:41:15, true
9DDDD405-82E4-4C56-A6A6-E2B51ACAB5CF, 2021-03-31T08:42:16, true
9DDDD405-82E4-4C56-A6A6-E2B51ACAB5CF, 2021-03-31T08:43:17, true
9DDDD405-82E4-4C56-A6A6-E2B51ACAB5CF, 2021-03-31T08:44:20, true
9DDDD405-82E4-4C56-A6A6-E2B51ACAB5CF, 2021-03-31T08:45:20, true
9DDDD405-82E4-4C56-A6A6-E2B51ACAB5CF, 2021-03-31T08:46:21, true
9DDDD405-82E4-4C56-A6A6-E2B51ACAB5CF, 2021-03-31T08:47:23, true
9DDDD405-82E4-4C56-A6A6-E2B51ACAB5CF, 2021-03-31T08:48:25, true
9DDDD405-82E4-4C56-A6A6-E2B51ACAB5CF, 2021-03-31T08:49:29, true
9DDDD405-82E4-4C56-A6A6-E2B51ACAB5CF, 2021-03-31T08:50:29, false
9DDDD405-82E4-4C56-A6A6-E2B51ACAB5CF, 2021-03-31T08:51:11, true
9DDDD405-82E4-4C56-A6A6-E2B51ACAB5CF, 2021-03-31T08:52:11, true
9DDDD405-82E4-4C56-A6A6-E2B51ACAB5CF, 2021-03-31T08:53:15, true
9DDDD405-82E4-4C56-A6A6-E2B51ACAB5CF, 2021-03-31T08:54:16, true
9DDDD405-82E4-4C56-A6A6-E2B51ACAB5CF, 2021-03-31T08:55:23, true
9DDDD405-82E4-4C56-A6A6-E2B51ACAB5CF, 2021-03-31T08:56:26, true
9DDDD405-82E4-4C56-A6A6-E2B51ACAB5CF, 2021-03-31T08:57:27, true
9DDDD405-82E4-4C56-A6A6-E2B51ACAB5CF, 2021-03-31T08:58:27, true
9DDDD405-82E4-4C56-A6A6-E2B51ACAB5CF, 2021-03-31T08:59:35, true
9DDDD405-82E4-4C56-A6A6-E2B51ACAB5CF, 2021-03-31T09:00:40, true
9DDDD405-82E4-4C56-A6A6-E2B51ACAB5CF, 2021-03-31T09:01:40, false
9DDDD405-82E4-4C56-A6A6-E2B51ACAB5CF, 2021-03-31T09:02:13, true
9DDDD405-82E4-4C56-A6A6-E2B51ACAB5CF, 2021-03-31T09:03:17, true
9DDDD405-82E4-4C56-A6A6-E2B51ACAB5CF, 2021-03-31T09:04:23, true
9DDDD405-82E4-4C56-A6A6-E2B51ACAB5CF, 2021-03-31T09:05:27, true
9DDDD405-82E4-4C56-A6A6-E2B51ACAB5CF, 2021-03-31T09:06:28, true
9DDDD405-82E4-4C56-A6A6-E2B51ACAB5CF, 2021-03-31T09:07:29, true
9DDDD405-82E4-4C56-A6A6-E2B51ACAB5CF, 2021-03-31T09:08:32, true
9DDDD405-82E4-4C56-A6A6-E2B51ACAB5CF, 2021-03-31T09:09:35, true
9DDDD405-82E4-4C56-A6A6-E2B51ACAB5CF, 2021-03-31T09:10:36, true
9DDDD405-82E4-4C56-A6A6-E2B51ACAB5CF, 2021-03-31T09:11:37, true
9DDDD405-82E4-4C56-A6A6-E2B51ACAB5CF, 2021-03-31T09:12:39, true
9DDDD405-82E4-4C56-A6A6-E2B51ACAB5CF, 2021-03-31T09:13:46, true
9DDDD405-82E4-4C56-A6A6-E2B51ACAB5CF, 2021-03-31T09:15:12, true
9DDDD405-82E4-4C56-A6A6-E2B51ACAB5CF, 2021-03-31T09:16:15, true
9DDDD405-82E4-4C56-A6A6-E2B51ACAB5CF, 2021-03-31T09:17:19, true
9DDDD405-82E4-4C56-A6A6-E2B51ACAB5CF, 2021-03-31T09:18:29, true
9DDDD405-82E4-4C56-A6A6-E2B51ACAB5CF, 2021-03-31T09:19:29, false
9DDDD405-82E4-4C56-A6A6-E2B51ACAB5CF, 2021-03-31T09:20:29, false
9DDDD405-82E4-4C56-A6A6-E2B51ACAB5CF, 2021-03-31T09:21:29, false
9DDDD405-82E4-4C56-A6A6-E2B51ACAB5CF, 2021-03-31T09:22:21, true
9DDDD405-82E4-4C56-A6A6-E2B51ACAB5CF, 2021-03-31T09:23:23, true
9DDDD405-82E4-4C56-A6A6-E2B51ACAB5CF, 2021-03-31T09:24:23, false
9DDDD405-82E4-4C56-A6A6-E2B51ACAB5CF, 2021-03-31T09:25:29, true
9DDDD405-82E4-4C56-A6A6-E2B51ACAB5CF, 2021-03-31T09:26:29, false
9DDDD405-82E4-4C56-A6A6-E2B51ACAB5CF, 2021-03-31T09:27:29, false
9DDDD405-82E4-4C56-A6A6-E2B51ACAB5CF, 2021-03-31T09:28:29, false
9DDDD405-82E4-4C56-A6A6-E2B51ACAB5CF, 2021-03-31T09:29:09, true
9DDDD405-82E4-4C56-A6A6-E2B51ACAB5CF, 2021-03-31T09:30:09, false
9DDDD405-82E4-4C56-A6A6-E2B51ACAB5CF, 2021-03-31T09:31:09, false
9DDDD405-82E4-4C56-A6A6-E2B51ACAB5CF, 2021-03-31T09:31:39, true
9DDDD405-82E4-4C56-A6A6-E2B51ACAB5CF, 2021-03-31T09:32:43, true
9DDDD405-82E4-4C56-A6A6-E2B51ACAB5CF, 2021-03-31T09:33:49, true
9DDDD405-82E4-4C56-A6A6-E2B51ACAB5CF, 2021-03-31T09:34:51, true
9DDDD405-82E4-4C56-A6A6-E2B51ACAB5CF, 2021-03-31T09:35:53, true
9DDDD405-82E4-4C56-A6A6-E2B51ACAB5CF, 2021-03-31T09:36:53, true
9DDDD405-82E4-4C56-A6A6-E2B51ACAB5CF, 2021-03-31T09:37:57, true
9DDDD405-82E4-4C56-A6A6-E2B51ACAB5CF, 2021-03-31T09:39:00, true
9DDDD405-82E4-4C56-A6A6-E2B51ACAB5CF, 2021-03-31T09:40:01, true
9DDDD405-82E4-4C56-A6A6-E2B51ACAB5CF, 2021-03-31T09:41:04, true
9DDDD405-82E4-4C56-A6A6-E2B51ACAB5CF, 2021-03-31T09:42:07, true
9DDDD405-82E4-4C56-A6A6-E2B51ACAB5CF, 2021-03-31T09:43:10, true
9DDDD405-82E4-4C56-A6A6-E2B51ACAB5CF, 2021-03-31T09:44:10, true
9DDDD405-82E4-4C56-A6A6-E2B51ACAB5CF, 2021-03-31T09:45:22, true
9DDDD405-82E4-4C56-A6A6-E2B51ACAB5CF, 2021-03-31T09:46:22, true
9DDDD405-82E4-4C56-A6A6-E2B51ACAB5CF, 2021-03-31T09:47:24, true
9DDDD405-82E4-4C56-A6A6-E2B51ACAB5CF, 2021-03-31T09:48:36, true
9DDDD405-82E4-4C56-A6A6-E2B51ACAB5CF, 2021-03-31T09:49:37, true
9DDDD405-82E4-4C56-A6A6-E2B51ACAB5CF, 2021-03-31T09:50:37, false
9DDDD405-82E4-4C56-A6A6-E2B51ACAB5CF, 2021-03-31T09:51:37, false
9DDDD405-82E4-4C56-A6A6-E2B51ACAB5CF, 2021-03-31T09:52:37, false
9DDDD405-82E4-4C56-A6A6-E2B51ACAB5CF, 2021-03-31T09:53:37, false
9DDDD405-82E4-4C56-A6A6-E2B51ACAB5CF, 2021-03-31T09:54:37, false
9DDDD405-82E4-4C56-A6A6-E2B51ACAB5CF, 2021-03-31T09:55:37, false
9DDDD405-82E4-4C56-A6A6-E2B51ACAB5CF, 2021-03-31T09:56:37, false
9DDDD405-82E4-4C56-A6A6-E2B51ACAB5CF, 2021-03-31T09:57:37, false
9DDDD405-82E4-4C56-A6A6-E2B51ACAB5CF, 2021-03-31T09:58:37, false
9DDDD405-82E4-4C56-A6A6-E2B51ACAB5CF, 2021-03-31T09:59:37, false
9DDDD405-82E4-4C56-A6A6-E2B51ACAB5CF, 2021-03-31T10:00:37, false
9DDDD405-82E4-4C56-A6A6-E2B51ACAB5CF, 2021-03-31T10:01:37, false
9DDDD405-82E4-4C56-A6A6-E2B51ACAB5CF, 2021-03-31T10:02:37, false
9DDDD405-82E4-4C56-A6A6-E2B51ACAB5CF, 2021-03-31T10:03:37, false
9DDDD405-82E4-4C56-A6A6-E2B51ACAB5CF, 2021-03-31T10:04:37, false
9DDDD405-82E4-4C56-A6A6-E2B51ACAB5CF, 2021-03-31T10:05:37, false
9DDDD405-82E4-4C56-A6A6-E2B51ACAB5CF, 2021-03-31T10:06:37, false
9DDDD405-82E4-4C56-A6A6-E2B51ACAB5CF, 2021-03-31T10:07:37, false
9DDDD405-82E4-4C56-A6A6-E2B51ACAB5CF, 2021-03-31T10:08:37, false
9DDDD405-82E4-4C56-A6A6-E2B51ACAB5CF, 2021-03-31T10:09:37, false
9DDDD405-82E4-4C56-A6A6-E2B51ACAB5CF, 2021-03-31T10:10:37, false
9DDDD405-82E4-4C56-A6A6-E2B51ACAB5CF, 2021-03-31T10:11:37, false
9DDDD405-82E4-4C56-A6A6-E2B51ACAB5CF, 2021-03-31T10:12:37, false
9DDDD405-82E4-4C56-A6A6-E2B51ACAB5CF, 2021-03-31T10:13:37, false
9DDDD405-82E4-4C56-A6A6-E2B51ACAB5CF, 2021-03-31T10:14:37, false
9DDDD405-82E4-4C56-A6A6-E2B51ACAB5CF, 2021-03-31T10:15:37, false
9DDDD405-82E4-4C56-A6A6-E2B51ACAB5CF, 2021-03-31T10:16:37, false
9DDDD405-82E4-4C56-A6A6-E2B51ACAB5CF, 2021-03-31T10:17:37, false
9DDDD405-82E4-4C56-A6A6-E2B51ACAB5CF, 2021-03-31T10:18:37, false
9DDDD405-82E4-4C56-A6A6-E2B51ACAB5CF, 2021-03-31T10:19:37, false
9DDDD405-82E4-4C56-A6A6-E2B51ACAB5CF, 2021-03-31T10:20:37, false
9DDDD405-82E4-4C56-A6A6-E2B51ACAB5CF, 2021-03-31T10:21:37, false
9DDDD405-82E4-4C56-A6A6-E2B51ACAB5CF, 2021-03-31T10:22:37, false
9DDDD405-82E4-4C56-A6A6-E2B51ACAB5CF, 2021-03-31T10:23:37, false
9DDDD405-82E4-4C56-A6A6-E2B51ACAB5CF, 2021-03-31T10:24:37, false
9DDDD405-82E4-4C56-A6A6-E2B51ACAB5CF, 2021-03-31T10:25:37, false
9DDDD405-82E4-4C56-A6A6-E2B51ACAB5CF, 2021-03-31T10:26:37, false
9DDDD405-82E4-4C56-A6A6-E2B51ACAB5CF, 2021-03-31T10:27:37, false
9DDDD405-82E4-4C56-A6A6-E2B51ACAB5CF, 2021-03-31T10:28:37, false
9DDDD405-82E4-4C56-A6A6-E2B51ACAB5CF, 2021-03-31T10:29:37, false
9DDDD405-82E4-4C56-A6A6-E2B51ACAB5CF, 2021-03-31T10:30:37, false
9DDDD405-82E4-4C56-A6A6-E2B51ACAB5CF, 2021-03-31T10:31:37, false
9DDDD405-82E4-4C56-A6A6-E2B51ACAB5CF, 2021-03-31T10:32:37, false
9DDDD405-82E4-4C56-A6A6-E2B51ACAB5CF, 2021-03-31T10:33:37, false
9DDDD405-82E4-4C56-A6A6-E2B51ACAB5CF, 2021-03-31T10:34:37, false
9DDDD405-82E4-4C56-A6A6-E2B51ACAB5CF, 2021-03-31T10:35:37, false
9DDDD405-82E4-4C56-A6A6-E2B51ACAB5CF, 2021-03-31T10:36:37, false
9DDDD405-82E4-4C56-A6A6-E2B51ACAB5CF, 2021-03-31T10:37:37, false
9DDDD405-82E4-4C56-A6A6-E2B51ACAB5CF, 2021-03-31T10:38:37, false
9DDDD405-82E4-4C56-A6A6-E2B51ACAB5CF, 2021-03-31T10:39:37, false
9DDDD405-82E4-4C56-A6A6-E2B51ACAB5CF, 2021-03-31T10:40:37, false
9DDDD405-82E4-4C56-A6A6-E2B51ACAB5CF, 2021-03-31T10:41:37, false
9DDDD405-82E4-4C56-A6A6-E2B51ACAB5CF, 2021-03-31T10:42:37, false
9DDDD405-82E4-4C56-A6A6-E2B51ACAB5CF, 2021-03-31T10:43:37, false
9DDDD405-82E4-4C56-A6A6-E2B51ACAB5CF, 2021-03-31T10:44:37, false
9DDDD405-82E4-4C56-A6A6-E2B51ACAB5CF, 2021-03-31T10:45:37, false
9DDDD405-82E4-4C56-A6A6-E2B51ACAB5CF, 2021-03-31T10:46:37, false
9DDDD405-82E4-4C56-A6A6-E2B51ACAB5CF, 2021-03-31T10:47:37, false
9DDDD405-82E4-4C56-A6A6-E2B51ACAB5CF, 2021-03-31T10:48:37, false
9DDDD405-82E4-4C56-A6A6-E2B51ACAB5CF, 2021-03-31T10:49:37, false
9DDDD405-82E4-4C56-A6A6-E2B51ACAB5CF, 2021-03-31T10:50:37, false
9DDDD405-82E4-4C56-A6A6-E2B51ACAB5CF, 2021-03-31T10:51:37, false
9DDDD405-82E4-4C56-A6A6-E2B51ACAB5CF, 2021-03-31T10:52:37, false
9DDDD405-82E4-4C56-A6A6-E2B51ACAB5CF, 2021-03-31T10:53:37, false
9DDDD405-82E4-4C56-A6A6-E2B51ACAB5CF, 2021-03-31T10:54:37, false
9DDDD405-82E4-4C56-A6A6-E2B51ACAB5CF, 2021-03-31T10:55:37, false
9DDDD405-82E4-4C56-A6A6-E2B51ACAB5CF, 2021-03-31T10:56:37, false
9DDDD405-82E4-4C56-A6A6-E2B51ACAB5CF, 2021-03-31T10:57:37, false
9DDDD405-82E4-4C56-A6A6-E2B51ACAB5CF, 2021-03-31T10:58:37, false
9DDDD405-82E4-4C56-A6A6-E2B51ACAB5CF, 2021-03-31T10:59:37, false
9DDDD405-82E4-4C56-A6A6-E2B51ACAB5CF, 2021-03-31T11:00:37, false
9DDDD405-82E4-4C56-A6A6-E2B51ACAB5CF, 2021-03-31T11:01:37, false
9DDDD405-82E4-4C56-A6A6-E2B51ACAB5CF, 2021-03-31T11:02:37, false
9DDDD405-82E4-4C56-A6A6-E2B51ACAB5CF, 2021-03-31T11:03:37, false
9DDDD405-82E4-4C56-A6A6-E2B51ACAB5CF, 2021-03-31T11:04:37, false
9DDDD405-82E4-4C56-A6A6-E2B51ACAB5CF, 2021-03-31T11:05:37, false
9DDDD405-82E4-4C56-A6A6-E2B51ACAB5CF, 2021-03-31T11:06:37, false
9DDDD405-82E4-4C56-A6A6-E2B51ACAB5CF, 2021-03-31T11:07:37, false
9DDDD405-82E4-4C56-A6A6-E2B51ACAB5CF, 2021-03-31T11:08:37, false
9DDDD405-82E4-4C56-A6A6-E2B51ACAB5CF, 2021-03-31T11:09:37, false
9DDDD405-82E4-4C56-A6A6-E2B51ACAB5CF, 2021-03-31T11:10:37, false
9DDDD405-82E4-4C56-A6A6-E2B51ACAB5CF, 2021-03-31T11:11:37, false
9DDDD405-82E4-4C56-A6A6-E2B51ACAB5CF, 2021-03-31T11:12:37, false
9DDDD405-82E4-4C56-A6A6-E2B51ACAB5CF, 2021-03-31T11:13:37, false
9DDDD405-82E4-4C56-A6A6-E2B51ACAB5CF, 2021-03-31T11:14:37, false
9DDDD405-82E4-4C56-A6A6-E2B51ACAB5CF, 2021-03-31T11:15:37, false
9DDDD405-82E4-4C56-A6A6-E2B51ACAB5CF, 2021-03-31T11:16:37, false
9DDDD405-82E4-4C56-A6A6-E2B51ACAB5CF, 2021-03-31T11:17:37, false
9DDDD405-82E4-4C56-A6A6-E2B51ACAB5CF, 2021-03-31T11:18:37, false
9DDDD405-82E4-4C56-A6A6-E2B51ACAB5CF, 2021-03-31T11:19:37, false
9DDDD405-82E4-4C56-A6A6-E2B51ACAB5CF, 2021-03-31T11:20:37, false
9DDDD405-82E4-4C56-A6A6-E2B51ACAB5CF, 2021-03-31T11:21:37, false
9DDDD405-82E4-4C56-A6A6-E2B51ACAB5CF, 2021-03-31T11:22:37, false
9DDDD405-82E4-4C56-A6A6-E2B51ACAB5CF, 2021-03-31T11:23:37, false
9DDDD405-82E4-4C56-A6A6-E2B51ACAB5CF, 2021-03-31T11:24:37, false
9DDDD405-82E4-4C56-A6A6-E2B51ACAB5CF, 2021-03-31T11:25:37, false
9DDDD405-82E4-4C56-A6A6-E2B51ACAB5CF, 2021-03-31T11:26:37, false
9DDDD405-82E4-4C56-A6A6-E2B51ACAB5CF, 2021-03-31T11:27:37, false
9DDDD405-82E4-4C56-A6A6-E2B51ACAB5CF, 2021-03-31T11:28:37, false
9DDDD405-82E4-4C56-A6A6-E2B51ACAB5CF, 2021-03-31T11:29:37, false
9DDDD405-82E4-4C56-A6A6-E2B51ACAB5CF, 2021-03-31T11:30:37, false
9DDDD405-82E4-4C56-A6A6-E2B51ACAB5CF, 2021-03-31T11:31:37, false
9DDDD405-82E4-4C56-A6A6-E2B51ACAB5CF, 2021-03-31T11:32:37, false
9DDDD405-82E4-4C56-A6A6-E2B51ACAB5CF, 2021-03-31T11:33:37, false
9DDDD405-82E4-4C56-A6A6-E2B51ACAB5CF, 2021-03-31T11:34:37, false
9DDDD405-82E4-4C56-A6A6-E2B51ACAB5CF, 2021-03-31T11:35:37, false
9DDDD405-82E4-4C56-A6A6-E2B51ACAB5CF, 2021-03-31T11:36:37, false
9DDDD405-82E4-4C56-A6A6-E2B51ACAB5CF, 2021-03-31T11:37:37, false
9DDDD405-82E4-4C56-A6A6-E2B51ACAB5CF, 2021-03-31T11:38:37, false
9DDDD405-82E4-4C56-A6A6-E2B51ACAB5CF, 2021-03-31T11:39:37, false
9DDDD405-82E4-4C56-A6A6-E2B51ACAB5CF, 2021-03-31T11:40:37, false
9DDDD405-82E4-4C56-A6A6-E2B51ACAB5CF, 2021-03-31T11:41:37, false
9DDDD405-82E4-4C56-A6A6-E2B51ACAB5CF, 2021-03-31T11:42:37, false
9DDDD405-82E4-4C56-A6A6-E2B51ACAB5CF, 2021-03-31T11:43:37, false
9DDDD405-82E4-4C56-A6A6-E2B51ACAB5CF, 2021-03-31T11:44:37, false
9DDDD405-82E4-4C56-A6A6-E2B51ACAB5CF, 2021-03-31T11:45:37, false
9DDDD405-82E4-4C56-A6A6-E2B51ACAB5CF, 2021-03-31T11:46:37, false
9DDDD405-82E4-4C56-A6A6-E2B51ACAB5CF, 2021-03-31T11:47:37, false
9DDDD405-82E4-4C56-A6A6-E2B51ACAB5CF, 2021-03-31T11:48:37, false
9DDDD405-82E4-4C56-A6A6-E2B51ACAB5CF, 2021-03-31T11:49:37, false
9DDDD405-82E4-4C56-A6A6-E2B51ACAB5CF, 2021-03-31T11:50:37, false
9DDDD405-82E4-4C56-A6A6-E2B51ACAB5CF, 2021-03-31T11:51:37, false
9DDDD405-82E4-4C56-A6A6-E2B51ACAB5CF, 2021-03-31T11:52:37, false
9DDDD405-82E4-4C56-A6A6-E2B51ACAB5CF, 2021-03-31T11:53:37, false
9DDDD405-82E4-4C56-A6A6-E2B51ACAB5CF, 2021-03-31T11:54:37, false
9DDDD405-82E4-4C56-A6A6-E2B51ACAB5CF, 2021-03-31T11:55:37, false
9DDDD405-82E4-4C56-A6A6-E2B51ACAB5CF, 2021-03-31T11:56:37, false
9DDDD405-82E4-4C56-A6A6-E2B51ACAB5CF, 2021-03-31T11:57:37, false
9DDDD405-82E4-4C56-A6A6-E2B51ACAB5CF, 2021-03-31T11:58:37, false
9DDDD405-82E4-4C56-A6A6-E2B51ACAB5CF, 2021-03-31T11:59:37, false
9DDDD405-82E4-4C56-A6A6-E2B51ACAB5CF, 2021-03-31T12:00:37, false
9DDDD405-82E4-4C56-A6A6-E2B51ACAB5CF, 2021-03-31T12:01:37, false
9DDDD405-82E4-4C56-A6A6-E2B51ACAB5CF, 2021-03-31T12:02:37, false
9DDDD405-82E4-4C56-A6A6-E2B51ACAB5CF, 2021-03-31T12:03:37, false
9DDDD405-82E4-4C56-A6A6-E2B51ACAB5CF, 2021-03-31T12:04:37, false
9DDDD405-82E4-4C56-A6A6-E2B51ACAB5CF, 2021-03-31T12:05:37, false
9DDDD405-82E4-4C56-A6A6-E2B51ACAB5CF, 2021-03-31T12:06:37, false
9DDDD405-82E4-4C56-A6A6-E2B51ACAB5CF, 2021-03-31T12:07:37, false
9DDDD405-82E4-4C56-A6A6-E2B51ACAB5CF, 2021-03-31T12:08:37, false
9DDDD405-82E4-4C56-A6A6-E2B51ACAB5CF, 2021-03-31T12:09:37, false
9DDDD405-82E4-4C56-A6A6-E2B51ACAB5CF, 2021-03-31T12:10:37, false
9DDDD405-82E4-4C56-A6A6-E2B51ACAB5CF, 2021-03-31T12:11:37, false
9DDDD405-82E4-4C56-A6A6-E2B51ACAB5CF, 2021-03-31T12:12:37, false
9DDDD405-82E4-4C56-A6A6-E2B51ACAB5CF, 2021-03-31T12:13:37, false
9DDDD405-82E4-4C56-A6A6-E2B51ACAB5CF, 2021-03-31T12:14:37, false
9DDDD405-82E4-4C56-A6A6-E2B51ACAB5CF, 2021-03-31T12:15:37, false
9DDDD405-82E4-4C56-A6A6-E2B51ACAB5CF, 2021-03-31T12:16:37, false
9DDDD405-82E4-4C56-A6A6-E2B51ACAB5CF, 2021-03-31T12:17:37, false
9DDDD405-82E4-4C56-A6A6-E2B51ACAB5CF, 2021-03-31T12:18:37, false
9DDDD405-82E4-4C56-A6A6-E2B51ACAB5CF, 2021-03-31T12:19:37, false
9DDDD405-82E4-4C56-A6A6-E2B51ACAB5CF, 2021-03-31T12:20:37, false
9DDDD405-82E4-4C56-A6A6-E2B51ACAB5CF, 2021-03-31T12:21:37, false
9DDDD405-82E4-4C56-A6A6-E2B51ACAB5CF, 2021-03-31T12:22:37, false
9DDDD405-82E4-4C56-A6A6-E2B51ACAB5CF, 2021-03-31T12:23:37, false
9DDDD405-82E4-4C56-A6A6-E2B51ACAB5CF, 2021-03-31T12:24:37, false
9DDDD405-82E4-4C56-A6A6-E2B51ACAB5CF, 2021-03-31T12:25:37, false
9DDDD405-82E4-4C56-A6A6-E2B51ACAB5CF, 2021-03-31T12:26:37, false
9DDDD405-82E4-4C56-A6A6-E2B51ACAB5CF, 2021-03-31T12:27:37, false
9DDDD405-82E4-4C56-A6A6-E2B51ACAB5CF, 2021-03-31T12:28:37, false
9DDDD405-82E4-4C56-A6A6-E2B51ACAB5CF, 2021-03-31T12:29:37, false
9DDDD405-82E4-4C56-A6A6-E2B51ACAB5CF, 2021-03-31T12:30:37, false
9DDDD405-82E4-4C56-A6A6-E2B51ACAB5CF, 2021-03-31T12:31:37, false
9DDDD405-82E4-4C56-A6A6-E2B51ACAB5CF, 2021-03-31T12:32:37, false
9DDDD405-82E4-4C56-A6A6-E2B51ACAB5CF, 2021-03-31T12:33:37, false
9DDDD405-82E4-4C56-A6A6-E2B51ACAB5CF, 2021-03-31T12:34:37, false
9DDDD405-82E4-4C56-A6A6-E2B51ACAB5CF, 2021-03-31T12:35:37, false
9DDDD405-82E4-4C56-A6A6-E2B51ACAB5CF, 2021-03-31T12:36:37, false
9DDDD405-82E4-4C56-A6A6-E2B51ACAB5CF, 2021-03-31T12:37:37, false
9DDDD405-82E4-4C56-A6A6-E2B51ACAB5CF, 2021-03-31T12:38:37, false
9DDDD405-82E4-4C56-A6A6-E2B51ACAB5CF, 2021-03-31T12:39:37, false
9DDDD405-82E4-4C56-A6A6-E2B51ACAB5CF, 2021-03-31T12:40:37, false
9DDDD405-82E4-4C56-A6A6-E2B51ACAB5CF, 2021-03-31T12:41:37, false
9DDDD405-82E4-4C56-A6A6-E2B51ACAB5CF, 2021-03-31T12:42:37, false
9DDDD405-82E4-4C56-A6A6-E2B51ACAB5CF, 2021-03-31T12:43:37, false
9DDDD405-82E4-4C56-A6A6-E2B51ACAB5CF, 2021-03-31T12:44:37, false
9DDDD405-82E4-4C56-A6A6-E2B51ACAB5CF, 2021-03-31T12:45:37, false
9DDDD405-82E4-4C56-A6A6-E2B51ACAB5CF, 2021-03-31T12:46:37, false
9DDDD405-82E4-4C56-A6A6-E2B51ACAB5CF, 2021-03-31T12:47:37, false
9DDDD405-82E4-4C56-A6A6-E2B51ACAB5CF, 2021-03-31T12:48:37, false
9DDDD405-82E4-4C56-A6A6-E2B51ACAB5CF, 2021-03-31T12:49:37, false
9DDDD405-82E4-4C56-A6A6-E2B51ACAB5CF, 2021-03-31T12:50:37, false
9DDDD405-82E4-4C56-A6A6-E2B51ACAB5CF, 2021-03-31T12:51:37, false
9DDDD405-82E4-4C56-A6A6-E2B51ACAB5CF, 2021-03-31T12:52:37, false
9DDDD405-82E4-4C56-A6A6-E2B51ACAB5CF, 2021-03-31T12:53:37, false
9DDDD405-82E4-4C56-A6A6-E2B51ACAB5CF, 2021-03-31T12:54:37, false
9DDDD405-82E4-4C56-A6A6-E2B51ACAB5CF, 2021-03-31T12:55:37, false
9DDDD405-82E4-4C56-A6A6-E2B51ACAB5CF, 2021-03-31T12:56:37, false
9DDDD405-82E4-4C56-A6A6-E2B51ACAB5CF, 2021-03-31T12:57:37, false
9DDDD405-82E4-4C56-A6A6-E2B51ACAB5CF, 2021-03-31T12:58:37, false
9DDDD405-82E4-4C56-A6A6-E2B51ACAB5CF, 2021-03-31T12:59:37, false
9DDDD405-82E4-4C56-A6A6-E2B51ACAB5CF, 2021-03-31T13:00:37, false
9DDDD405-82E4-4C56-A6A6-E2B51ACAB5CF, 2021-03-31T13:01:37, false
9DDDD405-82E4-4C56-A6A6-E2B51ACAB5CF, 2021-03-31T13:02:37, false
9DDDD405-82E4-4C56-A6A6-E2B51ACAB5CF, 2021-03-31T13:03:37, false
9DDDD405-82E4-4C56-A6A6-E2B51ACAB5CF, 2021-03-31T13:04:37, false
9DDDD405-82E4-4C56-A6A6-E2B51ACAB5CF, 2021-03-31T13:05:37, false
9DDDD405-82E4-4C56-A6A6-E2B51ACAB5CF, 2021-03-31T13:06:37, false
9DDDD405-82E4-4C56-A6A6-E2B51ACAB5CF, 2021-03-31T13:07:37, false
9DDDD405-82E4-4C56-A6A6-E2B51ACAB5CF, 2021-03-31T13:08:37, false
9DDDD405-82E4-4C56-A6A6-E2B51ACAB5CF, 2021-03-31T13:09:37, false
9DDDD405-82E4-4C56-A6A6-E2B51ACAB5CF, 2021-03-31T13:10:37, false
9DDDD405-82E4-4C56-A6A6-E2B51ACAB5CF, 2021-03-31T13:11:37, false
9DDDD405-82E4-4C56-A6A6-E2B51ACAB5CF, 2021-03-31T13:12:37, false
9DDDD405-82E4-4C56-A6A6-E2B51ACAB5CF, 2021-03-31T13:13:37, false
9DDDD405-82E4-4C56-A6A6-E2B51ACAB5CF, 2021-03-31T13:14:37, false
9DDDD405-82E4-4C56-A6A6-E2B51ACAB5CF, 2021-03-31T13:15:37, false
9DDDD405-82E4-4C56-A6A6-E2B51ACAB5CF, 2021-03-31T13:16:37, false
9DDDD405-82E4-4C56-A6A6-E2B51ACAB5CF, 2021-03-31T13:17:37, false
9DDDD405-82E4-4C56-A6A6-E2B51ACAB5CF, 2021-03-31T13:18:37, false
9DDDD405-82E4-4C56-A6A6-E2B51ACAB5CF, 2021-03-31T13:19:37, false
9DDDD405-82E4-4C56-A6A6-E2B51ACAB5CF, 2021-03-31T13:20:37, false
9DDDD405-82E4-4C56-A6A6-E2B51ACAB5CF, 2021-03-31T13:21:37, false
9DDDD405-82E4-4C56-A6A6-E2B51ACAB5CF, 2021-03-31T13:22:37, false
9DDDD405-82E4-4C56-A6A6-E2B51ACAB5CF, 2021-03-31T13:23:37, false
9DDDD405-82E4-4C56-A6A6-E2B51ACAB5CF, 2021-03-31T13:24:37, false
9DDDD405-82E4-4C56-A6A6-E2B51ACAB5CF, 2021-03-31T13:25:37, false
9DDDD405-82E4-4C56-A6A6-E2B51ACAB5CF, 2021-03-31T13:26:37, false
9DDDD405-82E4-4C56-A6A6-E2B51ACAB5CF, 2021-03-31T13:27:37, false
9DDDD405-82E4-4C56-A6A6-E2B51ACAB5CF, 2021-03-31T13:28:37, false
9DDDD405-82E4-4C56-A6A6-E2B51ACAB5CF, 2021-03-31T13:29:37, false
9DDDD405-82E4-4C56-A6A6-E2B51ACAB5CF, 2021-03-31T13:30:37, false
9DDDD405-82E4-4C56-A6A6-E2B51ACAB5CF, 2021-03-31T13:31:37, false
9DDDD405-82E4-4C56-A6A6-E2B51ACAB5CF, 2021-03-31T13:32:37, false
9DDDD405-82E4-4C56-A6A6-E2B51ACAB5CF, 2021-03-31T13:33:37, false
9DDDD405-82E4-4C56-A6A6-E2B51ACAB5CF, 2021-03-31T13:34:37, false
9DDDD405-82E4-4C56-A6A6-E2B51ACAB5CF, 2021-03-31T13:35:37, false
9DDDD405-82E4-4C56-A6A6-E2B51ACAB5CF, 2021-03-31T13:36:37, false
9DDDD405-82E4-4C56-A6A6-E2B51ACAB5CF, 2021-03-31T13:37:37, false
9DDDD405-82E4-4C56-A6A6-E2B51ACAB5CF, 2021-03-31T13:38:37, false
9DDDD405-82E4-4C56-A6A6-E2B51ACAB5CF, 2021-03-31T13:39:37, false
9DDDD405-82E4-4C56-A6A6-E2B51ACAB5CF, 2021-03-31T13:40:37, false
9DDDD405-82E4-4C56-A6A6-E2B51ACAB5CF, 2021-03-31T13:41:37, false
9DDDD405-82E4-4C56-A6A6-E2B51ACAB5CF, 2021-03-31T13:42:37, false
9DDDD405-82E4-4C56-A6A6-E2B51ACAB5CF, 2021-03-31T13:43:37, false
9DDDD405-82E4-4C56-A6A6-E2B51ACAB5CF, 2021-03-31T13:44:37, false
9DDDD405-82E4-4C56-A6A6-E2B51ACAB5CF, 2021-03-31T13:45:37, false
9DDDD405-82E4-4C56-A6A6-E2B51ACAB5CF, 2021-03-31T13:46:37, false
9DDDD405-82E4-4C56-A6A6-E2B51ACAB5CF, 2021-03-31T13:47:37, false
9DDDD405-82E4-4C56-A6A6-E2B51ACAB5CF, 2021-03-31T13:48:37, false
9DDDD405-82E4-4C56-A6A6-E2B51ACAB5CF, 2021-03-31T13:49:37, false
9DDDD405-82E4-4C56-A6A6-E2B51ACAB5CF, 2021-03-31T13:50:37, false
9DDDD405-82E4-4C56-A6A6-E2B51ACAB5CF, 2021-03-31T13:51:37, false
9DDDD405-82E4-4C56-A6A6-E2B51ACAB5CF, 2021-03-31T13:52:37, false
9DDDD405-82E4-4C56-A6A6-E2B51ACAB5CF, 2021-03-31T13:53:37, false
9DDDD405-82E4-4C56-A6A6-E2B51ACAB5CF, 2021-03-31T13:54:37, false
9DDDD405-82E4-4C56-A6A6-E2B51ACAB5CF, 2021-03-31T13:55:37, false
9DDDD405-82E4-4C56-A6A6-E2B51ACAB5CF, 2021-03-31T13:56:37, false
9DDDD405-82E4-4C56-A6A6-E2B51ACAB5CF, 2021-03-31T13:57:37, false
9DDDD405-82E4-4C56-A6A6-E2B51ACAB5CF, 2021-03-31T13:58:37, false
9DDDD405-82E4-4C56-A6A6-E2B51ACAB5CF, 2021-03-31T13:59:37, false
9DDDD405-82E4-4C56-A6A6-E2B51ACAB5CF, 2021-03-31T14:00:37, false
9DDDD405-82E4-4C56-A6A6-E2B51ACAB5CF, 2021-03-31T14:01:37, false
9DDDD405-82E4-4C56-A6A6-E2B51ACAB5CF, 2021-03-31T14:02:37, false
9DDDD405-82E4-4C56-A6A6-E2B51ACAB5CF, 2021-03-31T14:03:37, false
9DDDD405-82E4-4C56-A6A6-E2B51ACAB5CF, 2021-03-31T14:04:37, false
9DDDD405-82E4-4C56-A6A6-E2B51ACAB5CF, 2021-03-31T14:05:37, false
9DDDD405-82E4-4C56-A6A6-E2B51ACAB5CF, 2021-03-31T14:06:37, false
9DDDD405-82E4-4C56-A6A6-E2B51ACAB5CF, 2021-03-31T14:07:37, false
9DDDD405-82E4-4C56-A6A6-E2B51ACAB5CF, 2021-03-31T14:08:37, false
9DDDD405-82E4-4C56-A6A6-E2B51ACAB5CF, 2021-03-31T14:09:37, false
9DDDD405-82E4-4C56-A6A6-E2B51ACAB5CF, 2021-03-31T14:10:37, false
9DDDD405-82E4-4C56-A6A6-E2B51ACAB5CF, 2021-03-31T14:11:37, false
9DDDD405-82E4-4C56-A6A6-E2B51ACAB5CF, 2021-03-31T14:12:37, false
9DDDD405-82E4-4C56-A6A6-E2B51ACAB5CF, 2021-03-31T14:13:37, false
9DDDD405-82E4-4C56-A6A6-E2B51ACAB5CF, 2021-03-31T14:14:37, false
9DDDD405-82E4-4C56-A6A6-E2B51ACAB5CF, 2021-03-31T14:15:37, false
9DDDD405-82E4-4C56-A6A6-E2B51ACAB5CF, 2021-03-31T14:16:37, false
9DDDD405-82E4-4C56-A6A6-E2B51ACAB5CF, 2021-03-31T14:17:37, false
9DDDD405-82E4-4C56-A6A6-E2B51ACAB5CF, 2021-03-31T14:18:37, false
9DDDD405-82E4-4C56-A6A6-E2B51ACAB5CF, 2021-03-31T14:19:37, false
9DDDD405-82E4-4C56-A6A6-E2B51ACAB5CF, 2021-03-31T14:20:37, false
9DDDD405-82E4-4C56-A6A6-E2B51ACAB5CF, 2021-03-31T14:21:37, false
9DDDD405-82E4-4C56-A6A6-E2B51ACAB5CF, 2021-03-31T14:22:37, false
9DDDD405-82E4-4C56-A6A6-E2B51ACAB5CF, 2021-03-31T14:23:37, false
9DDDD405-82E4-4C56-A6A6-E2B51ACAB5CF, 2021-03-31T14:24:13, true
9DDDD405-82E4-4C56-A6A6-E2B51ACAB5CF, 2021-03-31T14:25:21, true
9DDDD405-82E4-4C56-A6A6-E2B51ACAB5CF, 2021-03-31T14:26:25, true
9DDDD405-82E4-4C56-A6A6-E2B51ACAB5CF, 2021-03-31T14:27:27, true
9DDDD405-82E4-4C56-A6A6-E2B51ACAB5CF, 2021-03-31T14:28:29, true
9DDDD405-82E4-4C56-A6A6-E2B51ACAB5CF, 2021-03-31T14:29:31, true
9DDDD405-82E4-4C56-A6A6-E2B51ACAB5CF, 2021-03-31T14:30:32, true
9DDDD405-82E4-4C56-A6A6-E2B51ACAB5CF, 2021-03-31T14:31:33, true
9DDDD405-82E4-4C56-A6A6-E2B51ACAB5CF, 2021-03-31T14:32:35, true
9DDDD405-82E4-4C56-A6A6-E2B51ACAB5CF, 2021-03-31T14:33:39, true
9DDDD405-82E4-4C56-A6A6-E2B51ACAB5CF, 2021-03-31T14:34:44, true
9DDDD405-82E4-4C56-A6A6-E2B51ACAB5CF, 2021-03-31T14:35:51, true
9DDDD405-82E4-4C56-A6A6-E2B51ACAB5CF, 2021-03-31T14:36:52, true
9DDDD405-82E4-4C56-A6A6-E2B51ACAB5CF, 2021-03-31T14:37:53, true
9DDDD405-82E4-4C56-A6A6-E2B51ACAB5CF, 2021-03-31T14:38:56, true
9DDDD405-82E4-4C56-A6A6-E2B51ACAB5CF, 2021-03-31T14:39:59, true
9DDDD405-82E4-4C56-A6A6-E2B51ACAB5CF, 2021-03-31T14:41:01, true
9DDDD405-82E4-4C56-A6A6-E2B51ACAB5CF, 2021-03-31T14:42:06, true
9DDDD405-82E4-4C56-A6A6-E2B51ACAB5CF, 2021-03-31T14:43:09, true
9DDDD405-82E4-4C56-A6A6-E2B51ACAB5CF, 2021-03-31T14:44:11, true
9DDDD405-82E4-4C56-A6A6-E2B51ACAB5CF, 2021-03-31T14:45:13, true
9DDDD405-82E4-4C56-A6A6-E2B51ACAB5CF, 2021-03-31T14:46:17, true
9DDDD405-82E4-4C56-A6A6-E2B51ACAB5CF, 2021-03-31T14:47:29, true
9DDDD405-82E4-4C56-A6A6-E2B51ACAB5CF, 2021-03-31T14:48:34, true
9DDDD405-82E4-4C56-A6A6-E2B51ACAB5CF, 2021-03-31T14:49:40, true
9DDDD405-82E4-4C56-A6A6-E2B51ACAB5CF, 2021-03-31T14:50:42, true
9DDDD405-82E4-4C56-A6A6-E2B51ACAB5CF, 2021-03-31T14:51:44, true
9DDDD405-82E4-4C56-A6A6-E2B51ACAB5CF, 2021-03-31T14:52:45, true
9DDDD405-82E4-4C56-A6A6-E2B51ACAB5CF, 2021-03-31T14:53:51, true
9DDDD405-82E4-4C56-A6A6-E2B51ACAB5CF, 2021-03-31T14:54:58, true
9DDDD405-82E4-4C56-A6A6-E2B51ACAB5CF, 2021-03-31T14:56:10, true
9DDDD405-82E4-4C56-A6A6-E2B51ACAB5CF, 2021-03-31T14:57:25, true
9DDDD405-82E4-4C56-A6A6-E2B51ACAB5CF, 2021-03-31T14:58:30, true
9DDDD405-82E4-4C56-A6A6-E2B51ACAB5CF, 2021-03-31T14:59:31, true
9DDDD405-82E4-4C56-A6A6-E2B51ACAB5CF, 2021-03-31T15:00:34, true
9DDDD405-82E4-4C56-A6A6-E2B51ACAB5CF, 2021-03-31T15:01:39, true
9DDDD405-82E4-4C56-A6A6-E2B51ACAB5CF, 2021-03-31T15:02:39, true
9DDDD405-82E4-4C56-A6A6-E2B51ACAB5CF, 2021-03-31T15:03:42, true
9DDDD405-82E4-4C56-A6A6-E2B51ACAB5CF, 2021-03-31T15:04:51, true
9DDDD405-82E4-4C56-A6A6-E2B51ACAB5CF, 2021-03-31T15:05:54, true
9DDDD405-82E4-4C56-A6A6-E2B51ACAB5CF, 2021-03-31T15:06:58, true
9DDDD405-82E4-4C56-A6A6-E2B51ACAB5CF, 2021-03-31T15:07:58, true
9DDDD405-82E4-4C56-A6A6-E2B51ACAB5CF, 2021-03-31T15:09:08, true
9DDDD405-82E4-4C56-A6A6-E2B51ACAB5CF, 2021-03-31T15:10:12, true
9DDDD405-82E4-4C56-A6A6-E2B51ACAB5CF, 2021-03-31T15:11:18, true
9DDDD405-82E4-4C56-A6A6-E2B51ACAB5CF, 2021-03-31T15:12:21, true
9DDDD405-82E4-4C56-A6A6-E2B51ACAB5CF, 2021-03-31T15:13:22, true
9DDDD405-82E4-4C56-A6A6-E2B51ACAB5CF, 2021-03-31T15:14:28, true
9DDDD405-82E4-4C56-A6A6-E2B51ACAB5CF, 2021-03-31T15:15:56, true
9DDDD405-82E4-4C56-A6A6-E2B51ACAB5CF, 2021-03-31T15:16:59, true
9DDDD405-82E4-4C56-A6A6-E2B51ACAB5CF, 2021-03-31T15:18:06, true
9DDDD405-82E4-4C56-A6A6-E2B51ACAB5CF, 2021-03-31T15:19:10, true
9DDDD405-82E4-4C56-A6A6-E2B51ACAB5CF, 2021-03-31T15:20:19, true
9DDDD405-82E4-4C56-A6A6-E2B51ACAB5CF, 2021-03-31T15:21:22, true
9DDDD405-82E4-4C56-A6A6-E2B51ACAB5CF, 2021-03-31T15:22:24, true
9DDDD405-82E4-4C56-A6A6-E2B51ACAB5CF, 2021-03-31T15:23:26, true
9DDDD405-82E4-4C56-A6A6-E2B51ACAB5CF, 2021-03-31T15:24:28, true
9DDDD405-82E4-4C56-A6A6-E2B51ACAB5CF, 2021-03-31T15:25:29, true
9DDDD405-82E4-4C56-A6A6-E2B51ACAB5CF, 2021-03-31T15:26:33, true
9DDDD405-82E4-4C56-A6A6-E2B51ACAB5CF, 2021-03-31T15:27:36, true
9DDDD405-82E4-4C56-A6A6-E2B51ACAB5CF, 2021-03-31T15:28:38, true
9DDDD405-82E4-4C56-A6A6-E2B51ACAB5CF, 2021-03-31T15:29:39, true
9DDDD405-82E4-4C56-A6A6-E2B51ACAB5CF, 2021-03-31T15:30:52, true
9DDDD405-82E4-4C56-A6A6-E2B51ACAB5CF, 2021-03-31T15:31:54, true
9DDDD405-82E4-4C56-A6A6-E2B51ACAB5CF, 2021-03-31T15:33:05, true
9DDDD405-82E4-4C56-A6A6-E2B51ACAB5CF, 2021-03-31T15:34:07, true
9DDDD405-82E4-4C56-A6A6-E2B51ACAB5CF, 2021-03-31T15:35:10, true
9DDDD405-82E4-4C56-A6A6-E2B51ACAB5CF, 2021-03-31T15:36:13, true
9DDDD405-82E4-4C56-A6A6-E2B51ACAB5CF, 2021-03-31T15:37:36, true
9DDDD405-82E4-4C56-A6A6-E2B51ACAB5CF, 2021-03-31T15:38:47, true
9DDDD405-82E4-4C56-A6A6-E2B51ACAB5CF, 2021-03-31T15:39:51, true
9DDDD405-82E4-4C56-A6A6-E2B51ACAB5CF, 2021-03-31T15:40:53, true
9DDDD405-82E4-4C56-A6A6-E2B51ACAB5CF, 2021-03-31T15:42:03, true
9DDDD405-82E4-4C56-A6A6-E2B51ACAB5CF, 2021-03-31T15:43:23, true
9DDDD405-82E4-4C56-A6A6-E2B51ACAB5CF, 2021-03-31T15:44:23, true
9DDDD405-82E4-4C56-A6A6-E2B51ACAB5CF, 2021-03-31T15:45:32, true
9DDDD405-82E4-4C56-A6A6-E2B51ACAB5CF, 2021-03-31T15:46:36, true
9DDDD405-82E4-4C56-A6A6-E2B51ACAB5CF, 2021-03-31T15:47:38, true
9DDDD405-82E4-4C56-A6A6-E2B51ACAB5CF, 2021-03-31T15:48:56, true
9DDDD405-82E4-4C56-A6A6-E2B51ACAB5CF, 2021-03-31T15:49:57, true
9DDDD405-82E4-4C56-A6A6-E2B51ACAB5CF, 2021-03-31T15:50:58, true
9DDDD405-82E4-4C56-A6A6-E2B51ACAB5CF, 2021-03-31T15:51:58, true
9DDDD405-82E4-4C56-A6A6-E2B51ACAB5CF, 2021-03-31T15:53:04, true
9DDDD405-82E4-4C56-A6A6-E2B51ACAB5CF, 2021-03-31T15:54:07, true
9DDDD405-82E4-4C56-A6A6-E2B51ACAB5CF, 2021-03-31T15:55:08, true
9DDDD405-82E4-4C56-A6A6-E2B51ACAB5CF, 2021-03-31T15:56:10, true
9DDDD405-82E4-4C56-A6A6-E2B51ACAB5CF, 2021-03-31T15:57:11, true
9DDDD405-82E4-4C56-A6A6-E2B51ACAB5CF, 2021-03-31T15:58:13, true
9DDDD405-82E4-4C56-A6A6-E2B51ACAB5CF, 2021-03-31T15:59:15, true
9DDDD405-82E4-4C56-A6A6-E2B51ACAB5CF, 2021-03-31T16:00:17, true
9DDDD405-82E4-4C56-A6A6-E2B51ACAB5CF, 2021-03-31T16:01:18, true
9DDDD405-82E4-4C56-A6A6-E2B51ACAB5CF, 2021-03-31T16:02:21, true
9DDDD405-82E4-4C56-A6A6-E2B51ACAB5CF, 2021-03-31T16:03:25, true
9DDDD405-82E4-4C56-A6A6-E2B51ACAB5CF, 2021-03-31T16:04:25, true
9DDDD405-82E4-4C56-A6A6-E2B51ACAB5CF, 2021-03-31T16:05:29, true
9DDDD405-82E4-4C56-A6A6-E2B51ACAB5CF, 2021-03-31T16:06:34, true
9DDDD405-82E4-4C56-A6A6-E2B51ACAB5CF, 2021-03-31T16:07:37, true
9DDDD405-82E4-4C56-A6A6-E2B51ACAB5CF, 2021-03-31T16:08:38, true
9DDDD405-82E4-4C56-A6A6-E2B51ACAB5CF, 2021-03-31T16:09:40, true
9DDDD405-82E4-4C56-A6A6-E2B51ACAB5CF, 2021-03-31T16:10:44, true
9DDDD405-82E4-4C56-A6A6-E2B51ACAB5CF, 2021-03-31T16:11:45, true
9DDDD405-82E4-4C56-A6A6-E2B51ACAB5CF, 2021-03-31T16:12:49, true
9DDDD405-82E4-4C56-A6A6-E2B51ACAB5CF, 2021-03-31T16:13:51, true
9DDDD405-82E4-4C56-A6A6-E2B51ACAB5CF, 2021-03-31T16:14:52, true
9DDDD405-82E4-4C56-A6A6-E2B51ACAB5CF, 2021-03-31T16:15:57, true
9DDDD405-82E4-4C56-A6A6-E2B51ACAB5CF, 2021-03-31T16:16:58, true
9DDDD405-82E4-4C56-A6A6-E2B51ACAB5CF, 2021-03-31T16:18:02, true
9DDDD405-82E4-4C56-A6A6-E2B51ACAB5CF, 2021-03-31T16:19:04, true
9DDDD405-82E4-4C56-A6A6-E2B51ACAB5CF, 2021-03-31T16:20:07, true
9DDDD405-82E4-4C56-A6A6-E2B51ACAB5CF, 2021-03-31T16:21:08, true
9DDDD405-82E4-4C56-A6A6-E2B51ACAB5CF, 2021-03-31T16:22:28, true
9DDDD405-82E4-4C56-A6A6-E2B51ACAB5CF, 2021-03-31T16:23:33, true
9DDDD405-82E4-4C56-A6A6-E2B51ACAB5CF, 2021-03-31T16:24:34, true
9DDDD405-82E4-4C56-A6A6-E2B51ACAB5CF, 2021-03-31T16:25:35, true
9DDDD405-82E4-4C56-A6A6-E2B51ACAB5CF, 2021-03-31T16:26:37, true
9DDDD405-82E4-4C56-A6A6-E2B51ACAB5CF, 2021-03-31T16:27:38, true
9DDDD405-82E4-4C56-A6A6-E2B51ACAB5CF, 2021-03-31T16:28:42, true
9DDDD405-82E4-4C56-A6A6-E2B51ACAB5CF, 2021-03-31T16:29:43, true
9DDDD405-82E4-4C56-A6A6-E2B51ACAB5CF, 2021-03-31T16:30:44, true
9DDDD405-82E4-4C56-A6A6-E2B51ACAB5CF, 2021-03-31T16:31:47, true
9DDDD405-82E4-4C56-A6A6-E2B51ACAB5CF, 2021-03-31T16:32:49, true
9DDDD405-82E4-4C56-A6A6-E2B51ACAB5CF, 2021-03-31T16:33:56, true
9DDDD405-82E4-4C56-A6A6-E2B51ACAB5CF, 2021-03-31T16:34:59, true
9DDDD405-82E4-4C56-A6A6-E2B51ACAB5CF, 2021-03-31T16:36:01, true
9DDDD405-82E4-4C56-A6A6-E2B51ACAB5CF, 2021-03-31T16:37:07, true
9DDDD405-82E4-4C56-A6A6-E2B51ACAB5CF, 2021-03-31T16:38:22, true
9DDDD405-82E4-4C56-A6A6-E2B51ACAB5CF, 2021-03-31T16:39:24, true
9DDDD405-82E4-4C56-A6A6-E2B51ACAB5CF, 2021-03-31T16:40:28, true
9DDDD405-82E4-4C56-A6A6-E2B51ACAB5CF, 2021-03-31T16:41:31, true
9DDDD405-82E4-4C56-A6A6-E2B51ACAB5CF, 2021-03-31T16:42:33, true
9DDDD405-82E4-4C56-A6A6-E2B51ACAB5CF, 2021-03-31T16:43:36, true
9DDDD405-82E4-4C56-A6A6-E2B51ACAB5CF, 2021-03-31T16:44:37, true
9DDDD405-82E4-4C56-A6A6-E2B51ACAB5CF, 2021-03-31T16:45:41, true
9DDDD405-82E4-4C56-A6A6-E2B51ACAB5CF, 2021-03-31T16:46:41, true
9DDDD405-82E4-4C56-A6A6-E2B51ACAB5CF, 2021-03-31T16:47:43, true
9DDDD405-82E4-4C56-A6A6-E2B51ACAB5CF, 2021-03-31T16:48:46, true
9DDDD405-82E4-4C56-A6A6-E2B51ACAB5CF, 2021-03-31T16:49:48, true
9DDDD405-82E4-4C56-A6A6-E2B51ACAB5CF, 2021-03-31T16:50:51, true
9DDDD405-82E4-4C56-A6A6-E2B51ACAB5CF, 2021-03-31T16:51:51, true
9DDDD405-82E4-4C56-A6A6-E2B51ACAB5CF, 2021-03-31T16:52:55, true
9DDDD405-82E4-4C56-A6A6-E2B51ACAB5CF, 2021-03-31T16:54:00, true
9DDDD405-82E4-4C56-A6A6-E2B51ACAB5CF, 2021-03-31T16:55:06, true
9DDDD405-82E4-4C56-A6A6-E2B51ACAB5CF, 2021-03-31T16:56:13, true
9DDDD405-82E4-4C56-A6A6-E2B51ACAB5CF, 2021-03-31T16:57:15, true
9DDDD405-82E4-4C56-A6A6-E2B51ACAB5CF, 2021-03-31T16:58:16, true
9DDDD405-82E4-4C56-A6A6-E2B51ACAB5CF, 2021-03-31T16:59:45, true
9DDDD405-82E4-4C56-A6A6-E2B51ACAB5CF, 2021-03-31T17:00:46, true
9DDDD405-82E4-4C56-A6A6-E2B51ACAB5CF, 2021-03-31T17:01:51, true
9DDDD405-82E4-4C56-A6A6-E2B51ACAB5CF, 2021-03-31T17:02:52, true
9DDDD405-82E4-4C56-A6A6-E2B51ACAB5CF, 2021-03-31T17:03:54, true
9DDDD405-82E4-4C56-A6A6-E2B51ACAB5CF, 2021-03-31T17:05:03, true
9DDDD405-82E4-4C56-A6A6-E2B51ACAB5CF, 2021-03-31T17:06:05, true
9DDDD405-82E4-4C56-A6A6-E2B51ACAB5CF, 2021-03-31T17:07:07, true
9DDDD405-82E4-4C56-A6A6-E2B51ACAB5CF, 2021-03-31T17:08:08, true
9DDDD405-82E4-4C56-A6A6-E2B51ACAB5CF, 2021-03-31T17:09:08, true
9DDDD405-82E4-4C56-A6A6-E2B51ACAB5CF, 2021-03-31T17:10:09, true
9DDDD405-82E4-4C56-A6A6-E2B51ACAB5CF, 2021-03-31T17:11:14, true
9DDDD405-82E4-4C56-A6A6-E2B51ACAB5CF, 2021-03-31T17:12:38, true
9DDDD405-82E4-4C56-A6A6-E2B51ACAB5CF, 2021-03-31T17:13:41, true
9DDDD405-82E4-4C56-A6A6-E2B51ACAB5CF, 2021-03-31T17:14:42, true
9DDDD405-82E4-4C56-A6A6-E2B51ACAB5CF, 2021-03-31T17:15:42, false
9DDDD405-82E4-4C56-A6A6-E2B51ACAB5CF, 2021-03-31T17:16:15, true
9DDDD405-82E4-4C56-A6A6-E2B51ACAB5CF, 2021-03-31T17:17:16, true
9DDDD405-82E4-4C56-A6A6-E2B51ACAB5CF, 2021-03-31T17:18:22, true
9DDDD405-82E4-4C56-A6A6-E2B51ACAB5CF, 2021-03-31T17:19:36, true
9DDDD405-82E4-4C56-A6A6-E2B51ACAB5CF, 2021-03-31T17:20:40, true
9DDDD405-82E4-4C56-A6A6-E2B51ACAB5CF, 2021-03-31T17:21:50, true
9DDDD405-82E4-4C56-A6A6-E2B51ACAB5CF, 2021-03-31T17:22:51, true
9DDDD405-82E4-4C56-A6A6-E2B51ACAB5CF, 2021-03-31T17:23:53, true
9DDDD405-82E4-4C56-A6A6-E2B51ACAB5CF, 2021-03-31T17:24:56, true
9DDDD405-82E4-4C56-A6A6-E2B51ACAB5CF, 2021-03-31T17:25:58, true
9DDDD405-82E4-4C56-A6A6-E2B51ACAB5CF, 2021-03-31T17:27:03, true
9DDDD405-82E4-4C56-A6A6-E2B51ACAB5CF, 2021-03-31T17:28:04, true
9DDDD405-82E4-4C56-A6A6-E2B51ACAB5CF, 2021-03-31T17:29:11, true
9DDDD405-82E4-4C56-A6A6-E2B51ACAB5CF, 2021-03-31T17:30:11, false
9DDDD405-82E4-4C56-A6A6-E2B51ACAB5CF, 2021-03-31T17:30:58, true
9DDDD405-82E4-4C56-A6A6-E2B51ACAB5CF, 2021-03-31T17:32:15, true
9DDDD405-82E4-4C56-A6A6-E2B51ACAB5CF, 2021-03-31T17:33:15, false
9DDDD405-82E4-4C56-A6A6-E2B51ACAB5CF, 2021-03-31T17:33:55, true
9DDDD405-82E4-4C56-A6A6-E2B51ACAB5CF, 2021-03-31T17:34:55, false
9DDDD405-82E4-4C56-A6A6-E2B51ACAB5CF, 2021-03-31T17:35:55, false
9DDDD405-82E4-4C56-A6A6-E2B51ACAB5CF, 2021-03-31T17:36:55, false
9DDDD405-82E4-4C56-A6A6-E2B51ACAB5CF, 2021-03-31T17:37:55, false
9DDDD405-82E4-4C56-A6A6-E2B51ACAB5CF, 2021-03-31T17:38:55, false
9DDDD405-82E4-4C56-A6A6-E2B51ACAB5CF, 2021-03-31T17:40:13, true
9DDDD405-82E4-4C56-A6A6-E2B51ACAB5CF, 2021-03-31T17:41:19, true
9DDDD405-82E4-4C56-A6A6-E2B51ACAB5CF, 2021-03-31T17:42:25, true
9DDDD405-82E4-4C56-A6A6-E2B51ACAB5CF, 2021-03-31T17:43:26, true
9DDDD405-82E4-4C56-A6A6-E2B51ACAB5CF, 2021-03-31T17:44:34, true
9DDDD405-82E4-4C56-A6A6-E2B51ACAB5CF, 2021-03-31T17:45:34, true
9DDDD405-82E4-4C56-A6A6-E2B51ACAB5CF, 2021-03-31T17:46:39, true
9DDDD405-82E4-4C56-A6A6-E2B51ACAB5CF, 2021-03-31T17:47:42, true
9DDDD405-82E4-4C56-A6A6-E2B51ACAB5CF, 2021-03-31T17:48:44, true
9DDDD405-82E4-4C56-A6A6-E2B51ACAB5CF, 2021-03-31T17:49:48, true
9DDDD405-82E4-4C56-A6A6-E2B51ACAB5CF, 2021-03-31T17:50:51, true
9DDDD405-82E4-4C56-A6A6-E2B51ACAB5CF, 2021-03-31T17:52:09, true
9DDDD405-82E4-4C56-A6A6-E2B51ACAB5CF, 2021-03-31T17:53:12, true
9DDDD405-82E4-4C56-A6A6-E2B51ACAB5CF, 2021-03-31T17:54:20, true
9DDDD405-82E4-4C56-A6A6-E2B51ACAB5CF, 2021-03-31T17:55:24, true
9DDDD405-82E4-4C56-A6A6-E2B51ACAB5CF, 2021-03-31T17:56:24, true
9DDDD405-82E4-4C56-A6A6-E2B51ACAB5CF, 2021-03-31T17:57:32, true
9DDDD405-82E4-4C56-A6A6-E2B51ACAB5CF, 2021-03-31T17:58:33, true
9DDDD405-82E4-4C56-A6A6-E2B51ACAB5CF, 2021-03-31T17:59:34, true
9DDDD405-82E4-4C56-A6A6-E2B51ACAB5CF, 2021-03-31T18:00:41, true
9DDDD405-82E4-4C56-A6A6-E2B51ACAB5CF, 2021-03-31T18:01:43, true
9DDDD405-82E4-4C56-A6A6-E2B51ACAB5CF, 2021-03-31T18:02:59, true
9DDDD405-82E4-4C56-A6A6-E2B51ACAB5CF, 2021-03-31T18:04:03, true
9DDDD405-82E4-4C56-A6A6-E2B51ACAB5CF, 2021-03-31T18:05:04, true
9DDDD405-82E4-4C56-A6A6-E2B51ACAB5CF, 2021-03-31T18:06:07, true
9DDDD405-82E4-4C56-A6A6-E2B51ACAB5CF, 2021-03-31T18:07:09, true
9DDDD405-82E4-4C56-A6A6-E2B51ACAB5CF, 2021-03-31T18:08:10, true
9DDDD405-82E4-4C56-A6A6-E2B51ACAB5CF, 2021-03-31T18:09:10, true
9DDDD405-82E4-4C56-A6A6-E2B51ACAB5CF, 2021-03-31T18:10:13, true
9DDDD405-82E4-4C56-A6A6-E2B51ACAB5CF, 2021-03-31T18:11:13, true
9DDDD405-82E4-4C56-A6A6-E2B51ACAB5CF, 2021-03-31T18:12:17, true
9DDDD405-82E4-4C56-A6A6-E2B51ACAB5CF, 2021-03-31T18:13:19, true
9DDDD405-82E4-4C56-A6A6-E2B51ACAB5CF, 2021-03-31T18:14:22, true
9DDDD405-82E4-4C56-A6A6-E2B51ACAB5CF, 2021-03-31T18:15:22, false
9DDDD405-82E4-4C56-A6A6-E2B51ACAB5CF, 2021-03-31T18:15:54, true
9DDDD405-82E4-4C56-A6A6-E2B51ACAB5CF, 2021-03-31T18:17:12, true
9DDDD405-82E4-4C56-A6A6-E2B51ACAB5CF, 2021-03-31T18:18:12, true
9DDDD405-82E4-4C56-A6A6-E2B51ACAB5CF, 2021-03-31T18:19:12, true
9DDDD405-82E4-4C56-A6A6-E2B51ACAB5CF, 2021-03-31T18:20:13, true
9DDDD405-82E4-4C56-A6A6-E2B51ACAB5CF, 2021-03-31T18:21:18, true
9DDDD405-82E4-4C56-A6A6-E2B51ACAB5CF, 2021-03-31T18:22:20, true
9DDDD405-82E4-4C56-A6A6-E2B51ACAB5CF, 2021-03-31T18:23:34, true
9DDDD405-82E4-4C56-A6A6-E2B51ACAB5CF, 2021-03-31T18:24:37, true
9DDDD405-82E4-4C56-A6A6-E2B51ACAB5CF, 2021-03-31T18:25:40, true
9DDDD405-82E4-4C56-A6A6-E2B51ACAB5CF, 2021-03-31T18:26:42, true
9DDDD405-82E4-4C56-A6A6-E2B51ACAB5CF, 2021-03-31T18:27:45, true
9DDDD405-82E4-4C56-A6A6-E2B51ACAB5CF, 2021-03-31T18:28:52, true
9DDDD405-82E4-4C56-A6A6-E2B51ACAB5CF, 2021-03-31T18:29:55, true
9DDDD405-82E4-4C56-A6A6-E2B51ACAB5CF, 2021-03-31T18:30:58, true
9DDDD405-82E4-4C56-A6A6-E2B51ACAB5CF, 2021-03-31T18:31:59, true
9DDDD405-82E4-4C56-A6A6-E2B51ACAB5CF, 2021-03-31T18:33:05, true
9DDDD405-82E4-4C56-A6A6-E2B51ACAB5CF, 2021-03-31T18:34:05, true
9DDDD405-82E4-4C56-A6A6-E2B51ACAB5CF, 2021-03-31T18:35:22, true
9DDDD405-82E4-4C56-A6A6-E2B51ACAB5CF, 2021-03-31T18:36:24, true
9DDDD405-82E4-4C56-A6A6-E2B51ACAB5CF, 2021-03-31T18:37:34, true
9DDDD405-82E4-4C56-A6A6-E2B51ACAB5CF, 2021-03-31T18:38:38, true
9DDDD405-82E4-4C56-A6A6-E2B51ACAB5CF, 2021-03-31T18:39:39, true
9DDDD405-82E4-4C56-A6A6-E2B51ACAB5CF, 2021-03-31T18:40:41, true
9DDDD405-82E4-4C56-A6A6-E2B51ACAB5CF, 2021-03-31T18:41:41, false
9DDDD405-82E4-4C56-A6A6-E2B51ACAB5CF, 2021-03-31T18:42:41, false
9DDDD405-82E4-4C56-A6A6-E2B51ACAB5CF, 2021-03-31T18:43:41, false
9DDDD405-82E4-4C56-A6A6-E2B51ACAB5CF, 2021-03-31T18:44:41, false
9DDDD405-82E4-4C56-A6A6-E2B51ACAB5CF, 2021-03-31T18:45:41, false
9DDDD405-82E4-4C56-A6A6-E2B51ACAB5CF, 2021-03-31T18:46:41, false
9DDDD405-82E4-4C56-A6A6-E2B51ACAB5CF, 2021-03-31T18:47:41, false
9DDDD405-82E4-4C56-A6A6-E2B51ACAB5CF, 2021-03-31T18:48:41, false
9DDDD405-82E4-4C56-A6A6-E2B51ACAB5CF, 2021-03-31T18:49:41, false
9DDDD405-82E4-4C56-A6A6-E2B51ACAB5CF, 2021-03-31T18:50:41, false
9DDDD405-82E4-4C56-A6A6-E2B51ACAB5CF, 2021-03-31T18:51:41, false
9DDDD405-82E4-4C56-A6A6-E2B51ACAB5CF, 2021-03-31T18:52:41, false
9DDDD405-82E4-4C56-A6A6-E2B51ACAB5CF, 2021-03-31T18:53:41, false
9DDDD405-82E4-4C56-A6A6-E2B51ACAB5CF, 2021-03-31T18:54:41, false
9DDDD405-82E4-4C56-A6A6-E2B51ACAB5CF, 2021-03-31T18:55:54, true
9DDDD405-82E4-4C56-A6A6-E2B51ACAB5CF, 2021-03-31T18:56:56, true
9DDDD405-82E4-4C56-A6A6-E2B51ACAB5CF, 2021-03-31T18:58:01, true
9DDDD405-82E4-4C56-A6A6-E2B51ACAB5CF, 2021-03-31T18:59:02, true
9DDDD405-82E4-4C56-A6A6-E2B51ACAB5CF, 2021-03-31T19:00:02, true
9DDDD405-82E4-4C56-A6A6-E2B51ACAB5CF, 2021-03-31T19:01:02, true
9DDDD405-82E4-4C56-A6A6-E2B51ACAB5CF, 2021-03-31T19:02:18, true
9DDDD405-82E4-4C56-A6A6-E2B51ACAB5CF, 2021-03-31T19:03:18, true
9DDDD405-82E4-4C56-A6A6-E2B51ACAB5CF, 2021-03-31T19:04:36, true
9DDDD405-82E4-4C56-A6A6-E2B51ACAB5CF, 2021-03-31T19:05:37, true
9DDDD405-82E4-4C56-A6A6-E2B51ACAB5CF, 2021-03-31T19:06:39, true
9DDDD405-82E4-4C56-A6A6-E2B51ACAB5CF, 2021-03-31T19:07:46, true
9DDDD405-82E4-4C56-A6A6-E2B51ACAB5CF, 2021-03-31T19:09:01, true
9DDDD405-82E4-4C56-A6A6-E2B51ACAB5CF, 2021-03-31T19:10:16, true
9DDDD405-82E4-4C56-A6A6-E2B51ACAB5CF, 2021-03-31T19:11:18, true
9DDDD405-82E4-4C56-A6A6-E2B51ACAB5CF, 2021-03-31T19:12:23, true
9DDDD405-82E4-4C56-A6A6-E2B51ACAB5CF, 2021-03-31T19:13:25, true
9DDDD405-82E4-4C56-A6A6-E2B51ACAB5CF, 2021-03-31T19:14:25, true
9DDDD405-82E4-4C56-A6A6-E2B51ACAB5CF, 2021-03-31T19:15:28, true
9DDDD405-82E4-4C56-A6A6-E2B51ACAB5CF, 2021-03-31T19:16:29, true
9DDDD405-82E4-4C56-A6A6-E2B51ACAB5CF, 2021-03-31T19:17:41, true
9DDDD405-82E4-4C56-A6A6-E2B51ACAB5CF, 2021-03-31T19:18:46, true
9DDDD405-82E4-4C56-A6A6-E2B51ACAB5CF, 2021-03-31T19:19:46, true
9DDDD405-82E4-4C56-A6A6-E2B51ACAB5CF, 2021-03-31T19:20:48, true
9DDDD405-82E4-4C56-A6A6-E2B51ACAB5CF, 2021-03-31T19:21:51, true
9DDDD405-82E4-4C56-A6A6-E2B51ACAB5CF, 2021-03-31T19:22:56, true
9DDDD405-82E4-4C56-A6A6-E2B51ACAB5CF, 2021-03-31T19:23:57, true
9DDDD405-82E4-4C56-A6A6-E2B51ACAB5CF, 2021-03-31T19:25:00, true
9DDDD405-82E4-4C56-A6A6-E2B51ACAB5CF, 2021-03-31T19:26:03, true
9DDDD405-82E4-4C56-A6A6-E2B51ACAB5CF, 2021-03-31T19:27:06, true
9DDDD405-82E4-4C56-A6A6-E2B51ACAB5CF, 2021-03-31T19:28:06, true
9DDDD405-82E4-4C56-A6A6-E2B51ACAB5CF, 2021-03-31T19:29:09, true
9DDDD405-82E4-4C56-A6A6-E2B51ACAB5CF, 2021-03-31T19:30:13, true
9DDDD405-82E4-4C56-A6A6-E2B51ACAB5CF, 2021-03-31T19:31:16, true
9DDDD405-82E4-4C56-A6A6-E2B51ACAB5CF, 2021-03-31T19:32:19, true
9DDDD405-82E4-4C56-A6A6-E2B51ACAB5CF, 2021-03-31T19:33:36, true
9DDDD405-82E4-4C56-A6A6-E2B51ACAB5CF, 2021-03-31T19:34:44, true
9DDDD405-82E4-4C56-A6A6-E2B51ACAB5CF, 2021-03-31T19:36:00, true
9DDDD405-82E4-4C56-A6A6-E2B51ACAB5CF, 2021-03-31T19:37:07, true
9DDDD405-82E4-4C56-A6A6-E2B51ACAB5CF, 2021-03-31T19:38:21, true
9DDDD405-82E4-4C56-A6A6-E2B51ACAB5CF, 2021-03-31T19:39:35, true
9DDDD405-82E4-4C56-A6A6-E2B51ACAB5CF, 2021-03-31T19:40:38, true
9DDDD405-82E4-4C56-A6A6-E2B51ACAB5CF, 2021-03-31T19:41:42, true
9DDDD405-82E4-4C56-A6A6-E2B51ACAB5CF, 2021-03-31T19:42:44, true
9DDDD405-82E4-4C56-A6A6-E2B51ACAB5CF, 2021-03-31T19:43:45, true
9DDDD405-82E4-4C56-A6A6-E2B51ACAB5CF, 2021-03-31T19:44:50, true
9DDDD405-82E4-4C56-A6A6-E2B51ACAB5CF, 2021-03-31T19:45:52, true
9DDDD405-82E4-4C56-A6A6-E2B51ACAB5CF, 2021-03-31T19:46:57, true
9DDDD405-82E4-4C56-A6A6-E2B51ACAB5CF, 2021-03-31T19:48:00, true
9DDDD405-82E4-4C56-A6A6-E2B51ACAB5CF, 2021-03-31T19:49:01, true
9DDDD405-82E4-4C56-A6A6-E2B51ACAB5CF, 2021-03-31T19:50:01, false
9DDDD405-82E4-4C56-A6A6-E2B51ACAB5CF, 2021-03-31T19:50:45, true
9DDDD405-82E4-4C56-A6A6-E2B51ACAB5CF, 2021-03-31T19:51:50, true
9DDDD405-82E4-4C56-A6A6-E2B51ACAB5CF, 2021-03-31T19:52:53, true
9DDDD405-82E4-4C56-A6A6-E2B51ACAB5CF, 2021-03-31T19:54:00, true
9DDDD405-82E4-4C56-A6A6-E2B51ACAB5CF, 2021-03-31T19:55:01, true
9DDDD405-82E4-4C56-A6A6-E2B51ACAB5CF, 2021-03-31T19:56:02, true
9DDDD405-82E4-4C56-A6A6-E2B51ACAB5CF, 2021-03-31T19:57:03, true
9DDDD405-82E4-4C56-A6A6-E2B51ACAB5CF, 2021-03-31T19:58:04, true
9DDDD405-82E4-4C56-A6A6-E2B51ACAB5CF, 2021-03-31T19:59:07, true
9DDDD405-82E4-4C56-A6A6-E2B51ACAB5CF, 2021-03-31T20:00:11, true
9DDDD405-82E4-4C56-A6A6-E2B51ACAB5CF, 2021-03-31T20:01:12, true
9DDDD405-82E4-4C56-A6A6-E2B51ACAB5CF, 2021-03-31T20:02:22, true
9DDDD405-82E4-4C56-A6A6-E2B51ACAB5CF, 2021-03-31T20:03:24, true
9DDDD405-82E4-4C56-A6A6-E2B51ACAB5CF, 2021-03-31T20:04:30, true
9DDDD405-82E4-4C56-A6A6-E2B51ACAB5CF, 2021-03-31T20:05:34, true
9DDDD405-82E4-4C56-A6A6-E2B51ACAB5CF, 2021-03-31T20:06:36, true
9DDDD405-82E4-4C56-A6A6-E2B51ACAB5CF, 2021-03-31T20:07:37, true
9DDDD405-82E4-4C56-A6A6-E2B51ACAB5CF, 2021-03-31T20:08:39, true
9DDDD405-82E4-4C56-A6A6-E2B51ACAB5CF, 2021-03-31T20:09:42, true
9DDDD405-82E4-4C56-A6A6-E2B51ACAB5CF, 2021-03-31T20:10:45, true
9DDDD405-82E4-4C56-A6A6-E2B51ACAB5CF, 2021-03-31T20:11:45, false
9DDDD405-82E4-4C56-A6A6-E2B51ACAB5CF, 2021-03-31T20:12:18, true
9DDDD405-82E4-4C56-A6A6-E2B51ACAB5CF, 2021-03-31T20:13:18, false
9DDDD405-82E4-4C56-A6A6-E2B51ACAB5CF, 2021-03-31T20:14:09, true
9DDDD405-82E4-4C56-A6A6-E2B51ACAB5CF, 2021-03-31T20:15:09, false
9DDDD405-82E4-4C56-A6A6-E2B51ACAB5CF, 2021-03-31T20:15:49, true
9DDDD405-82E4-4C56-A6A6-E2B51ACAB5CF, 2021-03-31T20:16:53, true
9DDDD405-82E4-4C56-A6A6-E2B51ACAB5CF, 2021-03-31T20:17:56, true
9DDDD405-82E4-4C56-A6A6-E2B51ACAB5CF, 2021-03-31T20:18:57, true
9DDDD405-82E4-4C56-A6A6-E2B51ACAB5CF, 2021-03-31T20:19:57, false
9DDDD405-82E4-4C56-A6A6-E2B51ACAB5CF, 2021-03-31T20:20:59, true
9DDDD405-82E4-4C56-A6A6-E2B51ACAB5CF, 2021-03-31T20:22:04, true
9DDDD405-82E4-4C56-A6A6-E2B51ACAB5CF, 2021-03-31T20:23:09, true
9DDDD405-82E4-4C56-A6A6-E2B51ACAB5CF, 2021-03-31T20:24:22, true
9DDDD405-82E4-4C56-A6A6-E2B51ACAB5CF, 2021-03-31T20:25:35, true
9DDDD405-82E4-4C56-A6A6-E2B51ACAB5CF, 2021-03-31T20:26:39, true
9DDDD405-82E4-4C56-A6A6-E2B51ACAB5CF, 2021-03-31T20:27:40, true
9DDDD405-82E4-4C56-A6A6-E2B51ACAB5CF, 2021-03-31T20:28:40, true
9DDDD405-82E4-4C56-A6A6-E2B51ACAB5CF, 2021-03-31T20:29:41, true
9DDDD405-82E4-4C56-A6A6-E2B51ACAB5CF, 2021-03-31T20:30:46, true
9DDDD405-82E4-4C56-A6A6-E2B51ACAB5CF, 2021-03-31T20:31:58, true
9DDDD405-82E4-4C56-A6A6-E2B51ACAB5CF, 2021-03-31T20:32:58, false
9DDDD405-82E4-4C56-A6A6-E2B51ACAB5CF, 2021-03-31T20:33:58, false
9DDDD405-82E4-4C56-A6A6-E2B51ACAB5CF, 2021-03-31T20:34:39, true
9DDDD405-82E4-4C56-A6A6-E2B51ACAB5CF, 2021-03-31T20:35:39, false
9DDDD405-82E4-4C56-A6A6-E2B51ACAB5CF, 2021-03-31T20:36:26, true
9DDDD405-82E4-4C56-A6A6-E2B51ACAB5CF, 2021-03-31T20:37:26, false
9DDDD405-82E4-4C56-A6A6-E2B51ACAB5CF, 2021-03-31T20:38:43, true
9DDDD405-82E4-4C56-A6A6-E2B51ACAB5CF, 2021-03-31T20:39:49, true
9DDDD405-82E4-4C56-A6A6-E2B51ACAB5CF, 2021-03-31T20:40:54, true
9DDDD405-82E4-4C56-A6A6-E2B51ACAB5CF, 2021-03-31T20:41:56, true
9DDDD405-82E4-4C56-A6A6-E2B51ACAB5CF, 2021-03-31T20:42:58, true
9DDDD405-82E4-4C56-A6A6-E2B51ACAB5CF, 2021-03-31T20:44:00, true
9DDDD405-82E4-4C56-A6A6-E2B51ACAB5CF, 2021-03-31T20:45:02, true
9DDDD405-82E4-4C56-A6A6-E2B51ACAB5CF, 2021-03-31T20:46:04, true
9DDDD405-82E4-4C56-A6A6-E2B51ACAB5CF, 2021-03-31T20:47:13, true
9DDDD405-82E4-4C56-A6A6-E2B51ACAB5CF, 2021-03-31T20:48:14, true
9DDDD405-82E4-4C56-A6A6-E2B51ACAB5CF, 2021-03-31T20:49:14, false
9DDDD405-82E4-4C56-A6A6-E2B51ACAB5CF, 2021-03-31T20:50:14, false
9DDDD405-82E4-4C56-A6A6-E2B51ACAB5CF, 2021-03-31T20:50:51, true
9DDDD405-82E4-4C56-A6A6-E2B51ACAB5CF, 2021-03-31T20:51:57, true
9DDDD405-82E4-4C56-A6A6-E2B51ACAB5CF, 2021-03-31T20:52:59, true
9DDDD405-82E4-4C56-A6A6-E2B51ACAB5CF, 2021-03-31T20:54:08, true
9DDDD405-82E4-4C56-A6A6-E2B51ACAB5CF, 2021-03-31T20:55:30, true
9DDDD405-82E4-4C56-A6A6-E2B51ACAB5CF, 2021-03-31T20:56:36, true
9DDDD405-82E4-4C56-A6A6-E2B51ACAB5CF, 2021-03-31T20:57:42, true
9DDDD405-82E4-4C56-A6A6-E2B51ACAB5CF, 2021-03-31T20:58:42, false
9DDDD405-82E4-4C56-A6A6-E2B51ACAB5CF, 2021-03-31T20:59:36, true
9DDDD405-82E4-4C56-A6A6-E2B51ACAB5CF, 2021-03-31T21:00:40, true
9DDDD405-82E4-4C56-A6A6-E2B51ACAB5CF, 2021-03-31T21:01:49, true
9DDDD405-82E4-4C56-A6A6-E2B51ACAB5CF, 2021-03-31T21:02:50, true
9DDDD405-82E4-4C56-A6A6-E2B51ACAB5CF, 2021-03-31T21:03:50, true
9DDDD405-82E4-4C56-A6A6-E2B51ACAB5CF, 2021-03-31T21:04:50, false
9DDDD405-82E4-4C56-A6A6-E2B51ACAB5CF, 2021-03-31T21:05:50, false
9DDDD405-82E4-4C56-A6A6-E2B51ACAB5CF, 2021-03-31T21:06:50, false
9DDDD405-82E4-4C56-A6A6-E2B51ACAB5CF, 2021-03-31T21:07:50, false
9DDDD405-82E4-4C56-A6A6-E2B51ACAB5CF, 2021-03-31T21:08:50, false
9DDDD405-82E4-4C56-A6A6-E2B51ACAB5CF, 2021-03-31T21:09:50, false
9DDDD405-82E4-4C56-A6A6-E2B51ACAB5CF, 2021-03-31T21:10:50, false
9DDDD405-82E4-4C56-A6A6-E2B51ACAB5CF, 2021-03-31T21:11:50, false
9DDDD405-82E4-4C56-A6A6-E2B51ACAB5CF, 2021-03-31T21:12:21, true
9DDDD405-82E4-4C56-A6A6-E2B51ACAB5CF, 2021-03-31T21:13:34, true
9DDDD405-82E4-4C56-A6A6-E2B51ACAB5CF, 2021-03-31T21:14:38, true
9DDDD405-82E4-4C56-A6A6-E2B51ACAB5CF, 2021-03-31T21:15:41, true
9DDDD405-82E4-4C56-A6A6-E2B51ACAB5CF, 2021-03-31T21:16:43, true
9DDDD405-82E4-4C56-A6A6-E2B51ACAB5CF, 2021-03-31T21:17:43, true
9DDDD405-82E4-4C56-A6A6-E2B51ACAB5CF, 2021-03-31T21:18:44, true
9DDDD405-82E4-4C56-A6A6-E2B51ACAB5CF, 2021-03-31T21:19:45, true
9DDDD405-82E4-4C56-A6A6-E2B51ACAB5CF, 2021-03-31T21:20:48, true
9DDDD405-82E4-4C56-A6A6-E2B51ACAB5CF, 2021-03-31T21:21:51, true
9DDDD405-82E4-4C56-A6A6-E2B51ACAB5CF, 2021-03-31T21:22:52, true
9DDDD405-82E4-4C56-A6A6-E2B51ACAB5CF, 2021-03-31T21:23:53, true
9DDDD405-82E4-4C56-A6A6-E2B51ACAB5CF, 2021-03-31T21:24:55, true
9DDDD405-82E4-4C56-A6A6-E2B51ACAB5CF, 2021-03-31T21:25:57, true
9DDDD405-82E4-4C56-A6A6-E2B51ACAB5CF, 2021-03-31T21:27:00, true
9DDDD405-82E4-4C56-A6A6-E2B51ACAB5CF, 2021-03-31T21:28:02, true
9DDDD405-82E4-4C56-A6A6-E2B51ACAB5CF, 2021-03-31T21:29:03, true
9DDDD405-82E4-4C56-A6A6-E2B51ACAB5CF, 2021-03-31T21:30:06, true
9DDDD405-82E4-4C56-A6A6-E2B51ACAB5CF, 2021-03-31T21:31:07, true
9DDDD405-82E4-4C56-A6A6-E2B51ACAB5CF, 2021-03-31T21:32:10, true
9DDDD405-82E4-4C56-A6A6-E2B51ACAB5CF, 2021-03-31T21:33:11, true
9DDDD405-82E4-4C56-A6A6-E2B51ACAB5CF, 2021-03-31T21:34:12, true
9DDDD405-82E4-4C56-A6A6-E2B51ACAB5CF, 2021-03-31T21:35:25, true
9DDDD405-82E4-4C56-A6A6-E2B51ACAB5CF, 2021-03-31T21:36:29, true
9DDDD405-82E4-4C56-A6A6-E2B51ACAB5CF, 2021-03-31T21:37:31, true
9DDDD405-82E4-4C56-A6A6-E2B51ACAB5CF, 2021-03-31T21:38:36, true
9DDDD405-82E4-4C56-A6A6-E2B51ACAB5CF, 2021-03-31T21:39:38, true
9DDDD405-82E4-4C56-A6A6-E2B51ACAB5CF, 2021-03-31T21:40:40, true
9DDDD405-82E4-4C56-A6A6-E2B51ACAB5CF, 2021-03-31T21:41:40, true
9DDDD405-82E4-4C56-A6A6-E2B51ACAB5CF, 2021-03-31T21:42:41, true
9DDDD405-82E4-4C56-A6A6-E2B51ACAB5CF, 2021-03-31T21:43:43, true
9DDDD405-82E4-4C56-A6A6-E2B51ACAB5CF, 2021-03-31T21:44:45, true
9DDDD405-82E4-4C56-A6A6-E2B51ACAB5CF, 2021-03-31T21:45:45, true
9DDDD405-82E4-4C56-A6A6-E2B51ACAB5CF, 2021-03-31T21:46:49, true
9DDDD405-82E4-4C56-A6A6-E2B51ACAB5CF, 2021-03-31T21:47:49, true
9DDDD405-82E4-4C56-A6A6-E2B51ACAB5CF, 2021-03-31T21:48:53, true
9DDDD405-82E4-4C56-A6A6-E2B51ACAB5CF, 2021-03-31T21:49:56, true
9DDDD405-82E4-4C56-A6A6-E2B51ACAB5CF, 2021-03-31T21:51:01, true
9DDDD405-82E4-4C56-A6A6-E2B51ACAB5CF, 2021-03-31T21:52:01, true
9DDDD405-82E4-4C56-A6A6-E2B51ACAB5CF, 2021-03-31T21:53:04, true
9DDDD405-82E4-4C56-A6A6-E2B51ACAB5CF, 2021-03-31T21:54:08, true
9DDDD405-82E4-4C56-A6A6-E2B51ACAB5CF, 2021-03-31T21:55:16, true
9DDDD405-82E4-4C56-A6A6-E2B51ACAB5CF, 2021-03-31T21:56:18, true
9DDDD405-82E4-4C56-A6A6-E2B51ACAB5CF, 2021-03-31T21:57:26, true
9DDDD405-82E4-4C56-A6A6-E2B51ACAB5CF, 2021-03-31T21:58:27, true
9DDDD405-82E4-4C56-A6A6-E2B51ACAB5CF, 2021-03-31T21:59:30, true
9DDDD405-82E4-4C56-A6A6-E2B51ACAB5CF, 2021-03-31T22:00:32, true
9DDDD405-82E4-4C56-A6A6-E2B51ACAB5CF, 2021-03-31T22:01:34, true
9DDDD405-82E4-4C56-A6A6-E2B51ACAB5CF, 2021-03-31T22:02:37, true
9DDDD405-82E4-4C56-A6A6-E2B51ACAB5CF, 2021-03-31T22:03:37, true
9DDDD405-82E4-4C56-A6A6-E2B51ACAB5CF, 2021-03-31T22:04:39, true
9DDDD405-82E4-4C56-A6A6-E2B51ACAB5CF, 2021-03-31T22:05:41, true
9DDDD405-82E4-4C56-A6A6-E2B51ACAB5CF, 2021-03-31T22:06:43, true
9DDDD405-82E4-4C56-A6A6-E2B51ACAB5CF, 2021-03-31T22:07:43, true
9DDDD405-82E4-4C56-A6A6-E2B51ACAB5CF, 2021-03-31T22:08:50, true
9DDDD405-82E4-4C56-A6A6-E2B51ACAB5CF, 2021-03-31T22:09:51, true
9DDDD405-82E4-4C56-A6A6-E2B51ACAB5CF, 2021-03-31T22:10:54, true
9DDDD405-82E4-4C56-A6A6-E2B51ACAB5CF, 2021-03-31T22:11:55, true
9DDDD405-82E4-4C56-A6A6-E2B51ACAB5CF, 2021-03-31T22:12:55, true
9DDDD405-82E4-4C56-A6A6-E2B51ACAB5CF, 2021-03-31T22:13:59, true
9DDDD405-82E4-4C56-A6A6-E2B51ACAB5CF, 2021-03-31T22:14:59, true
9DDDD405-82E4-4C56-A6A6-E2B51ACAB5CF, 2021-03-31T22:15:59, true
9DDDD405-82E4-4C56-A6A6-E2B51ACAB5CF, 2021-03-31T22:17:00, true
9DDDD405-82E4-4C56-A6A6-E2B51ACAB5CF, 2021-03-31T22:18:03, true
9DDDD405-82E4-4C56-A6A6-E2B51ACAB5CF, 2021-03-31T22:19:04, true
9DDDD405-82E4-4C56-A6A6-E2B51ACAB5CF, 2021-03-31T22:20:08, true
9DDDD405-82E4-4C56-A6A6-E2B51ACAB5CF, 2021-03-31T22:21:13, true
9DDDD405-82E4-4C56-A6A6-E2B51ACAB5CF, 2021-03-31T22:22:18, true
9DDDD405-82E4-4C56-A6A6-E2B51ACAB5CF, 2021-03-31T22:23:19, true
9DDDD405-82E4-4C56-A6A6-E2B51ACAB5CF, 2021-03-31T22:24:20, true
9DDDD405-82E4-4C56-A6A6-E2B51ACAB5CF, 2021-03-31T22:25:22, true
9DDDD405-82E4-4C56-A6A6-E2B51ACAB5CF, 2021-03-31T22:26:23, true
9DDDD405-82E4-4C56-A6A6-E2B51ACAB5CF, 2021-03-31T22:27:33, true
9DDDD405-82E4-4C56-A6A6-E2B51ACAB5CF, 2021-03-31T22:28:36, true
9DDDD405-82E4-4C56-A6A6-E2B51ACAB5CF, 2021-03-31T22:29:37, true
9DDDD405-82E4-4C56-A6A6-E2B51ACAB5CF, 2021-03-31T22:30:41, true
9DDDD405-82E4-4C56-A6A6-E2B51ACAB5CF, 2021-03-31T22:31:43, true
9DDDD405-82E4-4C56-A6A6-E2B51ACAB5CF, 2021-03-31T22:32:45, true
9DDDD405-82E4-4C56-A6A6-E2B51ACAB5CF, 2021-03-31T22:33:46, true
9DDDD405-82E4-4C56-A6A6-E2B51ACAB5CF, 2021-03-31T22:34:50, true
9DDDD405-82E4-4C56-A6A6-E2B51ACAB5CF, 2021-03-31T22:35:51, true
9DDDD405-82E4-4C56-A6A6-E2B51ACAB5CF, 2021-03-31T22:36:55, true
9DDDD405-82E4-4C56-A6A6-E2B51ACAB5CF, 2021-03-31T22:37:57, true
9DDDD405-82E4-4C56-A6A6-E2B51ACAB5CF, 2021-03-31T22:38:58, true
9DDDD405-82E4-4C56-A6A6-E2B51ACAB5CF, 2021-03-31T22:39:58, true
9DDDD405-82E4-4C56-A6A6-E2B51ACAB5CF, 2021-03-31T22:41:13, true
9DDDD405-82E4-4C56-A6A6-E2B51ACAB5CF, 2021-03-31T22:42:17, true
9DDDD405-82E4-4C56-A6A6-E2B51ACAB5CF, 2021-03-31T22:43:18, true
9DDDD405-82E4-4C56-A6A6-E2B51ACAB5CF, 2021-03-31T22:44:19, true
