Device, Measure Date Time, Exist
9DDDD405-82E4-4C56-A6A6-E2B51ACAB5CF, 2021-04-04T22:45:51, true
9DDDD405-82E4-4C56-A6A6-E2B51ACAB5CF, 2021-04-04T22:46:53, true
9DDDD405-82E4-4C56-A6A6-E2B51ACAB5CF, 2021-04-04T22:47:55, true
9DDDD405-82E4-4C56-A6A6-E2B51ACAB5CF, 2021-04-04T22:48:57, true
9DDDD405-82E4-4C56-A6A6-E2B51ACAB5CF, 2021-04-04T22:49:58, true
9DDDD405-82E4-4C56-A6A6-E2B51ACAB5CF, 2021-04-04T22:51:15, true
9DDDD405-82E4-4C56-A6A6-E2B51ACAB5CF, 2021-04-04T22:52:16, true
9DDDD405-82E4-4C56-A6A6-E2B51ACAB5CF, 2021-04-04T22:53:17, true
9DDDD405-82E4-4C56-A6A6-E2B51ACAB5CF, 2021-04-04T22:54:17, true
9DDDD405-82E4-4C56-A6A6-E2B51ACAB5CF, 2021-04-04T22:55:39, true
9DDDD405-82E4-4C56-A6A6-E2B51ACAB5CF, 2021-04-04T22:56:39, true
9DDDD405-82E4-4C56-A6A6-E2B51ACAB5CF, 2021-04-04T22:57:42, true
9DDDD405-82E4-4C56-A6A6-E2B51ACAB5CF, 2021-04-04T22:58:45, true
9DDDD405-82E4-4C56-A6A6-E2B51ACAB5CF, 2021-04-04T22:59:48, true
9DDDD405-82E4-4C56-A6A6-E2B51ACAB5CF, 2021-04-04T23:00:51, true
9DDDD405-82E4-4C56-A6A6-E2B51ACAB5CF, 2021-04-04T23:01:52, true
9DDDD405-82E4-4C56-A6A6-E2B51ACAB5CF, 2021-04-04T23:02:53, true
9DDDD405-82E4-4C56-A6A6-E2B51ACAB5CF, 2021-04-04T23:04:04, true
9DDDD405-82E4-4C56-A6A6-E2B51ACAB5CF, 2021-04-04T23:05:05, true
9DDDD405-82E4-4C56-A6A6-E2B51ACAB5CF, 2021-04-04T23:06:10, true
9DDDD405-82E4-4C56-A6A6-E2B51ACAB5CF, 2021-04-04T23:07:13, true
9DDDD405-82E4-4C56-A6A6-E2B51ACAB5CF, 2021-04-04T23:08:14, true
9DDDD405-82E4-4C56-A6A6-E2B51ACAB5CF, 2021-04-04T23:09:16, true
9DDDD405-82E4-4C56-A6A6-E2B51ACAB5CF, 2021-04-04T23:10:19, true
9DDDD405-82E4-4C56-A6A6-E2B51ACAB5CF, 2021-04-04T23:11:21, true
9DDDD405-82E4-4C56-A6A6-E2B51ACAB5CF, 2021-04-04T23:12:25, true
9DDDD405-82E4-4C56-A6A6-E2B51ACAB5CF, 2021-04-04T23:13:27, true
9DDDD405-82E4-4C56-A6A6-E2B51ACAB5CF, 2021-04-04T23:14:30, true
9DDDD405-82E4-4C56-A6A6-E2B51ACAB5CF, 2021-04-04T23:15:41, true
9DDDD405-82E4-4C56-A6A6-E2B51ACAB5CF, 2021-04-04T23:16:41, true
9DDDD405-82E4-4C56-A6A6-E2B51ACAB5CF, 2021-04-04T23:17:43, true
9DDDD405-82E4-4C56-A6A6-E2B51ACAB5CF, 2021-04-04T23:18:44, true
9DDDD405-82E4-4C56-A6A6-E2B51ACAB5CF, 2021-04-04T23:19:45, true
9DDDD405-82E4-4C56-A6A6-E2B51ACAB5CF, 2021-04-04T23:20:46, true
9DDDD405-82E4-4C56-A6A6-E2B51ACAB5CF, 2021-04-04T23:21:50, true
9DDDD405-82E4-4C56-A6A6-E2B51ACAB5CF, 2021-04-04T23:22:56, true
9DDDD405-82E4-4C56-A6A6-E2B51ACAB5CF, 2021-04-04T23:24:01, true
9DDDD405-82E4-4C56-A6A6-E2B51ACAB5CF, 2021-04-04T23:25:04, true
9DDDD405-82E4-4C56-A6A6-E2B51ACAB5CF, 2021-04-04T23:26:16, true
9DDDD405-82E4-4C56-A6A6-E2B51ACAB5CF, 2021-04-04T23:27:16, true
9DDDD405-82E4-4C56-A6A6-E2B51ACAB5CF, 2021-04-04T23:28:17, true
9DDDD405-82E4-4C56-A6A6-E2B51ACAB5CF, 2021-04-04T23:29:24, true
9DDDD405-82E4-4C56-A6A6-E2B51ACAB5CF, 2021-04-04T23:30:52, true
9DDDD405-82E4-4C56-A6A6-E2B51ACAB5CF, 2021-04-04T23:31:53, true
9DDDD405-82E4-4C56-A6A6-E2B51ACAB5CF, 2021-04-04T23:32:57, true
9DDDD405-82E4-4C56-A6A6-E2B51ACAB5CF, 2021-04-04T23:33:58, true
9DDDD405-82E4-4C56-A6A6-E2B51ACAB5CF, 2021-04-04T23:34:59, true
9DDDD405-82E4-4C56-A6A6-E2B51ACAB5CF, 2021-04-04T23:36:01, true
9DDDD405-82E4-4C56-A6A6-E2B51ACAB5CF, 2021-04-04T23:37:04, true
9DDDD405-82E4-4C56-A6A6-E2B51ACAB5CF, 2021-04-04T23:38:05, true
9DDDD405-82E4-4C56-A6A6-E2B51ACAB5CF, 2021-04-04T23:39:06, true
9DDDD405-82E4-4C56-A6A6-E2B51ACAB5CF, 2021-04-04T23:40:07, true
9DDDD405-82E4-4C56-A6A6-E2B51ACAB5CF, 2021-04-04T23:41:07, true
9DDDD405-82E4-4C56-A6A6-E2B51ACAB5CF, 2021-04-04T23:42:11, true
9DDDD405-82E4-4C56-A6A6-E2B51ACAB5CF, 2021-04-04T23:43:23, true
9DDDD405-82E4-4C56-A6A6-E2B51ACAB5CF, 2021-04-04T23:44:24, true
9DDDD405-82E4-4C56-A6A6-E2B51ACAB5CF, 2021-04-04T23:45:25, true
9DDDD405-82E4-4C56-A6A6-E2B51ACAB5CF, 2021-04-04T23:46:28, true
9DDDD405-82E4-4C56-A6A6-E2B51ACAB5CF, 2021-04-04T23:47:30, true
9DDDD405-82E4-4C56-A6A6-E2B51ACAB5CF, 2021-04-04T23:48:31, true
9DDDD405-82E4-4C56-A6A6-E2B51ACAB5CF, 2021-04-04T23:49:34, true
9DDDD405-82E4-4C56-A6A6-E2B51ACAB5CF, 2021-04-04T23:50:36, true
9DDDD405-82E4-4C56-A6A6-E2B51ACAB5CF, 2021-04-04T23:51:36, false
9DDDD405-82E4-4C56-A6A6-E2B51ACAB5CF, 2021-04-04T23:52:08, true
9DDDD405-82E4-4C56-A6A6-E2B51ACAB5CF, 2021-04-04T23:53:10, true
9DDDD405-82E4-4C56-A6A6-E2B51ACAB5CF, 2021-04-04T23:54:13, true
9DDDD405-82E4-4C56-A6A6-E2B51ACAB5CF, 2021-04-04T23:55:16, true
9DDDD405-82E4-4C56-A6A6-E2B51ACAB5CF, 2021-04-04T23:56:17, true
9DDDD405-82E4-4C56-A6A6-E2B51ACAB5CF, 2021-04-04T23:57:18, true
9DDDD405-82E4-4C56-A6A6-E2B51ACAB5CF, 2021-04-04T23:58:19, true
9DDDD405-82E4-4C56-A6A6-E2B51ACAB5CF, 2021-04-04T23:59:30, true
9DDDD405-82E4-4C56-A6A6-E2B51ACAB5CF, 2021-04-05T00:00:33, true
9DDDD405-82E4-4C56-A6A6-E2B51ACAB5CF, 2021-04-05T00:01:35, true
9DDDD405-82E4-4C56-A6A6-E2B51ACAB5CF, 2021-04-05T00:02:37, true
9DDDD405-82E4-4C56-A6A6-E2B51ACAB5CF, 2021-04-05T00:03:41, true
9DDDD405-82E4-4C56-A6A6-E2B51ACAB5CF, 2021-04-05T00:04:41, true
9DDDD405-82E4-4C56-A6A6-E2B51ACAB5CF, 2021-04-05T00:05:44, true
9DDDD405-82E4-4C56-A6A6-E2B51ACAB5CF, 2021-04-05T00:06:49, true
9DDDD405-82E4-4C56-A6A6-E2B51ACAB5CF, 2021-04-05T00:07:52, true
9DDDD405-82E4-4C56-A6A6-E2B51ACAB5CF, 2021-04-05T00:08:53, true
9DDDD405-82E4-4C56-A6A6-E2B51ACAB5CF, 2021-04-05T00:10:07, true
9DDDD405-82E4-4C56-A6A6-E2B51ACAB5CF, 2021-04-05T00:11:31, true
9DDDD405-82E4-4C56-A6A6-E2B51ACAB5CF, 2021-04-05T00:12:35, true
9DDDD405-82E4-4C56-A6A6-E2B51ACAB5CF, 2021-04-05T00:13:44, true
9DDDD405-82E4-4C56-A6A6-E2B51ACAB5CF, 2021-04-05T00:14:46, true
9DDDD405-82E4-4C56-A6A6-E2B51ACAB5CF, 2021-04-05T00:15:51, true
9DDDD405-82E4-4C56-A6A6-E2B51ACAB5CF, 2021-04-05T00:16:54, true
9DDDD405-82E4-4C56-A6A6-E2B51ACAB5CF, 2021-04-05T00:17:57, true
9DDDD405-82E4-4C56-A6A6-E2B51ACAB5CF, 2021-04-05T00:19:00, true
9DDDD405-82E4-4C56-A6A6-E2B51ACAB5CF, 2021-04-05T00:20:01, true
9DDDD405-82E4-4C56-A6A6-E2B51ACAB5CF, 2021-04-05T00:21:14, true
9DDDD405-82E4-4C56-A6A6-E2B51ACAB5CF, 2021-04-05T00:22:16, true
9DDDD405-82E4-4C56-A6A6-E2B51ACAB5CF, 2021-04-05T00:23:17, true
9DDDD405-82E4-4C56-A6A6-E2B51ACAB5CF, 2021-04-05T00:24:19, true
9DDDD405-82E4-4C56-A6A6-E2B51ACAB5CF, 2021-04-05T00:25:20, true
9DDDD405-82E4-4C56-A6A6-E2B51ACAB5CF, 2021-04-05T00:26:22, true
9DDDD405-82E4-4C56-A6A6-E2B51ACAB5CF, 2021-04-05T00:27:24, true
9DDDD405-82E4-4C56-A6A6-E2B51ACAB5CF, 2021-04-05T00:28:25, true
9DDDD405-82E4-4C56-A6A6-E2B51ACAB5CF, 2021-04-05T00:29:26, true
9DDDD405-82E4-4C56-A6A6-E2B51ACAB5CF, 2021-04-05T00:30:29, true
9DDDD405-82E4-4C56-A6A6-E2B51ACAB5CF, 2021-04-05T00:31:32, true
9DDDD405-82E4-4C56-A6A6-E2B51ACAB5CF, 2021-04-05T00:32:37, true
9DDDD405-82E4-4C56-A6A6-E2B51ACAB5CF, 2021-04-05T00:33:37, true
9DDDD405-82E4-4C56-A6A6-E2B51ACAB5CF, 2021-04-05T00:34:37, true
9DDDD405-82E4-4C56-A6A6-E2B51ACAB5CF, 2021-04-05T00:35:39, true
9DDDD405-82E4-4C56-A6A6-E2B51ACAB5CF, 2021-04-05T00:36:41, true
9DDDD405-82E4-4C56-A6A6-E2B51ACAB5CF, 2021-04-05T00:37:42, true
9DDDD405-82E4-4C56-A6A6-E2B51ACAB5CF, 2021-04-05T00:38:43, true
9DDDD405-82E4-4C56-A6A6-E2B51ACAB5CF, 2021-04-05T00:39:48, true
9DDDD405-82E4-4C56-A6A6-E2B51ACAB5CF, 2021-04-05T00:40:51, true
9DDDD405-82E4-4C56-A6A6-E2B51ACAB5CF, 2021-04-05T00:41:53, true
9DDDD405-82E4-4C56-A6A6-E2B51ACAB5CF, 2021-04-05T00:43:05, true
9DDDD405-82E4-4C56-A6A6-E2B51ACAB5CF, 2021-04-05T00:44:06, true
9DDDD405-82E4-4C56-A6A6-E2B51ACAB5CF, 2021-04-05T00:45:12, true
9DDDD405-82E4-4C56-A6A6-E2B51ACAB5CF, 2021-04-05T00:46:15, true
9DDDD405-82E4-4C56-A6A6-E2B51ACAB5CF, 2021-04-05T00:47:15, true
9DDDD405-82E4-4C56-A6A6-E2B51ACAB5CF, 2021-04-05T00:48:17, true
9DDDD405-82E4-4C56-A6A6-E2B51ACAB5CF, 2021-04-05T00:49:21, true
9DDDD405-82E4-4C56-A6A6-E2B51ACAB5CF, 2021-04-05T00:50:23, true
9DDDD405-82E4-4C56-A6A6-E2B51ACAB5CF, 2021-04-05T00:51:25, true
9DDDD405-82E4-4C56-A6A6-E2B51ACAB5CF, 2021-04-05T00:52:28, true
9DDDD405-82E4-4C56-A6A6-E2B51ACAB5CF, 2021-04-05T00:53:30, true
9DDDD405-82E4-4C56-A6A6-E2B51ACAB5CF, 2021-04-05T00:54:36, true
9DDDD405-82E4-4C56-A6A6-E2B51ACAB5CF, 2021-04-05T00:55:39, true
9DDDD405-82E4-4C56-A6A6-E2B51ACAB5CF, 2021-04-05T00:56:40, true
9DDDD405-82E4-4C56-A6A6-E2B51ACAB5CF, 2021-04-05T00:57:57, true
9DDDD405-82E4-4C56-A6A6-E2B51ACAB5CF, 2021-04-05T00:58:58, true
9DDDD405-82E4-4C56-A6A6-E2B51ACAB5CF, 2021-04-05T01:00:00, true
9DDDD405-82E4-4C56-A6A6-E2B51ACAB5CF, 2021-04-05T01:01:02, true
9DDDD405-82E4-4C56-A6A6-E2B51ACAB5CF, 2021-04-05T01:02:06, true
9DDDD405-82E4-4C56-A6A6-E2B51ACAB5CF, 2021-04-05T01:03:09, true
9DDDD405-82E4-4C56-A6A6-E2B51ACAB5CF, 2021-04-05T01:04:11, true
9DDDD405-82E4-4C56-A6A6-E2B51ACAB5CF, 2021-04-05T01:05:15, true
9DDDD405-82E4-4C56-A6A6-E2B51ACAB5CF, 2021-04-05T01:06:16, true
9DDDD405-82E4-4C56-A6A6-E2B51ACAB5CF, 2021-04-05T01:07:17, true
9DDDD405-82E4-4C56-A6A6-E2B51ACAB5CF, 2021-04-05T01:08:19, true
9DDDD405-82E4-4C56-A6A6-E2B51ACAB5CF, 2021-04-05T01:09:20, true
9DDDD405-82E4-4C56-A6A6-E2B51ACAB5CF, 2021-04-05T01:10:23, true
9DDDD405-82E4-4C56-A6A6-E2B51ACAB5CF, 2021-04-05T01:11:25, true
9DDDD405-82E4-4C56-A6A6-E2B51ACAB5CF, 2021-04-05T01:12:26, true
9DDDD405-82E4-4C56-A6A6-E2B51ACAB5CF, 2021-04-05T01:13:29, true
9DDDD405-82E4-4C56-A6A6-E2B51ACAB5CF, 2021-04-05T01:14:31, true
9DDDD405-82E4-4C56-A6A6-E2B51ACAB5CF, 2021-04-05T01:15:32, true
9DDDD405-82E4-4C56-A6A6-E2B51ACAB5CF, 2021-04-05T01:16:43, true
9DDDD405-82E4-4C56-A6A6-E2B51ACAB5CF, 2021-04-05T01:17:44, true
9DDDD405-82E4-4C56-A6A6-E2B51ACAB5CF, 2021-04-05T01:18:46, true
9DDDD405-82E4-4C56-A6A6-E2B51ACAB5CF, 2021-04-05T01:19:48, true
9DDDD405-82E4-4C56-A6A6-E2B51ACAB5CF, 2021-04-05T01:20:49, true
9DDDD405-82E4-4C56-A6A6-E2B51ACAB5CF, 2021-04-05T01:21:52, true
9DDDD405-82E4-4C56-A6A6-E2B51ACAB5CF, 2021-04-05T01:22:56, true
9DDDD405-82E4-4C56-A6A6-E2B51ACAB5CF, 2021-04-05T01:23:59, true
9DDDD405-82E4-4C56-A6A6-E2B51ACAB5CF, 2021-04-05T01:25:02, true
9DDDD405-82E4-4C56-A6A6-E2B51ACAB5CF, 2021-04-05T01:26:05, true
9DDDD405-82E4-4C56-A6A6-E2B51ACAB5CF, 2021-04-05T01:27:16, true
9DDDD405-82E4-4C56-A6A6-E2B51ACAB5CF, 2021-04-05T01:28:18, true
9DDDD405-82E4-4C56-A6A6-E2B51ACAB5CF, 2021-04-05T01:29:18, true
9DDDD405-82E4-4C56-A6A6-E2B51ACAB5CF, 2021-04-05T01:30:20, true
9DDDD405-82E4-4C56-A6A6-E2B51ACAB5CF, 2021-04-05T01:31:24, true
9DDDD405-82E4-4C56-A6A6-E2B51ACAB5CF, 2021-04-05T01:32:24, true
9DDDD405-82E4-4C56-A6A6-E2B51ACAB5CF, 2021-04-05T01:33:27, true
9DDDD405-82E4-4C56-A6A6-E2B51ACAB5CF, 2021-04-05T01:34:51, true
9DDDD405-82E4-4C56-A6A6-E2B51ACAB5CF, 2021-04-05T01:35:53, true
9DDDD405-82E4-4C56-A6A6-E2B51ACAB5CF, 2021-04-05T01:36:57, true
9DDDD405-82E4-4C56-A6A6-E2B51ACAB5CF, 2021-04-05T01:38:04, true
9DDDD405-82E4-4C56-A6A6-E2B51ACAB5CF, 2021-04-05T01:39:09, true
9DDDD405-82E4-4C56-A6A6-E2B51ACAB5CF, 2021-04-05T01:40:10, true
9DDDD405-82E4-4C56-A6A6-E2B51ACAB5CF, 2021-04-05T01:41:11, true
9DDDD405-82E4-4C56-A6A6-E2B51ACAB5CF, 2021-04-05T01:42:15, true
9DDDD405-82E4-4C56-A6A6-E2B51ACAB5CF, 2021-04-05T01:43:16, true
9DDDD405-82E4-4C56-A6A6-E2B51ACAB5CF, 2021-04-05T01:44:17, true
9DDDD405-82E4-4C56-A6A6-E2B51ACAB5CF, 2021-04-05T01:45:46, true
9DDDD405-82E4-4C56-A6A6-E2B51ACAB5CF, 2021-04-05T01:46:47, true
9DDDD405-82E4-4C56-A6A6-E2B51ACAB5CF, 2021-04-05T01:47:47, true
9DDDD405-82E4-4C56-A6A6-E2B51ACAB5CF, 2021-04-05T01:48:48, true
9DDDD405-82E4-4C56-A6A6-E2B51ACAB5CF, 2021-04-05T01:49:51, true
9DDDD405-82E4-4C56-A6A6-E2B51ACAB5CF, 2021-04-05T01:50:51, true
9DDDD405-82E4-4C56-A6A6-E2B51ACAB5CF, 2021-04-05T01:51:51, true
9DDDD405-82E4-4C56-A6A6-E2B51ACAB5CF, 2021-04-05T01:52:53, true
9DDDD405-82E4-4C56-A6A6-E2B51ACAB5CF, 2021-04-05T01:53:54, true
9DDDD405-82E4-4C56-A6A6-E2B51ACAB5CF, 2021-04-05T01:55:07, true
9DDDD405-82E4-4C56-A6A6-E2B51ACAB5CF, 2021-04-05T01:56:10, true
9DDDD405-82E4-4C56-A6A6-E2B51ACAB5CF, 2021-04-05T01:57:11, true
9DDDD405-82E4-4C56-A6A6-E2B51ACAB5CF, 2021-04-05T01:58:12, true
9DDDD405-82E4-4C56-A6A6-E2B51ACAB5CF, 2021-04-05T01:59:12, true
9DDDD405-82E4-4C56-A6A6-E2B51ACAB5CF, 2021-04-05T02:00:19, true
9DDDD405-82E4-4C56-A6A6-E2B51ACAB5CF, 2021-04-05T02:01:21, true
9DDDD405-82E4-4C56-A6A6-E2B51ACAB5CF, 2021-04-05T02:02:21, true
9DDDD405-82E4-4C56-A6A6-E2B51ACAB5CF, 2021-04-05T02:03:25, true
9DDDD405-82E4-4C56-A6A6-E2B51ACAB5CF, 2021-04-05T02:04:26, true
9DDDD405-82E4-4C56-A6A6-E2B51ACAB5CF, 2021-04-05T02:05:32, true
9DDDD405-82E4-4C56-A6A6-E2B51ACAB5CF, 2021-04-05T02:06:34, true
9DDDD405-82E4-4C56-A6A6-E2B51ACAB5CF, 2021-04-05T02:07:39, true
9DDDD405-82E4-4C56-A6A6-E2B51ACAB5CF, 2021-04-05T02:08:46, true
9DDDD405-82E4-4C56-A6A6-E2B51ACAB5CF, 2021-04-05T02:09:49, true
9DDDD405-82E4-4C56-A6A6-E2B51ACAB5CF, 2021-04-05T02:10:51, true
9DDDD405-82E4-4C56-A6A6-E2B51ACAB5CF, 2021-04-05T02:11:54, true
9DDDD405-82E4-4C56-A6A6-E2B51ACAB5CF, 2021-04-05T02:12:55, true
9DDDD405-82E4-4C56-A6A6-E2B51ACAB5CF, 2021-04-05T02:13:55, true
9DDDD405-82E4-4C56-A6A6-E2B51ACAB5CF, 2021-04-05T02:14:57, true
9DDDD405-82E4-4C56-A6A6-E2B51ACAB5CF, 2021-04-05T02:15:58, true
9DDDD405-82E4-4C56-A6A6-E2B51ACAB5CF, 2021-04-05T02:17:01, true
9DDDD405-82E4-4C56-A6A6-E2B51ACAB5CF, 2021-04-05T02:18:04, true
9DDDD405-82E4-4C56-A6A6-E2B51ACAB5CF, 2021-04-05T02:19:07, true
9DDDD405-82E4-4C56-A6A6-E2B51ACAB5CF, 2021-04-05T02:20:09, true
9DDDD405-82E4-4C56-A6A6-E2B51ACAB5CF, 2021-04-05T02:21:09, true
9DDDD405-82E4-4C56-A6A6-E2B51ACAB5CF, 2021-04-05T02:22:16, true
9DDDD405-82E4-4C56-A6A6-E2B51ACAB5CF, 2021-04-05T02:23:32, true
9DDDD405-82E4-4C56-A6A6-E2B51ACAB5CF, 2021-04-05T02:24:35, true
9DDDD405-82E4-4C56-A6A6-E2B51ACAB5CF, 2021-04-05T02:25:35, true
9DDDD405-82E4-4C56-A6A6-E2B51ACAB5CF, 2021-04-05T02:26:37, true
9DDDD405-82E4-4C56-A6A6-E2B51ACAB5CF, 2021-04-05T02:27:38, true
9DDDD405-82E4-4C56-A6A6-E2B51ACAB5CF, 2021-04-05T02:28:40, true
9DDDD405-82E4-4C56-A6A6-E2B51ACAB5CF, 2021-04-05T02:29:43, true
9DDDD405-82E4-4C56-A6A6-E2B51ACAB5CF, 2021-04-05T02:30:45, true
9DDDD405-82E4-4C56-A6A6-E2B51ACAB5CF, 2021-04-05T02:32:08, true
9DDDD405-82E4-4C56-A6A6-E2B51ACAB5CF, 2021-04-05T02:33:16, true
9DDDD405-82E4-4C56-A6A6-E2B51ACAB5CF, 2021-04-05T02:34:19, true
9DDDD405-82E4-4C56-A6A6-E2B51ACAB5CF, 2021-04-05T02:35:22, true
9DDDD405-82E4-4C56-A6A6-E2B51ACAB5CF, 2021-04-05T02:36:23, true
9DDDD405-82E4-4C56-A6A6-E2B51ACAB5CF, 2021-04-05T02:37:27, true
9DDDD405-82E4-4C56-A6A6-E2B51ACAB5CF, 2021-04-05T02:38:28, true
9DDDD405-82E4-4C56-A6A6-E2B51ACAB5CF, 2021-04-05T02:39:28, true
9DDDD405-82E4-4C56-A6A6-E2B51ACAB5CF, 2021-04-05T02:40:28, true
9DDDD405-82E4-4C56-A6A6-E2B51ACAB5CF, 2021-04-05T02:41:32, true
9DDDD405-82E4-4C56-A6A6-E2B51ACAB5CF, 2021-04-05T02:42:34, true
9DDDD405-82E4-4C56-A6A6-E2B51ACAB5CF, 2021-04-05T02:43:37, true
9DDDD405-82E4-4C56-A6A6-E2B51ACAB5CF, 2021-04-05T02:44:43, true
9DDDD405-82E4-4C56-A6A6-E2B51ACAB5CF, 2021-04-05T02:45:46, true
9DDDD405-82E4-4C56-A6A6-E2B51ACAB5CF, 2021-04-05T02:46:48, true
9DDDD405-82E4-4C56-A6A6-E2B51ACAB5CF, 2021-04-05T02:47:49, true
9DDDD405-82E4-4C56-A6A6-E2B51ACAB5CF, 2021-04-05T02:48:52, true
9DDDD405-82E4-4C56-A6A6-E2B51ACAB5CF, 2021-04-05T02:49:56, true
9DDDD405-82E4-4C56-A6A6-E2B51ACAB5CF, 2021-04-05T02:50:58, true
9DDDD405-82E4-4C56-A6A6-E2B51ACAB5CF, 2021-04-05T02:52:01, true
9DDDD405-82E4-4C56-A6A6-E2B51ACAB5CF, 2021-04-05T02:53:01, true
9DDDD405-82E4-4C56-A6A6-E2B51ACAB5CF, 2021-04-05T02:54:07, true
9DDDD405-82E4-4C56-A6A6-E2B51ACAB5CF, 2021-04-05T02:55:07, true
9DDDD405-82E4-4C56-A6A6-E2B51ACAB5CF, 2021-04-05T02:56:13, true
9DDDD405-82E4-4C56-A6A6-E2B51ACAB5CF, 2021-04-05T02:57:15, true
9DDDD405-82E4-4C56-A6A6-E2B51ACAB5CF, 2021-04-05T02:58:15, true
9DDDD405-82E4-4C56-A6A6-E2B51ACAB5CF, 2021-04-05T02:59:18, true
9DDDD405-82E4-4C56-A6A6-E2B51ACAB5CF, 2021-04-05T03:00:26, true
9DDDD405-82E4-4C56-A6A6-E2B51ACAB5CF, 2021-04-05T03:01:29, true
9DDDD405-82E4-4C56-A6A6-E2B51ACAB5CF, 2021-04-05T03:02:29, true
9DDDD405-82E4-4C56-A6A6-E2B51ACAB5CF, 2021-04-05T03:03:30, true
9DDDD405-82E4-4C56-A6A6-E2B51ACAB5CF, 2021-04-05T03:04:31, true
9DDDD405-82E4-4C56-A6A6-E2B51ACAB5CF, 2021-04-05T03:05:34, true
9DDDD405-82E4-4C56-A6A6-E2B51ACAB5CF, 2021-04-05T03:06:44, true
9DDDD405-82E4-4C56-A6A6-E2B51ACAB5CF, 2021-04-05T03:07:47, true
9DDDD405-82E4-4C56-A6A6-E2B51ACAB5CF, 2021-04-05T03:08:49, true
9DDDD405-82E4-4C56-A6A6-E2B51ACAB5CF, 2021-04-05T03:09:52, true
9DDDD405-82E4-4C56-A6A6-E2B51ACAB5CF, 2021-04-05T03:10:55, true
9DDDD405-82E4-4C56-A6A6-E2B51ACAB5CF, 2021-04-05T03:11:55, true
9DDDD405-82E4-4C56-A6A6-E2B51ACAB5CF, 2021-04-05T03:12:57, true
9DDDD405-82E4-4C56-A6A6-E2B51ACAB5CF, 2021-04-05T03:13:59, true
9DDDD405-82E4-4C56-A6A6-E2B51ACAB5CF, 2021-04-05T03:15:03, true
9DDDD405-82E4-4C56-A6A6-E2B51ACAB5CF, 2021-04-05T03:16:08, true
9DDDD405-82E4-4C56-A6A6-E2B51ACAB5CF, 2021-04-05T03:17:16, true
9DDDD405-82E4-4C56-A6A6-E2B51ACAB5CF, 2021-04-05T03:18:19, true
9DDDD405-82E4-4C56-A6A6-E2B51ACAB5CF, 2021-04-05T03:19:24, true
9DDDD405-82E4-4C56-A6A6-E2B51ACAB5CF, 2021-04-05T03:20:25, true
9DDDD405-82E4-4C56-A6A6-E2B51ACAB5CF, 2021-04-05T03:21:27, true
9DDDD405-82E4-4C56-A6A6-E2B51ACAB5CF, 2021-04-05T03:22:30, true
9DDDD405-82E4-4C56-A6A6-E2B51ACAB5CF, 2021-04-05T03:23:37, true
9DDDD405-82E4-4C56-A6A6-E2B51ACAB5CF, 2021-04-05T03:24:40, true
9DDDD405-82E4-4C56-A6A6-E2B51ACAB5CF, 2021-04-05T03:25:41, true
9DDDD405-82E4-4C56-A6A6-E2B51ACAB5CF, 2021-04-05T03:26:42, true
9DDDD405-82E4-4C56-A6A6-E2B51ACAB5CF, 2021-04-05T03:27:44, true
9DDDD405-82E4-4C56-A6A6-E2B51ACAB5CF, 2021-04-05T03:28:56, true
9DDDD405-82E4-4C56-A6A6-E2B51ACAB5CF, 2021-04-05T03:29:58, true
9DDDD405-82E4-4C56-A6A6-E2B51ACAB5CF, 2021-04-05T03:31:00, true
9DDDD405-82E4-4C56-A6A6-E2B51ACAB5CF, 2021-04-05T03:32:02, true
9DDDD405-82E4-4C56-A6A6-E2B51ACAB5CF, 2021-04-05T03:33:04, true
9DDDD405-82E4-4C56-A6A6-E2B51ACAB5CF, 2021-04-05T03:34:05, true
9DDDD405-82E4-4C56-A6A6-E2B51ACAB5CF, 2021-04-05T03:35:05, true
9DDDD405-82E4-4C56-A6A6-E2B51ACAB5CF, 2021-04-05T03:36:08, true
9DDDD405-82E4-4C56-A6A6-E2B51ACAB5CF, 2021-04-05T03:37:14, true
9DDDD405-82E4-4C56-A6A6-E2B51ACAB5CF, 2021-04-05T03:38:18, true
9DDDD405-82E4-4C56-A6A6-E2B51ACAB5CF, 2021-04-05T03:39:21, true
9DDDD405-82E4-4C56-A6A6-E2B51ACAB5CF, 2021-04-05T03:40:23, true
9DDDD405-82E4-4C56-A6A6-E2B51ACAB5CF, 2021-04-05T03:41:24, true
9DDDD405-82E4-4C56-A6A6-E2B51ACAB5CF, 2021-04-05T03:42:26, true
9DDDD405-82E4-4C56-A6A6-E2B51ACAB5CF, 2021-04-05T03:43:27, true
9DDDD405-82E4-4C56-A6A6-E2B51ACAB5CF, 2021-04-05T03:44:28, true
9DDDD405-82E4-4C56-A6A6-E2B51ACAB5CF, 2021-04-05T03:45:31, true
9DDDD405-82E4-4C56-A6A6-E2B51ACAB5CF, 2021-04-05T03:46:32, true
9DDDD405-82E4-4C56-A6A6-E2B51ACAB5CF, 2021-04-05T03:47:35, true
9DDDD405-82E4-4C56-A6A6-E2B51ACAB5CF, 2021-04-05T03:48:38, true
9DDDD405-82E4-4C56-A6A6-E2B51ACAB5CF, 2021-04-05T03:49:41, true
9DDDD405-82E4-4C56-A6A6-E2B51ACAB5CF, 2021-04-05T03:50:41, true
9DDDD405-82E4-4C56-A6A6-E2B51ACAB5CF, 2021-04-05T03:51:42, true
9DDDD405-82E4-4C56-A6A6-E2B51ACAB5CF, 2021-04-05T03:52:42, true
9DDDD405-82E4-4C56-A6A6-E2B51ACAB5CF, 2021-04-05T03:53:46, true
9DDDD405-82E4-4C56-A6A6-E2B51ACAB5CF, 2021-04-05T03:54:47, true
9DDDD405-82E4-4C56-A6A6-E2B51ACAB5CF, 2021-04-05T03:56:02, true
9DDDD405-82E4-4C56-A6A6-E2B51ACAB5CF, 2021-04-05T03:57:03, true
9DDDD405-82E4-4C56-A6A6-E2B51ACAB5CF, 2021-04-05T03:58:04, true
9DDDD405-82E4-4C56-A6A6-E2B51ACAB5CF, 2021-04-05T03:59:10, true
9DDDD405-82E4-4C56-A6A6-E2B51ACAB5CF, 2021-04-05T04:00:12, true
9DDDD405-82E4-4C56-A6A6-E2B51ACAB5CF, 2021-04-05T04:01:16, true
9DDDD405-82E4-4C56-A6A6-E2B51ACAB5CF, 2021-04-05T04:02:18, true
9DDDD405-82E4-4C56-A6A6-E2B51ACAB5CF, 2021-04-05T04:03:22, true
9DDDD405-82E4-4C56-A6A6-E2B51ACAB5CF, 2021-04-05T04:04:23, true
9DDDD405-82E4-4C56-A6A6-E2B51ACAB5CF, 2021-04-05T04:05:26, true
9DDDD405-82E4-4C56-A6A6-E2B51ACAB5CF, 2021-04-05T04:06:30, true
9DDDD405-82E4-4C56-A6A6-E2B51ACAB5CF, 2021-04-05T04:07:38, true
9DDDD405-82E4-4C56-A6A6-E2B51ACAB5CF, 2021-04-05T04:08:38, true
9DDDD405-82E4-4C56-A6A6-E2B51ACAB5CF, 2021-04-05T04:09:38, true
9DDDD405-82E4-4C56-A6A6-E2B51ACAB5CF, 2021-04-05T04:10:40, true
9DDDD405-82E4-4C56-A6A6-E2B51ACAB5CF, 2021-04-05T04:11:40, true
9DDDD405-82E4-4C56-A6A6-E2B51ACAB5CF, 2021-04-05T04:12:45, true
9DDDD405-82E4-4C56-A6A6-E2B51ACAB5CF, 2021-04-05T04:13:49, true
9DDDD405-82E4-4C56-A6A6-E2B51ACAB5CF, 2021-04-05T04:14:53, true
9DDDD405-82E4-4C56-A6A6-E2B51ACAB5CF, 2021-04-05T04:15:55, true
9DDDD405-82E4-4C56-A6A6-E2B51ACAB5CF, 2021-04-05T04:16:57, true
9DDDD405-82E4-4C56-A6A6-E2B51ACAB5CF, 2021-04-05T04:18:00, true
9DDDD405-82E4-4C56-A6A6-E2B51ACAB5CF, 2021-04-05T04:19:00, true
9DDDD405-82E4-4C56-A6A6-E2B51ACAB5CF, 2021-04-05T04:20:03, true
9DDDD405-82E4-4C56-A6A6-E2B51ACAB5CF, 2021-04-05T04:21:03, true
9DDDD405-82E4-4C56-A6A6-E2B51ACAB5CF, 2021-04-05T04:22:06, true
9DDDD405-82E4-4C56-A6A6-E2B51ACAB5CF, 2021-04-05T04:23:07, true
9DDDD405-82E4-4C56-A6A6-E2B51ACAB5CF, 2021-04-05T04:24:10, true
9DDDD405-82E4-4C56-A6A6-E2B51ACAB5CF, 2021-04-05T04:25:11, true
9DDDD405-82E4-4C56-A6A6-E2B51ACAB5CF, 2021-04-05T04:26:19, true
9DDDD405-82E4-4C56-A6A6-E2B51ACAB5CF, 2021-04-05T04:27:20, true
9DDDD405-82E4-4C56-A6A6-E2B51ACAB5CF, 2021-04-05T04:28:24, true
9DDDD405-82E4-4C56-A6A6-E2B51ACAB5CF, 2021-04-05T04:29:26, true
9DDDD405-82E4-4C56-A6A6-E2B51ACAB5CF, 2021-04-05T04:30:29, true
9DDDD405-82E4-4C56-A6A6-E2B51ACAB5CF, 2021-04-05T04:31:31, true
9DDDD405-82E4-4C56-A6A6-E2B51ACAB5CF, 2021-04-05T04:32:32, true
9DDDD405-82E4-4C56-A6A6-E2B51ACAB5CF, 2021-04-05T04:33:34, true
9DDDD405-82E4-4C56-A6A6-E2B51ACAB5CF, 2021-04-05T04:34:44, true
9DDDD405-82E4-4C56-A6A6-E2B51ACAB5CF, 2021-04-05T04:35:46, true
9DDDD405-82E4-4C56-A6A6-E2B51ACAB5CF, 2021-04-05T04:36:47, true
9DDDD405-82E4-4C56-A6A6-E2B51ACAB5CF, 2021-04-05T04:37:50, true
9DDDD405-82E4-4C56-A6A6-E2B51ACAB5CF, 2021-04-05T04:38:51, true
9DDDD405-82E4-4C56-A6A6-E2B51ACAB5CF, 2021-04-05T04:39:54, true
9DDDD405-82E4-4C56-A6A6-E2B51ACAB5CF, 2021-04-05T04:40:58, true
9DDDD405-82E4-4C56-A6A6-E2B51ACAB5CF, 2021-04-05T04:41:58, true
9DDDD405-82E4-4C56-A6A6-E2B51ACAB5CF, 2021-04-05T04:43:00, true
9DDDD405-82E4-4C56-A6A6-E2B51ACAB5CF, 2021-04-05T04:44:01, true
9DDDD405-82E4-4C56-A6A6-E2B51ACAB5CF, 2021-04-05T04:45:02, true
9DDDD405-82E4-4C56-A6A6-E2B51ACAB5CF, 2021-04-05T04:46:04, true
9DDDD405-82E4-4C56-A6A6-E2B51ACAB5CF, 2021-04-05T04:47:07, true
9DDDD405-82E4-4C56-A6A6-E2B51ACAB5CF, 2021-04-05T04:48:08, true
9DDDD405-82E4-4C56-A6A6-E2B51ACAB5CF, 2021-04-05T04:49:11, true
9DDDD405-82E4-4C56-A6A6-E2B51ACAB5CF, 2021-04-05T04:50:12, true
9DDDD405-82E4-4C56-A6A6-E2B51ACAB5CF, 2021-04-05T04:51:15, true
9DDDD405-82E4-4C56-A6A6-E2B51ACAB5CF, 2021-04-05T04:52:15, true
9DDDD405-82E4-4C56-A6A6-E2B51ACAB5CF, 2021-04-05T04:53:17, true
9DDDD405-82E4-4C56-A6A6-E2B51ACAB5CF, 2021-04-05T04:54:20, true
9DDDD405-82E4-4C56-A6A6-E2B51ACAB5CF, 2021-04-05T04:55:24, true
9DDDD405-82E4-4C56-A6A6-E2B51ACAB5CF, 2021-04-05T04:56:29, true
9DDDD405-82E4-4C56-A6A6-E2B51ACAB5CF, 2021-04-05T04:57:30, true
9DDDD405-82E4-4C56-A6A6-E2B51ACAB5CF, 2021-04-05T04:58:33, true
9DDDD405-82E4-4C56-A6A6-E2B51ACAB5CF, 2021-04-05T04:59:39, true
9DDDD405-82E4-4C56-A6A6-E2B51ACAB5CF, 2021-04-05T05:00:41, true
9DDDD405-82E4-4C56-A6A6-E2B51ACAB5CF, 2021-04-05T05:01:46, true
9DDDD405-82E4-4C56-A6A6-E2B51ACAB5CF, 2021-04-05T05:02:47, true
9DDDD405-82E4-4C56-A6A6-E2B51ACAB5CF, 2021-04-05T05:03:51, true
9DDDD405-82E4-4C56-A6A6-E2B51ACAB5CF, 2021-04-05T05:04:52, true
9DDDD405-82E4-4C56-A6A6-E2B51ACAB5CF, 2021-04-05T05:05:52, true
9DDDD405-82E4-4C56-A6A6-E2B51ACAB5CF, 2021-04-05T05:07:11, true
9DDDD405-82E4-4C56-A6A6-E2B51ACAB5CF, 2021-04-05T05:08:12, true
9DDDD405-82E4-4C56-A6A6-E2B51ACAB5CF, 2021-04-05T05:09:28, true
9DDDD405-82E4-4C56-A6A6-E2B51ACAB5CF, 2021-04-05T05:10:28, true
9DDDD405-82E4-4C56-A6A6-E2B51ACAB5CF, 2021-04-05T05:11:29, true
9DDDD405-82E4-4C56-A6A6-E2B51ACAB5CF, 2021-04-05T05:12:30, true
9DDDD405-82E4-4C56-A6A6-E2B51ACAB5CF, 2021-04-05T05:13:30, true
9DDDD405-82E4-4C56-A6A6-E2B51ACAB5CF, 2021-04-05T05:14:34, true
9DDDD405-82E4-4C56-A6A6-E2B51ACAB5CF, 2021-04-05T05:15:36, true
9DDDD405-82E4-4C56-A6A6-E2B51ACAB5CF, 2021-04-05T05:16:38, true
9DDDD405-82E4-4C56-A6A6-E2B51ACAB5CF, 2021-04-05T05:17:38, true
9DDDD405-82E4-4C56-A6A6-E2B51ACAB5CF, 2021-04-05T05:18:40, true
9DDDD405-82E4-4C56-A6A6-E2B51ACAB5CF, 2021-04-05T05:19:44, true
9DDDD405-82E4-4C56-A6A6-E2B51ACAB5CF, 2021-04-05T05:20:46, true
9DDDD405-82E4-4C56-A6A6-E2B51ACAB5CF, 2021-04-05T05:21:48, true
9DDDD405-82E4-4C56-A6A6-E2B51ACAB5CF, 2021-04-05T05:22:48, true
9DDDD405-82E4-4C56-A6A6-E2B51ACAB5CF, 2021-04-05T05:23:50, true
9DDDD405-82E4-4C56-A6A6-E2B51ACAB5CF, 2021-04-05T05:24:55, true
9DDDD405-82E4-4C56-A6A6-E2B51ACAB5CF, 2021-04-05T05:25:58, true
9DDDD405-82E4-4C56-A6A6-E2B51ACAB5CF, 2021-04-05T05:27:02, true
9DDDD405-82E4-4C56-A6A6-E2B51ACAB5CF, 2021-04-05T05:28:06, true
9DDDD405-82E4-4C56-A6A6-E2B51ACAB5CF, 2021-04-05T05:29:18, true
9DDDD405-82E4-4C56-A6A6-E2B51ACAB5CF, 2021-04-05T05:30:37, true
9DDDD405-82E4-4C56-A6A6-E2B51ACAB5CF, 2021-04-05T05:31:41, true
9DDDD405-82E4-4C56-A6A6-E2B51ACAB5CF, 2021-04-05T05:32:44, true
9DDDD405-82E4-4C56-A6A6-E2B51ACAB5CF, 2021-04-05T05:33:45, true
9DDDD405-82E4-4C56-A6A6-E2B51ACAB5CF, 2021-04-05T05:34:55, true
9DDDD405-82E4-4C56-A6A6-E2B51ACAB5CF, 2021-04-05T05:35:56, true
9DDDD405-82E4-4C56-A6A6-E2B51ACAB5CF, 2021-04-05T05:36:58, true
9DDDD405-82E4-4C56-A6A6-E2B51ACAB5CF, 2021-04-05T05:37:58, true
9DDDD405-82E4-4C56-A6A6-E2B51ACAB5CF, 2021-04-05T05:39:00, true
9DDDD405-82E4-4C56-A6A6-E2B51ACAB5CF, 2021-04-05T05:40:05, true
9DDDD405-82E4-4C56-A6A6-E2B51ACAB5CF, 2021-04-05T05:41:07, true
9DDDD405-82E4-4C56-A6A6-E2B51ACAB5CF, 2021-04-05T05:42:08, true
9DDDD405-82E4-4C56-A6A6-E2B51ACAB5CF, 2021-04-05T05:43:10, true
9DDDD405-82E4-4C56-A6A6-E2B51ACAB5CF, 2021-04-05T05:44:13, true
9DDDD405-82E4-4C56-A6A6-E2B51ACAB5CF, 2021-04-05T05:45:16, true
9DDDD405-82E4-4C56-A6A6-E2B51ACAB5CF, 2021-04-05T05:46:18, true
9DDDD405-82E4-4C56-A6A6-E2B51ACAB5CF, 2021-04-05T05:47:20, true
9DDDD405-82E4-4C56-A6A6-E2B51ACAB5CF, 2021-04-05T05:48:22, true
9DDDD405-82E4-4C56-A6A6-E2B51ACAB5CF, 2021-04-05T05:49:24, true
9DDDD405-82E4-4C56-A6A6-E2B51ACAB5CF, 2021-04-05T05:50:26, true
9DDDD405-82E4-4C56-A6A6-E2B51ACAB5CF, 2021-04-05T05:51:28, true
9DDDD405-82E4-4C56-A6A6-E2B51ACAB5CF, 2021-04-05T05:52:29, true
9DDDD405-82E4-4C56-A6A6-E2B51ACAB5CF, 2021-04-05T05:53:29, false
9DDDD405-82E4-4C56-A6A6-E2B51ACAB5CF, 2021-04-05T05:54:28, true
9DDDD405-82E4-4C56-A6A6-E2B51ACAB5CF, 2021-04-05T05:55:31, true
9DDDD405-82E4-4C56-A6A6-E2B51ACAB5CF, 2021-04-05T05:56:31, false
9DDDD405-82E4-4C56-A6A6-E2B51ACAB5CF, 2021-04-05T05:57:03, true
9DDDD405-82E4-4C56-A6A6-E2B51ACAB5CF, 2021-04-05T05:58:03, true
9DDDD405-82E4-4C56-A6A6-E2B51ACAB5CF, 2021-04-05T05:59:15, true
9DDDD405-82E4-4C56-A6A6-E2B51ACAB5CF, 2021-04-05T06:00:19, true
9DDDD405-82E4-4C56-A6A6-E2B51ACAB5CF, 2021-04-05T06:01:23, true
9DDDD405-82E4-4C56-A6A6-E2B51ACAB5CF, 2021-04-05T06:02:29, true
9DDDD405-82E4-4C56-A6A6-E2B51ACAB5CF, 2021-04-05T06:03:32, true
9DDDD405-82E4-4C56-A6A6-E2B51ACAB5CF, 2021-04-05T06:04:34, true
9DDDD405-82E4-4C56-A6A6-E2B51ACAB5CF, 2021-04-05T06:05:37, true
9DDDD405-82E4-4C56-A6A6-E2B51ACAB5CF, 2021-04-05T06:06:39, true
9DDDD405-82E4-4C56-A6A6-E2B51ACAB5CF, 2021-04-05T06:07:40, true
9DDDD405-82E4-4C56-A6A6-E2B51ACAB5CF, 2021-04-05T06:09:07, true
9DDDD405-82E4-4C56-A6A6-E2B51ACAB5CF, 2021-04-05T06:10:10, true
9DDDD405-82E4-4C56-A6A6-E2B51ACAB5CF, 2021-04-05T06:11:26, true
9DDDD405-82E4-4C56-A6A6-E2B51ACAB5CF, 2021-04-05T06:12:30, true
9DDDD405-82E4-4C56-A6A6-E2B51ACAB5CF, 2021-04-05T06:13:34, true
9DDDD405-82E4-4C56-A6A6-E2B51ACAB5CF, 2021-04-05T06:14:36, true
9DDDD405-82E4-4C56-A6A6-E2B51ACAB5CF, 2021-04-05T06:15:47, true
9DDDD405-82E4-4C56-A6A6-E2B51ACAB5CF, 2021-04-05T06:16:51, true
9DDDD405-82E4-4C56-A6A6-E2B51ACAB5CF, 2021-04-05T06:17:55, true
9DDDD405-82E4-4C56-A6A6-E2B51ACAB5CF, 2021-04-05T06:18:56, true
9DDDD405-82E4-4C56-A6A6-E2B51ACAB5CF, 2021-04-05T06:20:22, true
9DDDD405-82E4-4C56-A6A6-E2B51ACAB5CF, 2021-04-05T06:21:22, false
9DDDD405-82E4-4C56-A6A6-E2B51ACAB5CF, 2021-04-05T06:22:22, false
9DDDD405-82E4-4C56-A6A6-E2B51ACAB5CF, 2021-04-05T06:23:22, false
9DDDD405-82E4-4C56-A6A6-E2B51ACAB5CF, 2021-04-05T06:24:22, false
9DDDD405-82E4-4C56-A6A6-E2B51ACAB5CF, 2021-04-05T06:25:17, true
9DDDD405-82E4-4C56-A6A6-E2B51ACAB5CF, 2021-04-05T06:26:20, true
9DDDD405-82E4-4C56-A6A6-E2B51ACAB5CF, 2021-04-05T06:27:21, true
9DDDD405-82E4-4C56-A6A6-E2B51ACAB5CF, 2021-04-05T06:28:42, true
9DDDD405-82E4-4C56-A6A6-E2B51ACAB5CF, 2021-04-05T06:29:48, true
9DDDD405-82E4-4C56-A6A6-E2B51ACAB5CF, 2021-04-05T06:30:48, true
9DDDD405-82E4-4C56-A6A6-E2B51ACAB5CF, 2021-04-05T06:31:50, true
9DDDD405-82E4-4C56-A6A6-E2B51ACAB5CF, 2021-04-05T06:32:51, true
9DDDD405-82E4-4C56-A6A6-E2B51ACAB5CF, 2021-04-05T06:33:54, true
9DDDD405-82E4-4C56-A6A6-E2B51ACAB5CF, 2021-04-05T06:34:58, true
9DDDD405-82E4-4C56-A6A6-E2B51ACAB5CF, 2021-04-05T06:35:58, false
9DDDD405-82E4-4C56-A6A6-E2B51ACAB5CF, 2021-04-05T06:36:33, true
9DDDD405-82E4-4C56-A6A6-E2B51ACAB5CF, 2021-04-05T06:37:35, true
9DDDD405-82E4-4C56-A6A6-E2B51ACAB5CF, 2021-04-05T06:38:38, true
9DDDD405-82E4-4C56-A6A6-E2B51ACAB5CF, 2021-04-05T06:39:42, true
9DDDD405-82E4-4C56-A6A6-E2B51ACAB5CF, 2021-04-05T06:40:45, true
9DDDD405-82E4-4C56-A6A6-E2B51ACAB5CF, 2021-04-05T06:41:47, true
9DDDD405-82E4-4C56-A6A6-E2B51ACAB5CF, 2021-04-05T06:42:49, true
9DDDD405-82E4-4C56-A6A6-E2B51ACAB5CF, 2021-04-05T06:43:51, true
9DDDD405-82E4-4C56-A6A6-E2B51ACAB5CF, 2021-04-05T06:44:54, true
9DDDD405-82E4-4C56-A6A6-E2B51ACAB5CF, 2021-04-05T06:45:55, true
9DDDD405-82E4-4C56-A6A6-E2B51ACAB5CF, 2021-04-05T06:47:02, true
9DDDD405-82E4-4C56-A6A6-E2B51ACAB5CF, 2021-04-05T06:48:05, true
9DDDD405-82E4-4C56-A6A6-E2B51ACAB5CF, 2021-04-05T06:49:07, true
9DDDD405-82E4-4C56-A6A6-E2B51ACAB5CF, 2021-04-05T06:50:10, true
9DDDD405-82E4-4C56-A6A6-E2B51ACAB5CF, 2021-04-05T06:51:12, true
9DDDD405-82E4-4C56-A6A6-E2B51ACAB5CF, 2021-04-05T06:52:16, true
9DDDD405-82E4-4C56-A6A6-E2B51ACAB5CF, 2021-04-05T06:53:23, true
9DDDD405-82E4-4C56-A6A6-E2B51ACAB5CF, 2021-04-05T06:54:24, true
9DDDD405-82E4-4C56-A6A6-E2B51ACAB5CF, 2021-04-05T06:55:33, true
9DDDD405-82E4-4C56-A6A6-E2B51ACAB5CF, 2021-04-05T06:56:34, true
9DDDD405-82E4-4C56-A6A6-E2B51ACAB5CF, 2021-04-05T06:57:36, true
9DDDD405-82E4-4C56-A6A6-E2B51ACAB5CF, 2021-04-05T06:58:46, true
9DDDD405-82E4-4C56-A6A6-E2B51ACAB5CF, 2021-04-05T06:59:49, true
9DDDD405-82E4-4C56-A6A6-E2B51ACAB5CF, 2021-04-05T07:00:52, true
9DDDD405-82E4-4C56-A6A6-E2B51ACAB5CF, 2021-04-05T07:01:56, true
9DDDD405-82E4-4C56-A6A6-E2B51ACAB5CF, 2021-04-05T07:02:58, true
9DDDD405-82E4-4C56-A6A6-E2B51ACAB5CF, 2021-04-05T07:04:00, true
9DDDD405-82E4-4C56-A6A6-E2B51ACAB5CF, 2021-04-05T07:05:01, true
9DDDD405-82E4-4C56-A6A6-E2B51ACAB5CF, 2021-04-05T07:06:25, true
9DDDD405-82E4-4C56-A6A6-E2B51ACAB5CF, 2021-04-05T07:07:39, true
9DDDD405-82E4-4C56-A6A6-E2B51ACAB5CF, 2021-04-05T07:08:41, true
9DDDD405-82E4-4C56-A6A6-E2B51ACAB5CF, 2021-04-05T07:09:44, true
9DDDD405-82E4-4C56-A6A6-E2B51ACAB5CF, 2021-04-05T07:10:50, true
9DDDD405-82E4-4C56-A6A6-E2B51ACAB5CF, 2021-04-05T07:11:57, true
9DDDD405-82E4-4C56-A6A6-E2B51ACAB5CF, 2021-04-05T07:13:00, true
9DDDD405-82E4-4C56-A6A6-E2B51ACAB5CF, 2021-04-05T07:14:01, true
9DDDD405-82E4-4C56-A6A6-E2B51ACAB5CF, 2021-04-05T07:15:01, true
9DDDD405-82E4-4C56-A6A6-E2B51ACAB5CF, 2021-04-05T07:16:01, false
9DDDD405-82E4-4C56-A6A6-E2B51ACAB5CF, 2021-04-05T07:16:41, true
9DDDD405-82E4-4C56-A6A6-E2B51ACAB5CF, 2021-04-05T07:17:44, true
9DDDD405-82E4-4C56-A6A6-E2B51ACAB5CF, 2021-04-05T07:18:45, true
9DDDD405-82E4-4C56-A6A6-E2B51ACAB5CF, 2021-04-05T07:19:45, false
9DDDD405-82E4-4C56-A6A6-E2B51ACAB5CF, 2021-04-05T07:20:28, true
9DDDD405-82E4-4C56-A6A6-E2B51ACAB5CF, 2021-04-05T07:21:32, true
9DDDD405-82E4-4C56-A6A6-E2B51ACAB5CF, 2021-04-05T07:22:39, true
9DDDD405-82E4-4C56-A6A6-E2B51ACAB5CF, 2021-04-05T07:23:43, true
9DDDD405-82E4-4C56-A6A6-E2B51ACAB5CF, 2021-04-05T07:24:46, true
9DDDD405-82E4-4C56-A6A6-E2B51ACAB5CF, 2021-04-05T07:25:58, true
9DDDD405-82E4-4C56-A6A6-E2B51ACAB5CF, 2021-04-05T07:26:59, true
9DDDD405-82E4-4C56-A6A6-E2B51ACAB5CF, 2021-04-05T07:28:03, true
9DDDD405-82E4-4C56-A6A6-E2B51ACAB5CF, 2021-04-05T07:29:06, true
9DDDD405-82E4-4C56-A6A6-E2B51ACAB5CF, 2021-04-05T07:30:07, true
9DDDD405-82E4-4C56-A6A6-E2B51ACAB5CF, 2021-04-05T07:31:10, true
9DDDD405-82E4-4C56-A6A6-E2B51ACAB5CF, 2021-04-05T07:32:12, true
9DDDD405-82E4-4C56-A6A6-E2B51ACAB5CF, 2021-04-05T07:33:12, true
9DDDD405-82E4-4C56-A6A6-E2B51ACAB5CF, 2021-04-05T07:34:14, true
9DDDD405-82E4-4C56-A6A6-E2B51ACAB5CF, 2021-04-05T07:35:15, true
9DDDD405-82E4-4C56-A6A6-E2B51ACAB5CF, 2021-04-05T07:36:19, true
9DDDD405-82E4-4C56-A6A6-E2B51ACAB5CF, 2021-04-05T07:37:19, true
9DDDD405-82E4-4C56-A6A6-E2B51ACAB5CF, 2021-04-05T07:38:19, true
9DDDD405-82E4-4C56-A6A6-E2B51ACAB5CF, 2021-04-05T07:39:27, true
9DDDD405-82E4-4C56-A6A6-E2B51ACAB5CF, 2021-04-05T07:40:29, true
9DDDD405-82E4-4C56-A6A6-E2B51ACAB5CF, 2021-04-05T07:41:34, true
9DDDD405-82E4-4C56-A6A6-E2B51ACAB5CF, 2021-04-05T07:42:42, true
9DDDD405-82E4-4C56-A6A6-E2B51ACAB5CF, 2021-04-05T07:43:47, true
9DDDD405-82E4-4C56-A6A6-E2B51ACAB5CF, 2021-04-05T07:44:51, true
9DDDD405-82E4-4C56-A6A6-E2B51ACAB5CF, 2021-04-05T07:45:55, true
9DDDD405-82E4-4C56-A6A6-E2B51ACAB5CF, 2021-04-05T07:46:58, true
9DDDD405-82E4-4C56-A6A6-E2B51ACAB5CF, 2021-04-05T07:48:02, true
9DDDD405-82E4-4C56-A6A6-E2B51ACAB5CF, 2021-04-05T07:49:05, true
9DDDD405-82E4-4C56-A6A6-E2B51ACAB5CF, 2021-04-05T07:50:11, true
9DDDD405-82E4-4C56-A6A6-E2B51ACAB5CF, 2021-04-05T07:51:14, true
9DDDD405-82E4-4C56-A6A6-E2B51ACAB5CF, 2021-04-05T07:52:17, true
9DDDD405-82E4-4C56-A6A6-E2B51ACAB5CF, 2021-04-05T07:53:25, true
9DDDD405-82E4-4C56-A6A6-E2B51ACAB5CF, 2021-04-05T07:54:38, true
9DDDD405-82E4-4C56-A6A6-E2B51ACAB5CF, 2021-04-05T07:55:41, true
9DDDD405-82E4-4C56-A6A6-E2B51ACAB5CF, 2021-04-05T07:56:41, true
9DDDD405-82E4-4C56-A6A6-E2B51ACAB5CF, 2021-04-05T07:57:42, true
9DDDD405-82E4-4C56-A6A6-E2B51ACAB5CF, 2021-04-05T07:58:56, true
9DDDD405-82E4-4C56-A6A6-E2B51ACAB5CF, 2021-04-05T07:59:59, true
9DDDD405-82E4-4C56-A6A6-E2B51ACAB5CF, 2021-04-05T08:00:59, true
9DDDD405-82E4-4C56-A6A6-E2B51ACAB5CF, 2021-04-05T08:02:02, true
9DDDD405-82E4-4C56-A6A6-E2B51ACAB5CF, 2021-04-05T08:03:05, true
9DDDD405-82E4-4C56-A6A6-E2B51ACAB5CF, 2021-04-05T08:04:17, true
9DDDD405-82E4-4C56-A6A6-E2B51ACAB5CF, 2021-04-05T08:05:17, true
9DDDD405-82E4-4C56-A6A6-E2B51ACAB5CF, 2021-04-05T08:06:19, true
9DDDD405-82E4-4C56-A6A6-E2B51ACAB5CF, 2021-04-05T08:07:22, true
9DDDD405-82E4-4C56-A6A6-E2B51ACAB5CF, 2021-04-05T08:08:24, true
9DDDD405-82E4-4C56-A6A6-E2B51ACAB5CF, 2021-04-05T08:09:27, true
9DDDD405-82E4-4C56-A6A6-E2B51ACAB5CF, 2021-04-05T08:10:28, true
9DDDD405-82E4-4C56-A6A6-E2B51ACAB5CF, 2021-04-05T08:11:39, true
9DDDD405-82E4-4C56-A6A6-E2B51ACAB5CF, 2021-04-05T08:12:39, false
9DDDD405-82E4-4C56-A6A6-E2B51ACAB5CF, 2021-04-05T08:13:11, true
9DDDD405-82E4-4C56-A6A6-E2B51ACAB5CF, 2021-04-05T08:14:38, true
9DDDD405-82E4-4C56-A6A6-E2B51ACAB5CF, 2021-04-05T08:15:57, true
9DDDD405-82E4-4C56-A6A6-E2B51ACAB5CF, 2021-04-05T08:16:58, true
9DDDD405-82E4-4C56-A6A6-E2B51ACAB5CF, 2021-04-05T08:18:03, true
9DDDD405-82E4-4C56-A6A6-E2B51ACAB5CF, 2021-04-05T08:19:04, true
9DDDD405-82E4-4C56-A6A6-E2B51ACAB5CF, 2021-04-05T08:20:14, true
9DDDD405-82E4-4C56-A6A6-E2B51ACAB5CF, 2021-04-05T08:21:31, true
9DDDD405-82E4-4C56-A6A6-E2B51ACAB5CF, 2021-04-05T08:22:34, true
9DDDD405-82E4-4C56-A6A6-E2B51ACAB5CF, 2021-04-05T08:23:37, true
9DDDD405-82E4-4C56-A6A6-E2B51ACAB5CF, 2021-04-05T08:24:39, true
9DDDD405-82E4-4C56-A6A6-E2B51ACAB5CF, 2021-04-05T08:25:43, true
9DDDD405-82E4-4C56-A6A6-E2B51ACAB5CF, 2021-04-05T08:26:54, true
9DDDD405-82E4-4C56-A6A6-E2B51ACAB5CF, 2021-04-05T08:28:13, true
9DDDD405-82E4-4C56-A6A6-E2B51ACAB5CF, 2021-04-05T08:29:16, true
9DDDD405-82E4-4C56-A6A6-E2B51ACAB5CF, 2021-04-05T08:30:16, true
9DDDD405-82E4-4C56-A6A6-E2B51ACAB5CF, 2021-04-05T08:31:18, true
9DDDD405-82E4-4C56-A6A6-E2B51ACAB5CF, 2021-04-05T08:32:22, true
9DDDD405-82E4-4C56-A6A6-E2B51ACAB5CF, 2021-04-05T08:33:43, true
9DDDD405-82E4-4C56-A6A6-E2B51ACAB5CF, 2021-04-05T08:34:43, false
9DDDD405-82E4-4C56-A6A6-E2B51ACAB5CF, 2021-04-05T08:35:43, false
9DDDD405-82E4-4C56-A6A6-E2B51ACAB5CF, 2021-04-05T08:36:49, true
9DDDD405-82E4-4C56-A6A6-E2B51ACAB5CF, 2021-04-05T08:37:53, true
9DDDD405-82E4-4C56-A6A6-E2B51ACAB5CF, 2021-04-05T08:38:56, true
9DDDD405-82E4-4C56-A6A6-E2B51ACAB5CF, 2021-04-05T08:39:56, false
9DDDD405-82E4-4C56-A6A6-E2B51ACAB5CF, 2021-04-05T08:40:56, false
9DDDD405-82E4-4C56-A6A6-E2B51ACAB5CF, 2021-04-05T08:41:56, false
9DDDD405-82E4-4C56-A6A6-E2B51ACAB5CF, 2021-04-05T08:42:56, false
9DDDD405-82E4-4C56-A6A6-E2B51ACAB5CF, 2021-04-05T08:43:56, false
9DDDD405-82E4-4C56-A6A6-E2B51ACAB5CF, 2021-04-05T08:44:56, false
9DDDD405-82E4-4C56-A6A6-E2B51ACAB5CF, 2021-04-05T08:45:56, false
9DDDD405-82E4-4C56-A6A6-E2B51ACAB5CF, 2021-04-05T08:46:56, false
9DDDD405-82E4-4C56-A6A6-E2B51ACAB5CF, 2021-04-05T08:47:56, false
9DDDD405-82E4-4C56-A6A6-E2B51ACAB5CF, 2021-04-05T08:48:56, false
9DDDD405-82E4-4C56-A6A6-E2B51ACAB5CF, 2021-04-05T08:49:56, false
9DDDD405-82E4-4C56-A6A6-E2B51ACAB5CF, 2021-04-05T08:50:31, true
9DDDD405-82E4-4C56-A6A6-E2B51ACAB5CF, 2021-04-05T08:51:33, true
9DDDD405-82E4-4C56-A6A6-E2B51ACAB5CF, 2021-04-05T08:52:35, true
9DDDD405-82E4-4C56-A6A6-E2B51ACAB5CF, 2021-04-05T08:53:38, true
9DDDD405-82E4-4C56-A6A6-E2B51ACAB5CF, 2021-04-05T08:54:43, true
9DDDD405-82E4-4C56-A6A6-E2B51ACAB5CF, 2021-04-05T08:55:43, false
9DDDD405-82E4-4C56-A6A6-E2B51ACAB5CF, 2021-04-05T08:56:43, false
9DDDD405-82E4-4C56-A6A6-E2B51ACAB5CF, 2021-04-05T08:57:43, false
9DDDD405-82E4-4C56-A6A6-E2B51ACAB5CF, 2021-04-05T08:58:43, false
9DDDD405-82E4-4C56-A6A6-E2B51ACAB5CF, 2021-04-05T08:59:37, true
9DDDD405-82E4-4C56-A6A6-E2B51ACAB5CF, 2021-04-05T09:00:39, true
9DDDD405-82E4-4C56-A6A6-E2B51ACAB5CF, 2021-04-05T09:01:48, true
9DDDD405-82E4-4C56-A6A6-E2B51ACAB5CF, 2021-04-05T09:02:49, true
9DDDD405-82E4-4C56-A6A6-E2B51ACAB5CF, 2021-04-05T09:03:51, true
9DDDD405-82E4-4C56-A6A6-E2B51ACAB5CF, 2021-04-05T09:05:05, true
9DDDD405-82E4-4C56-A6A6-E2B51ACAB5CF, 2021-04-05T09:06:08, true
9DDDD405-82E4-4C56-A6A6-E2B51ACAB5CF, 2021-04-05T09:07:14, true
9DDDD405-82E4-4C56-A6A6-E2B51ACAB5CF, 2021-04-05T09:08:17, true
9DDDD405-82E4-4C56-A6A6-E2B51ACAB5CF, 2021-04-05T09:09:19, true
9DDDD405-82E4-4C56-A6A6-E2B51ACAB5CF, 2021-04-05T09:10:28, true
9DDDD405-82E4-4C56-A6A6-E2B51ACAB5CF, 2021-04-05T09:11:28, true
9DDDD405-82E4-4C56-A6A6-E2B51ACAB5CF, 2021-04-05T09:12:34, true
9DDDD405-82E4-4C56-A6A6-E2B51ACAB5CF, 2021-04-05T09:13:38, true
9DDDD405-82E4-4C56-A6A6-E2B51ACAB5CF, 2021-04-05T09:14:42, true
9DDDD405-82E4-4C56-A6A6-E2B51ACAB5CF, 2021-04-05T09:15:44, true
9DDDD405-82E4-4C56-A6A6-E2B51ACAB5CF, 2021-04-05T09:16:52, true
9DDDD405-82E4-4C56-A6A6-E2B51ACAB5CF, 2021-04-05T09:18:02, true
9DDDD405-82E4-4C56-A6A6-E2B51ACAB5CF, 2021-04-05T09:19:11, true
9DDDD405-82E4-4C56-A6A6-E2B51ACAB5CF, 2021-04-05T09:20:15, true
9DDDD405-82E4-4C56-A6A6-E2B51ACAB5CF, 2021-04-05T09:21:18, true
9DDDD405-82E4-4C56-A6A6-E2B51ACAB5CF, 2021-04-05T09:22:21, true
9DDDD405-82E4-4C56-A6A6-E2B51ACAB5CF, 2021-04-05T09:23:25, true
9DDDD405-82E4-4C56-A6A6-E2B51ACAB5CF, 2021-04-05T09:24:29, true
9DDDD405-82E4-4C56-A6A6-E2B51ACAB5CF, 2021-04-05T09:25:32, true
9DDDD405-82E4-4C56-A6A6-E2B51ACAB5CF, 2021-04-05T09:26:33, true
9DDDD405-82E4-4C56-A6A6-E2B51ACAB5CF, 2021-04-05T09:27:35, true
9DDDD405-82E4-4C56-A6A6-E2B51ACAB5CF, 2021-04-05T09:28:38, true
9DDDD405-82E4-4C56-A6A6-E2B51ACAB5CF, 2021-04-05T09:29:41, true
9DDDD405-82E4-4C56-A6A6-E2B51ACAB5CF, 2021-04-05T09:30:57, true
9DDDD405-82E4-4C56-A6A6-E2B51ACAB5CF, 2021-04-05T09:32:00, true
9DDDD405-82E4-4C56-A6A6-E2B51ACAB5CF, 2021-04-05T09:33:02, true
9DDDD405-82E4-4C56-A6A6-E2B51ACAB5CF, 2021-04-05T09:34:03, true
9DDDD405-82E4-4C56-A6A6-E2B51ACAB5CF, 2021-04-05T09:35:08, true
9DDDD405-82E4-4C56-A6A6-E2B51ACAB5CF, 2021-04-05T09:36:11, true
9DDDD405-82E4-4C56-A6A6-E2B51ACAB5CF, 2021-04-05T09:37:14, true
9DDDD405-82E4-4C56-A6A6-E2B51ACAB5CF, 2021-04-05T09:38:15, true
9DDDD405-82E4-4C56-A6A6-E2B51ACAB5CF, 2021-04-05T09:39:16, true
9DDDD405-82E4-4C56-A6A6-E2B51ACAB5CF, 2021-04-05T09:40:19, true
9DDDD405-82E4-4C56-A6A6-E2B51ACAB5CF, 2021-04-05T09:41:22, true
9DDDD405-82E4-4C56-A6A6-E2B51ACAB5CF, 2021-04-05T09:42:22, true
9DDDD405-82E4-4C56-A6A6-E2B51ACAB5CF, 2021-04-05T09:43:42, true
9DDDD405-82E4-4C56-A6A6-E2B51ACAB5CF, 2021-04-05T09:44:44, true
9DDDD405-82E4-4C56-A6A6-E2B51ACAB5CF, 2021-04-05T09:45:54, true
9DDDD405-82E4-4C56-A6A6-E2B51ACAB5CF, 2021-04-05T09:46:55, true
9DDDD405-82E4-4C56-A6A6-E2B51ACAB5CF, 2021-04-05T09:47:57, true
9DDDD405-82E4-4C56-A6A6-E2B51ACAB5CF, 2021-04-05T09:48:58, true
9DDDD405-82E4-4C56-A6A6-E2B51ACAB5CF, 2021-04-05T09:49:58, true
9DDDD405-82E4-4C56-A6A6-E2B51ACAB5CF, 2021-04-05T09:51:17, true
9DDDD405-82E4-4C56-A6A6-E2B51ACAB5CF, 2021-04-05T09:52:17, true
9DDDD405-82E4-4C56-A6A6-E2B51ACAB5CF, 2021-04-05T09:53:32, true
9DDDD405-82E4-4C56-A6A6-E2B51ACAB5CF, 2021-04-05T09:54:50, true
9DDDD405-82E4-4C56-A6A6-E2B51ACAB5CF, 2021-04-05T09:55:50, true
9DDDD405-82E4-4C56-A6A6-E2B51ACAB5CF, 2021-04-05T09:57:00, true
9DDDD405-82E4-4C56-A6A6-E2B51ACAB5CF, 2021-04-05T09:58:16, true
9DDDD405-82E4-4C56-A6A6-E2B51ACAB5CF, 2021-04-05T09:59:21, true
9DDDD405-82E4-4C56-A6A6-E2B51ACAB5CF, 2021-04-05T10:00:21, true
9DDDD405-82E4-4C56-A6A6-E2B51ACAB5CF, 2021-04-05T10:01:28, true
9DDDD405-82E4-4C56-A6A6-E2B51ACAB5CF, 2021-04-05T10:02:38, true
9DDDD405-82E4-4C56-A6A6-E2B51ACAB5CF, 2021-04-05T10:03:42, true
9DDDD405-82E4-4C56-A6A6-E2B51ACAB5CF, 2021-04-05T10:04:42, false
9DDDD405-82E4-4C56-A6A6-E2B51ACAB5CF, 2021-04-05T10:05:42, false
9DDDD405-82E4-4C56-A6A6-E2B51ACAB5CF, 2021-04-05T10:06:42, false
9DDDD405-82E4-4C56-A6A6-E2B51ACAB5CF, 2021-04-05T10:07:42, false
9DDDD405-82E4-4C56-A6A6-E2B51ACAB5CF, 2021-04-05T10:08:42, false
9DDDD405-82E4-4C56-A6A6-E2B51ACAB5CF, 2021-04-05T10:09:42, false
9DDDD405-82E4-4C56-A6A6-E2B51ACAB5CF, 2021-04-05T10:10:42, false
9DDDD405-82E4-4C56-A6A6-E2B51ACAB5CF, 2021-04-05T10:11:42, false
9DDDD405-82E4-4C56-A6A6-E2B51ACAB5CF, 2021-04-05T10:12:42, false
9DDDD405-82E4-4C56-A6A6-E2B51ACAB5CF, 2021-04-05T10:13:42, false
9DDDD405-82E4-4C56-A6A6-E2B51ACAB5CF, 2021-04-05T10:14:42, false
9DDDD405-82E4-4C56-A6A6-E2B51ACAB5CF, 2021-04-05T10:15:42, false
9DDDD405-82E4-4C56-A6A6-E2B51ACAB5CF, 2021-04-05T10:16:42, false
9DDDD405-82E4-4C56-A6A6-E2B51ACAB5CF, 2021-04-05T10:17:42, false
9DDDD405-82E4-4C56-A6A6-E2B51ACAB5CF, 2021-04-05T10:18:42, false
9DDDD405-82E4-4C56-A6A6-E2B51ACAB5CF, 2021-04-05T10:19:42, false
9DDDD405-82E4-4C56-A6A6-E2B51ACAB5CF, 2021-04-05T10:20:42, false
9DDDD405-82E4-4C56-A6A6-E2B51ACAB5CF, 2021-04-05T10:21:42, false
9DDDD405-82E4-4C56-A6A6-E2B51ACAB5CF, 2021-04-05T10:22:42, false
9DDDD405-82E4-4C56-A6A6-E2B51ACAB5CF, 2021-04-05T10:23:42, false
9DDDD405-82E4-4C56-A6A6-E2B51ACAB5CF, 2021-04-05T10:24:42, false
9DDDD405-82E4-4C56-A6A6-E2B51ACAB5CF, 2021-04-05T10:25:42, false
9DDDD405-82E4-4C56-A6A6-E2B51ACAB5CF, 2021-04-05T10:26:42, false
9DDDD405-82E4-4C56-A6A6-E2B51ACAB5CF, 2021-04-05T10:27:42, false
9DDDD405-82E4-4C56-A6A6-E2B51ACAB5CF, 2021-04-05T10:28:42, false
9DDDD405-82E4-4C56-A6A6-E2B51ACAB5CF, 2021-04-05T10:29:42, false
9DDDD405-82E4-4C56-A6A6-E2B51ACAB5CF, 2021-04-05T10:30:42, false
9DDDD405-82E4-4C56-A6A6-E2B51ACAB5CF, 2021-04-05T10:31:42, false
9DDDD405-82E4-4C56-A6A6-E2B51ACAB5CF, 2021-04-05T10:32:42, false
9DDDD405-82E4-4C56-A6A6-E2B51ACAB5CF, 2021-04-05T10:33:42, false
9DDDD405-82E4-4C56-A6A6-E2B51ACAB5CF, 2021-04-05T10:34:42, false
9DDDD405-82E4-4C56-A6A6-E2B51ACAB5CF, 2021-04-05T10:35:42, false
9DDDD405-82E4-4C56-A6A6-E2B51ACAB5CF, 2021-04-05T10:36:42, false
9DDDD405-82E4-4C56-A6A6-E2B51ACAB5CF, 2021-04-05T10:37:42, false
9DDDD405-82E4-4C56-A6A6-E2B51ACAB5CF, 2021-04-05T10:38:42, false
9DDDD405-82E4-4C56-A6A6-E2B51ACAB5CF, 2021-04-05T10:39:42, false
9DDDD405-82E4-4C56-A6A6-E2B51ACAB5CF, 2021-04-05T10:40:42, false
9DDDD405-82E4-4C56-A6A6-E2B51ACAB5CF, 2021-04-05T10:41:42, false
9DDDD405-82E4-4C56-A6A6-E2B51ACAB5CF, 2021-04-05T10:42:42, false
9DDDD405-82E4-4C56-A6A6-E2B51ACAB5CF, 2021-04-05T10:43:42, false
9DDDD405-82E4-4C56-A6A6-E2B51ACAB5CF, 2021-04-05T10:44:42, false
9DDDD405-82E4-4C56-A6A6-E2B51ACAB5CF, 2021-04-05T10:45:42, false
9DDDD405-82E4-4C56-A6A6-E2B51ACAB5CF, 2021-04-05T10:46:42, false
9DDDD405-82E4-4C56-A6A6-E2B51ACAB5CF, 2021-04-05T10:47:42, false
9DDDD405-82E4-4C56-A6A6-E2B51ACAB5CF, 2021-04-05T10:48:42, false
9DDDD405-82E4-4C56-A6A6-E2B51ACAB5CF, 2021-04-05T10:49:42, false
9DDDD405-82E4-4C56-A6A6-E2B51ACAB5CF, 2021-04-05T10:50:42, false
9DDDD405-82E4-4C56-A6A6-E2B51ACAB5CF, 2021-04-05T10:51:42, false
9DDDD405-82E4-4C56-A6A6-E2B51ACAB5CF, 2021-04-05T10:52:42, false
9DDDD405-82E4-4C56-A6A6-E2B51ACAB5CF, 2021-04-05T10:53:42, false
9DDDD405-82E4-4C56-A6A6-E2B51ACAB5CF, 2021-04-05T10:54:42, false
9DDDD405-82E4-4C56-A6A6-E2B51ACAB5CF, 2021-04-05T10:55:42, false
9DDDD405-82E4-4C56-A6A6-E2B51ACAB5CF, 2021-04-05T10:56:42, false
9DDDD405-82E4-4C56-A6A6-E2B51ACAB5CF, 2021-04-05T10:57:42, false
9DDDD405-82E4-4C56-A6A6-E2B51ACAB5CF, 2021-04-05T10:58:42, false
9DDDD405-82E4-4C56-A6A6-E2B51ACAB5CF, 2021-04-05T10:59:42, false
9DDDD405-82E4-4C56-A6A6-E2B51ACAB5CF, 2021-04-05T11:00:42, false
9DDDD405-82E4-4C56-A6A6-E2B51ACAB5CF, 2021-04-05T11:01:42, false
9DDDD405-82E4-4C56-A6A6-E2B51ACAB5CF, 2021-04-05T11:02:42, false
9DDDD405-82E4-4C56-A6A6-E2B51ACAB5CF, 2021-04-05T11:03:42, false
9DDDD405-82E4-4C56-A6A6-E2B51ACAB5CF, 2021-04-05T11:04:42, false
9DDDD405-82E4-4C56-A6A6-E2B51ACAB5CF, 2021-04-05T11:05:42, false
9DDDD405-82E4-4C56-A6A6-E2B51ACAB5CF, 2021-04-05T11:06:42, false
9DDDD405-82E4-4C56-A6A6-E2B51ACAB5CF, 2021-04-05T11:07:42, false
9DDDD405-82E4-4C56-A6A6-E2B51ACAB5CF, 2021-04-05T11:08:42, false
9DDDD405-82E4-4C56-A6A6-E2B51ACAB5CF, 2021-04-05T11:09:42, false
9DDDD405-82E4-4C56-A6A6-E2B51ACAB5CF, 2021-04-05T11:10:42, false
9DDDD405-82E4-4C56-A6A6-E2B51ACAB5CF, 2021-04-05T11:11:42, false
9DDDD405-82E4-4C56-A6A6-E2B51ACAB5CF, 2021-04-05T11:12:42, false
9DDDD405-82E4-4C56-A6A6-E2B51ACAB5CF, 2021-04-05T11:13:42, false
9DDDD405-82E4-4C56-A6A6-E2B51ACAB5CF, 2021-04-05T11:14:42, false
9DDDD405-82E4-4C56-A6A6-E2B51ACAB5CF, 2021-04-05T11:15:42, false
9DDDD405-82E4-4C56-A6A6-E2B51ACAB5CF, 2021-04-05T11:16:42, false
9DDDD405-82E4-4C56-A6A6-E2B51ACAB5CF, 2021-04-05T11:17:42, false
9DDDD405-82E4-4C56-A6A6-E2B51ACAB5CF, 2021-04-05T11:18:42, false
9DDDD405-82E4-4C56-A6A6-E2B51ACAB5CF, 2021-04-05T11:19:42, false
9DDDD405-82E4-4C56-A6A6-E2B51ACAB5CF, 2021-04-05T11:20:42, false
9DDDD405-82E4-4C56-A6A6-E2B51ACAB5CF, 2021-04-05T11:21:42, false
9DDDD405-82E4-4C56-A6A6-E2B51ACAB5CF, 2021-04-05T11:22:42, false
9DDDD405-82E4-4C56-A6A6-E2B51ACAB5CF, 2021-04-05T11:23:42, false
9DDDD405-82E4-4C56-A6A6-E2B51ACAB5CF, 2021-04-05T11:24:42, false
9DDDD405-82E4-4C56-A6A6-E2B51ACAB5CF, 2021-04-05T11:25:42, false
9DDDD405-82E4-4C56-A6A6-E2B51ACAB5CF, 2021-04-05T11:26:42, false
9DDDD405-82E4-4C56-A6A6-E2B51ACAB5CF, 2021-04-05T11:27:42, false
9DDDD405-82E4-4C56-A6A6-E2B51ACAB5CF, 2021-04-05T11:28:42, false
9DDDD405-82E4-4C56-A6A6-E2B51ACAB5CF, 2021-04-05T11:29:42, false
9DDDD405-82E4-4C56-A6A6-E2B51ACAB5CF, 2021-04-05T11:30:42, false
9DDDD405-82E4-4C56-A6A6-E2B51ACAB5CF, 2021-04-05T11:31:42, false
9DDDD405-82E4-4C56-A6A6-E2B51ACAB5CF, 2021-04-05T11:32:42, false
9DDDD405-82E4-4C56-A6A6-E2B51ACAB5CF, 2021-04-05T11:33:42, false
9DDDD405-82E4-4C56-A6A6-E2B51ACAB5CF, 2021-04-05T11:34:42, false
9DDDD405-82E4-4C56-A6A6-E2B51ACAB5CF, 2021-04-05T11:35:42, false
9DDDD405-82E4-4C56-A6A6-E2B51ACAB5CF, 2021-04-05T11:36:42, false
9DDDD405-82E4-4C56-A6A6-E2B51ACAB5CF, 2021-04-05T11:37:42, false
9DDDD405-82E4-4C56-A6A6-E2B51ACAB5CF, 2021-04-05T11:38:42, false
9DDDD405-82E4-4C56-A6A6-E2B51ACAB5CF, 2021-04-05T11:39:42, false
9DDDD405-82E4-4C56-A6A6-E2B51ACAB5CF, 2021-04-05T11:40:42, false
9DDDD405-82E4-4C56-A6A6-E2B51ACAB5CF, 2021-04-05T11:41:42, false
9DDDD405-82E4-4C56-A6A6-E2B51ACAB5CF, 2021-04-05T11:42:42, false
9DDDD405-82E4-4C56-A6A6-E2B51ACAB5CF, 2021-04-05T11:43:42, false
9DDDD405-82E4-4C56-A6A6-E2B51ACAB5CF, 2021-04-05T11:44:42, false
9DDDD405-82E4-4C56-A6A6-E2B51ACAB5CF, 2021-04-05T11:45:42, false
9DDDD405-82E4-4C56-A6A6-E2B51ACAB5CF, 2021-04-05T11:46:42, false
9DDDD405-82E4-4C56-A6A6-E2B51ACAB5CF, 2021-04-05T11:47:42, false
9DDDD405-82E4-4C56-A6A6-E2B51ACAB5CF, 2021-04-05T11:48:42, false
9DDDD405-82E4-4C56-A6A6-E2B51ACAB5CF, 2021-04-05T11:49:42, false
9DDDD405-82E4-4C56-A6A6-E2B51ACAB5CF, 2021-04-05T11:50:42, false
9DDDD405-82E4-4C56-A6A6-E2B51ACAB5CF, 2021-04-05T11:51:42, false
9DDDD405-82E4-4C56-A6A6-E2B51ACAB5CF, 2021-04-05T11:52:42, false
9DDDD405-82E4-4C56-A6A6-E2B51ACAB5CF, 2021-04-05T11:53:42, false
9DDDD405-82E4-4C56-A6A6-E2B51ACAB5CF, 2021-04-05T11:54:42, false
9DDDD405-82E4-4C56-A6A6-E2B51ACAB5CF, 2021-04-05T11:55:42, false
9DDDD405-82E4-4C56-A6A6-E2B51ACAB5CF, 2021-04-05T11:56:42, false
9DDDD405-82E4-4C56-A6A6-E2B51ACAB5CF, 2021-04-05T11:57:42, false
9DDDD405-82E4-4C56-A6A6-E2B51ACAB5CF, 2021-04-05T11:58:42, false
9DDDD405-82E4-4C56-A6A6-E2B51ACAB5CF, 2021-04-05T11:59:42, false
9DDDD405-82E4-4C56-A6A6-E2B51ACAB5CF, 2021-04-05T12:00:42, false
9DDDD405-82E4-4C56-A6A6-E2B51ACAB5CF, 2021-04-05T12:01:42, false
9DDDD405-82E4-4C56-A6A6-E2B51ACAB5CF, 2021-04-05T12:02:42, false
9DDDD405-82E4-4C56-A6A6-E2B51ACAB5CF, 2021-04-05T12:03:42, false
9DDDD405-82E4-4C56-A6A6-E2B51ACAB5CF, 2021-04-05T12:04:42, false
9DDDD405-82E4-4C56-A6A6-E2B51ACAB5CF, 2021-04-05T12:05:42, false
9DDDD405-82E4-4C56-A6A6-E2B51ACAB5CF, 2021-04-05T12:06:42, false
9DDDD405-82E4-4C56-A6A6-E2B51ACAB5CF, 2021-04-05T12:07:42, false
9DDDD405-82E4-4C56-A6A6-E2B51ACAB5CF, 2021-04-05T12:08:42, false
9DDDD405-82E4-4C56-A6A6-E2B51ACAB5CF, 2021-04-05T12:09:42, false
9DDDD405-82E4-4C56-A6A6-E2B51ACAB5CF, 2021-04-05T12:10:42, false
9DDDD405-82E4-4C56-A6A6-E2B51ACAB5CF, 2021-04-05T12:11:42, false
9DDDD405-82E4-4C56-A6A6-E2B51ACAB5CF, 2021-04-05T12:12:42, false
9DDDD405-82E4-4C56-A6A6-E2B51ACAB5CF, 2021-04-05T12:13:42, false
9DDDD405-82E4-4C56-A6A6-E2B51ACAB5CF, 2021-04-05T12:14:42, false
9DDDD405-82E4-4C56-A6A6-E2B51ACAB5CF, 2021-04-05T12:15:42, false
9DDDD405-82E4-4C56-A6A6-E2B51ACAB5CF, 2021-04-05T12:16:42, false
9DDDD405-82E4-4C56-A6A6-E2B51ACAB5CF, 2021-04-05T12:17:42, false
9DDDD405-82E4-4C56-A6A6-E2B51ACAB5CF, 2021-04-05T12:18:42, false
9DDDD405-82E4-4C56-A6A6-E2B51ACAB5CF, 2021-04-05T12:19:42, false
9DDDD405-82E4-4C56-A6A6-E2B51ACAB5CF, 2021-04-05T12:20:42, false
9DDDD405-82E4-4C56-A6A6-E2B51ACAB5CF, 2021-04-05T12:21:42, false
9DDDD405-82E4-4C56-A6A6-E2B51ACAB5CF, 2021-04-05T12:22:42, false
9DDDD405-82E4-4C56-A6A6-E2B51ACAB5CF, 2021-04-05T12:23:42, false
9DDDD405-82E4-4C56-A6A6-E2B51ACAB5CF, 2021-04-05T12:24:42, false
9DDDD405-82E4-4C56-A6A6-E2B51ACAB5CF, 2021-04-05T12:25:42, false
9DDDD405-82E4-4C56-A6A6-E2B51ACAB5CF, 2021-04-05T12:26:42, false
9DDDD405-82E4-4C56-A6A6-E2B51ACAB5CF, 2021-04-05T12:27:42, false
9DDDD405-82E4-4C56-A6A6-E2B51ACAB5CF, 2021-04-05T12:28:42, false
9DDDD405-82E4-4C56-A6A6-E2B51ACAB5CF, 2021-04-05T12:29:42, false
9DDDD405-82E4-4C56-A6A6-E2B51ACAB5CF, 2021-04-05T12:30:42, false
9DDDD405-82E4-4C56-A6A6-E2B51ACAB5CF, 2021-04-05T12:31:42, false
9DDDD405-82E4-4C56-A6A6-E2B51ACAB5CF, 2021-04-05T12:32:42, false
9DDDD405-82E4-4C56-A6A6-E2B51ACAB5CF, 2021-04-05T12:33:42, false
9DDDD405-82E4-4C56-A6A6-E2B51ACAB5CF, 2021-04-05T12:34:42, false
9DDDD405-82E4-4C56-A6A6-E2B51ACAB5CF, 2021-04-05T12:35:42, false
9DDDD405-82E4-4C56-A6A6-E2B51ACAB5CF, 2021-04-05T12:36:42, false
9DDDD405-82E4-4C56-A6A6-E2B51ACAB5CF, 2021-04-05T12:37:42, false
9DDDD405-82E4-4C56-A6A6-E2B51ACAB5CF, 2021-04-05T12:38:42, false
9DDDD405-82E4-4C56-A6A6-E2B51ACAB5CF, 2021-04-05T12:39:42, false
9DDDD405-82E4-4C56-A6A6-E2B51ACAB5CF, 2021-04-05T12:40:42, false
9DDDD405-82E4-4C56-A6A6-E2B51ACAB5CF, 2021-04-05T12:41:42, false
9DDDD405-82E4-4C56-A6A6-E2B51ACAB5CF, 2021-04-05T12:42:42, false
9DDDD405-82E4-4C56-A6A6-E2B51ACAB5CF, 2021-04-05T12:43:42, false
9DDDD405-82E4-4C56-A6A6-E2B51ACAB5CF, 2021-04-05T12:44:42, false
9DDDD405-82E4-4C56-A6A6-E2B51ACAB5CF, 2021-04-05T12:45:42, false
9DDDD405-82E4-4C56-A6A6-E2B51ACAB5CF, 2021-04-05T12:46:42, false
9DDDD405-82E4-4C56-A6A6-E2B51ACAB5CF, 2021-04-05T12:47:42, false
9DDDD405-82E4-4C56-A6A6-E2B51ACAB5CF, 2021-04-05T12:48:42, false
9DDDD405-82E4-4C56-A6A6-E2B51ACAB5CF, 2021-04-05T12:49:42, false
9DDDD405-82E4-4C56-A6A6-E2B51ACAB5CF, 2021-04-05T12:50:42, false
9DDDD405-82E4-4C56-A6A6-E2B51ACAB5CF, 2021-04-05T12:51:42, false
9DDDD405-82E4-4C56-A6A6-E2B51ACAB5CF, 2021-04-05T12:52:42, false
9DDDD405-82E4-4C56-A6A6-E2B51ACAB5CF, 2021-04-05T12:53:42, false
9DDDD405-82E4-4C56-A6A6-E2B51ACAB5CF, 2021-04-05T12:54:42, false
9DDDD405-82E4-4C56-A6A6-E2B51ACAB5CF, 2021-04-05T12:55:42, false
9DDDD405-82E4-4C56-A6A6-E2B51ACAB5CF, 2021-04-05T12:56:42, false
9DDDD405-82E4-4C56-A6A6-E2B51ACAB5CF, 2021-04-05T12:57:42, false
9DDDD405-82E4-4C56-A6A6-E2B51ACAB5CF, 2021-04-05T12:58:42, false
9DDDD405-82E4-4C56-A6A6-E2B51ACAB5CF, 2021-04-05T12:59:42, false
9DDDD405-82E4-4C56-A6A6-E2B51ACAB5CF, 2021-04-05T13:00:42, false
9DDDD405-82E4-4C56-A6A6-E2B51ACAB5CF, 2021-04-05T13:01:42, false
9DDDD405-82E4-4C56-A6A6-E2B51ACAB5CF, 2021-04-05T13:02:42, false
9DDDD405-82E4-4C56-A6A6-E2B51ACAB5CF, 2021-04-05T13:03:42, false
9DDDD405-82E4-4C56-A6A6-E2B51ACAB5CF, 2021-04-05T13:04:42, false
9DDDD405-82E4-4C56-A6A6-E2B51ACAB5CF, 2021-04-05T13:05:42, false
9DDDD405-82E4-4C56-A6A6-E2B51ACAB5CF, 2021-04-05T13:06:42, false
9DDDD405-82E4-4C56-A6A6-E2B51ACAB5CF, 2021-04-05T13:07:42, false
9DDDD405-82E4-4C56-A6A6-E2B51ACAB5CF, 2021-04-05T13:08:42, false
9DDDD405-82E4-4C56-A6A6-E2B51ACAB5CF, 2021-04-05T13:09:42, false
9DDDD405-82E4-4C56-A6A6-E2B51ACAB5CF, 2021-04-05T13:10:42, false
9DDDD405-82E4-4C56-A6A6-E2B51ACAB5CF, 2021-04-05T13:11:42, false
9DDDD405-82E4-4C56-A6A6-E2B51ACAB5CF, 2021-04-05T13:12:42, false
9DDDD405-82E4-4C56-A6A6-E2B51ACAB5CF, 2021-04-05T13:13:42, false
9DDDD405-82E4-4C56-A6A6-E2B51ACAB5CF, 2021-04-05T13:14:42, false
9DDDD405-82E4-4C56-A6A6-E2B51ACAB5CF, 2021-04-05T13:15:42, false
9DDDD405-82E4-4C56-A6A6-E2B51ACAB5CF, 2021-04-05T13:16:42, false
9DDDD405-82E4-4C56-A6A6-E2B51ACAB5CF, 2021-04-05T13:17:42, false
9DDDD405-82E4-4C56-A6A6-E2B51ACAB5CF, 2021-04-05T13:18:42, false
9DDDD405-82E4-4C56-A6A6-E2B51ACAB5CF, 2021-04-05T13:19:42, false
9DDDD405-82E4-4C56-A6A6-E2B51ACAB5CF, 2021-04-05T13:20:42, false
9DDDD405-82E4-4C56-A6A6-E2B51ACAB5CF, 2021-04-05T13:21:42, false
9DDDD405-82E4-4C56-A6A6-E2B51ACAB5CF, 2021-04-05T13:22:42, false
9DDDD405-82E4-4C56-A6A6-E2B51ACAB5CF, 2021-04-05T13:23:42, false
9DDDD405-82E4-4C56-A6A6-E2B51ACAB5CF, 2021-04-05T13:24:42, false
9DDDD405-82E4-4C56-A6A6-E2B51ACAB5CF, 2021-04-05T13:25:42, false
9DDDD405-82E4-4C56-A6A6-E2B51ACAB5CF, 2021-04-05T13:26:42, false
9DDDD405-82E4-4C56-A6A6-E2B51ACAB5CF, 2021-04-05T13:27:42, false
9DDDD405-82E4-4C56-A6A6-E2B51ACAB5CF, 2021-04-05T13:28:42, false
9DDDD405-82E4-4C56-A6A6-E2B51ACAB5CF, 2021-04-05T13:29:42, false
9DDDD405-82E4-4C56-A6A6-E2B51ACAB5CF, 2021-04-05T13:30:42, false
9DDDD405-82E4-4C56-A6A6-E2B51ACAB5CF, 2021-04-05T13:31:42, false
9DDDD405-82E4-4C56-A6A6-E2B51ACAB5CF, 2021-04-05T13:32:42, false
9DDDD405-82E4-4C56-A6A6-E2B51ACAB5CF, 2021-04-05T13:33:42, false
9DDDD405-82E4-4C56-A6A6-E2B51ACAB5CF, 2021-04-05T13:34:42, false
9DDDD405-82E4-4C56-A6A6-E2B51ACAB5CF, 2021-04-05T13:35:42, false
9DDDD405-82E4-4C56-A6A6-E2B51ACAB5CF, 2021-04-05T13:36:42, false
9DDDD405-82E4-4C56-A6A6-E2B51ACAB5CF, 2021-04-05T13:37:42, false
9DDDD405-82E4-4C56-A6A6-E2B51ACAB5CF, 2021-04-05T13:38:42, false
9DDDD405-82E4-4C56-A6A6-E2B51ACAB5CF, 2021-04-05T13:39:42, false
9DDDD405-82E4-4C56-A6A6-E2B51ACAB5CF, 2021-04-05T13:40:42, false
9DDDD405-82E4-4C56-A6A6-E2B51ACAB5CF, 2021-04-05T13:41:42, false
9DDDD405-82E4-4C56-A6A6-E2B51ACAB5CF, 2021-04-05T13:42:42, false
9DDDD405-82E4-4C56-A6A6-E2B51ACAB5CF, 2021-04-05T13:43:42, false
9DDDD405-82E4-4C56-A6A6-E2B51ACAB5CF, 2021-04-05T13:44:42, false
9DDDD405-82E4-4C56-A6A6-E2B51ACAB5CF, 2021-04-05T13:45:42, false
9DDDD405-82E4-4C56-A6A6-E2B51ACAB5CF, 2021-04-05T13:46:42, false
9DDDD405-82E4-4C56-A6A6-E2B51ACAB5CF, 2021-04-05T13:47:42, false
9DDDD405-82E4-4C56-A6A6-E2B51ACAB5CF, 2021-04-05T13:48:42, false
9DDDD405-82E4-4C56-A6A6-E2B51ACAB5CF, 2021-04-05T13:49:42, false
9DDDD405-82E4-4C56-A6A6-E2B51ACAB5CF, 2021-04-05T13:50:42, false
9DDDD405-82E4-4C56-A6A6-E2B51ACAB5CF, 2021-04-05T13:51:42, false
9DDDD405-82E4-4C56-A6A6-E2B51ACAB5CF, 2021-04-05T13:52:42, false
9DDDD405-82E4-4C56-A6A6-E2B51ACAB5CF, 2021-04-05T13:53:42, false
9DDDD405-82E4-4C56-A6A6-E2B51ACAB5CF, 2021-04-05T13:54:42, false
9DDDD405-82E4-4C56-A6A6-E2B51ACAB5CF, 2021-04-05T13:55:42, false
9DDDD405-82E4-4C56-A6A6-E2B51ACAB5CF, 2021-04-05T13:56:42, false
9DDDD405-82E4-4C56-A6A6-E2B51ACAB5CF, 2021-04-05T13:57:42, false
9DDDD405-82E4-4C56-A6A6-E2B51ACAB5CF, 2021-04-05T13:58:42, false
9DDDD405-82E4-4C56-A6A6-E2B51ACAB5CF, 2021-04-05T13:59:42, false
9DDDD405-82E4-4C56-A6A6-E2B51ACAB5CF, 2021-04-05T14:00:42, false
9DDDD405-82E4-4C56-A6A6-E2B51ACAB5CF, 2021-04-05T14:01:42, false
9DDDD405-82E4-4C56-A6A6-E2B51ACAB5CF, 2021-04-05T14:02:42, false
9DDDD405-82E4-4C56-A6A6-E2B51ACAB5CF, 2021-04-05T14:03:42, false
9DDDD405-82E4-4C56-A6A6-E2B51ACAB5CF, 2021-04-05T14:04:42, false
9DDDD405-82E4-4C56-A6A6-E2B51ACAB5CF, 2021-04-05T14:05:42, false
9DDDD405-82E4-4C56-A6A6-E2B51ACAB5CF, 2021-04-05T14:06:42, false
9DDDD405-82E4-4C56-A6A6-E2B51ACAB5CF, 2021-04-05T14:07:42, false
9DDDD405-82E4-4C56-A6A6-E2B51ACAB5CF, 2021-04-05T14:08:42, false
9DDDD405-82E4-4C56-A6A6-E2B51ACAB5CF, 2021-04-05T14:09:42, false
9DDDD405-82E4-4C56-A6A6-E2B51ACAB5CF, 2021-04-05T14:10:42, false
9DDDD405-82E4-4C56-A6A6-E2B51ACAB5CF, 2021-04-05T14:11:42, false
9DDDD405-82E4-4C56-A6A6-E2B51ACAB5CF, 2021-04-05T14:12:42, false
9DDDD405-82E4-4C56-A6A6-E2B51ACAB5CF, 2021-04-05T14:13:42, false
9DDDD405-82E4-4C56-A6A6-E2B51ACAB5CF, 2021-04-05T14:14:42, false
9DDDD405-82E4-4C56-A6A6-E2B51ACAB5CF, 2021-04-05T14:15:42, false
9DDDD405-82E4-4C56-A6A6-E2B51ACAB5CF, 2021-04-05T14:16:42, false
9DDDD405-82E4-4C56-A6A6-E2B51ACAB5CF, 2021-04-05T14:17:54, true
9DDDD405-82E4-4C56-A6A6-E2B51ACAB5CF, 2021-04-05T14:18:57, true
9DDDD405-82E4-4C56-A6A6-E2B51ACAB5CF, 2021-04-05T14:20:05, true
9DDDD405-82E4-4C56-A6A6-E2B51ACAB5CF, 2021-04-05T14:21:06, true
9DDDD405-82E4-4C56-A6A6-E2B51ACAB5CF, 2021-04-05T14:22:11, true
9DDDD405-82E4-4C56-A6A6-E2B51ACAB5CF, 2021-04-05T14:23:12, true
9DDDD405-82E4-4C56-A6A6-E2B51ACAB5CF, 2021-04-05T14:24:32, true
9DDDD405-82E4-4C56-A6A6-E2B51ACAB5CF, 2021-04-05T14:25:39, true
9DDDD405-82E4-4C56-A6A6-E2B51ACAB5CF, 2021-04-05T14:26:40, true
9DDDD405-82E4-4C56-A6A6-E2B51ACAB5CF, 2021-04-05T14:27:44, true
9DDDD405-82E4-4C56-A6A6-E2B51ACAB5CF, 2021-04-05T14:28:46, true
9DDDD405-82E4-4C56-A6A6-E2B51ACAB5CF, 2021-04-05T14:29:52, true
9DDDD405-82E4-4C56-A6A6-E2B51ACAB5CF, 2021-04-05T14:30:59, true
9DDDD405-82E4-4C56-A6A6-E2B51ACAB5CF, 2021-04-05T14:32:01, true
9DDDD405-82E4-4C56-A6A6-E2B51ACAB5CF, 2021-04-05T14:33:04, true
9DDDD405-82E4-4C56-A6A6-E2B51ACAB5CF, 2021-04-05T14:34:05, true
9DDDD405-82E4-4C56-A6A6-E2B51ACAB5CF, 2021-04-05T14:35:08, true
9DDDD405-82E4-4C56-A6A6-E2B51ACAB5CF, 2021-04-05T14:36:12, true
9DDDD405-82E4-4C56-A6A6-E2B51ACAB5CF, 2021-04-05T14:37:14, true
9DDDD405-82E4-4C56-A6A6-E2B51ACAB5CF, 2021-04-05T14:38:22, true
9DDDD405-82E4-4C56-A6A6-E2B51ACAB5CF, 2021-04-05T14:39:22, true
9DDDD405-82E4-4C56-A6A6-E2B51ACAB5CF, 2021-04-05T14:40:25, true
9DDDD405-82E4-4C56-A6A6-E2B51ACAB5CF, 2021-04-05T14:41:31, true
9DDDD405-82E4-4C56-A6A6-E2B51ACAB5CF, 2021-04-05T14:42:32, true
9DDDD405-82E4-4C56-A6A6-E2B51ACAB5CF, 2021-04-05T14:43:39, true
9DDDD405-82E4-4C56-A6A6-E2B51ACAB5CF, 2021-04-05T14:44:42, true
9DDDD405-82E4-4C56-A6A6-E2B51ACAB5CF, 2021-04-05T14:45:43, true
9DDDD405-82E4-4C56-A6A6-E2B51ACAB5CF, 2021-04-05T14:46:45, true
9DDDD405-82E4-4C56-A6A6-E2B51ACAB5CF, 2021-04-05T14:47:49, true
9DDDD405-82E4-4C56-A6A6-E2B51ACAB5CF, 2021-04-05T14:48:50, true
9DDDD405-82E4-4C56-A6A6-E2B51ACAB5CF, 2021-04-05T14:49:52, true
9DDDD405-82E4-4C56-A6A6-E2B51ACAB5CF, 2021-04-05T14:50:52, true
9DDDD405-82E4-4C56-A6A6-E2B51ACAB5CF, 2021-04-05T14:51:58, true
9DDDD405-82E4-4C56-A6A6-E2B51ACAB5CF, 2021-04-05T14:53:01, true
9DDDD405-82E4-4C56-A6A6-E2B51ACAB5CF, 2021-04-05T14:54:03, true
9DDDD405-82E4-4C56-A6A6-E2B51ACAB5CF, 2021-04-05T14:55:04, true
9DDDD405-82E4-4C56-A6A6-E2B51ACAB5CF, 2021-04-05T14:56:08, true
9DDDD405-82E4-4C56-A6A6-E2B51ACAB5CF, 2021-04-05T14:57:10, true
9DDDD405-82E4-4C56-A6A6-E2B51ACAB5CF, 2021-04-05T14:58:13, true
9DDDD405-82E4-4C56-A6A6-E2B51ACAB5CF, 2021-04-05T14:59:25, true
9DDDD405-82E4-4C56-A6A6-E2B51ACAB5CF, 2021-04-05T15:00:25, false
9DDDD405-82E4-4C56-A6A6-E2B51ACAB5CF, 2021-04-05T15:01:25, false
9DDDD405-82E4-4C56-A6A6-E2B51ACAB5CF, 2021-04-05T15:02:25, false
9DDDD405-82E4-4C56-A6A6-E2B51ACAB5CF, 2021-04-05T15:03:25, false
9DDDD405-82E4-4C56-A6A6-E2B51ACAB5CF, 2021-04-05T15:04:25, false
9DDDD405-82E4-4C56-A6A6-E2B51ACAB5CF, 2021-04-05T15:05:25, false
9DDDD405-82E4-4C56-A6A6-E2B51ACAB5CF, 2021-04-05T15:06:25, false
9DDDD405-82E4-4C56-A6A6-E2B51ACAB5CF, 2021-04-05T15:07:25, false
9DDDD405-82E4-4C56-A6A6-E2B51ACAB5CF, 2021-04-05T15:08:25, false
9DDDD405-82E4-4C56-A6A6-E2B51ACAB5CF, 2021-04-05T15:09:53, true
9DDDD405-82E4-4C56-A6A6-E2B51ACAB5CF, 2021-04-05T15:10:56, true
9DDDD405-82E4-4C56-A6A6-E2B51ACAB5CF, 2021-04-05T15:11:57, true
9DDDD405-82E4-4C56-A6A6-E2B51ACAB5CF, 2021-04-05T15:12:59, true
9DDDD405-82E4-4C56-A6A6-E2B51ACAB5CF, 2021-04-05T15:14:00, true
9DDDD405-82E4-4C56-A6A6-E2B51ACAB5CF, 2021-04-05T15:15:06, true
9DDDD405-82E4-4C56-A6A6-E2B51ACAB5CF, 2021-04-05T15:16:08, true
9DDDD405-82E4-4C56-A6A6-E2B51ACAB5CF, 2021-04-05T15:17:12, true
9DDDD405-82E4-4C56-A6A6-E2B51ACAB5CF, 2021-04-05T15:18:13, true
9DDDD405-82E4-4C56-A6A6-E2B51ACAB5CF, 2021-04-05T15:19:18, true
9DDDD405-82E4-4C56-A6A6-E2B51ACAB5CF, 2021-04-05T15:20:31, true
9DDDD405-82E4-4C56-A6A6-E2B51ACAB5CF, 2021-04-05T15:21:34, true
9DDDD405-82E4-4C56-A6A6-E2B51ACAB5CF, 2021-04-05T15:22:36, true
9DDDD405-82E4-4C56-A6A6-E2B51ACAB5CF, 2021-04-05T15:23:36, true
9DDDD405-82E4-4C56-A6A6-E2B51ACAB5CF, 2021-04-05T15:24:39, true
9DDDD405-82E4-4C56-A6A6-E2B51ACAB5CF, 2021-04-05T15:25:43, true
9DDDD405-82E4-4C56-A6A6-E2B51ACAB5CF, 2021-04-05T15:26:46, true
9DDDD405-82E4-4C56-A6A6-E2B51ACAB5CF, 2021-04-05T15:27:49, true
9DDDD405-82E4-4C56-A6A6-E2B51ACAB5CF, 2021-04-05T15:28:52, true
9DDDD405-82E4-4C56-A6A6-E2B51ACAB5CF, 2021-04-05T15:30:01, true
9DDDD405-82E4-4C56-A6A6-E2B51ACAB5CF, 2021-04-05T15:31:05, true
9DDDD405-82E4-4C56-A6A6-E2B51ACAB5CF, 2021-04-05T15:32:06, true
9DDDD405-82E4-4C56-A6A6-E2B51ACAB5CF, 2021-04-05T15:33:06, true
9DDDD405-82E4-4C56-A6A6-E2B51ACAB5CF, 2021-04-05T15:34:10, true
9DDDD405-82E4-4C56-A6A6-E2B51ACAB5CF, 2021-04-05T15:35:25, true
9DDDD405-82E4-4C56-A6A6-E2B51ACAB5CF, 2021-04-05T15:36:27, true
9DDDD405-82E4-4C56-A6A6-E2B51ACAB5CF, 2021-04-05T15:37:29, true
9DDDD405-82E4-4C56-A6A6-E2B51ACAB5CF, 2021-04-05T15:38:30, true
9DDDD405-82E4-4C56-A6A6-E2B51ACAB5CF, 2021-04-05T15:39:34, true
9DDDD405-82E4-4C56-A6A6-E2B51ACAB5CF, 2021-04-05T15:40:37, true
9DDDD405-82E4-4C56-A6A6-E2B51ACAB5CF, 2021-04-05T15:41:37, true
9DDDD405-82E4-4C56-A6A6-E2B51ACAB5CF, 2021-04-05T15:42:46, true
9DDDD405-82E4-4C56-A6A6-E2B51ACAB5CF, 2021-04-05T15:43:46, true
9DDDD405-82E4-4C56-A6A6-E2B51ACAB5CF, 2021-04-05T15:44:48, true
9DDDD405-82E4-4C56-A6A6-E2B51ACAB5CF, 2021-04-05T15:45:49, true
9DDDD405-82E4-4C56-A6A6-E2B51ACAB5CF, 2021-04-05T15:46:52, true
9DDDD405-82E4-4C56-A6A6-E2B51ACAB5CF, 2021-04-05T15:47:55, true
9DDDD405-82E4-4C56-A6A6-E2B51ACAB5CF, 2021-04-05T15:48:57, true
9DDDD405-82E4-4C56-A6A6-E2B51ACAB5CF, 2021-04-05T15:50:00, true
9DDDD405-82E4-4C56-A6A6-E2B51ACAB5CF, 2021-04-05T15:51:05, true
9DDDD405-82E4-4C56-A6A6-E2B51ACAB5CF, 2021-04-05T15:52:07, true
9DDDD405-82E4-4C56-A6A6-E2B51ACAB5CF, 2021-04-05T15:53:16, true
9DDDD405-82E4-4C56-A6A6-E2B51ACAB5CF, 2021-04-05T15:54:19, true
9DDDD405-82E4-4C56-A6A6-E2B51ACAB5CF, 2021-04-05T15:55:19, true
9DDDD405-82E4-4C56-A6A6-E2B51ACAB5CF, 2021-04-05T15:56:20, true
9DDDD405-82E4-4C56-A6A6-E2B51ACAB5CF, 2021-04-05T15:57:45, true
9DDDD405-82E4-4C56-A6A6-E2B51ACAB5CF, 2021-04-05T15:58:48, true
9DDDD405-82E4-4C56-A6A6-E2B51ACAB5CF, 2021-04-05T15:59:49, true
9DDDD405-82E4-4C56-A6A6-E2B51ACAB5CF, 2021-04-05T16:00:52, true
9DDDD405-82E4-4C56-A6A6-E2B51ACAB5CF, 2021-04-05T16:01:52, false
9DDDD405-82E4-4C56-A6A6-E2B51ACAB5CF, 2021-04-05T16:02:34, true
9DDDD405-82E4-4C56-A6A6-E2B51ACAB5CF, 2021-04-05T16:03:37, true
9DDDD405-82E4-4C56-A6A6-E2B51ACAB5CF, 2021-04-05T16:04:48, true
9DDDD405-82E4-4C56-A6A6-E2B51ACAB5CF, 2021-04-05T16:05:52, true
9DDDD405-82E4-4C56-A6A6-E2B51ACAB5CF, 2021-04-05T16:06:53, true
9DDDD405-82E4-4C56-A6A6-E2B51ACAB5CF, 2021-04-05T16:07:56, true
9DDDD405-82E4-4C56-A6A6-E2B51ACAB5CF, 2021-04-05T16:08:58, true
9DDDD405-82E4-4C56-A6A6-E2B51ACAB5CF, 2021-04-05T16:10:00, true
9DDDD405-82E4-4C56-A6A6-E2B51ACAB5CF, 2021-04-05T16:11:07, true
9DDDD405-82E4-4C56-A6A6-E2B51ACAB5CF, 2021-04-05T16:12:09, true
9DDDD405-82E4-4C56-A6A6-E2B51ACAB5CF, 2021-04-05T16:13:11, true
9DDDD405-82E4-4C56-A6A6-E2B51ACAB5CF, 2021-04-05T16:14:28, true
9DDDD405-82E4-4C56-A6A6-E2B51ACAB5CF, 2021-04-05T16:15:34, true
9DDDD405-82E4-4C56-A6A6-E2B51ACAB5CF, 2021-04-05T16:16:36, true
9DDDD405-82E4-4C56-A6A6-E2B51ACAB5CF, 2021-04-05T16:17:39, true
9DDDD405-82E4-4C56-A6A6-E2B51ACAB5CF, 2021-04-05T16:18:40, true
9DDDD405-82E4-4C56-A6A6-E2B51ACAB5CF, 2021-04-05T16:19:40, true
9DDDD405-82E4-4C56-A6A6-E2B51ACAB5CF, 2021-04-05T16:20:41, true
9DDDD405-82E4-4C56-A6A6-E2B51ACAB5CF, 2021-04-05T16:21:44, true
9DDDD405-82E4-4C56-A6A6-E2B51ACAB5CF, 2021-04-05T16:22:48, true
9DDDD405-82E4-4C56-A6A6-E2B51ACAB5CF, 2021-04-05T16:23:48, true
9DDDD405-82E4-4C56-A6A6-E2B51ACAB5CF, 2021-04-05T16:25:10, true
9DDDD405-82E4-4C56-A6A6-E2B51ACAB5CF, 2021-04-05T16:26:19, true
9DDDD405-82E4-4C56-A6A6-E2B51ACAB5CF, 2021-04-05T16:27:26, true
9DDDD405-82E4-4C56-A6A6-E2B51ACAB5CF, 2021-04-05T16:28:33, true
9DDDD405-82E4-4C56-A6A6-E2B51ACAB5CF, 2021-04-05T16:29:34, true
9DDDD405-82E4-4C56-A6A6-E2B51ACAB5CF, 2021-04-05T16:30:37, true
9DDDD405-82E4-4C56-A6A6-E2B51ACAB5CF, 2021-04-05T16:31:38, true
9DDDD405-82E4-4C56-A6A6-E2B51ACAB5CF, 2021-04-05T16:32:46, true
9DDDD405-82E4-4C56-A6A6-E2B51ACAB5CF, 2021-04-05T16:33:48, true
9DDDD405-82E4-4C56-A6A6-E2B51ACAB5CF, 2021-04-05T16:35:08, true
9DDDD405-82E4-4C56-A6A6-E2B51ACAB5CF, 2021-04-05T16:36:13, true
9DDDD405-82E4-4C56-A6A6-E2B51ACAB5CF, 2021-04-05T16:37:16, true
9DDDD405-82E4-4C56-A6A6-E2B51ACAB5CF, 2021-04-05T16:38:20, true
9DDDD405-82E4-4C56-A6A6-E2B51ACAB5CF, 2021-04-05T16:39:21, true
9DDDD405-82E4-4C56-A6A6-E2B51ACAB5CF, 2021-04-05T16:40:24, true
9DDDD405-82E4-4C56-A6A6-E2B51ACAB5CF, 2021-04-05T16:41:28, true
9DDDD405-82E4-4C56-A6A6-E2B51ACAB5CF, 2021-04-05T16:42:31, true
9DDDD405-82E4-4C56-A6A6-E2B51ACAB5CF, 2021-04-05T16:43:32, true
9DDDD405-82E4-4C56-A6A6-E2B51ACAB5CF, 2021-04-05T16:44:32, true
9DDDD405-82E4-4C56-A6A6-E2B51ACAB5CF, 2021-04-05T16:45:34, true
9DDDD405-82E4-4C56-A6A6-E2B51ACAB5CF, 2021-04-05T16:46:36, true
9DDDD405-82E4-4C56-A6A6-E2B51ACAB5CF, 2021-04-05T16:47:39, true
9DDDD405-82E4-4C56-A6A6-E2B51ACAB5CF, 2021-04-05T16:48:43, true
9DDDD405-82E4-4C56-A6A6-E2B51ACAB5CF, 2021-04-05T16:49:48, true
9DDDD405-82E4-4C56-A6A6-E2B51ACAB5CF, 2021-04-05T16:51:01, true
9DDDD405-82E4-4C56-A6A6-E2B51ACAB5CF, 2021-04-05T16:52:06, true
9DDDD405-82E4-4C56-A6A6-E2B51ACAB5CF, 2021-04-05T16:53:11, true
9DDDD405-82E4-4C56-A6A6-E2B51ACAB5CF, 2021-04-05T16:54:14, true
9DDDD405-82E4-4C56-A6A6-E2B51ACAB5CF, 2021-04-05T16:55:18, true
9DDDD405-82E4-4C56-A6A6-E2B51ACAB5CF, 2021-04-05T16:56:26, true
9DDDD405-82E4-4C56-A6A6-E2B51ACAB5CF, 2021-04-05T16:57:27, true
9DDDD405-82E4-4C56-A6A6-E2B51ACAB5CF, 2021-04-05T16:58:36, true
9DDDD405-82E4-4C56-A6A6-E2B51ACAB5CF, 2021-04-05T16:59:43, true
9DDDD405-82E4-4C56-A6A6-E2B51ACAB5CF, 2021-04-05T17:00:43, false
9DDDD405-82E4-4C56-A6A6-E2B51ACAB5CF, 2021-04-05T17:01:29, true
9DDDD405-82E4-4C56-A6A6-E2B51ACAB5CF, 2021-04-05T17:02:33, true
9DDDD405-82E4-4C56-A6A6-E2B51ACAB5CF, 2021-04-05T17:03:35, true
9DDDD405-82E4-4C56-A6A6-E2B51ACAB5CF, 2021-04-05T17:04:38, true
9DDDD405-82E4-4C56-A6A6-E2B51ACAB5CF, 2021-04-05T17:05:39, true
9DDDD405-82E4-4C56-A6A6-E2B51ACAB5CF, 2021-04-05T17:06:43, true
9DDDD405-82E4-4C56-A6A6-E2B51ACAB5CF, 2021-04-05T17:07:46, true
9DDDD405-82E4-4C56-A6A6-E2B51ACAB5CF, 2021-04-05T17:08:49, true
9DDDD405-82E4-4C56-A6A6-E2B51ACAB5CF, 2021-04-05T17:10:01, true
9DDDD405-82E4-4C56-A6A6-E2B51ACAB5CF, 2021-04-05T17:11:04, true
9DDDD405-82E4-4C56-A6A6-E2B51ACAB5CF, 2021-04-05T17:12:05, true
9DDDD405-82E4-4C56-A6A6-E2B51ACAB5CF, 2021-04-05T17:13:06, true
9DDDD405-82E4-4C56-A6A6-E2B51ACAB5CF, 2021-04-05T17:14:09, true
9DDDD405-82E4-4C56-A6A6-E2B51ACAB5CF, 2021-04-05T17:15:11, true
9DDDD405-82E4-4C56-A6A6-E2B51ACAB5CF, 2021-04-05T17:16:14, true
9DDDD405-82E4-4C56-A6A6-E2B51ACAB5CF, 2021-04-05T17:17:17, true
9DDDD405-82E4-4C56-A6A6-E2B51ACAB5CF, 2021-04-05T17:18:18, true
9DDDD405-82E4-4C56-A6A6-E2B51ACAB5CF, 2021-04-05T17:19:19, true
9DDDD405-82E4-4C56-A6A6-E2B51ACAB5CF, 2021-04-05T17:20:20, true
9DDDD405-82E4-4C56-A6A6-E2B51ACAB5CF, 2021-04-05T17:21:31, true
9DDDD405-82E4-4C56-A6A6-E2B51ACAB5CF, 2021-04-05T17:22:34, true
9DDDD405-82E4-4C56-A6A6-E2B51ACAB5CF, 2021-04-05T17:23:38, true
9DDDD405-82E4-4C56-A6A6-E2B51ACAB5CF, 2021-04-05T17:24:39, true
9DDDD405-82E4-4C56-A6A6-E2B51ACAB5CF, 2021-04-05T17:25:42, true
9DDDD405-82E4-4C56-A6A6-E2B51ACAB5CF, 2021-04-05T17:26:46, true
9DDDD405-82E4-4C56-A6A6-E2B51ACAB5CF, 2021-04-05T17:28:03, true
9DDDD405-82E4-4C56-A6A6-E2B51ACAB5CF, 2021-04-05T17:29:04, true
9DDDD405-82E4-4C56-A6A6-E2B51ACAB5CF, 2021-04-05T17:30:09, true
9DDDD405-82E4-4C56-A6A6-E2B51ACAB5CF, 2021-04-05T17:31:11, true
9DDDD405-82E4-4C56-A6A6-E2B51ACAB5CF, 2021-04-05T17:32:14, true
9DDDD405-82E4-4C56-A6A6-E2B51ACAB5CF, 2021-04-05T17:33:14, true
9DDDD405-82E4-4C56-A6A6-E2B51ACAB5CF, 2021-04-05T17:34:15, true
9DDDD405-82E4-4C56-A6A6-E2B51ACAB5CF, 2021-04-05T17:35:16, true
9DDDD405-82E4-4C56-A6A6-E2B51ACAB5CF, 2021-04-05T17:36:20, true
9DDDD405-82E4-4C56-A6A6-E2B51ACAB5CF, 2021-04-05T17:37:22, true
9DDDD405-82E4-4C56-A6A6-E2B51ACAB5CF, 2021-04-05T17:38:25, true
9DDDD405-82E4-4C56-A6A6-E2B51ACAB5CF, 2021-04-05T17:39:27, true
9DDDD405-82E4-4C56-A6A6-E2B51ACAB5CF, 2021-04-05T17:40:27, true
9DDDD405-82E4-4C56-A6A6-E2B51ACAB5CF, 2021-04-05T17:41:28, true
9DDDD405-82E4-4C56-A6A6-E2B51ACAB5CF, 2021-04-05T17:42:31, true
9DDDD405-82E4-4C56-A6A6-E2B51ACAB5CF, 2021-04-05T17:43:43, true
9DDDD405-82E4-4C56-A6A6-E2B51ACAB5CF, 2021-04-05T17:44:46, true
9DDDD405-82E4-4C56-A6A6-E2B51ACAB5CF, 2021-04-05T17:45:46, true
9DDDD405-82E4-4C56-A6A6-E2B51ACAB5CF, 2021-04-05T17:46:52, true
9DDDD405-82E4-4C56-A6A6-E2B51ACAB5CF, 2021-04-05T17:47:53, true
9DDDD405-82E4-4C56-A6A6-E2B51ACAB5CF, 2021-04-05T17:48:54, true
9DDDD405-82E4-4C56-A6A6-E2B51ACAB5CF, 2021-04-05T17:49:58, true
9DDDD405-82E4-4C56-A6A6-E2B51ACAB5CF, 2021-04-05T17:51:02, true
9DDDD405-82E4-4C56-A6A6-E2B51ACAB5CF, 2021-04-05T17:52:04, true
9DDDD405-82E4-4C56-A6A6-E2B51ACAB5CF, 2021-04-05T17:53:07, true
9DDDD405-82E4-4C56-A6A6-E2B51ACAB5CF, 2021-04-05T17:54:13, true
9DDDD405-82E4-4C56-A6A6-E2B51ACAB5CF, 2021-04-05T17:55:14, true
9DDDD405-82E4-4C56-A6A6-E2B51ACAB5CF, 2021-04-05T17:56:15, true
9DDDD405-82E4-4C56-A6A6-E2B51ACAB5CF, 2021-04-05T17:57:18, true
9DDDD405-82E4-4C56-A6A6-E2B51ACAB5CF, 2021-04-05T17:58:19, true
9DDDD405-82E4-4C56-A6A6-E2B51ACAB5CF, 2021-04-05T17:59:22, true
9DDDD405-82E4-4C56-A6A6-E2B51ACAB5CF, 2021-04-05T18:00:22, true
9DDDD405-82E4-4C56-A6A6-E2B51ACAB5CF, 2021-04-05T18:01:23, true
9DDDD405-82E4-4C56-A6A6-E2B51ACAB5CF, 2021-04-05T18:02:26, true
9DDDD405-82E4-4C56-A6A6-E2B51ACAB5CF, 2021-04-05T18:03:27, true
9DDDD405-82E4-4C56-A6A6-E2B51ACAB5CF, 2021-04-05T18:04:30, true
9DDDD405-82E4-4C56-A6A6-E2B51ACAB5CF, 2021-04-05T18:05:32, true
9DDDD405-82E4-4C56-A6A6-E2B51ACAB5CF, 2021-04-05T18:06:33, true
9DDDD405-82E4-4C56-A6A6-E2B51ACAB5CF, 2021-04-05T18:07:36, true
9DDDD405-82E4-4C56-A6A6-E2B51ACAB5CF, 2021-04-05T18:08:37, true
9DDDD405-82E4-4C56-A6A6-E2B51ACAB5CF, 2021-04-05T18:09:38, true
9DDDD405-82E4-4C56-A6A6-E2B51ACAB5CF, 2021-04-05T18:10:44, true
9DDDD405-82E4-4C56-A6A6-E2B51ACAB5CF, 2021-04-05T18:11:46, true
9DDDD405-82E4-4C56-A6A6-E2B51ACAB5CF, 2021-04-05T18:12:46, true
9DDDD405-82E4-4C56-A6A6-E2B51ACAB5CF, 2021-04-05T18:13:48, true
9DDDD405-82E4-4C56-A6A6-E2B51ACAB5CF, 2021-04-05T18:14:50, true
9DDDD405-82E4-4C56-A6A6-E2B51ACAB5CF, 2021-04-05T18:16:05, true
9DDDD405-82E4-4C56-A6A6-E2B51ACAB5CF, 2021-04-05T18:17:06, true
9DDDD405-82E4-4C56-A6A6-E2B51ACAB5CF, 2021-04-05T18:18:09, true
9DDDD405-82E4-4C56-A6A6-E2B51ACAB5CF, 2021-04-05T18:19:12, true
9DDDD405-82E4-4C56-A6A6-E2B51ACAB5CF, 2021-04-05T18:20:14, true
9DDDD405-82E4-4C56-A6A6-E2B51ACAB5CF, 2021-04-05T18:21:14, true
9DDDD405-82E4-4C56-A6A6-E2B51ACAB5CF, 2021-04-05T18:22:14, false
9DDDD405-82E4-4C56-A6A6-E2B51ACAB5CF, 2021-04-05T18:22:46, true
9DDDD405-82E4-4C56-A6A6-E2B51ACAB5CF, 2021-04-05T18:23:49, true
9DDDD405-82E4-4C56-A6A6-E2B51ACAB5CF, 2021-04-05T18:24:50, true
9DDDD405-82E4-4C56-A6A6-E2B51ACAB5CF, 2021-04-05T18:25:51, true
9DDDD405-82E4-4C56-A6A6-E2B51ACAB5CF, 2021-04-05T18:26:52, true
9DDDD405-82E4-4C56-A6A6-E2B51ACAB5CF, 2021-04-05T18:27:56, true
9DDDD405-82E4-4C56-A6A6-E2B51ACAB5CF, 2021-04-05T18:28:59, true
9DDDD405-82E4-4C56-A6A6-E2B51ACAB5CF, 2021-04-05T18:30:01, true
9DDDD405-82E4-4C56-A6A6-E2B51ACAB5CF, 2021-04-05T18:31:04, true
9DDDD405-82E4-4C56-A6A6-E2B51ACAB5CF, 2021-04-05T18:32:07, true
9DDDD405-82E4-4C56-A6A6-E2B51ACAB5CF, 2021-04-05T18:33:10, true
9DDDD405-82E4-4C56-A6A6-E2B51ACAB5CF, 2021-04-05T18:34:11, true
9DDDD405-82E4-4C56-A6A6-E2B51ACAB5CF, 2021-04-05T18:35:15, true
9DDDD405-82E4-4C56-A6A6-E2B51ACAB5CF, 2021-04-05T18:36:18, true
9DDDD405-82E4-4C56-A6A6-E2B51ACAB5CF, 2021-04-05T18:37:35, true
9DDDD405-82E4-4C56-A6A6-E2B51ACAB5CF, 2021-04-05T18:39:03, true
9DDDD405-82E4-4C56-A6A6-E2B51ACAB5CF, 2021-04-05T18:40:03, false
9DDDD405-82E4-4C56-A6A6-E2B51ACAB5CF, 2021-04-05T18:41:03, false
9DDDD405-82E4-4C56-A6A6-E2B51ACAB5CF, 2021-04-05T18:42:03, false
9DDDD405-82E4-4C56-A6A6-E2B51ACAB5CF, 2021-04-05T18:43:03, false
9DDDD405-82E4-4C56-A6A6-E2B51ACAB5CF, 2021-04-05T18:44:03, false
9DDDD405-82E4-4C56-A6A6-E2B51ACAB5CF, 2021-04-05T18:45:03, false
9DDDD405-82E4-4C56-A6A6-E2B51ACAB5CF, 2021-04-05T18:46:03, false
9DDDD405-82E4-4C56-A6A6-E2B51ACAB5CF, 2021-04-05T18:47:03, false
9DDDD405-82E4-4C56-A6A6-E2B51ACAB5CF, 2021-04-05T18:48:03, false
9DDDD405-82E4-4C56-A6A6-E2B51ACAB5CF, 2021-04-05T18:49:03, false
9DDDD405-82E4-4C56-A6A6-E2B51ACAB5CF, 2021-04-05T18:50:03, false
9DDDD405-82E4-4C56-A6A6-E2B51ACAB5CF, 2021-04-05T18:51:03, false
9DDDD405-82E4-4C56-A6A6-E2B51ACAB5CF, 2021-04-05T18:52:03, false
9DDDD405-82E4-4C56-A6A6-E2B51ACAB5CF, 2021-04-05T18:53:03, false
9DDDD405-82E4-4C56-A6A6-E2B51ACAB5CF, 2021-04-05T18:53:41, true
9DDDD405-82E4-4C56-A6A6-E2B51ACAB5CF, 2021-04-05T18:55:03, true
9DDDD405-82E4-4C56-A6A6-E2B51ACAB5CF, 2021-04-05T18:56:03, false
9DDDD405-82E4-4C56-A6A6-E2B51ACAB5CF, 2021-04-05T18:57:03, false
9DDDD405-82E4-4C56-A6A6-E2B51ACAB5CF, 2021-04-05T18:58:03, false
9DDDD405-82E4-4C56-A6A6-E2B51ACAB5CF, 2021-04-05T18:58:59, true
9DDDD405-82E4-4C56-A6A6-E2B51ACAB5CF, 2021-04-05T19:00:00, true
9DDDD405-82E4-4C56-A6A6-E2B51ACAB5CF, 2021-04-05T19:01:05, true
9DDDD405-82E4-4C56-A6A6-E2B51ACAB5CF, 2021-04-05T19:02:07, true
9DDDD405-82E4-4C56-A6A6-E2B51ACAB5CF, 2021-04-05T19:03:34, true
9DDDD405-82E4-4C56-A6A6-E2B51ACAB5CF, 2021-04-05T19:04:39, true
9DDDD405-82E4-4C56-A6A6-E2B51ACAB5CF, 2021-04-05T19:05:42, true
9DDDD405-82E4-4C56-A6A6-E2B51ACAB5CF, 2021-04-05T19:06:49, true
9DDDD405-82E4-4C56-A6A6-E2B51ACAB5CF, 2021-04-05T19:07:55, true
9DDDD405-82E4-4C56-A6A6-E2B51ACAB5CF, 2021-04-05T19:09:02, true
9DDDD405-82E4-4C56-A6A6-E2B51ACAB5CF, 2021-04-05T19:10:14, true
9DDDD405-82E4-4C56-A6A6-E2B51ACAB5CF, 2021-04-05T19:11:15, true
9DDDD405-82E4-4C56-A6A6-E2B51ACAB5CF, 2021-04-05T19:12:16, true
9DDDD405-82E4-4C56-A6A6-E2B51ACAB5CF, 2021-04-05T19:13:17, true
9DDDD405-82E4-4C56-A6A6-E2B51ACAB5CF, 2021-04-05T19:14:20, true
9DDDD405-82E4-4C56-A6A6-E2B51ACAB5CF, 2021-04-05T19:15:20, true
9DDDD405-82E4-4C56-A6A6-E2B51ACAB5CF, 2021-04-05T19:16:21, true
9DDDD405-82E4-4C56-A6A6-E2B51ACAB5CF, 2021-04-05T19:17:24, true
9DDDD405-82E4-4C56-A6A6-E2B51ACAB5CF, 2021-04-05T19:18:28, true
9DDDD405-82E4-4C56-A6A6-E2B51ACAB5CF, 2021-04-05T19:19:28, false
9DDDD405-82E4-4C56-A6A6-E2B51ACAB5CF, 2021-04-05T19:20:28, false
9DDDD405-82E4-4C56-A6A6-E2B51ACAB5CF, 2021-04-05T19:21:10, true
9DDDD405-82E4-4C56-A6A6-E2B51ACAB5CF, 2021-04-05T19:22:12, true
9DDDD405-82E4-4C56-A6A6-E2B51ACAB5CF, 2021-04-05T19:23:12, true
9DDDD405-82E4-4C56-A6A6-E2B51ACAB5CF, 2021-04-05T19:24:15, true
9DDDD405-82E4-4C56-A6A6-E2B51ACAB5CF, 2021-04-05T19:25:15, true
9DDDD405-82E4-4C56-A6A6-E2B51ACAB5CF, 2021-04-05T19:26:16, true
9DDDD405-82E4-4C56-A6A6-E2B51ACAB5CF, 2021-04-05T19:27:16, true
9DDDD405-82E4-4C56-A6A6-E2B51ACAB5CF, 2021-04-05T19:28:17, true
9DDDD405-82E4-4C56-A6A6-E2B51ACAB5CF, 2021-04-05T19:29:20, true
9DDDD405-82E4-4C56-A6A6-E2B51ACAB5CF, 2021-04-05T19:30:25, true
9DDDD405-82E4-4C56-A6A6-E2B51ACAB5CF, 2021-04-05T19:31:39, true
9DDDD405-82E4-4C56-A6A6-E2B51ACAB5CF, 2021-04-05T19:32:43, true
9DDDD405-82E4-4C56-A6A6-E2B51ACAB5CF, 2021-04-05T19:34:04, true
9DDDD405-82E4-4C56-A6A6-E2B51ACAB5CF, 2021-04-05T19:35:07, true
9DDDD405-82E4-4C56-A6A6-E2B51ACAB5CF, 2021-04-05T19:36:07, true
9DDDD405-82E4-4C56-A6A6-E2B51ACAB5CF, 2021-04-05T19:37:14, true
9DDDD405-82E4-4C56-A6A6-E2B51ACAB5CF, 2021-04-05T19:38:17, true
9DDDD405-82E4-4C56-A6A6-E2B51ACAB5CF, 2021-04-05T19:39:18, true
9DDDD405-82E4-4C56-A6A6-E2B51ACAB5CF, 2021-04-05T19:40:20, true
9DDDD405-82E4-4C56-A6A6-E2B51ACAB5CF, 2021-04-05T19:41:21, true
9DDDD405-82E4-4C56-A6A6-E2B51ACAB5CF, 2021-04-05T19:42:24, true
9DDDD405-82E4-4C56-A6A6-E2B51ACAB5CF, 2021-04-05T19:43:30, true
9DDDD405-82E4-4C56-A6A6-E2B51ACAB5CF, 2021-04-05T19:44:31, true
9DDDD405-82E4-4C56-A6A6-E2B51ACAB5CF, 2021-04-05T19:45:39, true
9DDDD405-82E4-4C56-A6A6-E2B51ACAB5CF, 2021-04-05T19:46:40, true
9DDDD405-82E4-4C56-A6A6-E2B51ACAB5CF, 2021-04-05T19:47:44, true
9DDDD405-82E4-4C56-A6A6-E2B51ACAB5CF, 2021-04-05T19:48:45, true
9DDDD405-82E4-4C56-A6A6-E2B51ACAB5CF, 2021-04-05T19:49:47, true
9DDDD405-82E4-4C56-A6A6-E2B51ACAB5CF, 2021-04-05T19:50:50, true
9DDDD405-82E4-4C56-A6A6-E2B51ACAB5CF, 2021-04-05T19:51:51, true
9DDDD405-82E4-4C56-A6A6-E2B51ACAB5CF, 2021-04-05T19:52:55, true
9DDDD405-82E4-4C56-A6A6-E2B51ACAB5CF, 2021-04-05T19:54:06, true
9DDDD405-82E4-4C56-A6A6-E2B51ACAB5CF, 2021-04-05T19:55:08, true
9DDDD405-82E4-4C56-A6A6-E2B51ACAB5CF, 2021-04-05T19:56:10, true
9DDDD405-82E4-4C56-A6A6-E2B51ACAB5CF, 2021-04-05T19:57:11, true
9DDDD405-82E4-4C56-A6A6-E2B51ACAB5CF, 2021-04-05T19:58:15, true
9DDDD405-82E4-4C56-A6A6-E2B51ACAB5CF, 2021-04-05T19:59:15, true
9DDDD405-82E4-4C56-A6A6-E2B51ACAB5CF, 2021-04-05T20:00:17, true
9DDDD405-82E4-4C56-A6A6-E2B51ACAB5CF, 2021-04-05T20:01:21, true
9DDDD405-82E4-4C56-A6A6-E2B51ACAB5CF, 2021-04-05T20:02:21, true
9DDDD405-82E4-4C56-A6A6-E2B51ACAB5CF, 2021-04-05T20:03:23, true
9DDDD405-82E4-4C56-A6A6-E2B51ACAB5CF, 2021-04-05T20:04:24, true
9DDDD405-82E4-4C56-A6A6-E2B51ACAB5CF, 2021-04-05T20:05:34, true
9DDDD405-82E4-4C56-A6A6-E2B51ACAB5CF, 2021-04-05T20:06:49, true
9DDDD405-82E4-4C56-A6A6-E2B51ACAB5CF, 2021-04-05T20:07:52, true
9DDDD405-82E4-4C56-A6A6-E2B51ACAB5CF, 2021-04-05T20:09:11, true
9DDDD405-82E4-4C56-A6A6-E2B51ACAB5CF, 2021-04-05T20:10:13, true
9DDDD405-82E4-4C56-A6A6-E2B51ACAB5CF, 2021-04-05T20:11:14, true
9DDDD405-82E4-4C56-A6A6-E2B51ACAB5CF, 2021-04-05T20:12:17, true
9DDDD405-82E4-4C56-A6A6-E2B51ACAB5CF, 2021-04-05T20:13:18, true
9DDDD405-82E4-4C56-A6A6-E2B51ACAB5CF, 2021-04-05T20:14:19, true
9DDDD405-82E4-4C56-A6A6-E2B51ACAB5CF, 2021-04-05T20:15:20, true
9DDDD405-82E4-4C56-A6A6-E2B51ACAB5CF, 2021-04-05T20:16:27, true
9DDDD405-82E4-4C56-A6A6-E2B51ACAB5CF, 2021-04-05T20:17:28, true
9DDDD405-82E4-4C56-A6A6-E2B51ACAB5CF, 2021-04-05T20:18:30, true
9DDDD405-82E4-4C56-A6A6-E2B51ACAB5CF, 2021-04-05T20:19:32, true
9DDDD405-82E4-4C56-A6A6-E2B51ACAB5CF, 2021-04-05T20:20:32, true
9DDDD405-82E4-4C56-A6A6-E2B51ACAB5CF, 2021-04-05T20:21:35, true
9DDDD405-82E4-4C56-A6A6-E2B51ACAB5CF, 2021-04-05T20:22:54, true
9DDDD405-82E4-4C56-A6A6-E2B51ACAB5CF, 2021-04-05T20:24:13, true
9DDDD405-82E4-4C56-A6A6-E2B51ACAB5CF, 2021-04-05T20:25:24, true
9DDDD405-82E4-4C56-A6A6-E2B51ACAB5CF, 2021-04-05T20:26:27, true
9DDDD405-82E4-4C56-A6A6-E2B51ACAB5CF, 2021-04-05T20:27:34, true
9DDDD405-82E4-4C56-A6A6-E2B51ACAB5CF, 2021-04-05T20:28:35, true
9DDDD405-82E4-4C56-A6A6-E2B51ACAB5CF, 2021-04-05T20:29:38, true
9DDDD405-82E4-4C56-A6A6-E2B51ACAB5CF, 2021-04-05T20:30:38, true
9DDDD405-82E4-4C56-A6A6-E2B51ACAB5CF, 2021-04-05T20:31:38, true
9DDDD405-82E4-4C56-A6A6-E2B51ACAB5CF, 2021-04-05T20:32:40, true
9DDDD405-82E4-4C56-A6A6-E2B51ACAB5CF, 2021-04-05T20:33:42, true
9DDDD405-82E4-4C56-A6A6-E2B51ACAB5CF, 2021-04-05T20:34:45, true
9DDDD405-82E4-4C56-A6A6-E2B51ACAB5CF, 2021-04-05T20:35:54, true
9DDDD405-82E4-4C56-A6A6-E2B51ACAB5CF, 2021-04-05T20:36:58, true
9DDDD405-82E4-4C56-A6A6-E2B51ACAB5CF, 2021-04-05T20:38:07, true
9DDDD405-82E4-4C56-A6A6-E2B51ACAB5CF, 2021-04-05T20:39:33, true
9DDDD405-82E4-4C56-A6A6-E2B51ACAB5CF, 2021-04-05T20:40:35, true
9DDDD405-82E4-4C56-A6A6-E2B51ACAB5CF, 2021-04-05T20:41:36, true
9DDDD405-82E4-4C56-A6A6-E2B51ACAB5CF, 2021-04-05T20:42:39, true
9DDDD405-82E4-4C56-A6A6-E2B51ACAB5CF, 2021-04-05T20:43:42, true
9DDDD405-82E4-4C56-A6A6-E2B51ACAB5CF, 2021-04-05T20:44:44, true
9DDDD405-82E4-4C56-A6A6-E2B51ACAB5CF, 2021-04-05T20:45:47, true
9DDDD405-82E4-4C56-A6A6-E2B51ACAB5CF, 2021-04-05T20:47:11, true
9DDDD405-82E4-4C56-A6A6-E2B51ACAB5CF, 2021-04-05T20:48:22, true
9DDDD405-82E4-4C56-A6A6-E2B51ACAB5CF, 2021-04-05T20:49:30, true
9DDDD405-82E4-4C56-A6A6-E2B51ACAB5CF, 2021-04-05T20:50:31, true
9DDDD405-82E4-4C56-A6A6-E2B51ACAB5CF, 2021-04-05T20:51:35, true
9DDDD405-82E4-4C56-A6A6-E2B51ACAB5CF, 2021-04-05T20:52:53, true
9DDDD405-82E4-4C56-A6A6-E2B51ACAB5CF, 2021-04-05T20:53:54, true
9DDDD405-82E4-4C56-A6A6-E2B51ACAB5CF, 2021-04-05T20:55:24, true
9DDDD405-82E4-4C56-A6A6-E2B51ACAB5CF, 2021-04-05T20:56:25, true
9DDDD405-82E4-4C56-A6A6-E2B51ACAB5CF, 2021-04-05T20:57:28, true
9DDDD405-82E4-4C56-A6A6-E2B51ACAB5CF, 2021-04-05T20:58:48, true
9DDDD405-82E4-4C56-A6A6-E2B51ACAB5CF, 2021-04-05T21:00:00, true
9DDDD405-82E4-4C56-A6A6-E2B51ACAB5CF, 2021-04-05T21:01:25, true
9DDDD405-82E4-4C56-A6A6-E2B51ACAB5CF, 2021-04-05T21:02:29, true
9DDDD405-82E4-4C56-A6A6-E2B51ACAB5CF, 2021-04-05T21:03:29, true
9DDDD405-82E4-4C56-A6A6-E2B51ACAB5CF, 2021-04-05T21:04:29, true
9DDDD405-82E4-4C56-A6A6-E2B51ACAB5CF, 2021-04-05T21:05:42, true
9DDDD405-82E4-4C56-A6A6-E2B51ACAB5CF, 2021-04-05T21:06:44, true
9DDDD405-82E4-4C56-A6A6-E2B51ACAB5CF, 2021-04-05T21:07:45, true
9DDDD405-82E4-4C56-A6A6-E2B51ACAB5CF, 2021-04-05T21:08:46, true
9DDDD405-82E4-4C56-A6A6-E2B51ACAB5CF, 2021-04-05T21:09:47, true
9DDDD405-82E4-4C56-A6A6-E2B51ACAB5CF, 2021-04-05T21:10:52, true
9DDDD405-82E4-4C56-A6A6-E2B51ACAB5CF, 2021-04-05T21:11:56, true
9DDDD405-82E4-4C56-A6A6-E2B51ACAB5CF, 2021-04-05T21:13:05, true
9DDDD405-82E4-4C56-A6A6-E2B51ACAB5CF, 2021-04-05T21:14:16, true
9DDDD405-82E4-4C56-A6A6-E2B51ACAB5CF, 2021-04-05T21:15:20, true
9DDDD405-82E4-4C56-A6A6-E2B51ACAB5CF, 2021-04-05T21:16:21, true
9DDDD405-82E4-4C56-A6A6-E2B51ACAB5CF, 2021-04-05T21:17:23, true
9DDDD405-82E4-4C56-A6A6-E2B51ACAB5CF, 2021-04-05T21:18:31, true
9DDDD405-82E4-4C56-A6A6-E2B51ACAB5CF, 2021-04-05T21:19:33, true
9DDDD405-82E4-4C56-A6A6-E2B51ACAB5CF, 2021-04-05T21:20:35, true
9DDDD405-82E4-4C56-A6A6-E2B51ACAB5CF, 2021-04-05T21:21:37, true
9DDDD405-82E4-4C56-A6A6-E2B51ACAB5CF, 2021-04-05T21:22:37, false
9DDDD405-82E4-4C56-A6A6-E2B51ACAB5CF, 2021-04-05T21:23:14, true
9DDDD405-82E4-4C56-A6A6-E2B51ACAB5CF, 2021-04-05T21:24:20, true
9DDDD405-82E4-4C56-A6A6-E2B51ACAB5CF, 2021-04-05T21:25:26, true
9DDDD405-82E4-4C56-A6A6-E2B51ACAB5CF, 2021-04-05T21:26:28, true
9DDDD405-82E4-4C56-A6A6-E2B51ACAB5CF, 2021-04-05T21:27:30, true
9DDDD405-82E4-4C56-A6A6-E2B51ACAB5CF, 2021-04-05T21:28:32, true
9DDDD405-82E4-4C56-A6A6-E2B51ACAB5CF, 2021-04-05T21:29:35, true
9DDDD405-82E4-4C56-A6A6-E2B51ACAB5CF, 2021-04-05T21:30:35, true
9DDDD405-82E4-4C56-A6A6-E2B51ACAB5CF, 2021-04-05T21:31:36, true
9DDDD405-82E4-4C56-A6A6-E2B51ACAB5CF, 2021-04-05T21:32:37, true
9DDDD405-82E4-4C56-A6A6-E2B51ACAB5CF, 2021-04-05T21:33:43, true
9DDDD405-82E4-4C56-A6A6-E2B51ACAB5CF, 2021-04-05T21:34:52, true
9DDDD405-82E4-4C56-A6A6-E2B51ACAB5CF, 2021-04-05T21:35:55, true
9DDDD405-82E4-4C56-A6A6-E2B51ACAB5CF, 2021-04-05T21:36:56, true
9DDDD405-82E4-4C56-A6A6-E2B51ACAB5CF, 2021-04-05T21:37:57, true
9DDDD405-82E4-4C56-A6A6-E2B51ACAB5CF, 2021-04-05T21:38:58, true
9DDDD405-82E4-4C56-A6A6-E2B51ACAB5CF, 2021-04-05T21:40:03, true
9DDDD405-82E4-4C56-A6A6-E2B51ACAB5CF, 2021-04-05T21:41:20, true
9DDDD405-82E4-4C56-A6A6-E2B51ACAB5CF, 2021-04-05T21:42:20, true
9DDDD405-82E4-4C56-A6A6-E2B51ACAB5CF, 2021-04-05T21:43:21, true
9DDDD405-82E4-4C56-A6A6-E2B51ACAB5CF, 2021-04-05T21:44:34, true
9DDDD405-82E4-4C56-A6A6-E2B51ACAB5CF, 2021-04-05T21:45:36, true
9DDDD405-82E4-4C56-A6A6-E2B51ACAB5CF, 2021-04-05T21:46:38, true
9DDDD405-82E4-4C56-A6A6-E2B51ACAB5CF, 2021-04-05T21:47:42, true
9DDDD405-82E4-4C56-A6A6-E2B51ACAB5CF, 2021-04-05T21:48:43, true
9DDDD405-82E4-4C56-A6A6-E2B51ACAB5CF, 2021-04-05T21:49:46, true
9DDDD405-82E4-4C56-A6A6-E2B51ACAB5CF, 2021-04-05T21:50:49, true
9DDDD405-82E4-4C56-A6A6-E2B51ACAB5CF, 2021-04-05T21:51:52, true
9DDDD405-82E4-4C56-A6A6-E2B51ACAB5CF, 2021-04-05T21:52:56, true
9DDDD405-82E4-4C56-A6A6-E2B51ACAB5CF, 2021-04-05T21:53:59, true
9DDDD405-82E4-4C56-A6A6-E2B51ACAB5CF, 2021-04-05T21:55:08, true
9DDDD405-82E4-4C56-A6A6-E2B51ACAB5CF, 2021-04-05T21:56:08, false
9DDDD405-82E4-4C56-A6A6-E2B51ACAB5CF, 2021-04-05T21:56:39, true
9DDDD405-82E4-4C56-A6A6-E2B51ACAB5CF, 2021-04-05T21:57:40, true
9DDDD405-82E4-4C56-A6A6-E2B51ACAB5CF, 2021-04-05T21:58:41, true
9DDDD405-82E4-4C56-A6A6-E2B51ACAB5CF, 2021-04-05T21:59:45, true
9DDDD405-82E4-4C56-A6A6-E2B51ACAB5CF, 2021-04-05T22:00:47, true
9DDDD405-82E4-4C56-A6A6-E2B51ACAB5CF, 2021-04-05T22:01:48, true
9DDDD405-82E4-4C56-A6A6-E2B51ACAB5CF, 2021-04-05T22:02:48, true
9DDDD405-82E4-4C56-A6A6-E2B51ACAB5CF, 2021-04-05T22:03:52, true
9DDDD405-82E4-4C56-A6A6-E2B51ACAB5CF, 2021-04-05T22:04:55, true
9DDDD405-82E4-4C56-A6A6-E2B51ACAB5CF, 2021-04-05T22:05:57, true
9DDDD405-82E4-4C56-A6A6-E2B51ACAB5CF, 2021-04-05T22:06:58, true
9DDDD405-82E4-4C56-A6A6-E2B51ACAB5CF, 2021-04-05T22:08:01, true
9DDDD405-82E4-4C56-A6A6-E2B51ACAB5CF, 2021-04-05T22:09:03, true
9DDDD405-82E4-4C56-A6A6-E2B51ACAB5CF, 2021-04-05T22:10:05, true
9DDDD405-82E4-4C56-A6A6-E2B51ACAB5CF, 2021-04-05T22:11:06, true
9DDDD405-82E4-4C56-A6A6-E2B51ACAB5CF, 2021-04-05T22:12:09, true
9DDDD405-82E4-4C56-A6A6-E2B51ACAB5CF, 2021-04-05T22:13:10, true
9DDDD405-82E4-4C56-A6A6-E2B51ACAB5CF, 2021-04-05T22:14:13, true
9DDDD405-82E4-4C56-A6A6-E2B51ACAB5CF, 2021-04-05T22:15:16, true
9DDDD405-82E4-4C56-A6A6-E2B51ACAB5CF, 2021-04-05T22:16:17, true
9DDDD405-82E4-4C56-A6A6-E2B51ACAB5CF, 2021-04-05T22:17:19, true
9DDDD405-82E4-4C56-A6A6-E2B51ACAB5CF, 2021-04-05T22:18:33, true
9DDDD405-82E4-4C56-A6A6-E2B51ACAB5CF, 2021-04-05T22:19:35, true
9DDDD405-82E4-4C56-A6A6-E2B51ACAB5CF, 2021-04-05T22:20:38, true
9DDDD405-82E4-4C56-A6A6-E2B51ACAB5CF, 2021-04-05T22:21:39, true
9DDDD405-82E4-4C56-A6A6-E2B51ACAB5CF, 2021-04-05T22:22:50, true
9DDDD405-82E4-4C56-A6A6-E2B51ACAB5CF, 2021-04-05T22:23:51, true
9DDDD405-82E4-4C56-A6A6-E2B51ACAB5CF, 2021-04-05T22:24:53, true
9DDDD405-82E4-4C56-A6A6-E2B51ACAB5CF, 2021-04-05T22:25:53, true
9DDDD405-82E4-4C56-A6A6-E2B51ACAB5CF, 2021-04-05T22:26:56, true
9DDDD405-82E4-4C56-A6A6-E2B51ACAB5CF, 2021-04-05T22:27:57, true
9DDDD405-82E4-4C56-A6A6-E2B51ACAB5CF, 2021-04-05T22:29:12, true
9DDDD405-82E4-4C56-A6A6-E2B51ACAB5CF, 2021-04-05T22:30:15, true
9DDDD405-82E4-4C56-A6A6-E2B51ACAB5CF, 2021-04-05T22:31:19, true
9DDDD405-82E4-4C56-A6A6-E2B51ACAB5CF, 2021-04-05T22:32:22, true
9DDDD405-82E4-4C56-A6A6-E2B51ACAB5CF, 2021-04-05T22:33:24, true
9DDDD405-82E4-4C56-A6A6-E2B51ACAB5CF, 2021-04-05T22:34:29, true
9DDDD405-82E4-4C56-A6A6-E2B51ACAB5CF, 2021-04-05T22:35:32, true
9DDDD405-82E4-4C56-A6A6-E2B51ACAB5CF, 2021-04-05T22:36:35, true
9DDDD405-82E4-4C56-A6A6-E2B51ACAB5CF, 2021-04-05T22:37:36, true
9DDDD405-82E4-4C56-A6A6-E2B51ACAB5CF, 2021-04-05T22:38:43, true
9DDDD405-82E4-4C56-A6A6-E2B51ACAB5CF, 2021-04-05T22:39:44, true
9DDDD405-82E4-4C56-A6A6-E2B51ACAB5CF, 2021-04-05T22:40:49, true
9DDDD405-82E4-4C56-A6A6-E2B51ACAB5CF, 2021-04-05T22:41:52, true
9DDDD405-82E4-4C56-A6A6-E2B51ACAB5CF, 2021-04-05T22:42:53, true
9DDDD405-82E4-4C56-A6A6-E2B51ACAB5CF, 2021-04-05T22:43:55, true
9DDDD405-82E4-4C56-A6A6-E2B51ACAB5CF, 2021-04-05T22:44:56, true
