Device, Measure Date Time, Exist
9DDDD405-82E4-4C56-A6A6-E2B51ACAB5CF, 2021-04-02T22:45:32, true
9DDDD405-82E4-4C56-A6A6-E2B51ACAB5CF, 2021-04-02T22:46:33, true
9DDDD405-82E4-4C56-A6A6-E2B51ACAB5CF, 2021-04-02T22:47:36, true
9DDDD405-82E4-4C56-A6A6-E2B51ACAB5CF, 2021-04-02T22:48:41, true
9DDDD405-82E4-4C56-A6A6-E2B51ACAB5CF, 2021-04-02T22:49:44, true
9DDDD405-82E4-4C56-A6A6-E2B51ACAB5CF, 2021-04-02T22:50:46, true
9DDDD405-82E4-4C56-A6A6-E2B51ACAB5CF, 2021-04-02T22:51:51, true
9DDDD405-82E4-4C56-A6A6-E2B51ACAB5CF, 2021-04-02T22:52:55, true
9DDDD405-82E4-4C56-A6A6-E2B51ACAB5CF, 2021-04-02T22:54:06, true
9DDDD405-82E4-4C56-A6A6-E2B51ACAB5CF, 2021-04-02T22:55:09, true
9DDDD405-82E4-4C56-A6A6-E2B51ACAB5CF, 2021-04-02T22:56:09, true
9DDDD405-82E4-4C56-A6A6-E2B51ACAB5CF, 2021-04-02T22:57:10, true
9DDDD405-82E4-4C56-A6A6-E2B51ACAB5CF, 2021-04-02T22:58:12, true
9DDDD405-82E4-4C56-A6A6-E2B51ACAB5CF, 2021-04-02T22:59:14, true
9DDDD405-82E4-4C56-A6A6-E2B51ACAB5CF, 2021-04-02T23:00:20, true
9DDDD405-82E4-4C56-A6A6-E2B51ACAB5CF, 2021-04-02T23:01:24, true
9DDDD405-82E4-4C56-A6A6-E2B51ACAB5CF, 2021-04-02T23:02:26, true
9DDDD405-82E4-4C56-A6A6-E2B51ACAB5CF, 2021-04-02T23:03:29, true
9DDDD405-82E4-4C56-A6A6-E2B51ACAB5CF, 2021-04-02T23:04:32, true
9DDDD405-82E4-4C56-A6A6-E2B51ACAB5CF, 2021-04-02T23:05:35, true
9DDDD405-82E4-4C56-A6A6-E2B51ACAB5CF, 2021-04-02T23:06:36, true
9DDDD405-82E4-4C56-A6A6-E2B51ACAB5CF, 2021-04-02T23:07:38, true
9DDDD405-82E4-4C56-A6A6-E2B51ACAB5CF, 2021-04-02T23:08:39, true
9DDDD405-82E4-4C56-A6A6-E2B51ACAB5CF, 2021-04-02T23:09:45, true
9DDDD405-82E4-4C56-A6A6-E2B51ACAB5CF, 2021-04-02T23:10:46, true
9DDDD405-82E4-4C56-A6A6-E2B51ACAB5CF, 2021-04-02T23:11:50, true
9DDDD405-82E4-4C56-A6A6-E2B51ACAB5CF, 2021-04-02T23:12:51, true
9DDDD405-82E4-4C56-A6A6-E2B51ACAB5CF, 2021-04-02T23:13:53, true
9DDDD405-82E4-4C56-A6A6-E2B51ACAB5CF, 2021-04-02T23:14:54, true
9DDDD405-82E4-4C56-A6A6-E2B51ACAB5CF, 2021-04-02T23:16:02, true
9DDDD405-82E4-4C56-A6A6-E2B51ACAB5CF, 2021-04-02T23:17:07, true
9DDDD405-82E4-4C56-A6A6-E2B51ACAB5CF, 2021-04-02T23:18:07, true
9DDDD405-82E4-4C56-A6A6-E2B51ACAB5CF, 2021-04-02T23:19:07, true
9DDDD405-82E4-4C56-A6A6-E2B51ACAB5CF, 2021-04-02T23:20:11, true
9DDDD405-82E4-4C56-A6A6-E2B51ACAB5CF, 2021-04-02T23:21:13, true
9DDDD405-82E4-4C56-A6A6-E2B51ACAB5CF, 2021-04-02T23:22:14, true
9DDDD405-82E4-4C56-A6A6-E2B51ACAB5CF, 2021-04-02T23:23:15, true
9DDDD405-82E4-4C56-A6A6-E2B51ACAB5CF, 2021-04-02T23:24:18, true
9DDDD405-82E4-4C56-A6A6-E2B51ACAB5CF, 2021-04-02T23:25:39, true
9DDDD405-82E4-4C56-A6A6-E2B51ACAB5CF, 2021-04-02T23:26:50, true
9DDDD405-82E4-4C56-A6A6-E2B51ACAB5CF, 2021-04-02T23:27:54, true
9DDDD405-82E4-4C56-A6A6-E2B51ACAB5CF, 2021-04-02T23:28:55, true
9DDDD405-82E4-4C56-A6A6-E2B51ACAB5CF, 2021-04-02T23:30:00, true
9DDDD405-82E4-4C56-A6A6-E2B51ACAB5CF, 2021-04-02T23:31:00, true
9DDDD405-82E4-4C56-A6A6-E2B51ACAB5CF, 2021-04-02T23:32:01, true
9DDDD405-82E4-4C56-A6A6-E2B51ACAB5CF, 2021-04-02T23:33:02, true
9DDDD405-82E4-4C56-A6A6-E2B51ACAB5CF, 2021-04-02T23:34:03, true
9DDDD405-82E4-4C56-A6A6-E2B51ACAB5CF, 2021-04-02T23:35:04, true
9DDDD405-82E4-4C56-A6A6-E2B51ACAB5CF, 2021-04-02T23:36:05, true
9DDDD405-82E4-4C56-A6A6-E2B51ACAB5CF, 2021-04-02T23:37:09, true
9DDDD405-82E4-4C56-A6A6-E2B51ACAB5CF, 2021-04-02T23:38:17, true
9DDDD405-82E4-4C56-A6A6-E2B51ACAB5CF, 2021-04-02T23:39:18, true
9DDDD405-82E4-4C56-A6A6-E2B51ACAB5CF, 2021-04-02T23:40:21, true
9DDDD405-82E4-4C56-A6A6-E2B51ACAB5CF, 2021-04-02T23:41:23, true
9DDDD405-82E4-4C56-A6A6-E2B51ACAB5CF, 2021-04-02T23:42:27, true
9DDDD405-82E4-4C56-A6A6-E2B51ACAB5CF, 2021-04-02T23:43:28, true
9DDDD405-82E4-4C56-A6A6-E2B51ACAB5CF, 2021-04-02T23:44:32, true
9DDDD405-82E4-4C56-A6A6-E2B51ACAB5CF, 2021-04-02T23:45:32, true
9DDDD405-82E4-4C56-A6A6-E2B51ACAB5CF, 2021-04-02T23:46:35, true
9DDDD405-82E4-4C56-A6A6-E2B51ACAB5CF, 2021-04-02T23:47:35, true
9DDDD405-82E4-4C56-A6A6-E2B51ACAB5CF, 2021-04-02T23:48:35, true
9DDDD405-82E4-4C56-A6A6-E2B51ACAB5CF, 2021-04-02T23:49:36, true
9DDDD405-82E4-4C56-A6A6-E2B51ACAB5CF, 2021-04-02T23:50:39, true
9DDDD405-82E4-4C56-A6A6-E2B51ACAB5CF, 2021-04-02T23:51:41, true
9DDDD405-82E4-4C56-A6A6-E2B51ACAB5CF, 2021-04-02T23:52:42, true
9DDDD405-82E4-4C56-A6A6-E2B51ACAB5CF, 2021-04-02T23:53:45, true
9DDDD405-82E4-4C56-A6A6-E2B51ACAB5CF, 2021-04-02T23:54:46, true
9DDDD405-82E4-4C56-A6A6-E2B51ACAB5CF, 2021-04-02T23:55:52, true
9DDDD405-82E4-4C56-A6A6-E2B51ACAB5CF, 2021-04-02T23:56:52, true
9DDDD405-82E4-4C56-A6A6-E2B51ACAB5CF, 2021-04-02T23:57:53, true
9DDDD405-82E4-4C56-A6A6-E2B51ACAB5CF, 2021-04-02T23:58:56, true
9DDDD405-82E4-4C56-A6A6-E2B51ACAB5CF, 2021-04-03T00:00:05, true
9DDDD405-82E4-4C56-A6A6-E2B51ACAB5CF, 2021-04-03T00:01:06, true
9DDDD405-82E4-4C56-A6A6-E2B51ACAB5CF, 2021-04-03T00:02:07, true
9DDDD405-82E4-4C56-A6A6-E2B51ACAB5CF, 2021-04-03T00:03:10, true
9DDDD405-82E4-4C56-A6A6-E2B51ACAB5CF, 2021-04-03T00:04:13, true
9DDDD405-82E4-4C56-A6A6-E2B51ACAB5CF, 2021-04-03T00:05:16, true
9DDDD405-82E4-4C56-A6A6-E2B51ACAB5CF, 2021-04-03T00:06:18, true
9DDDD405-82E4-4C56-A6A6-E2B51ACAB5CF, 2021-04-03T00:07:18, true
9DDDD405-82E4-4C56-A6A6-E2B51ACAB5CF, 2021-04-03T00:08:22, true
9DDDD405-82E4-4C56-A6A6-E2B51ACAB5CF, 2021-04-03T00:09:22, true
9DDDD405-82E4-4C56-A6A6-E2B51ACAB5CF, 2021-04-03T00:10:23, true
9DDDD405-82E4-4C56-A6A6-E2B51ACAB5CF, 2021-04-03T00:11:27, true
9DDDD405-82E4-4C56-A6A6-E2B51ACAB5CF, 2021-04-03T00:12:30, true
9DDDD405-82E4-4C56-A6A6-E2B51ACAB5CF, 2021-04-03T00:13:31, true
9DDDD405-82E4-4C56-A6A6-E2B51ACAB5CF, 2021-04-03T00:14:34, true
9DDDD405-82E4-4C56-A6A6-E2B51ACAB5CF, 2021-04-03T00:15:38, true
9DDDD405-82E4-4C56-A6A6-E2B51ACAB5CF, 2021-04-03T00:17:02, true
9DDDD405-82E4-4C56-A6A6-E2B51ACAB5CF, 2021-04-03T00:18:03, true
9DDDD405-82E4-4C56-A6A6-E2B51ACAB5CF, 2021-04-03T00:19:06, true
9DDDD405-82E4-4C56-A6A6-E2B51ACAB5CF, 2021-04-03T00:20:07, true
9DDDD405-82E4-4C56-A6A6-E2B51ACAB5CF, 2021-04-03T00:21:08, true
9DDDD405-82E4-4C56-A6A6-E2B51ACAB5CF, 2021-04-03T00:22:12, true
9DDDD405-82E4-4C56-A6A6-E2B51ACAB5CF, 2021-04-03T00:23:14, true
9DDDD405-82E4-4C56-A6A6-E2B51ACAB5CF, 2021-04-03T00:24:17, true
9DDDD405-82E4-4C56-A6A6-E2B51ACAB5CF, 2021-04-03T00:25:20, true
9DDDD405-82E4-4C56-A6A6-E2B51ACAB5CF, 2021-04-03T00:26:21, true
9DDDD405-82E4-4C56-A6A6-E2B51ACAB5CF, 2021-04-03T00:27:24, true
9DDDD405-82E4-4C56-A6A6-E2B51ACAB5CF, 2021-04-03T00:28:25, true
9DDDD405-82E4-4C56-A6A6-E2B51ACAB5CF, 2021-04-03T00:29:28, true
9DDDD405-82E4-4C56-A6A6-E2B51ACAB5CF, 2021-04-03T00:30:29, true
9DDDD405-82E4-4C56-A6A6-E2B51ACAB5CF, 2021-04-03T00:31:32, true
9DDDD405-82E4-4C56-A6A6-E2B51ACAB5CF, 2021-04-03T00:32:35, true
9DDDD405-82E4-4C56-A6A6-E2B51ACAB5CF, 2021-04-03T00:33:39, true
9DDDD405-82E4-4C56-A6A6-E2B51ACAB5CF, 2021-04-03T00:35:01, true
9DDDD405-82E4-4C56-A6A6-E2B51ACAB5CF, 2021-04-03T00:36:02, true
9DDDD405-82E4-4C56-A6A6-E2B51ACAB5CF, 2021-04-03T00:37:03, true
9DDDD405-82E4-4C56-A6A6-E2B51ACAB5CF, 2021-04-03T00:38:06, true
9DDDD405-82E4-4C56-A6A6-E2B51ACAB5CF, 2021-04-03T00:39:09, true
9DDDD405-82E4-4C56-A6A6-E2B51ACAB5CF, 2021-04-03T00:40:10, true
9DDDD405-82E4-4C56-A6A6-E2B51ACAB5CF, 2021-04-03T00:41:11, true
9DDDD405-82E4-4C56-A6A6-E2B51ACAB5CF, 2021-04-03T00:42:13, true
9DDDD405-82E4-4C56-A6A6-E2B51ACAB5CF, 2021-04-03T00:43:15, true
9DDDD405-82E4-4C56-A6A6-E2B51ACAB5CF, 2021-04-03T00:44:27, true
9DDDD405-82E4-4C56-A6A6-E2B51ACAB5CF, 2021-04-03T00:45:30, true
9DDDD405-82E4-4C56-A6A6-E2B51ACAB5CF, 2021-04-03T00:46:33, true
9DDDD405-82E4-4C56-A6A6-E2B51ACAB5CF, 2021-04-03T00:47:34, true
9DDDD405-82E4-4C56-A6A6-E2B51ACAB5CF, 2021-04-03T00:48:35, true
9DDDD405-82E4-4C56-A6A6-E2B51ACAB5CF, 2021-04-03T00:49:37, true
9DDDD405-82E4-4C56-A6A6-E2B51ACAB5CF, 2021-04-03T00:50:39, true
9DDDD405-82E4-4C56-A6A6-E2B51ACAB5CF, 2021-04-03T00:51:41, true
9DDDD405-82E4-4C56-A6A6-E2B51ACAB5CF, 2021-04-03T00:52:42, true
9DDDD405-82E4-4C56-A6A6-E2B51ACAB5CF, 2021-04-03T00:53:44, true
9DDDD405-82E4-4C56-A6A6-E2B51ACAB5CF, 2021-04-03T00:54:50, true
9DDDD405-82E4-4C56-A6A6-E2B51ACAB5CF, 2021-04-03T00:55:51, true
9DDDD405-82E4-4C56-A6A6-E2B51ACAB5CF, 2021-04-03T00:56:55, true
9DDDD405-82E4-4C56-A6A6-E2B51ACAB5CF, 2021-04-03T00:57:56, true
9DDDD405-82E4-4C56-A6A6-E2B51ACAB5CF, 2021-04-03T00:58:59, true
9DDDD405-82E4-4C56-A6A6-E2B51ACAB5CF, 2021-04-03T00:59:59, true
9DDDD405-82E4-4C56-A6A6-E2B51ACAB5CF, 2021-04-03T01:01:00, true
9DDDD405-82E4-4C56-A6A6-E2B51ACAB5CF, 2021-04-03T01:02:01, true
9DDDD405-82E4-4C56-A6A6-E2B51ACAB5CF, 2021-04-03T01:03:01, true
9DDDD405-82E4-4C56-A6A6-E2B51ACAB5CF, 2021-04-03T01:04:05, true
9DDDD405-82E4-4C56-A6A6-E2B51ACAB5CF, 2021-04-03T01:05:06, true
9DDDD405-82E4-4C56-A6A6-E2B51ACAB5CF, 2021-04-03T01:06:08, true
9DDDD405-82E4-4C56-A6A6-E2B51ACAB5CF, 2021-04-03T01:07:11, true
9DDDD405-82E4-4C56-A6A6-E2B51ACAB5CF, 2021-04-03T01:08:12, true
9DDDD405-82E4-4C56-A6A6-E2B51ACAB5CF, 2021-04-03T01:09:12, true
9DDDD405-82E4-4C56-A6A6-E2B51ACAB5CF, 2021-04-03T01:10:13, true
9DDDD405-82E4-4C56-A6A6-E2B51ACAB5CF, 2021-04-03T01:11:15, true
9DDDD405-82E4-4C56-A6A6-E2B51ACAB5CF, 2021-04-03T01:12:17, true
9DDDD405-82E4-4C56-A6A6-E2B51ACAB5CF, 2021-04-03T01:13:17, true
9DDDD405-82E4-4C56-A6A6-E2B51ACAB5CF, 2021-04-03T01:14:22, true
9DDDD405-82E4-4C56-A6A6-E2B51ACAB5CF, 2021-04-03T01:15:24, true
9DDDD405-82E4-4C56-A6A6-E2B51ACAB5CF, 2021-04-03T01:16:26, true
9DDDD405-82E4-4C56-A6A6-E2B51ACAB5CF, 2021-04-03T01:17:30, true
9DDDD405-82E4-4C56-A6A6-E2B51ACAB5CF, 2021-04-03T01:18:31, true
9DDDD405-82E4-4C56-A6A6-E2B51ACAB5CF, 2021-04-03T01:19:35, true
9DDDD405-82E4-4C56-A6A6-E2B51ACAB5CF, 2021-04-03T01:20:36, true
9DDDD405-82E4-4C56-A6A6-E2B51ACAB5CF, 2021-04-03T01:21:39, true
9DDDD405-82E4-4C56-A6A6-E2B51ACAB5CF, 2021-04-03T01:22:40, true
9DDDD405-82E4-4C56-A6A6-E2B51ACAB5CF, 2021-04-03T01:23:41, true
9DDDD405-82E4-4C56-A6A6-E2B51ACAB5CF, 2021-04-03T01:24:42, true
9DDDD405-82E4-4C56-A6A6-E2B51ACAB5CF, 2021-04-03T01:25:43, true
9DDDD405-82E4-4C56-A6A6-E2B51ACAB5CF, 2021-04-03T01:26:45, true
9DDDD405-82E4-4C56-A6A6-E2B51ACAB5CF, 2021-04-03T01:27:48, true
9DDDD405-82E4-4C56-A6A6-E2B51ACAB5CF, 2021-04-03T01:28:52, true
9DDDD405-82E4-4C56-A6A6-E2B51ACAB5CF, 2021-04-03T01:29:53, true
9DDDD405-82E4-4C56-A6A6-E2B51ACAB5CF, 2021-04-03T01:30:54, true
9DDDD405-82E4-4C56-A6A6-E2B51ACAB5CF, 2021-04-03T01:31:57, true
9DDDD405-82E4-4C56-A6A6-E2B51ACAB5CF, 2021-04-03T01:33:02, true
9DDDD405-82E4-4C56-A6A6-E2B51ACAB5CF, 2021-04-03T01:34:03, true
9DDDD405-82E4-4C56-A6A6-E2B51ACAB5CF, 2021-04-03T01:35:08, true
9DDDD405-82E4-4C56-A6A6-E2B51ACAB5CF, 2021-04-03T01:36:10, true
9DDDD405-82E4-4C56-A6A6-E2B51ACAB5CF, 2021-04-03T01:37:15, true
9DDDD405-82E4-4C56-A6A6-E2B51ACAB5CF, 2021-04-03T01:38:19, true
9DDDD405-82E4-4C56-A6A6-E2B51ACAB5CF, 2021-04-03T01:39:24, true
9DDDD405-82E4-4C56-A6A6-E2B51ACAB5CF, 2021-04-03T01:40:26, true
9DDDD405-82E4-4C56-A6A6-E2B51ACAB5CF, 2021-04-03T01:41:29, true
9DDDD405-82E4-4C56-A6A6-E2B51ACAB5CF, 2021-04-03T01:42:31, true
9DDDD405-82E4-4C56-A6A6-E2B51ACAB5CF, 2021-04-03T01:43:32, true
9DDDD405-82E4-4C56-A6A6-E2B51ACAB5CF, 2021-04-03T01:44:33, true
9DDDD405-82E4-4C56-A6A6-E2B51ACAB5CF, 2021-04-03T01:45:36, true
9DDDD405-82E4-4C56-A6A6-E2B51ACAB5CF, 2021-04-03T01:46:36, true
9DDDD405-82E4-4C56-A6A6-E2B51ACAB5CF, 2021-04-03T01:47:38, true
9DDDD405-82E4-4C56-A6A6-E2B51ACAB5CF, 2021-04-03T01:48:42, true
9DDDD405-82E4-4C56-A6A6-E2B51ACAB5CF, 2021-04-03T01:49:45, true
9DDDD405-82E4-4C56-A6A6-E2B51ACAB5CF, 2021-04-03T01:50:45, true
9DDDD405-82E4-4C56-A6A6-E2B51ACAB5CF, 2021-04-03T01:51:47, true
9DDDD405-82E4-4C56-A6A6-E2B51ACAB5CF, 2021-04-03T01:52:50, true
9DDDD405-82E4-4C56-A6A6-E2B51ACAB5CF, 2021-04-03T01:53:50, true
9DDDD405-82E4-4C56-A6A6-E2B51ACAB5CF, 2021-04-03T01:54:52, true
9DDDD405-82E4-4C56-A6A6-E2B51ACAB5CF, 2021-04-03T01:55:55, true
9DDDD405-82E4-4C56-A6A6-E2B51ACAB5CF, 2021-04-03T01:56:56, true
9DDDD405-82E4-4C56-A6A6-E2B51ACAB5CF, 2021-04-03T01:57:58, true
9DDDD405-82E4-4C56-A6A6-E2B51ACAB5CF, 2021-04-03T01:58:59, true
9DDDD405-82E4-4C56-A6A6-E2B51ACAB5CF, 2021-04-03T02:00:02, true
9DDDD405-82E4-4C56-A6A6-E2B51ACAB5CF, 2021-04-03T02:01:09, true
9DDDD405-82E4-4C56-A6A6-E2B51ACAB5CF, 2021-04-03T02:02:12, true
9DDDD405-82E4-4C56-A6A6-E2B51ACAB5CF, 2021-04-03T02:03:14, true
9DDDD405-82E4-4C56-A6A6-E2B51ACAB5CF, 2021-04-03T02:04:19, true
9DDDD405-82E4-4C56-A6A6-E2B51ACAB5CF, 2021-04-03T02:05:22, true
9DDDD405-82E4-4C56-A6A6-E2B51ACAB5CF, 2021-04-03T02:06:23, true
9DDDD405-82E4-4C56-A6A6-E2B51ACAB5CF, 2021-04-03T02:07:24, true
9DDDD405-82E4-4C56-A6A6-E2B51ACAB5CF, 2021-04-03T02:08:24, true
9DDDD405-82E4-4C56-A6A6-E2B51ACAB5CF, 2021-04-03T02:09:25, true
9DDDD405-82E4-4C56-A6A6-E2B51ACAB5CF, 2021-04-03T02:10:27, true
9DDDD405-82E4-4C56-A6A6-E2B51ACAB5CF, 2021-04-03T02:11:27, true
9DDDD405-82E4-4C56-A6A6-E2B51ACAB5CF, 2021-04-03T02:12:34, true
9DDDD405-82E4-4C56-A6A6-E2B51ACAB5CF, 2021-04-03T02:13:36, true
9DDDD405-82E4-4C56-A6A6-E2B51ACAB5CF, 2021-04-03T02:14:40, true
9DDDD405-82E4-4C56-A6A6-E2B51ACAB5CF, 2021-04-03T02:15:42, true
9DDDD405-82E4-4C56-A6A6-E2B51ACAB5CF, 2021-04-03T02:16:44, true
9DDDD405-82E4-4C56-A6A6-E2B51ACAB5CF, 2021-04-03T02:17:45, true
9DDDD405-82E4-4C56-A6A6-E2B51ACAB5CF, 2021-04-03T02:18:45, true
9DDDD405-82E4-4C56-A6A6-E2B51ACAB5CF, 2021-04-03T02:20:03, true
9DDDD405-82E4-4C56-A6A6-E2B51ACAB5CF, 2021-04-03T02:21:04, true
9DDDD405-82E4-4C56-A6A6-E2B51ACAB5CF, 2021-04-03T02:22:06, true
9DDDD405-82E4-4C56-A6A6-E2B51ACAB5CF, 2021-04-03T02:23:15, true
9DDDD405-82E4-4C56-A6A6-E2B51ACAB5CF, 2021-04-03T02:24:18, true
9DDDD405-82E4-4C56-A6A6-E2B51ACAB5CF, 2021-04-03T02:25:21, true
9DDDD405-82E4-4C56-A6A6-E2B51ACAB5CF, 2021-04-03T02:26:23, true
9DDDD405-82E4-4C56-A6A6-E2B51ACAB5CF, 2021-04-03T02:27:24, true
9DDDD405-82E4-4C56-A6A6-E2B51ACAB5CF, 2021-04-03T02:28:25, true
9DDDD405-82E4-4C56-A6A6-E2B51ACAB5CF, 2021-04-03T02:29:25, true
9DDDD405-82E4-4C56-A6A6-E2B51ACAB5CF, 2021-04-03T02:30:27, true
9DDDD405-82E4-4C56-A6A6-E2B51ACAB5CF, 2021-04-03T02:31:46, true
9DDDD405-82E4-4C56-A6A6-E2B51ACAB5CF, 2021-04-03T02:32:51, true
9DDDD405-82E4-4C56-A6A6-E2B51ACAB5CF, 2021-04-03T02:33:55, true
9DDDD405-82E4-4C56-A6A6-E2B51ACAB5CF, 2021-04-03T02:35:00, true
9DDDD405-82E4-4C56-A6A6-E2B51ACAB5CF, 2021-04-03T02:36:02, true
9DDDD405-82E4-4C56-A6A6-E2B51ACAB5CF, 2021-04-03T02:37:04, true
9DDDD405-82E4-4C56-A6A6-E2B51ACAB5CF, 2021-04-03T02:38:08, true
9DDDD405-82E4-4C56-A6A6-E2B51ACAB5CF, 2021-04-03T02:39:09, true
9DDDD405-82E4-4C56-A6A6-E2B51ACAB5CF, 2021-04-03T02:40:11, true
9DDDD405-82E4-4C56-A6A6-E2B51ACAB5CF, 2021-04-03T02:41:12, true
9DDDD405-82E4-4C56-A6A6-E2B51ACAB5CF, 2021-04-03T02:42:14, true
9DDDD405-82E4-4C56-A6A6-E2B51ACAB5CF, 2021-04-03T02:43:15, true
9DDDD405-82E4-4C56-A6A6-E2B51ACAB5CF, 2021-04-03T02:44:16, true
9DDDD405-82E4-4C56-A6A6-E2B51ACAB5CF, 2021-04-03T02:45:16, true
9DDDD405-82E4-4C56-A6A6-E2B51ACAB5CF, 2021-04-03T02:46:20, true
9DDDD405-82E4-4C56-A6A6-E2B51ACAB5CF, 2021-04-03T02:47:24, true
9DDDD405-82E4-4C56-A6A6-E2B51ACAB5CF, 2021-04-03T02:48:27, true
9DDDD405-82E4-4C56-A6A6-E2B51ACAB5CF, 2021-04-03T02:49:29, true
9DDDD405-82E4-4C56-A6A6-E2B51ACAB5CF, 2021-04-03T02:50:30, true
9DDDD405-82E4-4C56-A6A6-E2B51ACAB5CF, 2021-04-03T02:51:33, true
9DDDD405-82E4-4C56-A6A6-E2B51ACAB5CF, 2021-04-03T02:52:36, true
9DDDD405-82E4-4C56-A6A6-E2B51ACAB5CF, 2021-04-03T02:53:37, true
9DDDD405-82E4-4C56-A6A6-E2B51ACAB5CF, 2021-04-03T02:54:40, true
9DDDD405-82E4-4C56-A6A6-E2B51ACAB5CF, 2021-04-03T02:55:44, true
9DDDD405-82E4-4C56-A6A6-E2B51ACAB5CF, 2021-04-03T02:56:47, true
9DDDD405-82E4-4C56-A6A6-E2B51ACAB5CF, 2021-04-03T02:57:50, true
9DDDD405-82E4-4C56-A6A6-E2B51ACAB5CF, 2021-04-03T02:58:51, true
9DDDD405-82E4-4C56-A6A6-E2B51ACAB5CF, 2021-04-03T02:59:52, true
9DDDD405-82E4-4C56-A6A6-E2B51ACAB5CF, 2021-04-03T03:00:55, true
9DDDD405-82E4-4C56-A6A6-E2B51ACAB5CF, 2021-04-03T03:01:58, true
9DDDD405-82E4-4C56-A6A6-E2B51ACAB5CF, 2021-04-03T03:02:59, true
9DDDD405-82E4-4C56-A6A6-E2B51ACAB5CF, 2021-04-03T03:04:00, true
9DDDD405-82E4-4C56-A6A6-E2B51ACAB5CF, 2021-04-03T03:05:02, true
9DDDD405-82E4-4C56-A6A6-E2B51ACAB5CF, 2021-04-03T03:06:05, true
9DDDD405-82E4-4C56-A6A6-E2B51ACAB5CF, 2021-04-03T03:07:16, true
9DDDD405-82E4-4C56-A6A6-E2B51ACAB5CF, 2021-04-03T03:08:34, true
9DDDD405-82E4-4C56-A6A6-E2B51ACAB5CF, 2021-04-03T03:09:38, true
9DDDD405-82E4-4C56-A6A6-E2B51ACAB5CF, 2021-04-03T03:10:39, true
9DDDD405-82E4-4C56-A6A6-E2B51ACAB5CF, 2021-04-03T03:11:44, true
9DDDD405-82E4-4C56-A6A6-E2B51ACAB5CF, 2021-04-03T03:12:44, true
9DDDD405-82E4-4C56-A6A6-E2B51ACAB5CF, 2021-04-03T03:13:47, true
9DDDD405-82E4-4C56-A6A6-E2B51ACAB5CF, 2021-04-03T03:14:48, true
9DDDD405-82E4-4C56-A6A6-E2B51ACAB5CF, 2021-04-03T03:15:50, true
9DDDD405-82E4-4C56-A6A6-E2B51ACAB5CF, 2021-04-03T03:17:17, true
9DDDD405-82E4-4C56-A6A6-E2B51ACAB5CF, 2021-04-03T03:18:17, true
9DDDD405-82E4-4C56-A6A6-E2B51ACAB5CF, 2021-04-03T03:19:18, true
9DDDD405-82E4-4C56-A6A6-E2B51ACAB5CF, 2021-04-03T03:20:21, true
9DDDD405-82E4-4C56-A6A6-E2B51ACAB5CF, 2021-04-03T03:21:21, true
9DDDD405-82E4-4C56-A6A6-E2B51ACAB5CF, 2021-04-03T03:22:24, true
9DDDD405-82E4-4C56-A6A6-E2B51ACAB5CF, 2021-04-03T03:23:27, true
9DDDD405-82E4-4C56-A6A6-E2B51ACAB5CF, 2021-04-03T03:24:29, true
9DDDD405-82E4-4C56-A6A6-E2B51ACAB5CF, 2021-04-03T03:25:33, true
9DDDD405-82E4-4C56-A6A6-E2B51ACAB5CF, 2021-04-03T03:26:36, true
9DDDD405-82E4-4C56-A6A6-E2B51ACAB5CF, 2021-04-03T03:27:40, true
9DDDD405-82E4-4C56-A6A6-E2B51ACAB5CF, 2021-04-03T03:28:48, true
9DDDD405-82E4-4C56-A6A6-E2B51ACAB5CF, 2021-04-03T03:29:50, true
9DDDD405-82E4-4C56-A6A6-E2B51ACAB5CF, 2021-04-03T03:30:53, true
9DDDD405-82E4-4C56-A6A6-E2B51ACAB5CF, 2021-04-03T03:31:56, true
9DDDD405-82E4-4C56-A6A6-E2B51ACAB5CF, 2021-04-03T03:32:57, true
9DDDD405-82E4-4C56-A6A6-E2B51ACAB5CF, 2021-04-03T03:34:00, true
9DDDD405-82E4-4C56-A6A6-E2B51ACAB5CF, 2021-04-03T03:35:11, true
9DDDD405-82E4-4C56-A6A6-E2B51ACAB5CF, 2021-04-03T03:36:13, true
9DDDD405-82E4-4C56-A6A6-E2B51ACAB5CF, 2021-04-03T03:37:15, true
9DDDD405-82E4-4C56-A6A6-E2B51ACAB5CF, 2021-04-03T03:38:17, true
9DDDD405-82E4-4C56-A6A6-E2B51ACAB5CF, 2021-04-03T03:39:18, true
9DDDD405-82E4-4C56-A6A6-E2B51ACAB5CF, 2021-04-03T03:40:28, true
9DDDD405-82E4-4C56-A6A6-E2B51ACAB5CF, 2021-04-03T03:41:31, true
9DDDD405-82E4-4C56-A6A6-E2B51ACAB5CF, 2021-04-03T03:42:34, true
9DDDD405-82E4-4C56-A6A6-E2B51ACAB5CF, 2021-04-03T03:43:37, true
9DDDD405-82E4-4C56-A6A6-E2B51ACAB5CF, 2021-04-03T03:44:43, true
9DDDD405-82E4-4C56-A6A6-E2B51ACAB5CF, 2021-04-03T03:45:44, true
9DDDD405-82E4-4C56-A6A6-E2B51ACAB5CF, 2021-04-03T03:46:44, true
9DDDD405-82E4-4C56-A6A6-E2B51ACAB5CF, 2021-04-03T03:47:45, true
9DDDD405-82E4-4C56-A6A6-E2B51ACAB5CF, 2021-04-03T03:48:45, true
9DDDD405-82E4-4C56-A6A6-E2B51ACAB5CF, 2021-04-03T03:49:47, true
9DDDD405-82E4-4C56-A6A6-E2B51ACAB5CF, 2021-04-03T03:50:50, true
9DDDD405-82E4-4C56-A6A6-E2B51ACAB5CF, 2021-04-03T03:51:52, true
9DDDD405-82E4-4C56-A6A6-E2B51ACAB5CF, 2021-04-03T03:52:55, true
9DDDD405-82E4-4C56-A6A6-E2B51ACAB5CF, 2021-04-03T03:53:56, true
9DDDD405-82E4-4C56-A6A6-E2B51ACAB5CF, 2021-04-03T03:54:57, true
9DDDD405-82E4-4C56-A6A6-E2B51ACAB5CF, 2021-04-03T03:56:00, true
9DDDD405-82E4-4C56-A6A6-E2B51ACAB5CF, 2021-04-03T03:57:02, true
9DDDD405-82E4-4C56-A6A6-E2B51ACAB5CF, 2021-04-03T03:58:04, true
9DDDD405-82E4-4C56-A6A6-E2B51ACAB5CF, 2021-04-03T03:59:05, true
9DDDD405-82E4-4C56-A6A6-E2B51ACAB5CF, 2021-04-03T04:00:07, true
9DDDD405-82E4-4C56-A6A6-E2B51ACAB5CF, 2021-04-03T04:01:09, true
9DDDD405-82E4-4C56-A6A6-E2B51ACAB5CF, 2021-04-03T04:02:21, true
9DDDD405-82E4-4C56-A6A6-E2B51ACAB5CF, 2021-04-03T04:03:22, true
9DDDD405-82E4-4C56-A6A6-E2B51ACAB5CF, 2021-04-03T04:04:22, true
9DDDD405-82E4-4C56-A6A6-E2B51ACAB5CF, 2021-04-03T04:05:25, true
9DDDD405-82E4-4C56-A6A6-E2B51ACAB5CF, 2021-04-03T04:06:26, true
9DDDD405-82E4-4C56-A6A6-E2B51ACAB5CF, 2021-04-03T04:07:26, true
9DDDD405-82E4-4C56-A6A6-E2B51ACAB5CF, 2021-04-03T04:08:32, true
9DDDD405-82E4-4C56-A6A6-E2B51ACAB5CF, 2021-04-03T04:09:32, true
9DDDD405-82E4-4C56-A6A6-E2B51ACAB5CF, 2021-04-03T04:10:34, true
9DDDD405-82E4-4C56-A6A6-E2B51ACAB5CF, 2021-04-03T04:11:36, true
9DDDD405-82E4-4C56-A6A6-E2B51ACAB5CF, 2021-04-03T04:12:49, true
9DDDD405-82E4-4C56-A6A6-E2B51ACAB5CF, 2021-04-03T04:13:51, true
9DDDD405-82E4-4C56-A6A6-E2B51ACAB5CF, 2021-04-03T04:14:53, true
9DDDD405-82E4-4C56-A6A6-E2B51ACAB5CF, 2021-04-03T04:15:56, true
9DDDD405-82E4-4C56-A6A6-E2B51ACAB5CF, 2021-04-03T04:16:59, true
9DDDD405-82E4-4C56-A6A6-E2B51ACAB5CF, 2021-04-03T04:18:01, true
9DDDD405-82E4-4C56-A6A6-E2B51ACAB5CF, 2021-04-03T04:19:03, true
9DDDD405-82E4-4C56-A6A6-E2B51ACAB5CF, 2021-04-03T04:20:05, true
9DDDD405-82E4-4C56-A6A6-E2B51ACAB5CF, 2021-04-03T04:21:09, true
9DDDD405-82E4-4C56-A6A6-E2B51ACAB5CF, 2021-04-03T04:22:10, true
9DDDD405-82E4-4C56-A6A6-E2B51ACAB5CF, 2021-04-03T04:23:11, true
9DDDD405-82E4-4C56-A6A6-E2B51ACAB5CF, 2021-04-03T04:24:17, true
9DDDD405-82E4-4C56-A6A6-E2B51ACAB5CF, 2021-04-03T04:25:19, true
9DDDD405-82E4-4C56-A6A6-E2B51ACAB5CF, 2021-04-03T04:26:22, true
9DDDD405-82E4-4C56-A6A6-E2B51ACAB5CF, 2021-04-03T04:27:22, true
9DDDD405-82E4-4C56-A6A6-E2B51ACAB5CF, 2021-04-03T04:28:24, true
9DDDD405-82E4-4C56-A6A6-E2B51ACAB5CF, 2021-04-03T04:29:26, true
9DDDD405-82E4-4C56-A6A6-E2B51ACAB5CF, 2021-04-03T04:30:29, true
9DDDD405-82E4-4C56-A6A6-E2B51ACAB5CF, 2021-04-03T04:31:33, true
9DDDD405-82E4-4C56-A6A6-E2B51ACAB5CF, 2021-04-03T04:32:34, true
9DDDD405-82E4-4C56-A6A6-E2B51ACAB5CF, 2021-04-03T04:33:35, true
9DDDD405-82E4-4C56-A6A6-E2B51ACAB5CF, 2021-04-03T04:34:35, true
9DDDD405-82E4-4C56-A6A6-E2B51ACAB5CF, 2021-04-03T04:35:36, true
9DDDD405-82E4-4C56-A6A6-E2B51ACAB5CF, 2021-04-03T04:36:38, true
9DDDD405-82E4-4C56-A6A6-E2B51ACAB5CF, 2021-04-03T04:37:41, true
9DDDD405-82E4-4C56-A6A6-E2B51ACAB5CF, 2021-04-03T04:38:42, true
9DDDD405-82E4-4C56-A6A6-E2B51ACAB5CF, 2021-04-03T04:39:58, true
9DDDD405-82E4-4C56-A6A6-E2B51ACAB5CF, 2021-04-03T04:41:05, true
9DDDD405-82E4-4C56-A6A6-E2B51ACAB5CF, 2021-04-03T04:42:07, true
9DDDD405-82E4-4C56-A6A6-E2B51ACAB5CF, 2021-04-03T04:43:10, true
9DDDD405-82E4-4C56-A6A6-E2B51ACAB5CF, 2021-04-03T04:44:12, true
9DDDD405-82E4-4C56-A6A6-E2B51ACAB5CF, 2021-04-03T04:45:14, true
9DDDD405-82E4-4C56-A6A6-E2B51ACAB5CF, 2021-04-03T04:46:17, true
9DDDD405-82E4-4C56-A6A6-E2B51ACAB5CF, 2021-04-03T04:47:18, true
9DDDD405-82E4-4C56-A6A6-E2B51ACAB5CF, 2021-04-03T04:48:22, true
9DDDD405-82E4-4C56-A6A6-E2B51ACAB5CF, 2021-04-03T04:49:25, true
9DDDD405-82E4-4C56-A6A6-E2B51ACAB5CF, 2021-04-03T04:50:27, true
9DDDD405-82E4-4C56-A6A6-E2B51ACAB5CF, 2021-04-03T04:51:28, true
9DDDD405-82E4-4C56-A6A6-E2B51ACAB5CF, 2021-04-03T04:52:29, true
9DDDD405-82E4-4C56-A6A6-E2B51ACAB5CF, 2021-04-03T04:53:31, true
9DDDD405-82E4-4C56-A6A6-E2B51ACAB5CF, 2021-04-03T04:54:33, true
9DDDD405-82E4-4C56-A6A6-E2B51ACAB5CF, 2021-04-03T04:55:35, true
9DDDD405-82E4-4C56-A6A6-E2B51ACAB5CF, 2021-04-03T04:56:35, true
9DDDD405-82E4-4C56-A6A6-E2B51ACAB5CF, 2021-04-03T04:57:39, true
9DDDD405-82E4-4C56-A6A6-E2B51ACAB5CF, 2021-04-03T04:58:47, true
9DDDD405-82E4-4C56-A6A6-E2B51ACAB5CF, 2021-04-03T04:59:50, true
9DDDD405-82E4-4C56-A6A6-E2B51ACAB5CF, 2021-04-03T05:00:52, true
9DDDD405-82E4-4C56-A6A6-E2B51ACAB5CF, 2021-04-03T05:01:58, true
9DDDD405-82E4-4C56-A6A6-E2B51ACAB5CF, 2021-04-03T05:03:02, true
9DDDD405-82E4-4C56-A6A6-E2B51ACAB5CF, 2021-04-03T05:04:04, true
9DDDD405-82E4-4C56-A6A6-E2B51ACAB5CF, 2021-04-03T05:05:04, true
9DDDD405-82E4-4C56-A6A6-E2B51ACAB5CF, 2021-04-03T05:06:05, true
9DDDD405-82E4-4C56-A6A6-E2B51ACAB5CF, 2021-04-03T05:07:08, true
9DDDD405-82E4-4C56-A6A6-E2B51ACAB5CF, 2021-04-03T05:08:18, true
9DDDD405-82E4-4C56-A6A6-E2B51ACAB5CF, 2021-04-03T05:09:22, true
9DDDD405-82E4-4C56-A6A6-E2B51ACAB5CF, 2021-04-03T05:10:24, true
9DDDD405-82E4-4C56-A6A6-E2B51ACAB5CF, 2021-04-03T05:11:27, true
9DDDD405-82E4-4C56-A6A6-E2B51ACAB5CF, 2021-04-03T05:12:27, true
9DDDD405-82E4-4C56-A6A6-E2B51ACAB5CF, 2021-04-03T05:13:28, true
9DDDD405-82E4-4C56-A6A6-E2B51ACAB5CF, 2021-04-03T05:14:28, true
9DDDD405-82E4-4C56-A6A6-E2B51ACAB5CF, 2021-04-03T05:15:32, true
9DDDD405-82E4-4C56-A6A6-E2B51ACAB5CF, 2021-04-03T05:16:36, true
9DDDD405-82E4-4C56-A6A6-E2B51ACAB5CF, 2021-04-03T05:17:40, true
9DDDD405-82E4-4C56-A6A6-E2B51ACAB5CF, 2021-04-03T05:18:48, true
9DDDD405-82E4-4C56-A6A6-E2B51ACAB5CF, 2021-04-03T05:19:49, true
9DDDD405-82E4-4C56-A6A6-E2B51ACAB5CF, 2021-04-03T05:20:50, true
9DDDD405-82E4-4C56-A6A6-E2B51ACAB5CF, 2021-04-03T05:21:52, true
9DDDD405-82E4-4C56-A6A6-E2B51ACAB5CF, 2021-04-03T05:22:54, true
9DDDD405-82E4-4C56-A6A6-E2B51ACAB5CF, 2021-04-03T05:23:56, true
9DDDD405-82E4-4C56-A6A6-E2B51ACAB5CF, 2021-04-03T05:24:58, true
9DDDD405-82E4-4C56-A6A6-E2B51ACAB5CF, 2021-04-03T05:25:58, true
9DDDD405-82E4-4C56-A6A6-E2B51ACAB5CF, 2021-04-03T05:27:00, true
9DDDD405-82E4-4C56-A6A6-E2B51ACAB5CF, 2021-04-03T05:28:02, true
9DDDD405-82E4-4C56-A6A6-E2B51ACAB5CF, 2021-04-03T05:29:04, true
9DDDD405-82E4-4C56-A6A6-E2B51ACAB5CF, 2021-04-03T05:30:11, true
9DDDD405-82E4-4C56-A6A6-E2B51ACAB5CF, 2021-04-03T05:31:13, true
9DDDD405-82E4-4C56-A6A6-E2B51ACAB5CF, 2021-04-03T05:32:17, true
9DDDD405-82E4-4C56-A6A6-E2B51ACAB5CF, 2021-04-03T05:33:19, true
9DDDD405-82E4-4C56-A6A6-E2B51ACAB5CF, 2021-04-03T05:34:21, true
9DDDD405-82E4-4C56-A6A6-E2B51ACAB5CF, 2021-04-03T05:35:24, true
9DDDD405-82E4-4C56-A6A6-E2B51ACAB5CF, 2021-04-03T05:36:27, true
9DDDD405-82E4-4C56-A6A6-E2B51ACAB5CF, 2021-04-03T05:37:27, true
9DDDD405-82E4-4C56-A6A6-E2B51ACAB5CF, 2021-04-03T05:38:27, true
9DDDD405-82E4-4C56-A6A6-E2B51ACAB5CF, 2021-04-03T05:39:27, true
9DDDD405-82E4-4C56-A6A6-E2B51ACAB5CF, 2021-04-03T05:40:49, true
9DDDD405-82E4-4C56-A6A6-E2B51ACAB5CF, 2021-04-03T05:41:50, true
9DDDD405-82E4-4C56-A6A6-E2B51ACAB5CF, 2021-04-03T05:42:52, true
9DDDD405-82E4-4C56-A6A6-E2B51ACAB5CF, 2021-04-03T05:43:52, true
9DDDD405-82E4-4C56-A6A6-E2B51ACAB5CF, 2021-04-03T05:44:55, true
9DDDD405-82E4-4C56-A6A6-E2B51ACAB5CF, 2021-04-03T05:46:15, true
9DDDD405-82E4-4C56-A6A6-E2B51ACAB5CF, 2021-04-03T05:47:18, true
9DDDD405-82E4-4C56-A6A6-E2B51ACAB5CF, 2021-04-03T05:48:22, true
9DDDD405-82E4-4C56-A6A6-E2B51ACAB5CF, 2021-04-03T05:49:25, true
9DDDD405-82E4-4C56-A6A6-E2B51ACAB5CF, 2021-04-03T05:50:29, true
9DDDD405-82E4-4C56-A6A6-E2B51ACAB5CF, 2021-04-03T05:51:33, true
9DDDD405-82E4-4C56-A6A6-E2B51ACAB5CF, 2021-04-03T05:52:41, true
9DDDD405-82E4-4C56-A6A6-E2B51ACAB5CF, 2021-04-03T05:53:43, true
9DDDD405-82E4-4C56-A6A6-E2B51ACAB5CF, 2021-04-03T05:54:46, true
9DDDD405-82E4-4C56-A6A6-E2B51ACAB5CF, 2021-04-03T05:55:49, true
9DDDD405-82E4-4C56-A6A6-E2B51ACAB5CF, 2021-04-03T05:56:55, true
9DDDD405-82E4-4C56-A6A6-E2B51ACAB5CF, 2021-04-03T05:57:56, true
9DDDD405-82E4-4C56-A6A6-E2B51ACAB5CF, 2021-04-03T05:58:57, true
9DDDD405-82E4-4C56-A6A6-E2B51ACAB5CF, 2021-04-03T06:00:00, true
9DDDD405-82E4-4C56-A6A6-E2B51ACAB5CF, 2021-04-03T06:01:02, true
9DDDD405-82E4-4C56-A6A6-E2B51ACAB5CF, 2021-04-03T06:02:17, true
9DDDD405-82E4-4C56-A6A6-E2B51ACAB5CF, 2021-04-03T06:03:18, true
9DDDD405-82E4-4C56-A6A6-E2B51ACAB5CF, 2021-04-03T06:04:23, true
9DDDD405-82E4-4C56-A6A6-E2B51ACAB5CF, 2021-04-03T06:05:28, true
9DDDD405-82E4-4C56-A6A6-E2B51ACAB5CF, 2021-04-03T06:06:33, true
9DDDD405-82E4-4C56-A6A6-E2B51ACAB5CF, 2021-04-03T06:07:35, true
9DDDD405-82E4-4C56-A6A6-E2B51ACAB5CF, 2021-04-03T06:08:38, true
9DDDD405-82E4-4C56-A6A6-E2B51ACAB5CF, 2021-04-03T06:09:38, true
9DDDD405-82E4-4C56-A6A6-E2B51ACAB5CF, 2021-04-03T06:10:39, true
9DDDD405-82E4-4C56-A6A6-E2B51ACAB5CF, 2021-04-03T06:11:39, true
9DDDD405-82E4-4C56-A6A6-E2B51ACAB5CF, 2021-04-03T06:12:40, true
9DDDD405-82E4-4C56-A6A6-E2B51ACAB5CF, 2021-04-03T06:13:47, true
9DDDD405-82E4-4C56-A6A6-E2B51ACAB5CF, 2021-04-03T06:14:49, true
9DDDD405-82E4-4C56-A6A6-E2B51ACAB5CF, 2021-04-03T06:15:50, true
9DDDD405-82E4-4C56-A6A6-E2B51ACAB5CF, 2021-04-03T06:16:52, true
9DDDD405-82E4-4C56-A6A6-E2B51ACAB5CF, 2021-04-03T06:17:53, true
9DDDD405-82E4-4C56-A6A6-E2B51ACAB5CF, 2021-04-03T06:18:53, false
9DDDD405-82E4-4C56-A6A6-E2B51ACAB5CF, 2021-04-03T06:19:49, true
9DDDD405-82E4-4C56-A6A6-E2B51ACAB5CF, 2021-04-03T06:20:52, true
9DDDD405-82E4-4C56-A6A6-E2B51ACAB5CF, 2021-04-03T06:21:56, true
9DDDD405-82E4-4C56-A6A6-E2B51ACAB5CF, 2021-04-03T06:22:57, true
9DDDD405-82E4-4C56-A6A6-E2B51ACAB5CF, 2021-04-03T06:24:00, true
9DDDD405-82E4-4C56-A6A6-E2B51ACAB5CF, 2021-04-03T06:25:02, true
9DDDD405-82E4-4C56-A6A6-E2B51ACAB5CF, 2021-04-03T06:26:03, true
9DDDD405-82E4-4C56-A6A6-E2B51ACAB5CF, 2021-04-03T06:27:06, true
9DDDD405-82E4-4C56-A6A6-E2B51ACAB5CF, 2021-04-03T06:28:07, true
9DDDD405-82E4-4C56-A6A6-E2B51ACAB5CF, 2021-04-03T06:29:08, true
9DDDD405-82E4-4C56-A6A6-E2B51ACAB5CF, 2021-04-03T06:30:09, true
9DDDD405-82E4-4C56-A6A6-E2B51ACAB5CF, 2021-04-03T06:31:11, true
9DDDD405-82E4-4C56-A6A6-E2B51ACAB5CF, 2021-04-03T06:32:12, true
9DDDD405-82E4-4C56-A6A6-E2B51ACAB5CF, 2021-04-03T06:33:12, false
9DDDD405-82E4-4C56-A6A6-E2B51ACAB5CF, 2021-04-03T06:34:12, false
9DDDD405-82E4-4C56-A6A6-E2B51ACAB5CF, 2021-04-03T06:35:12, false
9DDDD405-82E4-4C56-A6A6-E2B51ACAB5CF, 2021-04-03T06:36:12, false
9DDDD405-82E4-4C56-A6A6-E2B51ACAB5CF, 2021-04-03T06:37:12, false
9DDDD405-82E4-4C56-A6A6-E2B51ACAB5CF, 2021-04-03T06:38:10, true
9DDDD405-82E4-4C56-A6A6-E2B51ACAB5CF, 2021-04-03T06:39:23, true
9DDDD405-82E4-4C56-A6A6-E2B51ACAB5CF, 2021-04-03T06:40:24, true
9DDDD405-82E4-4C56-A6A6-E2B51ACAB5CF, 2021-04-03T06:41:24, true
9DDDD405-82E4-4C56-A6A6-E2B51ACAB5CF, 2021-04-03T06:42:26, true
9DDDD405-82E4-4C56-A6A6-E2B51ACAB5CF, 2021-04-03T06:43:33, true
9DDDD405-82E4-4C56-A6A6-E2B51ACAB5CF, 2021-04-03T06:44:35, true
9DDDD405-82E4-4C56-A6A6-E2B51ACAB5CF, 2021-04-03T06:45:38, true
9DDDD405-82E4-4C56-A6A6-E2B51ACAB5CF, 2021-04-03T06:46:39, true
9DDDD405-82E4-4C56-A6A6-E2B51ACAB5CF, 2021-04-03T06:47:44, true
9DDDD405-82E4-4C56-A6A6-E2B51ACAB5CF, 2021-04-03T06:48:47, true
9DDDD405-82E4-4C56-A6A6-E2B51ACAB5CF, 2021-04-03T06:49:50, true
9DDDD405-82E4-4C56-A6A6-E2B51ACAB5CF, 2021-04-03T06:50:53, true
9DDDD405-82E4-4C56-A6A6-E2B51ACAB5CF, 2021-04-03T06:51:55, true
9DDDD405-82E4-4C56-A6A6-E2B51ACAB5CF, 2021-04-03T06:52:55, true
9DDDD405-82E4-4C56-A6A6-E2B51ACAB5CF, 2021-04-03T06:53:58, true
9DDDD405-82E4-4C56-A6A6-E2B51ACAB5CF, 2021-04-03T06:55:00, true
9DDDD405-82E4-4C56-A6A6-E2B51ACAB5CF, 2021-04-03T06:56:05, true
9DDDD405-82E4-4C56-A6A6-E2B51ACAB5CF, 2021-04-03T06:57:08, true
9DDDD405-82E4-4C56-A6A6-E2B51ACAB5CF, 2021-04-03T06:58:09, true
9DDDD405-82E4-4C56-A6A6-E2B51ACAB5CF, 2021-04-03T06:59:12, true
9DDDD405-82E4-4C56-A6A6-E2B51ACAB5CF, 2021-04-03T07:00:14, true
9DDDD405-82E4-4C56-A6A6-E2B51ACAB5CF, 2021-04-03T07:01:16, true
9DDDD405-82E4-4C56-A6A6-E2B51ACAB5CF, 2021-04-03T07:02:16, false
9DDDD405-82E4-4C56-A6A6-E2B51ACAB5CF, 2021-04-03T07:03:16, false
9DDDD405-82E4-4C56-A6A6-E2B51ACAB5CF, 2021-04-03T07:04:16, false
9DDDD405-82E4-4C56-A6A6-E2B51ACAB5CF, 2021-04-03T07:05:16, false
9DDDD405-82E4-4C56-A6A6-E2B51ACAB5CF, 2021-04-03T07:06:16, false
9DDDD405-82E4-4C56-A6A6-E2B51ACAB5CF, 2021-04-03T07:07:16, false
9DDDD405-82E4-4C56-A6A6-E2B51ACAB5CF, 2021-04-03T07:08:16, false
9DDDD405-82E4-4C56-A6A6-E2B51ACAB5CF, 2021-04-03T07:09:16, false
9DDDD405-82E4-4C56-A6A6-E2B51ACAB5CF, 2021-04-03T07:10:16, false
9DDDD405-82E4-4C56-A6A6-E2B51ACAB5CF, 2021-04-03T07:11:16, false
9DDDD405-82E4-4C56-A6A6-E2B51ACAB5CF, 2021-04-03T07:12:26, true
9DDDD405-82E4-4C56-A6A6-E2B51ACAB5CF, 2021-04-03T07:13:32, true
9DDDD405-82E4-4C56-A6A6-E2B51ACAB5CF, 2021-04-03T07:14:32, false
9DDDD405-82E4-4C56-A6A6-E2B51ACAB5CF, 2021-04-03T07:15:32, false
9DDDD405-82E4-4C56-A6A6-E2B51ACAB5CF, 2021-04-03T07:16:32, false
9DDDD405-82E4-4C56-A6A6-E2B51ACAB5CF, 2021-04-03T07:17:32, false
9DDDD405-82E4-4C56-A6A6-E2B51ACAB5CF, 2021-04-03T07:18:44, true
9DDDD405-82E4-4C56-A6A6-E2B51ACAB5CF, 2021-04-03T07:19:44, false
9DDDD405-82E4-4C56-A6A6-E2B51ACAB5CF, 2021-04-03T07:20:44, false
9DDDD405-82E4-4C56-A6A6-E2B51ACAB5CF, 2021-04-03T07:21:44, false
9DDDD405-82E4-4C56-A6A6-E2B51ACAB5CF, 2021-04-03T07:22:44, false
9DDDD405-82E4-4C56-A6A6-E2B51ACAB5CF, 2021-04-03T07:23:44, false
9DDDD405-82E4-4C56-A6A6-E2B51ACAB5CF, 2021-04-03T07:24:44, false
9DDDD405-82E4-4C56-A6A6-E2B51ACAB5CF, 2021-04-03T07:25:44, false
9DDDD405-82E4-4C56-A6A6-E2B51ACAB5CF, 2021-04-03T07:26:44, false
9DDDD405-82E4-4C56-A6A6-E2B51ACAB5CF, 2021-04-03T07:27:44, false
9DDDD405-82E4-4C56-A6A6-E2B51ACAB5CF, 2021-04-03T07:28:44, false
9DDDD405-82E4-4C56-A6A6-E2B51ACAB5CF, 2021-04-03T07:29:44, false
9DDDD405-82E4-4C56-A6A6-E2B51ACAB5CF, 2021-04-03T07:30:44, false
9DDDD405-82E4-4C56-A6A6-E2B51ACAB5CF, 2021-04-03T07:31:44, false
9DDDD405-82E4-4C56-A6A6-E2B51ACAB5CF, 2021-04-03T07:32:44, false
9DDDD405-82E4-4C56-A6A6-E2B51ACAB5CF, 2021-04-03T07:33:44, false
9DDDD405-82E4-4C56-A6A6-E2B51ACAB5CF, 2021-04-03T07:34:44, false
9DDDD405-82E4-4C56-A6A6-E2B51ACAB5CF, 2021-04-03T07:35:44, false
9DDDD405-82E4-4C56-A6A6-E2B51ACAB5CF, 2021-04-03T07:36:44, false
9DDDD405-82E4-4C56-A6A6-E2B51ACAB5CF, 2021-04-03T07:37:44, false
9DDDD405-82E4-4C56-A6A6-E2B51ACAB5CF, 2021-04-03T07:38:44, false
9DDDD405-82E4-4C56-A6A6-E2B51ACAB5CF, 2021-04-03T07:39:44, false
9DDDD405-82E4-4C56-A6A6-E2B51ACAB5CF, 2021-04-03T07:40:44, false
9DDDD405-82E4-4C56-A6A6-E2B51ACAB5CF, 2021-04-03T07:41:44, false
9DDDD405-82E4-4C56-A6A6-E2B51ACAB5CF, 2021-04-03T07:42:44, false
9DDDD405-82E4-4C56-A6A6-E2B51ACAB5CF, 2021-04-03T07:43:44, false
9DDDD405-82E4-4C56-A6A6-E2B51ACAB5CF, 2021-04-03T07:44:44, false
9DDDD405-82E4-4C56-A6A6-E2B51ACAB5CF, 2021-04-03T07:45:44, false
9DDDD405-82E4-4C56-A6A6-E2B51ACAB5CF, 2021-04-03T07:46:44, false
9DDDD405-82E4-4C56-A6A6-E2B51ACAB5CF, 2021-04-03T07:47:44, false
9DDDD405-82E4-4C56-A6A6-E2B51ACAB5CF, 2021-04-03T07:48:44, false
9DDDD405-82E4-4C56-A6A6-E2B51ACAB5CF, 2021-04-03T07:49:44, false
9DDDD405-82E4-4C56-A6A6-E2B51ACAB5CF, 2021-04-03T07:50:44, false
9DDDD405-82E4-4C56-A6A6-E2B51ACAB5CF, 2021-04-03T07:52:07, true
9DDDD405-82E4-4C56-A6A6-E2B51ACAB5CF, 2021-04-03T07:53:21, true
9DDDD405-82E4-4C56-A6A6-E2B51ACAB5CF, 2021-04-03T07:54:37, true
9DDDD405-82E4-4C56-A6A6-E2B51ACAB5CF, 2021-04-03T07:55:46, true
9DDDD405-82E4-4C56-A6A6-E2B51ACAB5CF, 2021-04-03T07:56:47, true
9DDDD405-82E4-4C56-A6A6-E2B51ACAB5CF, 2021-04-03T07:57:51, true
9DDDD405-82E4-4C56-A6A6-E2B51ACAB5CF, 2021-04-03T07:59:18, true
9DDDD405-82E4-4C56-A6A6-E2B51ACAB5CF, 2021-04-03T08:00:19, true
9DDDD405-82E4-4C56-A6A6-E2B51ACAB5CF, 2021-04-03T08:01:22, true
9DDDD405-82E4-4C56-A6A6-E2B51ACAB5CF, 2021-04-03T08:02:26, true
9DDDD405-82E4-4C56-A6A6-E2B51ACAB5CF, 2021-04-03T08:03:33, true
9DDDD405-82E4-4C56-A6A6-E2B51ACAB5CF, 2021-04-03T08:04:36, true
9DDDD405-82E4-4C56-A6A6-E2B51ACAB5CF, 2021-04-03T08:05:43, true
9DDDD405-82E4-4C56-A6A6-E2B51ACAB5CF, 2021-04-03T08:06:43, true
9DDDD405-82E4-4C56-A6A6-E2B51ACAB5CF, 2021-04-03T08:07:44, true
9DDDD405-82E4-4C56-A6A6-E2B51ACAB5CF, 2021-04-03T08:08:44, false
9DDDD405-82E4-4C56-A6A6-E2B51ACAB5CF, 2021-04-03T08:09:44, false
9DDDD405-82E4-4C56-A6A6-E2B51ACAB5CF, 2021-04-03T08:10:44, false
9DDDD405-82E4-4C56-A6A6-E2B51ACAB5CF, 2021-04-03T08:12:04, true
9DDDD405-82E4-4C56-A6A6-E2B51ACAB5CF, 2021-04-03T08:13:04, false
9DDDD405-82E4-4C56-A6A6-E2B51ACAB5CF, 2021-04-03T08:14:04, false
9DDDD405-82E4-4C56-A6A6-E2B51ACAB5CF, 2021-04-03T08:15:04, false
9DDDD405-82E4-4C56-A6A6-E2B51ACAB5CF, 2021-04-03T08:16:04, false
9DDDD405-82E4-4C56-A6A6-E2B51ACAB5CF, 2021-04-03T08:17:04, false
9DDDD405-82E4-4C56-A6A6-E2B51ACAB5CF, 2021-04-03T08:18:04, false
9DDDD405-82E4-4C56-A6A6-E2B51ACAB5CF, 2021-04-03T08:19:04, false
9DDDD405-82E4-4C56-A6A6-E2B51ACAB5CF, 2021-04-03T08:20:04, false
9DDDD405-82E4-4C56-A6A6-E2B51ACAB5CF, 2021-04-03T08:21:04, false
9DDDD405-82E4-4C56-A6A6-E2B51ACAB5CF, 2021-04-03T08:22:04, false
9DDDD405-82E4-4C56-A6A6-E2B51ACAB5CF, 2021-04-03T08:23:04, false
9DDDD405-82E4-4C56-A6A6-E2B51ACAB5CF, 2021-04-03T08:24:04, false
9DDDD405-82E4-4C56-A6A6-E2B51ACAB5CF, 2021-04-03T08:25:04, false
9DDDD405-82E4-4C56-A6A6-E2B51ACAB5CF, 2021-04-03T08:26:04, false
9DDDD405-82E4-4C56-A6A6-E2B51ACAB5CF, 2021-04-03T08:27:04, false
9DDDD405-82E4-4C56-A6A6-E2B51ACAB5CF, 2021-04-03T08:28:04, false
9DDDD405-82E4-4C56-A6A6-E2B51ACAB5CF, 2021-04-03T08:29:04, false
9DDDD405-82E4-4C56-A6A6-E2B51ACAB5CF, 2021-04-03T08:30:04, false
9DDDD405-82E4-4C56-A6A6-E2B51ACAB5CF, 2021-04-03T08:31:07, true
9DDDD405-82E4-4C56-A6A6-E2B51ACAB5CF, 2021-04-03T08:32:07, false
9DDDD405-82E4-4C56-A6A6-E2B51ACAB5CF, 2021-04-03T08:33:07, false
9DDDD405-82E4-4C56-A6A6-E2B51ACAB5CF, 2021-04-03T08:34:07, false
9DDDD405-82E4-4C56-A6A6-E2B51ACAB5CF, 2021-04-03T08:35:07, false
9DDDD405-82E4-4C56-A6A6-E2B51ACAB5CF, 2021-04-03T08:36:07, true
9DDDD405-82E4-4C56-A6A6-E2B51ACAB5CF, 2021-04-03T08:37:07, false
9DDDD405-82E4-4C56-A6A6-E2B51ACAB5CF, 2021-04-03T08:38:07, false
9DDDD405-82E4-4C56-A6A6-E2B51ACAB5CF, 2021-04-03T08:39:07, false
9DDDD405-82E4-4C56-A6A6-E2B51ACAB5CF, 2021-04-03T08:40:07, false
9DDDD405-82E4-4C56-A6A6-E2B51ACAB5CF, 2021-04-03T08:41:07, false
9DDDD405-82E4-4C56-A6A6-E2B51ACAB5CF, 2021-04-03T08:42:07, false
9DDDD405-82E4-4C56-A6A6-E2B51ACAB5CF, 2021-04-03T08:43:07, false
9DDDD405-82E4-4C56-A6A6-E2B51ACAB5CF, 2021-04-03T08:44:07, false
9DDDD405-82E4-4C56-A6A6-E2B51ACAB5CF, 2021-04-03T08:45:07, false
9DDDD405-82E4-4C56-A6A6-E2B51ACAB5CF, 2021-04-03T08:46:07, false
9DDDD405-82E4-4C56-A6A6-E2B51ACAB5CF, 2021-04-03T08:47:07, false
9DDDD405-82E4-4C56-A6A6-E2B51ACAB5CF, 2021-04-03T08:48:07, false
9DDDD405-82E4-4C56-A6A6-E2B51ACAB5CF, 2021-04-03T08:49:07, false
9DDDD405-82E4-4C56-A6A6-E2B51ACAB5CF, 2021-04-03T08:50:07, false
9DDDD405-82E4-4C56-A6A6-E2B51ACAB5CF, 2021-04-03T08:51:07, false
9DDDD405-82E4-4C56-A6A6-E2B51ACAB5CF, 2021-04-03T08:52:07, false
9DDDD405-82E4-4C56-A6A6-E2B51ACAB5CF, 2021-04-03T08:53:07, false
9DDDD405-82E4-4C56-A6A6-E2B51ACAB5CF, 2021-04-03T08:54:07, false
9DDDD405-82E4-4C56-A6A6-E2B51ACAB5CF, 2021-04-03T08:55:07, false
9DDDD405-82E4-4C56-A6A6-E2B51ACAB5CF, 2021-04-03T08:56:07, false
9DDDD405-82E4-4C56-A6A6-E2B51ACAB5CF, 2021-04-03T08:57:07, false
9DDDD405-82E4-4C56-A6A6-E2B51ACAB5CF, 2021-04-03T08:58:07, false
9DDDD405-82E4-4C56-A6A6-E2B51ACAB5CF, 2021-04-03T08:59:07, false
9DDDD405-82E4-4C56-A6A6-E2B51ACAB5CF, 2021-04-03T09:00:07, false
9DDDD405-82E4-4C56-A6A6-E2B51ACAB5CF, 2021-04-03T09:01:07, false
9DDDD405-82E4-4C56-A6A6-E2B51ACAB5CF, 2021-04-03T09:02:07, false
9DDDD405-82E4-4C56-A6A6-E2B51ACAB5CF, 2021-04-03T09:03:07, false
9DDDD405-82E4-4C56-A6A6-E2B51ACAB5CF, 2021-04-03T09:04:07, false
9DDDD405-82E4-4C56-A6A6-E2B51ACAB5CF, 2021-04-03T09:05:07, false
9DDDD405-82E4-4C56-A6A6-E2B51ACAB5CF, 2021-04-03T09:06:01, true
9DDDD405-82E4-4C56-A6A6-E2B51ACAB5CF, 2021-04-03T09:07:04, true
9DDDD405-82E4-4C56-A6A6-E2B51ACAB5CF, 2021-04-03T09:08:04, true
9DDDD405-82E4-4C56-A6A6-E2B51ACAB5CF, 2021-04-03T09:09:06, true
9DDDD405-82E4-4C56-A6A6-E2B51ACAB5CF, 2021-04-03T09:10:09, true
9DDDD405-82E4-4C56-A6A6-E2B51ACAB5CF, 2021-04-03T09:11:13, true
9DDDD405-82E4-4C56-A6A6-E2B51ACAB5CF, 2021-04-03T09:12:13, false
9DDDD405-82E4-4C56-A6A6-E2B51ACAB5CF, 2021-04-03T09:13:13, false
9DDDD405-82E4-4C56-A6A6-E2B51ACAB5CF, 2021-04-03T09:14:13, false
9DDDD405-82E4-4C56-A6A6-E2B51ACAB5CF, 2021-04-03T09:15:13, false
9DDDD405-82E4-4C56-A6A6-E2B51ACAB5CF, 2021-04-03T09:16:13, false
9DDDD405-82E4-4C56-A6A6-E2B51ACAB5CF, 2021-04-03T09:17:13, false
9DDDD405-82E4-4C56-A6A6-E2B51ACAB5CF, 2021-04-03T09:18:13, false
9DDDD405-82E4-4C56-A6A6-E2B51ACAB5CF, 2021-04-03T09:19:13, false
9DDDD405-82E4-4C56-A6A6-E2B51ACAB5CF, 2021-04-03T09:20:13, false
9DDDD405-82E4-4C56-A6A6-E2B51ACAB5CF, 2021-04-03T09:21:26, true
9DDDD405-82E4-4C56-A6A6-E2B51ACAB5CF, 2021-04-03T09:22:34, true
9DDDD405-82E4-4C56-A6A6-E2B51ACAB5CF, 2021-04-03T09:23:37, true
9DDDD405-82E4-4C56-A6A6-E2B51ACAB5CF, 2021-04-03T09:24:39, true
9DDDD405-82E4-4C56-A6A6-E2B51ACAB5CF, 2021-04-03T09:25:40, true
9DDDD405-82E4-4C56-A6A6-E2B51ACAB5CF, 2021-04-03T09:26:52, true
9DDDD405-82E4-4C56-A6A6-E2B51ACAB5CF, 2021-04-03T09:27:53, true
9DDDD405-82E4-4C56-A6A6-E2B51ACAB5CF, 2021-04-03T09:29:08, true
9DDDD405-82E4-4C56-A6A6-E2B51ACAB5CF, 2021-04-03T09:30:30, true
9DDDD405-82E4-4C56-A6A6-E2B51ACAB5CF, 2021-04-03T09:31:34, true
9DDDD405-82E4-4C56-A6A6-E2B51ACAB5CF, 2021-04-03T09:32:44, true
9DDDD405-82E4-4C56-A6A6-E2B51ACAB5CF, 2021-04-03T09:33:44, false
9DDDD405-82E4-4C56-A6A6-E2B51ACAB5CF, 2021-04-03T09:34:45, true
9DDDD405-82E4-4C56-A6A6-E2B51ACAB5CF, 2021-04-03T09:35:46, true
9DDDD405-82E4-4C56-A6A6-E2B51ACAB5CF, 2021-04-03T09:36:46, false
9DDDD405-82E4-4C56-A6A6-E2B51ACAB5CF, 2021-04-03T09:37:46, false
9DDDD405-82E4-4C56-A6A6-E2B51ACAB5CF, 2021-04-03T09:38:46, false
9DDDD405-82E4-4C56-A6A6-E2B51ACAB5CF, 2021-04-03T09:39:46, false
9DDDD405-82E4-4C56-A6A6-E2B51ACAB5CF, 2021-04-03T09:40:46, false
9DDDD405-82E4-4C56-A6A6-E2B51ACAB5CF, 2021-04-03T09:41:46, false
9DDDD405-82E4-4C56-A6A6-E2B51ACAB5CF, 2021-04-03T09:42:42, true
9DDDD405-82E4-4C56-A6A6-E2B51ACAB5CF, 2021-04-03T09:43:45, true
9DDDD405-82E4-4C56-A6A6-E2B51ACAB5CF, 2021-04-03T09:44:50, true
9DDDD405-82E4-4C56-A6A6-E2B51ACAB5CF, 2021-04-03T09:45:53, true
9DDDD405-82E4-4C56-A6A6-E2B51ACAB5CF, 2021-04-03T09:46:53, true
9DDDD405-82E4-4C56-A6A6-E2B51ACAB5CF, 2021-04-03T09:47:56, true
9DDDD405-82E4-4C56-A6A6-E2B51ACAB5CF, 2021-04-03T09:48:59, true
9DDDD405-82E4-4C56-A6A6-E2B51ACAB5CF, 2021-04-03T09:49:59, false
9DDDD405-82E4-4C56-A6A6-E2B51ACAB5CF, 2021-04-03T09:50:59, false
9DDDD405-82E4-4C56-A6A6-E2B51ACAB5CF, 2021-04-03T09:51:59, false
9DDDD405-82E4-4C56-A6A6-E2B51ACAB5CF, 2021-04-03T09:52:59, false
9DDDD405-82E4-4C56-A6A6-E2B51ACAB5CF, 2021-04-03T09:53:59, false
9DDDD405-82E4-4C56-A6A6-E2B51ACAB5CF, 2021-04-03T09:54:59, false
9DDDD405-82E4-4C56-A6A6-E2B51ACAB5CF, 2021-04-03T09:55:59, false
9DDDD405-82E4-4C56-A6A6-E2B51ACAB5CF, 2021-04-03T09:56:59, false
9DDDD405-82E4-4C56-A6A6-E2B51ACAB5CF, 2021-04-03T09:57:59, false
9DDDD405-82E4-4C56-A6A6-E2B51ACAB5CF, 2021-04-03T09:58:59, false
9DDDD405-82E4-4C56-A6A6-E2B51ACAB5CF, 2021-04-03T09:59:59, false
9DDDD405-82E4-4C56-A6A6-E2B51ACAB5CF, 2021-04-03T10:00:59, false
9DDDD405-82E4-4C56-A6A6-E2B51ACAB5CF, 2021-04-03T10:01:59, false
9DDDD405-82E4-4C56-A6A6-E2B51ACAB5CF, 2021-04-03T10:02:59, false
9DDDD405-82E4-4C56-A6A6-E2B51ACAB5CF, 2021-04-03T10:03:59, false
9DDDD405-82E4-4C56-A6A6-E2B51ACAB5CF, 2021-04-03T10:04:59, false
9DDDD405-82E4-4C56-A6A6-E2B51ACAB5CF, 2021-04-03T10:05:59, false
9DDDD405-82E4-4C56-A6A6-E2B51ACAB5CF, 2021-04-03T10:06:59, false
9DDDD405-82E4-4C56-A6A6-E2B51ACAB5CF, 2021-04-03T10:07:59, false
9DDDD405-82E4-4C56-A6A6-E2B51ACAB5CF, 2021-04-03T10:08:59, false
9DDDD405-82E4-4C56-A6A6-E2B51ACAB5CF, 2021-04-03T10:09:59, false
9DDDD405-82E4-4C56-A6A6-E2B51ACAB5CF, 2021-04-03T10:10:59, false
9DDDD405-82E4-4C56-A6A6-E2B51ACAB5CF, 2021-04-03T10:11:59, false
9DDDD405-82E4-4C56-A6A6-E2B51ACAB5CF, 2021-04-03T10:12:59, false
9DDDD405-82E4-4C56-A6A6-E2B51ACAB5CF, 2021-04-03T10:13:59, false
9DDDD405-82E4-4C56-A6A6-E2B51ACAB5CF, 2021-04-03T10:14:59, false
9DDDD405-82E4-4C56-A6A6-E2B51ACAB5CF, 2021-04-03T10:15:59, false
9DDDD405-82E4-4C56-A6A6-E2B51ACAB5CF, 2021-04-03T10:16:59, false
9DDDD405-82E4-4C56-A6A6-E2B51ACAB5CF, 2021-04-03T10:17:59, false
9DDDD405-82E4-4C56-A6A6-E2B51ACAB5CF, 2021-04-03T10:18:59, false
9DDDD405-82E4-4C56-A6A6-E2B51ACAB5CF, 2021-04-03T10:19:59, false
9DDDD405-82E4-4C56-A6A6-E2B51ACAB5CF, 2021-04-03T10:20:59, false
9DDDD405-82E4-4C56-A6A6-E2B51ACAB5CF, 2021-04-03T10:21:59, false
9DDDD405-82E4-4C56-A6A6-E2B51ACAB5CF, 2021-04-03T10:22:59, false
9DDDD405-82E4-4C56-A6A6-E2B51ACAB5CF, 2021-04-03T10:23:59, false
9DDDD405-82E4-4C56-A6A6-E2B51ACAB5CF, 2021-04-03T10:24:59, false
9DDDD405-82E4-4C56-A6A6-E2B51ACAB5CF, 2021-04-03T10:25:59, false
9DDDD405-82E4-4C56-A6A6-E2B51ACAB5CF, 2021-04-03T10:26:59, false
9DDDD405-82E4-4C56-A6A6-E2B51ACAB5CF, 2021-04-03T10:27:59, false
9DDDD405-82E4-4C56-A6A6-E2B51ACAB5CF, 2021-04-03T10:28:59, false
9DDDD405-82E4-4C56-A6A6-E2B51ACAB5CF, 2021-04-03T10:29:59, false
9DDDD405-82E4-4C56-A6A6-E2B51ACAB5CF, 2021-04-03T10:30:59, false
9DDDD405-82E4-4C56-A6A6-E2B51ACAB5CF, 2021-04-03T10:31:59, false
9DDDD405-82E4-4C56-A6A6-E2B51ACAB5CF, 2021-04-03T10:32:59, false
9DDDD405-82E4-4C56-A6A6-E2B51ACAB5CF, 2021-04-03T10:33:59, false
9DDDD405-82E4-4C56-A6A6-E2B51ACAB5CF, 2021-04-03T10:34:59, false
9DDDD405-82E4-4C56-A6A6-E2B51ACAB5CF, 2021-04-03T10:35:59, false
9DDDD405-82E4-4C56-A6A6-E2B51ACAB5CF, 2021-04-03T10:36:59, false
9DDDD405-82E4-4C56-A6A6-E2B51ACAB5CF, 2021-04-03T10:37:59, false
9DDDD405-82E4-4C56-A6A6-E2B51ACAB5CF, 2021-04-03T10:38:59, false
9DDDD405-82E4-4C56-A6A6-E2B51ACAB5CF, 2021-04-03T10:39:59, false
9DDDD405-82E4-4C56-A6A6-E2B51ACAB5CF, 2021-04-03T10:40:59, false
9DDDD405-82E4-4C56-A6A6-E2B51ACAB5CF, 2021-04-03T10:41:59, false
9DDDD405-82E4-4C56-A6A6-E2B51ACAB5CF, 2021-04-03T10:42:59, false
9DDDD405-82E4-4C56-A6A6-E2B51ACAB5CF, 2021-04-03T10:43:59, false
9DDDD405-82E4-4C56-A6A6-E2B51ACAB5CF, 2021-04-03T10:44:59, false
9DDDD405-82E4-4C56-A6A6-E2B51ACAB5CF, 2021-04-03T10:45:59, false
9DDDD405-82E4-4C56-A6A6-E2B51ACAB5CF, 2021-04-03T10:46:59, false
9DDDD405-82E4-4C56-A6A6-E2B51ACAB5CF, 2021-04-03T10:47:59, false
9DDDD405-82E4-4C56-A6A6-E2B51ACAB5CF, 2021-04-03T10:48:59, false
9DDDD405-82E4-4C56-A6A6-E2B51ACAB5CF, 2021-04-03T10:49:59, false
9DDDD405-82E4-4C56-A6A6-E2B51ACAB5CF, 2021-04-03T10:50:59, false
9DDDD405-82E4-4C56-A6A6-E2B51ACAB5CF, 2021-04-03T10:51:59, false
9DDDD405-82E4-4C56-A6A6-E2B51ACAB5CF, 2021-04-03T10:52:59, false
9DDDD405-82E4-4C56-A6A6-E2B51ACAB5CF, 2021-04-03T10:53:59, false
9DDDD405-82E4-4C56-A6A6-E2B51ACAB5CF, 2021-04-03T10:54:59, false
9DDDD405-82E4-4C56-A6A6-E2B51ACAB5CF, 2021-04-03T10:55:59, false
9DDDD405-82E4-4C56-A6A6-E2B51ACAB5CF, 2021-04-03T10:56:59, false
9DDDD405-82E4-4C56-A6A6-E2B51ACAB5CF, 2021-04-03T10:57:59, false
9DDDD405-82E4-4C56-A6A6-E2B51ACAB5CF, 2021-04-03T10:58:59, false
9DDDD405-82E4-4C56-A6A6-E2B51ACAB5CF, 2021-04-03T10:59:59, false
9DDDD405-82E4-4C56-A6A6-E2B51ACAB5CF, 2021-04-03T11:00:59, false
9DDDD405-82E4-4C56-A6A6-E2B51ACAB5CF, 2021-04-03T11:01:59, false
9DDDD405-82E4-4C56-A6A6-E2B51ACAB5CF, 2021-04-03T11:02:59, false
9DDDD405-82E4-4C56-A6A6-E2B51ACAB5CF, 2021-04-03T11:03:59, false
9DDDD405-82E4-4C56-A6A6-E2B51ACAB5CF, 2021-04-03T11:04:59, false
9DDDD405-82E4-4C56-A6A6-E2B51ACAB5CF, 2021-04-03T11:05:59, false
9DDDD405-82E4-4C56-A6A6-E2B51ACAB5CF, 2021-04-03T11:06:59, false
9DDDD405-82E4-4C56-A6A6-E2B51ACAB5CF, 2021-04-03T11:07:59, false
9DDDD405-82E4-4C56-A6A6-E2B51ACAB5CF, 2021-04-03T11:08:59, false
9DDDD405-82E4-4C56-A6A6-E2B51ACAB5CF, 2021-04-03T11:09:59, false
9DDDD405-82E4-4C56-A6A6-E2B51ACAB5CF, 2021-04-03T11:10:59, false
9DDDD405-82E4-4C56-A6A6-E2B51ACAB5CF, 2021-04-03T11:11:59, false
9DDDD405-82E4-4C56-A6A6-E2B51ACAB5CF, 2021-04-03T11:12:59, false
9DDDD405-82E4-4C56-A6A6-E2B51ACAB5CF, 2021-04-03T11:13:59, false
9DDDD405-82E4-4C56-A6A6-E2B51ACAB5CF, 2021-04-03T11:14:59, false
9DDDD405-82E4-4C56-A6A6-E2B51ACAB5CF, 2021-04-03T11:15:59, false
9DDDD405-82E4-4C56-A6A6-E2B51ACAB5CF, 2021-04-03T11:16:59, false
9DDDD405-82E4-4C56-A6A6-E2B51ACAB5CF, 2021-04-03T11:17:59, false
9DDDD405-82E4-4C56-A6A6-E2B51ACAB5CF, 2021-04-03T11:18:59, false
9DDDD405-82E4-4C56-A6A6-E2B51ACAB5CF, 2021-04-03T11:19:59, false
9DDDD405-82E4-4C56-A6A6-E2B51ACAB5CF, 2021-04-03T11:20:59, false
9DDDD405-82E4-4C56-A6A6-E2B51ACAB5CF, 2021-04-03T11:21:59, false
9DDDD405-82E4-4C56-A6A6-E2B51ACAB5CF, 2021-04-03T11:22:59, false
9DDDD405-82E4-4C56-A6A6-E2B51ACAB5CF, 2021-04-03T11:23:59, false
9DDDD405-82E4-4C56-A6A6-E2B51ACAB5CF, 2021-04-03T11:24:59, false
9DDDD405-82E4-4C56-A6A6-E2B51ACAB5CF, 2021-04-03T11:25:59, false
9DDDD405-82E4-4C56-A6A6-E2B51ACAB5CF, 2021-04-03T11:26:59, false
9DDDD405-82E4-4C56-A6A6-E2B51ACAB5CF, 2021-04-03T11:27:59, false
9DDDD405-82E4-4C56-A6A6-E2B51ACAB5CF, 2021-04-03T11:28:59, false
9DDDD405-82E4-4C56-A6A6-E2B51ACAB5CF, 2021-04-03T11:29:59, false
9DDDD405-82E4-4C56-A6A6-E2B51ACAB5CF, 2021-04-03T11:30:59, false
9DDDD405-82E4-4C56-A6A6-E2B51ACAB5CF, 2021-04-03T11:31:59, false
9DDDD405-82E4-4C56-A6A6-E2B51ACAB5CF, 2021-04-03T11:32:59, false
9DDDD405-82E4-4C56-A6A6-E2B51ACAB5CF, 2021-04-03T11:33:59, false
9DDDD405-82E4-4C56-A6A6-E2B51ACAB5CF, 2021-04-03T11:34:59, false
9DDDD405-82E4-4C56-A6A6-E2B51ACAB5CF, 2021-04-03T11:35:59, false
9DDDD405-82E4-4C56-A6A6-E2B51ACAB5CF, 2021-04-03T11:36:59, false
9DDDD405-82E4-4C56-A6A6-E2B51ACAB5CF, 2021-04-03T11:37:59, false
9DDDD405-82E4-4C56-A6A6-E2B51ACAB5CF, 2021-04-03T11:38:59, false
9DDDD405-82E4-4C56-A6A6-E2B51ACAB5CF, 2021-04-03T11:39:59, false
9DDDD405-82E4-4C56-A6A6-E2B51ACAB5CF, 2021-04-03T11:40:59, false
9DDDD405-82E4-4C56-A6A6-E2B51ACAB5CF, 2021-04-03T11:41:59, false
9DDDD405-82E4-4C56-A6A6-E2B51ACAB5CF, 2021-04-03T11:42:59, false
9DDDD405-82E4-4C56-A6A6-E2B51ACAB5CF, 2021-04-03T11:43:59, false
9DDDD405-82E4-4C56-A6A6-E2B51ACAB5CF, 2021-04-03T11:44:59, false
9DDDD405-82E4-4C56-A6A6-E2B51ACAB5CF, 2021-04-03T11:45:59, false
9DDDD405-82E4-4C56-A6A6-E2B51ACAB5CF, 2021-04-03T11:46:59, false
9DDDD405-82E4-4C56-A6A6-E2B51ACAB5CF, 2021-04-03T11:47:59, false
9DDDD405-82E4-4C56-A6A6-E2B51ACAB5CF, 2021-04-03T11:48:59, false
9DDDD405-82E4-4C56-A6A6-E2B51ACAB5CF, 2021-04-03T11:49:59, false
9DDDD405-82E4-4C56-A6A6-E2B51ACAB5CF, 2021-04-03T11:50:59, false
9DDDD405-82E4-4C56-A6A6-E2B51ACAB5CF, 2021-04-03T11:51:59, false
9DDDD405-82E4-4C56-A6A6-E2B51ACAB5CF, 2021-04-03T11:52:59, false
9DDDD405-82E4-4C56-A6A6-E2B51ACAB5CF, 2021-04-03T11:53:59, false
9DDDD405-82E4-4C56-A6A6-E2B51ACAB5CF, 2021-04-03T11:54:59, false
9DDDD405-82E4-4C56-A6A6-E2B51ACAB5CF, 2021-04-03T11:55:59, false
9DDDD405-82E4-4C56-A6A6-E2B51ACAB5CF, 2021-04-03T11:56:59, false
9DDDD405-82E4-4C56-A6A6-E2B51ACAB5CF, 2021-04-03T11:57:59, false
9DDDD405-82E4-4C56-A6A6-E2B51ACAB5CF, 2021-04-03T11:58:59, false
9DDDD405-82E4-4C56-A6A6-E2B51ACAB5CF, 2021-04-03T11:59:59, false
9DDDD405-82E4-4C56-A6A6-E2B51ACAB5CF, 2021-04-03T12:00:59, false
9DDDD405-82E4-4C56-A6A6-E2B51ACAB5CF, 2021-04-03T12:01:59, false
9DDDD405-82E4-4C56-A6A6-E2B51ACAB5CF, 2021-04-03T12:02:59, false
9DDDD405-82E4-4C56-A6A6-E2B51ACAB5CF, 2021-04-03T12:03:59, false
9DDDD405-82E4-4C56-A6A6-E2B51ACAB5CF, 2021-04-03T12:04:59, false
9DDDD405-82E4-4C56-A6A6-E2B51ACAB5CF, 2021-04-03T12:05:59, false
9DDDD405-82E4-4C56-A6A6-E2B51ACAB5CF, 2021-04-03T12:06:59, false
9DDDD405-82E4-4C56-A6A6-E2B51ACAB5CF, 2021-04-03T12:07:59, false
9DDDD405-82E4-4C56-A6A6-E2B51ACAB5CF, 2021-04-03T12:08:59, false
9DDDD405-82E4-4C56-A6A6-E2B51ACAB5CF, 2021-04-03T12:09:59, false
9DDDD405-82E4-4C56-A6A6-E2B51ACAB5CF, 2021-04-03T12:10:59, false
9DDDD405-82E4-4C56-A6A6-E2B51ACAB5CF, 2021-04-03T12:11:59, false
9DDDD405-82E4-4C56-A6A6-E2B51ACAB5CF, 2021-04-03T12:12:59, false
9DDDD405-82E4-4C56-A6A6-E2B51ACAB5CF, 2021-04-03T12:13:59, false
9DDDD405-82E4-4C56-A6A6-E2B51ACAB5CF, 2021-04-03T12:14:59, false
9DDDD405-82E4-4C56-A6A6-E2B51ACAB5CF, 2021-04-03T12:15:59, false
9DDDD405-82E4-4C56-A6A6-E2B51ACAB5CF, 2021-04-03T12:16:59, false
9DDDD405-82E4-4C56-A6A6-E2B51ACAB5CF, 2021-04-03T12:17:59, false
9DDDD405-82E4-4C56-A6A6-E2B51ACAB5CF, 2021-04-03T12:18:59, false
9DDDD405-82E4-4C56-A6A6-E2B51ACAB5CF, 2021-04-03T12:19:59, false
9DDDD405-82E4-4C56-A6A6-E2B51ACAB5CF, 2021-04-03T12:20:59, false
9DDDD405-82E4-4C56-A6A6-E2B51ACAB5CF, 2021-04-03T12:21:59, false
9DDDD405-82E4-4C56-A6A6-E2B51ACAB5CF, 2021-04-03T12:22:59, false
9DDDD405-82E4-4C56-A6A6-E2B51ACAB5CF, 2021-04-03T12:23:59, false
9DDDD405-82E4-4C56-A6A6-E2B51ACAB5CF, 2021-04-03T12:24:59, false
9DDDD405-82E4-4C56-A6A6-E2B51ACAB5CF, 2021-04-03T12:25:59, false
9DDDD405-82E4-4C56-A6A6-E2B51ACAB5CF, 2021-04-03T12:26:59, false
9DDDD405-82E4-4C56-A6A6-E2B51ACAB5CF, 2021-04-03T12:27:59, false
9DDDD405-82E4-4C56-A6A6-E2B51ACAB5CF, 2021-04-03T12:28:59, false
9DDDD405-82E4-4C56-A6A6-E2B51ACAB5CF, 2021-04-03T12:29:59, false
9DDDD405-82E4-4C56-A6A6-E2B51ACAB5CF, 2021-04-03T12:30:59, false
9DDDD405-82E4-4C56-A6A6-E2B51ACAB5CF, 2021-04-03T12:31:59, false
9DDDD405-82E4-4C56-A6A6-E2B51ACAB5CF, 2021-04-03T12:32:59, false
9DDDD405-82E4-4C56-A6A6-E2B51ACAB5CF, 2021-04-03T12:33:59, false
9DDDD405-82E4-4C56-A6A6-E2B51ACAB5CF, 2021-04-03T12:34:59, false
9DDDD405-82E4-4C56-A6A6-E2B51ACAB5CF, 2021-04-03T12:35:59, false
9DDDD405-82E4-4C56-A6A6-E2B51ACAB5CF, 2021-04-03T12:36:59, false
9DDDD405-82E4-4C56-A6A6-E2B51ACAB5CF, 2021-04-03T12:37:59, false
9DDDD405-82E4-4C56-A6A6-E2B51ACAB5CF, 2021-04-03T12:38:59, false
9DDDD405-82E4-4C56-A6A6-E2B51ACAB5CF, 2021-04-03T12:39:59, false
9DDDD405-82E4-4C56-A6A6-E2B51ACAB5CF, 2021-04-03T12:40:59, false
9DDDD405-82E4-4C56-A6A6-E2B51ACAB5CF, 2021-04-03T12:41:59, false
9DDDD405-82E4-4C56-A6A6-E2B51ACAB5CF, 2021-04-03T12:42:59, false
9DDDD405-82E4-4C56-A6A6-E2B51ACAB5CF, 2021-04-03T12:43:59, false
9DDDD405-82E4-4C56-A6A6-E2B51ACAB5CF, 2021-04-03T12:44:59, false
9DDDD405-82E4-4C56-A6A6-E2B51ACAB5CF, 2021-04-03T12:45:59, false
9DDDD405-82E4-4C56-A6A6-E2B51ACAB5CF, 2021-04-03T12:46:59, false
9DDDD405-82E4-4C56-A6A6-E2B51ACAB5CF, 2021-04-03T12:47:59, false
9DDDD405-82E4-4C56-A6A6-E2B51ACAB5CF, 2021-04-03T12:48:59, false
9DDDD405-82E4-4C56-A6A6-E2B51ACAB5CF, 2021-04-03T12:49:59, false
9DDDD405-82E4-4C56-A6A6-E2B51ACAB5CF, 2021-04-03T12:50:59, false
9DDDD405-82E4-4C56-A6A6-E2B51ACAB5CF, 2021-04-03T12:51:59, false
9DDDD405-82E4-4C56-A6A6-E2B51ACAB5CF, 2021-04-03T12:52:59, false
9DDDD405-82E4-4C56-A6A6-E2B51ACAB5CF, 2021-04-03T12:53:59, false
9DDDD405-82E4-4C56-A6A6-E2B51ACAB5CF, 2021-04-03T12:54:59, false
9DDDD405-82E4-4C56-A6A6-E2B51ACAB5CF, 2021-04-03T12:55:59, false
9DDDD405-82E4-4C56-A6A6-E2B51ACAB5CF, 2021-04-03T12:56:59, false
9DDDD405-82E4-4C56-A6A6-E2B51ACAB5CF, 2021-04-03T12:57:59, false
9DDDD405-82E4-4C56-A6A6-E2B51ACAB5CF, 2021-04-03T12:58:59, false
9DDDD405-82E4-4C56-A6A6-E2B51ACAB5CF, 2021-04-03T12:59:59, false
9DDDD405-82E4-4C56-A6A6-E2B51ACAB5CF, 2021-04-03T13:00:59, false
9DDDD405-82E4-4C56-A6A6-E2B51ACAB5CF, 2021-04-03T13:01:59, false
9DDDD405-82E4-4C56-A6A6-E2B51ACAB5CF, 2021-04-03T13:02:59, false
9DDDD405-82E4-4C56-A6A6-E2B51ACAB5CF, 2021-04-03T13:03:59, false
9DDDD405-82E4-4C56-A6A6-E2B51ACAB5CF, 2021-04-03T13:04:59, false
9DDDD405-82E4-4C56-A6A6-E2B51ACAB5CF, 2021-04-03T13:05:59, false
9DDDD405-82E4-4C56-A6A6-E2B51ACAB5CF, 2021-04-03T13:06:59, false
9DDDD405-82E4-4C56-A6A6-E2B51ACAB5CF, 2021-04-03T13:07:59, false
9DDDD405-82E4-4C56-A6A6-E2B51ACAB5CF, 2021-04-03T13:08:59, false
9DDDD405-82E4-4C56-A6A6-E2B51ACAB5CF, 2021-04-03T13:09:59, false
9DDDD405-82E4-4C56-A6A6-E2B51ACAB5CF, 2021-04-03T13:10:59, false
9DDDD405-82E4-4C56-A6A6-E2B51ACAB5CF, 2021-04-03T13:11:59, false
9DDDD405-82E4-4C56-A6A6-E2B51ACAB5CF, 2021-04-03T13:12:59, false
9DDDD405-82E4-4C56-A6A6-E2B51ACAB5CF, 2021-04-03T13:13:59, false
9DDDD405-82E4-4C56-A6A6-E2B51ACAB5CF, 2021-04-03T13:14:59, false
9DDDD405-82E4-4C56-A6A6-E2B51ACAB5CF, 2021-04-03T13:15:59, false
9DDDD405-82E4-4C56-A6A6-E2B51ACAB5CF, 2021-04-03T13:16:59, false
9DDDD405-82E4-4C56-A6A6-E2B51ACAB5CF, 2021-04-03T13:17:59, false
9DDDD405-82E4-4C56-A6A6-E2B51ACAB5CF, 2021-04-03T13:18:59, false
9DDDD405-82E4-4C56-A6A6-E2B51ACAB5CF, 2021-04-03T13:19:59, false
9DDDD405-82E4-4C56-A6A6-E2B51ACAB5CF, 2021-04-03T13:20:59, false
9DDDD405-82E4-4C56-A6A6-E2B51ACAB5CF, 2021-04-03T13:21:59, false
9DDDD405-82E4-4C56-A6A6-E2B51ACAB5CF, 2021-04-03T13:22:59, false
9DDDD405-82E4-4C56-A6A6-E2B51ACAB5CF, 2021-04-03T13:23:59, false
9DDDD405-82E4-4C56-A6A6-E2B51ACAB5CF, 2021-04-03T13:24:59, false
9DDDD405-82E4-4C56-A6A6-E2B51ACAB5CF, 2021-04-03T13:25:59, false
9DDDD405-82E4-4C56-A6A6-E2B51ACAB5CF, 2021-04-03T13:26:59, false
9DDDD405-82E4-4C56-A6A6-E2B51ACAB5CF, 2021-04-03T13:27:59, false
9DDDD405-82E4-4C56-A6A6-E2B51ACAB5CF, 2021-04-03T13:28:59, false
9DDDD405-82E4-4C56-A6A6-E2B51ACAB5CF, 2021-04-03T13:29:59, false
9DDDD405-82E4-4C56-A6A6-E2B51ACAB5CF, 2021-04-03T13:30:59, false
9DDDD405-82E4-4C56-A6A6-E2B51ACAB5CF, 2021-04-03T13:31:59, false
9DDDD405-82E4-4C56-A6A6-E2B51ACAB5CF, 2021-04-03T13:32:59, false
9DDDD405-82E4-4C56-A6A6-E2B51ACAB5CF, 2021-04-03T13:33:59, false
9DDDD405-82E4-4C56-A6A6-E2B51ACAB5CF, 2021-04-03T13:34:59, false
9DDDD405-82E4-4C56-A6A6-E2B51ACAB5CF, 2021-04-03T13:35:59, false
9DDDD405-82E4-4C56-A6A6-E2B51ACAB5CF, 2021-04-03T13:36:59, false
9DDDD405-82E4-4C56-A6A6-E2B51ACAB5CF, 2021-04-03T13:37:59, false
9DDDD405-82E4-4C56-A6A6-E2B51ACAB5CF, 2021-04-03T13:38:59, false
9DDDD405-82E4-4C56-A6A6-E2B51ACAB5CF, 2021-04-03T13:39:59, false
9DDDD405-82E4-4C56-A6A6-E2B51ACAB5CF, 2021-04-03T13:40:59, false
9DDDD405-82E4-4C56-A6A6-E2B51ACAB5CF, 2021-04-03T13:41:59, false
9DDDD405-82E4-4C56-A6A6-E2B51ACAB5CF, 2021-04-03T13:42:59, false
9DDDD405-82E4-4C56-A6A6-E2B51ACAB5CF, 2021-04-03T13:43:59, false
9DDDD405-82E4-4C56-A6A6-E2B51ACAB5CF, 2021-04-03T13:44:59, false
9DDDD405-82E4-4C56-A6A6-E2B51ACAB5CF, 2021-04-03T13:45:59, false
9DDDD405-82E4-4C56-A6A6-E2B51ACAB5CF, 2021-04-03T13:46:59, false
9DDDD405-82E4-4C56-A6A6-E2B51ACAB5CF, 2021-04-03T13:47:59, false
9DDDD405-82E4-4C56-A6A6-E2B51ACAB5CF, 2021-04-03T13:48:59, false
9DDDD405-82E4-4C56-A6A6-E2B51ACAB5CF, 2021-04-03T13:49:59, false
9DDDD405-82E4-4C56-A6A6-E2B51ACAB5CF, 2021-04-03T13:50:59, false
9DDDD405-82E4-4C56-A6A6-E2B51ACAB5CF, 2021-04-03T13:51:59, false
9DDDD405-82E4-4C56-A6A6-E2B51ACAB5CF, 2021-04-03T13:52:59, false
9DDDD405-82E4-4C56-A6A6-E2B51ACAB5CF, 2021-04-03T13:53:59, false
9DDDD405-82E4-4C56-A6A6-E2B51ACAB5CF, 2021-04-03T13:54:59, false
9DDDD405-82E4-4C56-A6A6-E2B51ACAB5CF, 2021-04-03T13:55:59, false
9DDDD405-82E4-4C56-A6A6-E2B51ACAB5CF, 2021-04-03T13:56:59, false
9DDDD405-82E4-4C56-A6A6-E2B51ACAB5CF, 2021-04-03T13:57:59, false
9DDDD405-82E4-4C56-A6A6-E2B51ACAB5CF, 2021-04-03T13:58:59, false
9DDDD405-82E4-4C56-A6A6-E2B51ACAB5CF, 2021-04-03T13:59:59, false
9DDDD405-82E4-4C56-A6A6-E2B51ACAB5CF, 2021-04-03T14:00:59, false
9DDDD405-82E4-4C56-A6A6-E2B51ACAB5CF, 2021-04-03T14:01:59, false
9DDDD405-82E4-4C56-A6A6-E2B51ACAB5CF, 2021-04-03T14:02:59, false
9DDDD405-82E4-4C56-A6A6-E2B51ACAB5CF, 2021-04-03T14:03:59, false
9DDDD405-82E4-4C56-A6A6-E2B51ACAB5CF, 2021-04-03T14:04:59, false
9DDDD405-82E4-4C56-A6A6-E2B51ACAB5CF, 2021-04-03T14:05:59, false
9DDDD405-82E4-4C56-A6A6-E2B51ACAB5CF, 2021-04-03T14:06:59, false
9DDDD405-82E4-4C56-A6A6-E2B51ACAB5CF, 2021-04-03T14:07:59, false
9DDDD405-82E4-4C56-A6A6-E2B51ACAB5CF, 2021-04-03T14:08:59, false
9DDDD405-82E4-4C56-A6A6-E2B51ACAB5CF, 2021-04-03T14:09:59, false
9DDDD405-82E4-4C56-A6A6-E2B51ACAB5CF, 2021-04-03T14:10:59, false
9DDDD405-82E4-4C56-A6A6-E2B51ACAB5CF, 2021-04-03T14:11:59, false
9DDDD405-82E4-4C56-A6A6-E2B51ACAB5CF, 2021-04-03T14:12:59, false
9DDDD405-82E4-4C56-A6A6-E2B51ACAB5CF, 2021-04-03T14:13:59, false
9DDDD405-82E4-4C56-A6A6-E2B51ACAB5CF, 2021-04-03T14:14:59, false
9DDDD405-82E4-4C56-A6A6-E2B51ACAB5CF, 2021-04-03T14:15:59, false
9DDDD405-82E4-4C56-A6A6-E2B51ACAB5CF, 2021-04-03T14:16:59, false
9DDDD405-82E4-4C56-A6A6-E2B51ACAB5CF, 2021-04-03T14:17:59, false
9DDDD405-82E4-4C56-A6A6-E2B51ACAB5CF, 2021-04-03T14:18:59, false
9DDDD405-82E4-4C56-A6A6-E2B51ACAB5CF, 2021-04-03T14:19:59, false
9DDDD405-82E4-4C56-A6A6-E2B51ACAB5CF, 2021-04-03T14:20:59, false
9DDDD405-82E4-4C56-A6A6-E2B51ACAB5CF, 2021-04-03T14:21:59, false
9DDDD405-82E4-4C56-A6A6-E2B51ACAB5CF, 2021-04-03T14:22:59, false
9DDDD405-82E4-4C56-A6A6-E2B51ACAB5CF, 2021-04-03T14:23:59, false
9DDDD405-82E4-4C56-A6A6-E2B51ACAB5CF, 2021-04-03T14:24:59, false
9DDDD405-82E4-4C56-A6A6-E2B51ACAB5CF, 2021-04-03T14:25:59, false
9DDDD405-82E4-4C56-A6A6-E2B51ACAB5CF, 2021-04-03T14:26:59, false
9DDDD405-82E4-4C56-A6A6-E2B51ACAB5CF, 2021-04-03T14:27:59, false
9DDDD405-82E4-4C56-A6A6-E2B51ACAB5CF, 2021-04-03T14:28:59, false
9DDDD405-82E4-4C56-A6A6-E2B51ACAB5CF, 2021-04-03T14:29:59, false
9DDDD405-82E4-4C56-A6A6-E2B51ACAB5CF, 2021-04-03T14:30:59, false
9DDDD405-82E4-4C56-A6A6-E2B51ACAB5CF, 2021-04-03T14:31:59, false
9DDDD405-82E4-4C56-A6A6-E2B51ACAB5CF, 2021-04-03T14:32:59, false
9DDDD405-82E4-4C56-A6A6-E2B51ACAB5CF, 2021-04-03T14:33:59, false
9DDDD405-82E4-4C56-A6A6-E2B51ACAB5CF, 2021-04-03T14:34:59, false
9DDDD405-82E4-4C56-A6A6-E2B51ACAB5CF, 2021-04-03T14:35:59, false
9DDDD405-82E4-4C56-A6A6-E2B51ACAB5CF, 2021-04-03T14:36:59, false
9DDDD405-82E4-4C56-A6A6-E2B51ACAB5CF, 2021-04-03T14:37:59, false
9DDDD405-82E4-4C56-A6A6-E2B51ACAB5CF, 2021-04-03T14:38:59, false
9DDDD405-82E4-4C56-A6A6-E2B51ACAB5CF, 2021-04-03T14:39:59, false
9DDDD405-82E4-4C56-A6A6-E2B51ACAB5CF, 2021-04-03T14:40:59, false
9DDDD405-82E4-4C56-A6A6-E2B51ACAB5CF, 2021-04-03T14:41:59, false
9DDDD405-82E4-4C56-A6A6-E2B51ACAB5CF, 2021-04-03T14:42:59, false
9DDDD405-82E4-4C56-A6A6-E2B51ACAB5CF, 2021-04-03T14:43:59, false
9DDDD405-82E4-4C56-A6A6-E2B51ACAB5CF, 2021-04-03T14:44:59, false
9DDDD405-82E4-4C56-A6A6-E2B51ACAB5CF, 2021-04-03T14:45:59, false
9DDDD405-82E4-4C56-A6A6-E2B51ACAB5CF, 2021-04-03T14:46:59, false
9DDDD405-82E4-4C56-A6A6-E2B51ACAB5CF, 2021-04-03T14:47:59, false
9DDDD405-82E4-4C56-A6A6-E2B51ACAB5CF, 2021-04-03T14:48:59, false
9DDDD405-82E4-4C56-A6A6-E2B51ACAB5CF, 2021-04-03T14:49:59, false
9DDDD405-82E4-4C56-A6A6-E2B51ACAB5CF, 2021-04-03T14:50:59, false
9DDDD405-82E4-4C56-A6A6-E2B51ACAB5CF, 2021-04-03T14:51:59, false
9DDDD405-82E4-4C56-A6A6-E2B51ACAB5CF, 2021-04-03T14:52:59, false
9DDDD405-82E4-4C56-A6A6-E2B51ACAB5CF, 2021-04-03T14:53:59, false
9DDDD405-82E4-4C56-A6A6-E2B51ACAB5CF, 2021-04-03T14:54:59, false
9DDDD405-82E4-4C56-A6A6-E2B51ACAB5CF, 2021-04-03T14:55:59, false
9DDDD405-82E4-4C56-A6A6-E2B51ACAB5CF, 2021-04-03T14:56:59, false
9DDDD405-82E4-4C56-A6A6-E2B51ACAB5CF, 2021-04-03T14:57:59, false
9DDDD405-82E4-4C56-A6A6-E2B51ACAB5CF, 2021-04-03T14:58:59, false
9DDDD405-82E4-4C56-A6A6-E2B51ACAB5CF, 2021-04-03T14:59:59, false
9DDDD405-82E4-4C56-A6A6-E2B51ACAB5CF, 2021-04-03T15:00:59, false
9DDDD405-82E4-4C56-A6A6-E2B51ACAB5CF, 2021-04-03T15:01:59, false
9DDDD405-82E4-4C56-A6A6-E2B51ACAB5CF, 2021-04-03T15:02:59, false
9DDDD405-82E4-4C56-A6A6-E2B51ACAB5CF, 2021-04-03T15:03:59, false
9DDDD405-82E4-4C56-A6A6-E2B51ACAB5CF, 2021-04-03T15:04:59, false
9DDDD405-82E4-4C56-A6A6-E2B51ACAB5CF, 2021-04-03T15:05:59, false
9DDDD405-82E4-4C56-A6A6-E2B51ACAB5CF, 2021-04-03T15:06:59, false
9DDDD405-82E4-4C56-A6A6-E2B51ACAB5CF, 2021-04-03T15:07:59, false
9DDDD405-82E4-4C56-A6A6-E2B51ACAB5CF, 2021-04-03T15:08:59, false
9DDDD405-82E4-4C56-A6A6-E2B51ACAB5CF, 2021-04-03T15:09:59, false
9DDDD405-82E4-4C56-A6A6-E2B51ACAB5CF, 2021-04-03T15:10:59, false
9DDDD405-82E4-4C56-A6A6-E2B51ACAB5CF, 2021-04-03T15:11:59, false
9DDDD405-82E4-4C56-A6A6-E2B51ACAB5CF, 2021-04-03T15:12:59, false
9DDDD405-82E4-4C56-A6A6-E2B51ACAB5CF, 2021-04-03T15:13:59, false
9DDDD405-82E4-4C56-A6A6-E2B51ACAB5CF, 2021-04-03T15:14:59, false
9DDDD405-82E4-4C56-A6A6-E2B51ACAB5CF, 2021-04-03T15:15:59, false
9DDDD405-82E4-4C56-A6A6-E2B51ACAB5CF, 2021-04-03T15:16:59, false
9DDDD405-82E4-4C56-A6A6-E2B51ACAB5CF, 2021-04-03T15:17:59, false
9DDDD405-82E4-4C56-A6A6-E2B51ACAB5CF, 2021-04-03T15:18:59, false
9DDDD405-82E4-4C56-A6A6-E2B51ACAB5CF, 2021-04-03T15:19:59, false
9DDDD405-82E4-4C56-A6A6-E2B51ACAB5CF, 2021-04-03T15:20:59, false
9DDDD405-82E4-4C56-A6A6-E2B51ACAB5CF, 2021-04-03T15:21:59, false
9DDDD405-82E4-4C56-A6A6-E2B51ACAB5CF, 2021-04-03T15:23:00, true
9DDDD405-82E4-4C56-A6A6-E2B51ACAB5CF, 2021-04-03T15:24:08, true
9DDDD405-82E4-4C56-A6A6-E2B51ACAB5CF, 2021-04-03T15:25:13, true
9DDDD405-82E4-4C56-A6A6-E2B51ACAB5CF, 2021-04-03T15:26:18, true
9DDDD405-82E4-4C56-A6A6-E2B51ACAB5CF, 2021-04-03T15:27:27, true
9DDDD405-82E4-4C56-A6A6-E2B51ACAB5CF, 2021-04-03T15:28:35, true
9DDDD405-82E4-4C56-A6A6-E2B51ACAB5CF, 2021-04-03T15:29:46, true
9DDDD405-82E4-4C56-A6A6-E2B51ACAB5CF, 2021-04-03T15:31:00, true
9DDDD405-82E4-4C56-A6A6-E2B51ACAB5CF, 2021-04-03T15:32:08, true
9DDDD405-82E4-4C56-A6A6-E2B51ACAB5CF, 2021-04-03T15:33:19, true
9DDDD405-82E4-4C56-A6A6-E2B51ACAB5CF, 2021-04-03T15:34:19, false
9DDDD405-82E4-4C56-A6A6-E2B51ACAB5CF, 2021-04-03T15:35:19, false
9DDDD405-82E4-4C56-A6A6-E2B51ACAB5CF, 2021-04-03T15:36:19, false
9DDDD405-82E4-4C56-A6A6-E2B51ACAB5CF, 2021-04-03T15:37:19, false
9DDDD405-82E4-4C56-A6A6-E2B51ACAB5CF, 2021-04-03T15:38:19, false
9DDDD405-82E4-4C56-A6A6-E2B51ACAB5CF, 2021-04-03T15:39:35, true
9DDDD405-82E4-4C56-A6A6-E2B51ACAB5CF, 2021-04-03T15:40:37, true
9DDDD405-82E4-4C56-A6A6-E2B51ACAB5CF, 2021-04-03T15:41:38, true
9DDDD405-82E4-4C56-A6A6-E2B51ACAB5CF, 2021-04-03T15:42:41, true
9DDDD405-82E4-4C56-A6A6-E2B51ACAB5CF, 2021-04-03T15:43:44, true
9DDDD405-82E4-4C56-A6A6-E2B51ACAB5CF, 2021-04-03T15:44:52, true
9DDDD405-82E4-4C56-A6A6-E2B51ACAB5CF, 2021-04-03T15:45:55, true
9DDDD405-82E4-4C56-A6A6-E2B51ACAB5CF, 2021-04-03T15:46:57, true
9DDDD405-82E4-4C56-A6A6-E2B51ACAB5CF, 2021-04-03T15:47:59, true
9DDDD405-82E4-4C56-A6A6-E2B51ACAB5CF, 2021-04-03T15:49:00, true
9DDDD405-82E4-4C56-A6A6-E2B51ACAB5CF, 2021-04-03T15:50:01, true
9DDDD405-82E4-4C56-A6A6-E2B51ACAB5CF, 2021-04-03T15:51:01, true
9DDDD405-82E4-4C56-A6A6-E2B51ACAB5CF, 2021-04-03T15:52:04, true
9DDDD405-82E4-4C56-A6A6-E2B51ACAB5CF, 2021-04-03T15:53:07, true
9DDDD405-82E4-4C56-A6A6-E2B51ACAB5CF, 2021-04-03T15:54:12, true
9DDDD405-82E4-4C56-A6A6-E2B51ACAB5CF, 2021-04-03T15:55:21, true
9DDDD405-82E4-4C56-A6A6-E2B51ACAB5CF, 2021-04-03T15:56:28, true
9DDDD405-82E4-4C56-A6A6-E2B51ACAB5CF, 2021-04-03T15:57:30, true
9DDDD405-82E4-4C56-A6A6-E2B51ACAB5CF, 2021-04-03T15:58:32, true
9DDDD405-82E4-4C56-A6A6-E2B51ACAB5CF, 2021-04-03T15:59:32, true
9DDDD405-82E4-4C56-A6A6-E2B51ACAB5CF, 2021-04-03T16:00:34, true
9DDDD405-82E4-4C56-A6A6-E2B51ACAB5CF, 2021-04-03T16:01:36, true
9DDDD405-82E4-4C56-A6A6-E2B51ACAB5CF, 2021-04-03T16:02:37, true
9DDDD405-82E4-4C56-A6A6-E2B51ACAB5CF, 2021-04-03T16:03:39, true
9DDDD405-82E4-4C56-A6A6-E2B51ACAB5CF, 2021-04-03T16:04:39, true
9DDDD405-82E4-4C56-A6A6-E2B51ACAB5CF, 2021-04-03T16:05:41, true
9DDDD405-82E4-4C56-A6A6-E2B51ACAB5CF, 2021-04-03T16:06:51, true
9DDDD405-82E4-4C56-A6A6-E2B51ACAB5CF, 2021-04-03T16:07:51, true
9DDDD405-82E4-4C56-A6A6-E2B51ACAB5CF, 2021-04-03T16:08:54, true
9DDDD405-82E4-4C56-A6A6-E2B51ACAB5CF, 2021-04-03T16:09:57, true
9DDDD405-82E4-4C56-A6A6-E2B51ACAB5CF, 2021-04-03T16:11:01, true
9DDDD405-82E4-4C56-A6A6-E2B51ACAB5CF, 2021-04-03T16:12:03, true
9DDDD405-82E4-4C56-A6A6-E2B51ACAB5CF, 2021-04-03T16:13:04, true
9DDDD405-82E4-4C56-A6A6-E2B51ACAB5CF, 2021-04-03T16:14:06, true
9DDDD405-82E4-4C56-A6A6-E2B51ACAB5CF, 2021-04-03T16:15:07, true
9DDDD405-82E4-4C56-A6A6-E2B51ACAB5CF, 2021-04-03T16:16:09, true
9DDDD405-82E4-4C56-A6A6-E2B51ACAB5CF, 2021-04-03T16:17:25, true
9DDDD405-82E4-4C56-A6A6-E2B51ACAB5CF, 2021-04-03T16:18:35, true
9DDDD405-82E4-4C56-A6A6-E2B51ACAB5CF, 2021-04-03T16:19:35, true
9DDDD405-82E4-4C56-A6A6-E2B51ACAB5CF, 2021-04-03T16:20:40, true
9DDDD405-82E4-4C56-A6A6-E2B51ACAB5CF, 2021-04-03T16:21:42, true
9DDDD405-82E4-4C56-A6A6-E2B51ACAB5CF, 2021-04-03T16:22:45, true
9DDDD405-82E4-4C56-A6A6-E2B51ACAB5CF, 2021-04-03T16:23:49, true
9DDDD405-82E4-4C56-A6A6-E2B51ACAB5CF, 2021-04-03T16:24:52, true
9DDDD405-82E4-4C56-A6A6-E2B51ACAB5CF, 2021-04-03T16:25:55, true
9DDDD405-82E4-4C56-A6A6-E2B51ACAB5CF, 2021-04-03T16:26:56, true
9DDDD405-82E4-4C56-A6A6-E2B51ACAB5CF, 2021-04-03T16:27:58, true
9DDDD405-82E4-4C56-A6A6-E2B51ACAB5CF, 2021-04-03T16:29:00, true
9DDDD405-82E4-4C56-A6A6-E2B51ACAB5CF, 2021-04-03T16:30:02, true
9DDDD405-82E4-4C56-A6A6-E2B51ACAB5CF, 2021-04-03T16:31:05, true
9DDDD405-82E4-4C56-A6A6-E2B51ACAB5CF, 2021-04-03T16:32:05, true
9DDDD405-82E4-4C56-A6A6-E2B51ACAB5CF, 2021-04-03T16:33:08, true
9DDDD405-82E4-4C56-A6A6-E2B51ACAB5CF, 2021-04-03T16:34:12, true
9DDDD405-82E4-4C56-A6A6-E2B51ACAB5CF, 2021-04-03T16:35:13, true
9DDDD405-82E4-4C56-A6A6-E2B51ACAB5CF, 2021-04-03T16:36:15, true
9DDDD405-82E4-4C56-A6A6-E2B51ACAB5CF, 2021-04-03T16:37:18, true
9DDDD405-82E4-4C56-A6A6-E2B51ACAB5CF, 2021-04-03T16:38:22, true
9DDDD405-82E4-4C56-A6A6-E2B51ACAB5CF, 2021-04-03T16:39:26, true
9DDDD405-82E4-4C56-A6A6-E2B51ACAB5CF, 2021-04-03T16:40:32, true
9DDDD405-82E4-4C56-A6A6-E2B51ACAB5CF, 2021-04-03T16:41:34, true
9DDDD405-82E4-4C56-A6A6-E2B51ACAB5CF, 2021-04-03T16:42:35, true
9DDDD405-82E4-4C56-A6A6-E2B51ACAB5CF, 2021-04-03T16:43:37, true
9DDDD405-82E4-4C56-A6A6-E2B51ACAB5CF, 2021-04-03T16:44:41, true
9DDDD405-82E4-4C56-A6A6-E2B51ACAB5CF, 2021-04-03T16:45:44, true
9DDDD405-82E4-4C56-A6A6-E2B51ACAB5CF, 2021-04-03T16:46:47, true
9DDDD405-82E4-4C56-A6A6-E2B51ACAB5CF, 2021-04-03T16:47:50, true
9DDDD405-82E4-4C56-A6A6-E2B51ACAB5CF, 2021-04-03T16:48:52, true
9DDDD405-82E4-4C56-A6A6-E2B51ACAB5CF, 2021-04-03T16:49:55, true
9DDDD405-82E4-4C56-A6A6-E2B51ACAB5CF, 2021-04-03T16:50:58, true
9DDDD405-82E4-4C56-A6A6-E2B51ACAB5CF, 2021-04-03T16:51:59, true
9DDDD405-82E4-4C56-A6A6-E2B51ACAB5CF, 2021-04-03T16:53:02, true
9DDDD405-82E4-4C56-A6A6-E2B51ACAB5CF, 2021-04-03T16:54:02, true
9DDDD405-82E4-4C56-A6A6-E2B51ACAB5CF, 2021-04-03T16:55:04, true
9DDDD405-82E4-4C56-A6A6-E2B51ACAB5CF, 2021-04-03T16:56:09, true
9DDDD405-82E4-4C56-A6A6-E2B51ACAB5CF, 2021-04-03T16:57:09, true
9DDDD405-82E4-4C56-A6A6-E2B51ACAB5CF, 2021-04-03T16:58:12, true
9DDDD405-82E4-4C56-A6A6-E2B51ACAB5CF, 2021-04-03T16:59:14, true
9DDDD405-82E4-4C56-A6A6-E2B51ACAB5CF, 2021-04-03T17:00:28, true
9DDDD405-82E4-4C56-A6A6-E2B51ACAB5CF, 2021-04-03T17:01:28, false
9DDDD405-82E4-4C56-A6A6-E2B51ACAB5CF, 2021-04-03T17:02:28, false
9DDDD405-82E4-4C56-A6A6-E2B51ACAB5CF, 2021-04-03T17:03:28, false
9DDDD405-82E4-4C56-A6A6-E2B51ACAB5CF, 2021-04-03T17:04:28, false
9DDDD405-82E4-4C56-A6A6-E2B51ACAB5CF, 2021-04-03T17:05:28, false
9DDDD405-82E4-4C56-A6A6-E2B51ACAB5CF, 2021-04-03T17:06:28, false
9DDDD405-82E4-4C56-A6A6-E2B51ACAB5CF, 2021-04-03T17:07:01, true
9DDDD405-82E4-4C56-A6A6-E2B51ACAB5CF, 2021-04-03T17:08:07, true
9DDDD405-82E4-4C56-A6A6-E2B51ACAB5CF, 2021-04-03T17:09:08, true
9DDDD405-82E4-4C56-A6A6-E2B51ACAB5CF, 2021-04-03T17:10:11, true
9DDDD405-82E4-4C56-A6A6-E2B51ACAB5CF, 2021-04-03T17:11:12, true
9DDDD405-82E4-4C56-A6A6-E2B51ACAB5CF, 2021-04-03T17:12:14, true
9DDDD405-82E4-4C56-A6A6-E2B51ACAB5CF, 2021-04-03T17:13:17, true
9DDDD405-82E4-4C56-A6A6-E2B51ACAB5CF, 2021-04-03T17:14:20, true
9DDDD405-82E4-4C56-A6A6-E2B51ACAB5CF, 2021-04-03T17:15:27, true
9DDDD405-82E4-4C56-A6A6-E2B51ACAB5CF, 2021-04-03T17:16:27, false
9DDDD405-82E4-4C56-A6A6-E2B51ACAB5CF, 2021-04-03T17:17:01, true
9DDDD405-82E4-4C56-A6A6-E2B51ACAB5CF, 2021-04-03T17:18:13, true
9DDDD405-82E4-4C56-A6A6-E2B51ACAB5CF, 2021-04-03T17:19:15, true
9DDDD405-82E4-4C56-A6A6-E2B51ACAB5CF, 2021-04-03T17:20:19, true
9DDDD405-82E4-4C56-A6A6-E2B51ACAB5CF, 2021-04-03T17:21:25, true
9DDDD405-82E4-4C56-A6A6-E2B51ACAB5CF, 2021-04-03T17:22:30, true
9DDDD405-82E4-4C56-A6A6-E2B51ACAB5CF, 2021-04-03T17:23:35, true
9DDDD405-82E4-4C56-A6A6-E2B51ACAB5CF, 2021-04-03T17:24:44, true
9DDDD405-82E4-4C56-A6A6-E2B51ACAB5CF, 2021-04-03T17:25:45, true
9DDDD405-82E4-4C56-A6A6-E2B51ACAB5CF, 2021-04-03T17:26:45, true
9DDDD405-82E4-4C56-A6A6-E2B51ACAB5CF, 2021-04-03T17:27:47, true
9DDDD405-82E4-4C56-A6A6-E2B51ACAB5CF, 2021-04-03T17:29:00, true
9DDDD405-82E4-4C56-A6A6-E2B51ACAB5CF, 2021-04-03T17:30:02, true
9DDDD405-82E4-4C56-A6A6-E2B51ACAB5CF, 2021-04-03T17:31:04, true
9DDDD405-82E4-4C56-A6A6-E2B51ACAB5CF, 2021-04-03T17:32:04, true
9DDDD405-82E4-4C56-A6A6-E2B51ACAB5CF, 2021-04-03T17:33:06, true
9DDDD405-82E4-4C56-A6A6-E2B51ACAB5CF, 2021-04-03T17:34:08, true
9DDDD405-82E4-4C56-A6A6-E2B51ACAB5CF, 2021-04-03T17:35:08, true
9DDDD405-82E4-4C56-A6A6-E2B51ACAB5CF, 2021-04-03T17:36:12, true
9DDDD405-82E4-4C56-A6A6-E2B51ACAB5CF, 2021-04-03T17:37:15, true
9DDDD405-82E4-4C56-A6A6-E2B51ACAB5CF, 2021-04-03T17:38:16, true
9DDDD405-82E4-4C56-A6A6-E2B51ACAB5CF, 2021-04-03T17:39:18, true
9DDDD405-82E4-4C56-A6A6-E2B51ACAB5CF, 2021-04-03T17:40:28, true
9DDDD405-82E4-4C56-A6A6-E2B51ACAB5CF, 2021-04-03T17:41:28, true
9DDDD405-82E4-4C56-A6A6-E2B51ACAB5CF, 2021-04-03T17:42:28, true
9DDDD405-82E4-4C56-A6A6-E2B51ACAB5CF, 2021-04-03T17:43:31, true
9DDDD405-82E4-4C56-A6A6-E2B51ACAB5CF, 2021-04-03T17:44:35, true
9DDDD405-82E4-4C56-A6A6-E2B51ACAB5CF, 2021-04-03T17:45:35, true
9DDDD405-82E4-4C56-A6A6-E2B51ACAB5CF, 2021-04-03T17:46:36, true
9DDDD405-82E4-4C56-A6A6-E2B51ACAB5CF, 2021-04-03T17:47:37, true
9DDDD405-82E4-4C56-A6A6-E2B51ACAB5CF, 2021-04-03T17:48:44, true
9DDDD405-82E4-4C56-A6A6-E2B51ACAB5CF, 2021-04-03T17:49:44, true
9DDDD405-82E4-4C56-A6A6-E2B51ACAB5CF, 2021-04-03T17:50:48, true
9DDDD405-82E4-4C56-A6A6-E2B51ACAB5CF, 2021-04-03T17:51:48, true
9DDDD405-82E4-4C56-A6A6-E2B51ACAB5CF, 2021-04-03T17:52:48, true
9DDDD405-82E4-4C56-A6A6-E2B51ACAB5CF, 2021-04-03T17:53:50, true
9DDDD405-82E4-4C56-A6A6-E2B51ACAB5CF, 2021-04-03T17:54:52, true
9DDDD405-82E4-4C56-A6A6-E2B51ACAB5CF, 2021-04-03T17:55:56, true
9DDDD405-82E4-4C56-A6A6-E2B51ACAB5CF, 2021-04-03T17:56:59, true
9DDDD405-82E4-4C56-A6A6-E2B51ACAB5CF, 2021-04-03T17:58:02, true
9DDDD405-82E4-4C56-A6A6-E2B51ACAB5CF, 2021-04-03T17:59:04, true
9DDDD405-82E4-4C56-A6A6-E2B51ACAB5CF, 2021-04-03T18:00:04, true
9DDDD405-82E4-4C56-A6A6-E2B51ACAB5CF, 2021-04-03T18:01:04, true
9DDDD405-82E4-4C56-A6A6-E2B51ACAB5CF, 2021-04-03T18:02:17, true
9DDDD405-82E4-4C56-A6A6-E2B51ACAB5CF, 2021-04-03T18:03:21, true
9DDDD405-82E4-4C56-A6A6-E2B51ACAB5CF, 2021-04-03T18:04:22, true
9DDDD405-82E4-4C56-A6A6-E2B51ACAB5CF, 2021-04-03T18:05:22, true
9DDDD405-82E4-4C56-A6A6-E2B51ACAB5CF, 2021-04-03T18:06:24, true
9DDDD405-82E4-4C56-A6A6-E2B51ACAB5CF, 2021-04-03T18:07:27, true
9DDDD405-82E4-4C56-A6A6-E2B51ACAB5CF, 2021-04-03T18:08:30, true
9DDDD405-82E4-4C56-A6A6-E2B51ACAB5CF, 2021-04-03T18:09:33, true
9DDDD405-82E4-4C56-A6A6-E2B51ACAB5CF, 2021-04-03T18:10:37, true
9DDDD405-82E4-4C56-A6A6-E2B51ACAB5CF, 2021-04-03T18:11:40, true
9DDDD405-82E4-4C56-A6A6-E2B51ACAB5CF, 2021-04-03T18:12:52, true
9DDDD405-82E4-4C56-A6A6-E2B51ACAB5CF, 2021-04-03T18:13:59, true
9DDDD405-82E4-4C56-A6A6-E2B51ACAB5CF, 2021-04-03T18:15:02, true
9DDDD405-82E4-4C56-A6A6-E2B51ACAB5CF, 2021-04-03T18:16:07, true
9DDDD405-82E4-4C56-A6A6-E2B51ACAB5CF, 2021-04-03T18:17:08, true
9DDDD405-82E4-4C56-A6A6-E2B51ACAB5CF, 2021-04-03T18:18:10, true
9DDDD405-82E4-4C56-A6A6-E2B51ACAB5CF, 2021-04-03T18:19:10, true
9DDDD405-82E4-4C56-A6A6-E2B51ACAB5CF, 2021-04-03T18:20:31, true
9DDDD405-82E4-4C56-A6A6-E2B51ACAB5CF, 2021-04-03T18:21:35, true
9DDDD405-82E4-4C56-A6A6-E2B51ACAB5CF, 2021-04-03T18:22:35, false
9DDDD405-82E4-4C56-A6A6-E2B51ACAB5CF, 2021-04-03T18:23:53, true
9DDDD405-82E4-4C56-A6A6-E2B51ACAB5CF, 2021-04-03T18:24:53, false
9DDDD405-82E4-4C56-A6A6-E2B51ACAB5CF, 2021-04-03T18:25:53, false
9DDDD405-82E4-4C56-A6A6-E2B51ACAB5CF, 2021-04-03T18:26:53, false
9DDDD405-82E4-4C56-A6A6-E2B51ACAB5CF, 2021-04-03T18:27:39, true
9DDDD405-82E4-4C56-A6A6-E2B51ACAB5CF, 2021-04-03T18:28:43, true
9DDDD405-82E4-4C56-A6A6-E2B51ACAB5CF, 2021-04-03T18:29:51, true
9DDDD405-82E4-4C56-A6A6-E2B51ACAB5CF, 2021-04-03T18:30:52, true
9DDDD405-82E4-4C56-A6A6-E2B51ACAB5CF, 2021-04-03T18:31:54, true
9DDDD405-82E4-4C56-A6A6-E2B51ACAB5CF, 2021-04-03T18:32:57, true
9DDDD405-82E4-4C56-A6A6-E2B51ACAB5CF, 2021-04-03T18:34:00, true
9DDDD405-82E4-4C56-A6A6-E2B51ACAB5CF, 2021-04-03T18:35:02, true
9DDDD405-82E4-4C56-A6A6-E2B51ACAB5CF, 2021-04-03T18:36:05, true
9DDDD405-82E4-4C56-A6A6-E2B51ACAB5CF, 2021-04-03T18:37:06, true
9DDDD405-82E4-4C56-A6A6-E2B51ACAB5CF, 2021-04-03T18:38:11, true
9DDDD405-82E4-4C56-A6A6-E2B51ACAB5CF, 2021-04-03T18:39:11, true
9DDDD405-82E4-4C56-A6A6-E2B51ACAB5CF, 2021-04-03T18:40:13, true
9DDDD405-82E4-4C56-A6A6-E2B51ACAB5CF, 2021-04-03T18:41:14, true
9DDDD405-82E4-4C56-A6A6-E2B51ACAB5CF, 2021-04-03T18:42:14, true
9DDDD405-82E4-4C56-A6A6-E2B51ACAB5CF, 2021-04-03T18:43:17, true
9DDDD405-82E4-4C56-A6A6-E2B51ACAB5CF, 2021-04-03T18:44:17, true
9DDDD405-82E4-4C56-A6A6-E2B51ACAB5CF, 2021-04-03T18:45:20, true
9DDDD405-82E4-4C56-A6A6-E2B51ACAB5CF, 2021-04-03T18:46:34, true
9DDDD405-82E4-4C56-A6A6-E2B51ACAB5CF, 2021-04-03T18:47:37, true
9DDDD405-82E4-4C56-A6A6-E2B51ACAB5CF, 2021-04-03T18:48:42, true
9DDDD405-82E4-4C56-A6A6-E2B51ACAB5CF, 2021-04-03T18:49:44, true
9DDDD405-82E4-4C56-A6A6-E2B51ACAB5CF, 2021-04-03T18:50:45, true
9DDDD405-82E4-4C56-A6A6-E2B51ACAB5CF, 2021-04-03T18:51:55, true
9DDDD405-82E4-4C56-A6A6-E2B51ACAB5CF, 2021-04-03T18:52:55, false
9DDDD405-82E4-4C56-A6A6-E2B51ACAB5CF, 2021-04-03T18:53:55, false
9DDDD405-82E4-4C56-A6A6-E2B51ACAB5CF, 2021-04-03T18:54:55, false
9DDDD405-82E4-4C56-A6A6-E2B51ACAB5CF, 2021-04-03T18:55:55, false
9DDDD405-82E4-4C56-A6A6-E2B51ACAB5CF, 2021-04-03T18:56:55, false
9DDDD405-82E4-4C56-A6A6-E2B51ACAB5CF, 2021-04-03T18:57:55, false
9DDDD405-82E4-4C56-A6A6-E2B51ACAB5CF, 2021-04-03T18:58:55, false
9DDDD405-82E4-4C56-A6A6-E2B51ACAB5CF, 2021-04-03T18:59:55, false
9DDDD405-82E4-4C56-A6A6-E2B51ACAB5CF, 2021-04-03T19:00:55, false
9DDDD405-82E4-4C56-A6A6-E2B51ACAB5CF, 2021-04-03T19:01:55, false
9DDDD405-82E4-4C56-A6A6-E2B51ACAB5CF, 2021-04-03T19:02:55, false
9DDDD405-82E4-4C56-A6A6-E2B51ACAB5CF, 2021-04-03T19:03:55, false
9DDDD405-82E4-4C56-A6A6-E2B51ACAB5CF, 2021-04-03T19:04:55, false
9DDDD405-82E4-4C56-A6A6-E2B51ACAB5CF, 2021-04-03T19:05:55, false
9DDDD405-82E4-4C56-A6A6-E2B51ACAB5CF, 2021-04-03T19:06:55, false
9DDDD405-82E4-4C56-A6A6-E2B51ACAB5CF, 2021-04-03T19:08:08, true
9DDDD405-82E4-4C56-A6A6-E2B51ACAB5CF, 2021-04-03T19:09:09, true
9DDDD405-82E4-4C56-A6A6-E2B51ACAB5CF, 2021-04-03T19:10:12, true
9DDDD405-82E4-4C56-A6A6-E2B51ACAB5CF, 2021-04-03T19:11:13, true
9DDDD405-82E4-4C56-A6A6-E2B51ACAB5CF, 2021-04-03T19:12:21, true
9DDDD405-82E4-4C56-A6A6-E2B51ACAB5CF, 2021-04-03T19:13:23, true
9DDDD405-82E4-4C56-A6A6-E2B51ACAB5CF, 2021-04-03T19:14:27, true
9DDDD405-82E4-4C56-A6A6-E2B51ACAB5CF, 2021-04-03T19:15:34, true
9DDDD405-82E4-4C56-A6A6-E2B51ACAB5CF, 2021-04-03T19:16:36, true
9DDDD405-82E4-4C56-A6A6-E2B51ACAB5CF, 2021-04-03T19:17:37, true
9DDDD405-82E4-4C56-A6A6-E2B51ACAB5CF, 2021-04-03T19:18:37, true
9DDDD405-82E4-4C56-A6A6-E2B51ACAB5CF, 2021-04-03T19:19:38, true
9DDDD405-82E4-4C56-A6A6-E2B51ACAB5CF, 2021-04-03T19:20:43, true
9DDDD405-82E4-4C56-A6A6-E2B51ACAB5CF, 2021-04-03T19:21:44, true
9DDDD405-82E4-4C56-A6A6-E2B51ACAB5CF, 2021-04-03T19:22:49, true
9DDDD405-82E4-4C56-A6A6-E2B51ACAB5CF, 2021-04-03T19:23:54, true
9DDDD405-82E4-4C56-A6A6-E2B51ACAB5CF, 2021-04-03T19:24:58, true
9DDDD405-82E4-4C56-A6A6-E2B51ACAB5CF, 2021-04-03T19:25:59, true
9DDDD405-82E4-4C56-A6A6-E2B51ACAB5CF, 2021-04-03T19:27:00, true
9DDDD405-82E4-4C56-A6A6-E2B51ACAB5CF, 2021-04-03T19:28:11, true
9DDDD405-82E4-4C56-A6A6-E2B51ACAB5CF, 2021-04-03T19:29:11, true
9DDDD405-82E4-4C56-A6A6-E2B51ACAB5CF, 2021-04-03T19:30:12, true
9DDDD405-82E4-4C56-A6A6-E2B51ACAB5CF, 2021-04-03T19:31:16, true
9DDDD405-82E4-4C56-A6A6-E2B51ACAB5CF, 2021-04-03T19:32:16, true
9DDDD405-82E4-4C56-A6A6-E2B51ACAB5CF, 2021-04-03T19:33:17, true
9DDDD405-82E4-4C56-A6A6-E2B51ACAB5CF, 2021-04-03T19:34:20, true
9DDDD405-82E4-4C56-A6A6-E2B51ACAB5CF, 2021-04-03T19:35:21, true
9DDDD405-82E4-4C56-A6A6-E2B51ACAB5CF, 2021-04-03T19:36:21, true
9DDDD405-82E4-4C56-A6A6-E2B51ACAB5CF, 2021-04-03T19:37:24, true
9DDDD405-82E4-4C56-A6A6-E2B51ACAB5CF, 2021-04-03T19:38:24, true
9DDDD405-82E4-4C56-A6A6-E2B51ACAB5CF, 2021-04-03T19:39:30, true
9DDDD405-82E4-4C56-A6A6-E2B51ACAB5CF, 2021-04-03T19:40:32, true
9DDDD405-82E4-4C56-A6A6-E2B51ACAB5CF, 2021-04-03T19:41:52, true
9DDDD405-82E4-4C56-A6A6-E2B51ACAB5CF, 2021-04-03T19:42:53, true
9DDDD405-82E4-4C56-A6A6-E2B51ACAB5CF, 2021-04-03T19:43:55, true
9DDDD405-82E4-4C56-A6A6-E2B51ACAB5CF, 2021-04-03T19:44:55, true
9DDDD405-82E4-4C56-A6A6-E2B51ACAB5CF, 2021-04-03T19:45:57, true
9DDDD405-82E4-4C56-A6A6-E2B51ACAB5CF, 2021-04-03T19:46:58, true
9DDDD405-82E4-4C56-A6A6-E2B51ACAB5CF, 2021-04-03T19:48:00, true
9DDDD405-82E4-4C56-A6A6-E2B51ACAB5CF, 2021-04-03T19:49:04, true
9DDDD405-82E4-4C56-A6A6-E2B51ACAB5CF, 2021-04-03T19:50:09, true
9DDDD405-82E4-4C56-A6A6-E2B51ACAB5CF, 2021-04-03T19:51:09, true
9DDDD405-82E4-4C56-A6A6-E2B51ACAB5CF, 2021-04-03T19:52:31, true
9DDDD405-82E4-4C56-A6A6-E2B51ACAB5CF, 2021-04-03T19:53:32, true
9DDDD405-82E4-4C56-A6A6-E2B51ACAB5CF, 2021-04-03T19:54:32, true
9DDDD405-82E4-4C56-A6A6-E2B51ACAB5CF, 2021-04-03T19:55:37, true
9DDDD405-82E4-4C56-A6A6-E2B51ACAB5CF, 2021-04-03T19:56:43, true
9DDDD405-82E4-4C56-A6A6-E2B51ACAB5CF, 2021-04-03T19:57:50, true
9DDDD405-82E4-4C56-A6A6-E2B51ACAB5CF, 2021-04-03T19:58:51, true
9DDDD405-82E4-4C56-A6A6-E2B51ACAB5CF, 2021-04-03T19:59:53, true
9DDDD405-82E4-4C56-A6A6-E2B51ACAB5CF, 2021-04-03T20:01:03, true
9DDDD405-82E4-4C56-A6A6-E2B51ACAB5CF, 2021-04-03T20:02:04, true
9DDDD405-82E4-4C56-A6A6-E2B51ACAB5CF, 2021-04-03T20:03:05, true
9DDDD405-82E4-4C56-A6A6-E2B51ACAB5CF, 2021-04-03T20:04:07, true
9DDDD405-82E4-4C56-A6A6-E2B51ACAB5CF, 2021-04-03T20:05:07, true
9DDDD405-82E4-4C56-A6A6-E2B51ACAB5CF, 2021-04-03T20:06:11, true
9DDDD405-82E4-4C56-A6A6-E2B51ACAB5CF, 2021-04-03T20:07:13, true
9DDDD405-82E4-4C56-A6A6-E2B51ACAB5CF, 2021-04-03T20:08:13, true
9DDDD405-82E4-4C56-A6A6-E2B51ACAB5CF, 2021-04-03T20:09:21, true
9DDDD405-82E4-4C56-A6A6-E2B51ACAB5CF, 2021-04-03T20:10:23, true
9DDDD405-82E4-4C56-A6A6-E2B51ACAB5CF, 2021-04-03T20:11:25, true
9DDDD405-82E4-4C56-A6A6-E2B51ACAB5CF, 2021-04-03T20:12:30, true
9DDDD405-82E4-4C56-A6A6-E2B51ACAB5CF, 2021-04-03T20:13:33, true
9DDDD405-82E4-4C56-A6A6-E2B51ACAB5CF, 2021-04-03T20:14:34, true
9DDDD405-82E4-4C56-A6A6-E2B51ACAB5CF, 2021-04-03T20:15:38, true
9DDDD405-82E4-4C56-A6A6-E2B51ACAB5CF, 2021-04-03T20:16:39, true
9DDDD405-82E4-4C56-A6A6-E2B51ACAB5CF, 2021-04-03T20:17:41, true
9DDDD405-82E4-4C56-A6A6-E2B51ACAB5CF, 2021-04-03T20:18:43, true
9DDDD405-82E4-4C56-A6A6-E2B51ACAB5CF, 2021-04-03T20:19:43, true
9DDDD405-82E4-4C56-A6A6-E2B51ACAB5CF, 2021-04-03T20:20:49, true
9DDDD405-82E4-4C56-A6A6-E2B51ACAB5CF, 2021-04-03T20:21:49, true
9DDDD405-82E4-4C56-A6A6-E2B51ACAB5CF, 2021-04-03T20:23:01, true
9DDDD405-82E4-4C56-A6A6-E2B51ACAB5CF, 2021-04-03T20:24:22, true
9DDDD405-82E4-4C56-A6A6-E2B51ACAB5CF, 2021-04-03T20:25:24, true
9DDDD405-82E4-4C56-A6A6-E2B51ACAB5CF, 2021-04-03T20:26:30, true
9DDDD405-82E4-4C56-A6A6-E2B51ACAB5CF, 2021-04-03T20:27:32, true
9DDDD405-82E4-4C56-A6A6-E2B51ACAB5CF, 2021-04-03T20:28:34, true
9DDDD405-82E4-4C56-A6A6-E2B51ACAB5CF, 2021-04-03T20:29:51, true
9DDDD405-82E4-4C56-A6A6-E2B51ACAB5CF, 2021-04-03T20:30:52, true
9DDDD405-82E4-4C56-A6A6-E2B51ACAB5CF, 2021-04-03T20:31:52, true
9DDDD405-82E4-4C56-A6A6-E2B51ACAB5CF, 2021-04-03T20:32:57, true
9DDDD405-82E4-4C56-A6A6-E2B51ACAB5CF, 2021-04-03T20:34:04, true
9DDDD405-82E4-4C56-A6A6-E2B51ACAB5CF, 2021-04-03T20:35:09, true
9DDDD405-82E4-4C56-A6A6-E2B51ACAB5CF, 2021-04-03T20:36:11, true
9DDDD405-82E4-4C56-A6A6-E2B51ACAB5CF, 2021-04-03T20:37:13, true
9DDDD405-82E4-4C56-A6A6-E2B51ACAB5CF, 2021-04-03T20:38:17, true
9DDDD405-82E4-4C56-A6A6-E2B51ACAB5CF, 2021-04-03T20:39:18, true
9DDDD405-82E4-4C56-A6A6-E2B51ACAB5CF, 2021-04-03T20:40:21, true
9DDDD405-82E4-4C56-A6A6-E2B51ACAB5CF, 2021-04-03T20:41:24, true
9DDDD405-82E4-4C56-A6A6-E2B51ACAB5CF, 2021-04-03T20:42:27, true
9DDDD405-82E4-4C56-A6A6-E2B51ACAB5CF, 2021-04-03T20:43:32, true
9DDDD405-82E4-4C56-A6A6-E2B51ACAB5CF, 2021-04-03T20:44:35, true
9DDDD405-82E4-4C56-A6A6-E2B51ACAB5CF, 2021-04-03T20:45:36, true
9DDDD405-82E4-4C56-A6A6-E2B51ACAB5CF, 2021-04-03T20:46:37, true
9DDDD405-82E4-4C56-A6A6-E2B51ACAB5CF, 2021-04-03T20:47:44, true
9DDDD405-82E4-4C56-A6A6-E2B51ACAB5CF, 2021-04-03T20:48:47, true
9DDDD405-82E4-4C56-A6A6-E2B51ACAB5CF, 2021-04-03T20:49:47, false
9DDDD405-82E4-4C56-A6A6-E2B51ACAB5CF, 2021-04-03T20:50:55, true
9DDDD405-82E4-4C56-A6A6-E2B51ACAB5CF, 2021-04-03T20:51:59, true
9DDDD405-82E4-4C56-A6A6-E2B51ACAB5CF, 2021-04-03T20:53:03, true
9DDDD405-82E4-4C56-A6A6-E2B51ACAB5CF, 2021-04-03T20:54:05, true
9DDDD405-82E4-4C56-A6A6-E2B51ACAB5CF, 2021-04-03T20:55:08, true
9DDDD405-82E4-4C56-A6A6-E2B51ACAB5CF, 2021-04-03T20:56:09, true
9DDDD405-82E4-4C56-A6A6-E2B51ACAB5CF, 2021-04-03T20:57:14, true
9DDDD405-82E4-4C56-A6A6-E2B51ACAB5CF, 2021-04-03T20:58:15, true
9DDDD405-82E4-4C56-A6A6-E2B51ACAB5CF, 2021-04-03T20:59:18, true
9DDDD405-82E4-4C56-A6A6-E2B51ACAB5CF, 2021-04-03T21:00:20, true
9DDDD405-82E4-4C56-A6A6-E2B51ACAB5CF, 2021-04-03T21:01:30, true
9DDDD405-82E4-4C56-A6A6-E2B51ACAB5CF, 2021-04-03T21:02:32, true
9DDDD405-82E4-4C56-A6A6-E2B51ACAB5CF, 2021-04-03T21:03:34, true
9DDDD405-82E4-4C56-A6A6-E2B51ACAB5CF, 2021-04-03T21:04:36, true
9DDDD405-82E4-4C56-A6A6-E2B51ACAB5CF, 2021-04-03T21:05:36, false
9DDDD405-82E4-4C56-A6A6-E2B51ACAB5CF, 2021-04-03T21:06:15, true
9DDDD405-82E4-4C56-A6A6-E2B51ACAB5CF, 2021-04-03T21:07:35, true
9DDDD405-82E4-4C56-A6A6-E2B51ACAB5CF, 2021-04-03T21:08:38, true
9DDDD405-82E4-4C56-A6A6-E2B51ACAB5CF, 2021-04-03T21:09:39, true
9DDDD405-82E4-4C56-A6A6-E2B51ACAB5CF, 2021-04-03T21:11:05, true
9DDDD405-82E4-4C56-A6A6-E2B51ACAB5CF, 2021-04-03T21:12:07, true
9DDDD405-82E4-4C56-A6A6-E2B51ACAB5CF, 2021-04-03T21:13:12, true
9DDDD405-82E4-4C56-A6A6-E2B51ACAB5CF, 2021-04-03T21:14:14, true
9DDDD405-82E4-4C56-A6A6-E2B51ACAB5CF, 2021-04-03T21:15:14, true
9DDDD405-82E4-4C56-A6A6-E2B51ACAB5CF, 2021-04-03T21:16:19, true
9DDDD405-82E4-4C56-A6A6-E2B51ACAB5CF, 2021-04-03T21:17:21, true
9DDDD405-82E4-4C56-A6A6-E2B51ACAB5CF, 2021-04-03T21:18:23, true
9DDDD405-82E4-4C56-A6A6-E2B51ACAB5CF, 2021-04-03T21:19:28, true
9DDDD405-82E4-4C56-A6A6-E2B51ACAB5CF, 2021-04-03T21:20:31, true
9DDDD405-82E4-4C56-A6A6-E2B51ACAB5CF, 2021-04-03T21:21:32, true
9DDDD405-82E4-4C56-A6A6-E2B51ACAB5CF, 2021-04-03T21:22:34, true
9DDDD405-82E4-4C56-A6A6-E2B51ACAB5CF, 2021-04-03T21:23:36, true
9DDDD405-82E4-4C56-A6A6-E2B51ACAB5CF, 2021-04-03T21:24:37, true
9DDDD405-82E4-4C56-A6A6-E2B51ACAB5CF, 2021-04-03T21:25:38, true
9DDDD405-82E4-4C56-A6A6-E2B51ACAB5CF, 2021-04-03T21:26:45, true
9DDDD405-82E4-4C56-A6A6-E2B51ACAB5CF, 2021-04-03T21:27:45, true
9DDDD405-82E4-4C56-A6A6-E2B51ACAB5CF, 2021-04-03T21:28:50, true
9DDDD405-82E4-4C56-A6A6-E2B51ACAB5CF, 2021-04-03T21:29:50, true
9DDDD405-82E4-4C56-A6A6-E2B51ACAB5CF, 2021-04-03T21:30:53, true
9DDDD405-82E4-4C56-A6A6-E2B51ACAB5CF, 2021-04-03T21:32:00, true
9DDDD405-82E4-4C56-A6A6-E2B51ACAB5CF, 2021-04-03T21:33:00, true
9DDDD405-82E4-4C56-A6A6-E2B51ACAB5CF, 2021-04-03T21:34:03, true
9DDDD405-82E4-4C56-A6A6-E2B51ACAB5CF, 2021-04-03T21:35:04, true
9DDDD405-82E4-4C56-A6A6-E2B51ACAB5CF, 2021-04-03T21:36:06, true
9DDDD405-82E4-4C56-A6A6-E2B51ACAB5CF, 2021-04-03T21:37:08, true
9DDDD405-82E4-4C56-A6A6-E2B51ACAB5CF, 2021-04-03T21:38:08, true
9DDDD405-82E4-4C56-A6A6-E2B51ACAB5CF, 2021-04-03T21:39:09, true
9DDDD405-82E4-4C56-A6A6-E2B51ACAB5CF, 2021-04-03T21:40:12, true
9DDDD405-82E4-4C56-A6A6-E2B51ACAB5CF, 2021-04-03T21:41:14, true
9DDDD405-82E4-4C56-A6A6-E2B51ACAB5CF, 2021-04-03T21:42:15, true
9DDDD405-82E4-4C56-A6A6-E2B51ACAB5CF, 2021-04-03T21:43:15, true
9DDDD405-82E4-4C56-A6A6-E2B51ACAB5CF, 2021-04-03T21:44:15, true
9DDDD405-82E4-4C56-A6A6-E2B51ACAB5CF, 2021-04-03T21:45:18, true
9DDDD405-82E4-4C56-A6A6-E2B51ACAB5CF, 2021-04-03T21:46:21, true
9DDDD405-82E4-4C56-A6A6-E2B51ACAB5CF, 2021-04-03T21:47:21, true
9DDDD405-82E4-4C56-A6A6-E2B51ACAB5CF, 2021-04-03T21:48:22, true
9DDDD405-82E4-4C56-A6A6-E2B51ACAB5CF, 2021-04-03T21:49:23, true
9DDDD405-82E4-4C56-A6A6-E2B51ACAB5CF, 2021-04-03T21:50:25, true
9DDDD405-82E4-4C56-A6A6-E2B51ACAB5CF, 2021-04-03T21:51:27, true
9DDDD405-82E4-4C56-A6A6-E2B51ACAB5CF, 2021-04-03T21:52:27, true
9DDDD405-82E4-4C56-A6A6-E2B51ACAB5CF, 2021-04-03T21:53:30, true
9DDDD405-82E4-4C56-A6A6-E2B51ACAB5CF, 2021-04-03T21:54:31, true
9DDDD405-82E4-4C56-A6A6-E2B51ACAB5CF, 2021-04-03T21:55:31, true
9DDDD405-82E4-4C56-A6A6-E2B51ACAB5CF, 2021-04-03T21:56:33, true
9DDDD405-82E4-4C56-A6A6-E2B51ACAB5CF, 2021-04-03T21:57:34, true
9DDDD405-82E4-4C56-A6A6-E2B51ACAB5CF, 2021-04-03T21:58:35, true
9DDDD405-82E4-4C56-A6A6-E2B51ACAB5CF, 2021-04-03T21:59:45, true
9DDDD405-82E4-4C56-A6A6-E2B51ACAB5CF, 2021-04-03T22:00:45, true
9DDDD405-82E4-4C56-A6A6-E2B51ACAB5CF, 2021-04-03T22:01:48, true
9DDDD405-82E4-4C56-A6A6-E2B51ACAB5CF, 2021-04-03T22:02:59, true
9DDDD405-82E4-4C56-A6A6-E2B51ACAB5CF, 2021-04-03T22:03:59, true
9DDDD405-82E4-4C56-A6A6-E2B51ACAB5CF, 2021-04-03T22:04:59, true
9DDDD405-82E4-4C56-A6A6-E2B51ACAB5CF, 2021-04-03T22:06:00, true
9DDDD405-82E4-4C56-A6A6-E2B51ACAB5CF, 2021-04-03T22:07:03, true
9DDDD405-82E4-4C56-A6A6-E2B51ACAB5CF, 2021-04-03T22:08:04, true
9DDDD405-82E4-4C56-A6A6-E2B51ACAB5CF, 2021-04-03T22:09:07, true
9DDDD405-82E4-4C56-A6A6-E2B51ACAB5CF, 2021-04-03T22:10:11, true
9DDDD405-82E4-4C56-A6A6-E2B51ACAB5CF, 2021-04-03T22:11:15, true
9DDDD405-82E4-4C56-A6A6-E2B51ACAB5CF, 2021-04-03T22:12:16, true
9DDDD405-82E4-4C56-A6A6-E2B51ACAB5CF, 2021-04-03T22:13:18, true
9DDDD405-82E4-4C56-A6A6-E2B51ACAB5CF, 2021-04-03T22:14:29, true
9DDDD405-82E4-4C56-A6A6-E2B51ACAB5CF, 2021-04-03T22:15:31, true
9DDDD405-82E4-4C56-A6A6-E2B51ACAB5CF, 2021-04-03T22:16:34, true
9DDDD405-82E4-4C56-A6A6-E2B51ACAB5CF, 2021-04-03T22:17:34, true
9DDDD405-82E4-4C56-A6A6-E2B51ACAB5CF, 2021-04-03T22:18:36, true
9DDDD405-82E4-4C56-A6A6-E2B51ACAB5CF, 2021-04-03T22:20:03, true
9DDDD405-82E4-4C56-A6A6-E2B51ACAB5CF, 2021-04-03T22:21:04, true
9DDDD405-82E4-4C56-A6A6-E2B51ACAB5CF, 2021-04-03T22:22:10, true
9DDDD405-82E4-4C56-A6A6-E2B51ACAB5CF, 2021-04-03T22:23:15, true
9DDDD405-82E4-4C56-A6A6-E2B51ACAB5CF, 2021-04-03T22:24:17, true
9DDDD405-82E4-4C56-A6A6-E2B51ACAB5CF, 2021-04-03T22:25:29, true
9DDDD405-82E4-4C56-A6A6-E2B51ACAB5CF, 2021-04-03T22:26:31, true
9DDDD405-82E4-4C56-A6A6-E2B51ACAB5CF, 2021-04-03T22:27:32, true
9DDDD405-82E4-4C56-A6A6-E2B51ACAB5CF, 2021-04-03T22:28:35, true
9DDDD405-82E4-4C56-A6A6-E2B51ACAB5CF, 2021-04-03T22:29:38, true
9DDDD405-82E4-4C56-A6A6-E2B51ACAB5CF, 2021-04-03T22:30:40, true
9DDDD405-82E4-4C56-A6A6-E2B51ACAB5CF, 2021-04-03T22:31:42, true
9DDDD405-82E4-4C56-A6A6-E2B51ACAB5CF, 2021-04-03T22:32:45, true
9DDDD405-82E4-4C56-A6A6-E2B51ACAB5CF, 2021-04-03T22:33:47, true
9DDDD405-82E4-4C56-A6A6-E2B51ACAB5CF, 2021-04-03T22:34:48, true
9DDDD405-82E4-4C56-A6A6-E2B51ACAB5CF, 2021-04-03T22:35:56, true
9DDDD405-82E4-4C56-A6A6-E2B51ACAB5CF, 2021-04-03T22:36:56, true
9DDDD405-82E4-4C56-A6A6-E2B51ACAB5CF, 2021-04-03T22:37:57, true
9DDDD405-82E4-4C56-A6A6-E2B51ACAB5CF, 2021-04-03T22:38:59, true
9DDDD405-82E4-4C56-A6A6-E2B51ACAB5CF, 2021-04-03T22:40:02, true
9DDDD405-82E4-4C56-A6A6-E2B51ACAB5CF, 2021-04-03T22:41:06, true
9DDDD405-82E4-4C56-A6A6-E2B51ACAB5CF, 2021-04-03T22:42:07, true
9DDDD405-82E4-4C56-A6A6-E2B51ACAB5CF, 2021-04-03T22:43:09, true
9DDDD405-82E4-4C56-A6A6-E2B51ACAB5CF, 2021-04-03T22:44:12, true
